idDC;Fecha_DC;Ruta;SucCliente;Segmento;Productos;NumCaras
3519792;2026-09-01;MCY01;AUTOMERCADO CATANIA;ProdBEBIDAS;NARANJADA  200 ML TUNAL;1
3519798;2026-09-01;MCY01;AUTOMERCADO CATANIA;ProdBEBIDAS;NECTAR PERA 200 ML TUNAL;1
3519794;2026-09-01;MCY01;AUTOMERCADO CATANIA;ProdBEBIDAS;NECTAR DURAZNO 200 ML TUNAL;1
3519796;2026-09-01;MCY01;AUTOMERCADO CATANIA;ProdBEBIDAS;NECTAR MANZANA 200 ML TUNAL;1
3519770;2026-09-01;MCY01;AUTOMERCADO CATANIA;ProdBEBIDAS_LACT;Leche en polvo Purisima 500gr;1
3464893;2026-09-01;BQTO07;AUTOMERCADO DE SALAS;ProdDERIV_LACTEOS;CREMA DE LECHE DE 250GR PURISIMA;1
3464899;2026-09-01;BQTO07;AUTOMERCADO DE SALAS;ProdEMBUTIDOS;MORTADELA CCS DE CARNES 900G;1
3464891;2026-09-01;BQTO07;AUTOMERCADO DE SALAS;ProdDERIV_LACTEOS;CREMA DE LECHE DE 500GR PURISIMA;1
3464878;2026-09-01;BQTO07;AUTOMERCADO DE SALAS;ProdBEBIDAS;NECTAR PERA 1L TUNAL;2
3464870;2026-09-01;BQTO07;AUTOMERCADO DE SALAS;ProdBEBIDAS_LACT;LECHE  DESLACTOSADA LIQUIDA PURISIMA;6
3464868;2026-09-01;BQTO07;AUTOMERCADO DE SALAS;ProdBEBIDAS_LACT;LECHE COMPLETA LIQUIDA PURISIMA;3
3464872;2026-09-01;BQTO07;AUTOMERCADO DE SALAS;ProdBEBIDAS_LACT;LECHE BARISTA PURISIMA;3
3464876;2026-09-01;BQTO07;AUTOMERCADO DE SALAS;ProdBEBIDAS;NARANJADA 1L TUNAL;2
3464901;2026-09-01;BQTO07;AUTOMERCADO DE SALAS;ProdEMBUTIDOS;MORTADELA CCS DE CARNES 500G;1
3464883;2026-09-01;BQTO07;AUTOMERCADO DE SALAS;ProdEMBUTIDOS;SALCHICHA TIPO VIENA 450GR (22unid) ALIMEX;4
3464885;2026-09-01;BQTO07;AUTOMERCADO DE SALAS;ProdEMBUTIDOS;SALCHICHA TIPO VIENA 800GR (24unid) ALIMEX;1
3464216;2026-09-01;BQTO06;AUTOMERCADO SUPER OFERTA;ProdDERIV_LACTEOS;MANTEQUILLA PURISIMA CON SAL 200G PURISIMA;1
3464142;2026-09-01;BQTO06;AUTOMERCADO SUPER OFERTA;ProdBEBIDAS;TE DURAZNO 1L TUNAL;9
3464202;2026-09-01;BQTO06;AUTOMERCADO SUPER OFERTA;ProdEMBUTIDOS;TOCINETA AHUMADA SIN CUERO 3.5KG ALIMEX;2
3464139;2026-09-01;BQTO06;AUTOMERCADO SUPER OFERTA;ProdBEBIDAS;NECTAR PERA 1L TUNAL;5
3464219;2026-09-01;BQTO06;AUTOMERCADO SUPER OFERTA;ProdDERIV_LACTEOS;MANTEQUILLA PURISIMA SIN SAL 200G PURISIMA;1
3486002;2026-09-01;MCY04;CAMPOLLANO 3;ProdBEBIDAS;NARANJADA 1L TUNAL;
3486005;2026-09-01;MCY04;CAMPOLLANO 3;ProdBEBIDAS;NECTAR DURAZNO 1L TUNAL;20
3486010;2026-09-01;MCY04;CAMPOLLANO 3;ProdEMBUTIDOS;TOCINETA AHUMADA SIN CUERO 3.5KG ALIMEX;1
3486011;2026-09-01;MCY04;CAMPOLLANO 3;ProdEMBUTIDOS;SALCHICHA TIPO VIENA 225G (11unid) ALIMEX;1
3486003;2026-09-01;MCY04;CAMPOLLANO 3;ProdBEBIDAS;NECTAR MANZANA 1L TUNAL;1
3486004;2026-09-01;MCY04;CAMPOLLANO 3;ProdBEBIDAS;NECTAR PERA 1L TUNAL;1
3467488;2026-09-01;BQTO01;CASA IDEAS LE;ProdBEBIDAS;NECTAR DURAZNO 1L TUNAL;1
3467510;2026-09-01;BQTO01;CASA IDEAS LE;ProdDERIV_LACTEOS;MANTEQUILLA PURISIMA SIN SAL 200G PURISIMA;2
3467491;2026-09-01;BQTO01;CASA IDEAS LE;ProdBEBIDAS;NARANJADA  200 ML TUNAL;3
3467511;2026-09-01;BQTO01;CASA IDEAS LE;ProdDERIV_LACTEOS;MANTEQUILLA PURISIMA CON SAL 200G PURISIMA;6
3460863;2026-09-01;VLC03;CATANIA GUACARA;ProdBEBIDAS_LACT;Leche en polvo Purisima 500gr;4
3460860;2026-09-01;VLC03;CATANIA GUACARA;ProdBEBIDAS_LACT;LECHE BARISTA PURISIMA;10
3463137;2026-09-01;PLC03;CON TODO CALLE LIBERTAD PLC;ProdDERIV_LACTEOS;MANTEQUILLA PURISIMA CON SAL 200G PURISIMA;2
3463138;2026-09-01;PLC03;CON TODO CALLE LIBERTAD PLC;ProdDERIV_LACTEOS;MANTEQUILLA PURISIMA SIN SAL 200G PURISIMA;2
3461129;2026-09-01;CCS06;FORUM LOS TEQUES;ProdBEBIDAS;NECTAR PERA 200 ML TUNAL;3
3461125;2026-09-01;CCS06;FORUM LOS TEQUES;ProdBEBIDAS;NECTAR PERA 1L TUNAL;1
3461131;2026-09-01;CCS06;FORUM LOS TEQUES;ProdBEBIDAS;NECTAR MANZANA 1L TUNAL;2
3461134;2026-09-01;CCS06;FORUM LOS TEQUES;ProdBEBIDAS;NECTAR MANZANA 200 ML TUNAL;3
3461116;2026-09-01;CCS06;FORUM LOS TEQUES;ProdBEBIDAS;NARANJADA  200 ML TUNAL;3
3461158;2026-09-01;CCS06;FORUM LOS TEQUES;ProdBEBIDAS_LACT;LECHE DESCREMADA LIQUIDA PURISIMA;12
3461155;2026-09-01;CCS06;FORUM LOS TEQUES;ProdBEBIDAS_LACT;LECHE COMPLETA LIQUIDA PURISIMA;14
3461180;2026-09-01;CCS06;FORUM LOS TEQUES;ProdEMBUTIDOS;SALCHICHA TIPO VIENA 225G (11unid) ALIMEX;3
3461113;2026-09-01;CCS06;FORUM LOS TEQUES;ProdBEBIDAS;NARANJADA 1L TUNAL;2
3461177;2026-09-01;CCS06;FORUM LOS TEQUES;ProdEMBUTIDOS;SALCHICHA TIPO VIENA 450GR (22unid) ALIMEX;2
3461173;2026-09-01;CCS06;FORUM LOS TEQUES;ProdEMBUTIDOS;SALCHICHA TIPO VIENA 800GR (24unid) ALIMEX;2
3461119;2026-09-01;CCS06;FORUM LOS TEQUES;ProdBEBIDAS;NECTAR DURAZNO 1L TUNAL;2
3461123;2026-09-01;CCS06;FORUM LOS TEQUES;ProdBEBIDAS;NECTAR DURAZNO 200 ML TUNAL;3
3461161;2026-09-01;CCS06;FORUM LOS TEQUES;ProdBEBIDAS_LACT;LECHE  DESLACTOSADA LIQUIDA PURISIMA;14
3461149;2026-09-01;CCS06;FRESCO MARKET CORRALITO;ProdBEBIDAS;NECTAR PERA 1L TUNAL;4
3461146;2026-09-01;CCS06;FRESCO MARKET CORRALITO;ProdBEBIDAS;NECTAR MANZANA 1L TUNAL;4
3461144;2026-09-01;CCS06;FRESCO MARKET CORRALITO;ProdBEBIDAS;NARANJADA 1L TUNAL;4
3461193;2026-09-01;CCS06;FRESCO MARKET CORRALITO;ProdDERIV_LACTEOS;CREMA DE LECHE DE 500GR PURISIMA;2
3461151;2026-09-01;CCS06;FRESCO MARKET CORRALITO;ProdBEBIDAS;NECTAR DURAZNO 1L TUNAL;4
3461157;2026-09-01;CCS06;FRESCO MARKET CORRALITO;ProdBEBIDAS;JUGO NARANJA LIGTH 1 LITRO TUNAL;2
3461154;2026-09-01;CCS06;FRESCO MARKET CORRALITO;ProdBEBIDAS;NECTAR PERA LIGHT 1 LITRO TUNAL;2
3461160;2026-09-01;CCS06;FRESCO MARKET CORRALITO;ProdBEBIDAS;TE FRUTOS ROJOS 1L TUNAL;1
3461199;2026-09-01;CCS06;FRESCO MARKET CORRALITO;ProdEMBUTIDOS;SALCHICHA TIPO VIENA 225G (11unid) ALIMEX;1
3461163;2026-09-01;CCS06;FRESCO MARKET CORRALITO;ProdBEBIDAS;TE LIMON 1L TUNAL;2
3461198;2026-09-01;CCS06;FRESCO MARKET CORRALITO;ProdEMBUTIDOS;SALCHICHA TIPO VIENA 450GR (22unid) ALIMEX;1
3461166;2026-09-01;CCS06;FRESCO MARKET CORRALITO;ProdBEBIDAS;TE DURAZNO 1L TUNAL;2
3461182;2026-09-01;CCS06;FRESCO MARKET CORRALITO;ProdBEBIDAS_LACT;LECHE COMPLETA LIQUIDA PURISIMA;4
3461179;2026-09-01;CCS06;FRESCO MARKET CORRALITO;ProdBEBIDAS_LACT;LECHE BARISTA PURISIMA;12
3461196;2026-09-01;CCS06;FRESCO MARKET CORRALITO;ProdDERIV_LACTEOS;MANTEQUILLA PURISIMA SIN SAL 200G PURISIMA;3
3461194;2026-09-01;CCS06;FRESCO MARKET CORRALITO;ProdDERIV_LACTEOS;CREMA DE LECHE DE 250GR PURISIMA;10
3461195;2026-09-01;CCS06;FRESCO MARKET CORRALITO;ProdDERIV_LACTEOS;MANTEQUILLA PURISIMA CON SAL 200G PURISIMA;2
3461184;2026-09-01;CCS06;FRESCO MARKET CORRALITO;ProdBEBIDAS_LACT;LECHE  DESLACTOSADA LIQUIDA PURISIMA;5
3461197;2026-09-01;CCS06;FRESCO MARKET CORRALITO;ProdEMBUTIDOS;SALCHICHA TIPO VIENA 800GR (24unid) ALIMEX;1
3461183;2026-09-01;CCS06;FRESCO MARKET CORRALITO;ProdBEBIDAS_LACT;LECHE DESCREMADA LIQUIDA PURISIMA;4
3459264;2026-09-01;BQTO02;FRIGORIFICO POLLERA NUEVA SEGOVIA;ProdJAMONERIA;JAMON AHUMADO VISKING ALIMEX 3.3 KG;1
3459261;2026-09-01;BQTO02;FRIGORIFICO POLLERA NUEVA SEGOVIA;ProdJAMONERIA;JAMON DE ESPALDA ALIMEX 4.4KG;1
3459260;2026-09-01;BQTO02;FRIGORIFICO POLLERA NUEVA SEGOVIA;ProdJAMONERIA;JAMON PIERNA ALIMEX 98% 5.9kg;1
3459263;2026-09-01;BQTO02;FRIGORIFICO POLLERA NUEVA SEGOVIA;ProdJAMONERIA;JAMON AREPERO AHUMADO;1
3459265;2026-09-01;BQTO02;FRIGORIFICO POLLERA NUEVA SEGOVIA;ProdJAMONERIA;JAMON AHUMADO VISKING ITALICO 3.5 KG;2
3459262;2026-09-01;BQTO02;FRIGORIFICO POLLERA NUEVA SEGOVIA;ProdEMBUTIDOS;TOCINETA AHUMADA SIN CUERO 3.5KG ALIMEX;1
3464176;2026-09-01;BQTO06;FV BODEGONES;ProdBEBIDAS_LACT;LECHE  DESLACTOSADA LIQUIDA PURISIMA;1
3464204;2026-09-01;BQTO06;FV BODEGONES;ProdEMBUTIDOS;SALCHICHA TIPO VIENA 800GR (24unid) ALIMEX;1
3464172;2026-09-01;BQTO06;FV BODEGONES;ProdBEBIDAS_LACT;LECHE DESCREMADA LIQUIDA PURISIMA;1
3464207;2026-09-01;BQTO06;FV BODEGONES;ProdEMBUTIDOS;SALCHICHA TIPO VIENA 450GR (22unid) ALIMEX;1
3464214;2026-09-01;BQTO06;FV BODEGONES;ProdDERIV_LACTEOS;MANTEQUILLA PURISIMA CON SAL 200G PURISIMA;1
3464222;2026-09-01;BQTO06;FV BODEGONES;ProdDERIV_LACTEOS;CREMA DE LECHE DE 250GR PURISIMA;1
3464220;2026-09-01;BQTO06;FV BODEGONES;ProdDERIV_LACTEOS;CREMA DE LECHE DE 500GR PURISIMA;1
3464168;2026-09-01;BQTO06;FV BODEGONES;ProdBEBIDAS_LACT;LECHE COMPLETA LIQUIDA PURISIMA;1
3464211;2026-09-01;BQTO06;FV BODEGONES;ProdEMBUTIDOS;SALCHICHA TIPO VIENA 225G (11unid) ALIMEX;1
3464164;2026-09-01;BQTO06;FV BODEGONES;ProdBEBIDAS_LACT;LECHE BARISTA PURISIMA;1
3464127;2026-09-01;BQTO06;FV BODEGONES;ProdBEBIDAS;NARANJADA 1L TUNAL;1
3464136;2026-09-01;BQTO06;FV BODEGONES;ProdBEBIDAS;NECTAR PERA 1L TUNAL;1
3464131;2026-09-01;BQTO06;FV BODEGONES;ProdBEBIDAS;NECTAR MANZANA 1L TUNAL;1
3464144;2026-09-01;BQTO06;FV BODEGONES;ProdBEBIDAS;TE DURAZNO 1L TUNAL;1
3464187;2026-09-01;BQTO06;GALAXIA CENTER;ProdDERIV_LACTEOS;MANTEQUILLA PURISIMA CON SAL 200G PURISIMA;2
3464120;2026-09-01;BQTO06;GALAXIA CENTER;ProdBEBIDAS_LACT;LECHE DESCREMADA LIQUIDA PURISIMA;18
3464125;2026-09-01;BQTO06;GALAXIA CENTER;ProdBEBIDAS_LACT;LECHE  DESLACTOSADA LIQUIDA PURISIMA;6
3464115;2026-09-01;BQTO06;GALAXIA CENTER;ProdBEBIDAS_LACT;LECHE COMPLETA LIQUIDA PURISIMA;7
3465768;2026-09-01;BQTO08;GRUPO CASA DULCE;ProdBEBIDAS_LACT;LECHE BARISTA PURISIMA;3
3465767;2026-09-01;BQTO08;GRUPO CASA DULCE;ProdBEBIDAS_LACT;LECHE COMPLETA LIQUIDA PURISIMA;3
3465769;2026-09-01;BQTO08;GRUPO CASA DULCE;ProdBEBIDAS_LACT;LECHE COMPLETA BARISTA LIQUIDA PURISIMA;3
3465770;2026-09-01;BQTO08;GRUPO CASA DULCE;ProdDERIV_LACTEOS;MANTEQUILLA PURISIMA SIN SAL 200G PURISIMA;13
3465771;2026-09-01;BQTO08;GRUPO CASA DULCE;ProdDERIV_LACTEOS;MANTEQUILLA PURISIMA CON SAL 200G PURISIMA;13
3465766;2026-09-01;BQTO08;GRUPO CASA DULCE;ProdBEBIDAS_LACT;Leche en polvo Purisima 1kg;2
3465765;2026-09-01;BQTO08;GRUPO CASA DULCE;ProdBEBIDAS_LACT;Leche en polvo Purisima 500gr;2
3455729;2026-09-01;MCY02;HIPER MODELO;ProdBEBIDAS;NECTAR DURAZNO 1L TUNAL;1
3464190;2026-09-01;BQTO06;HIPERMERCADO SOL;ProdBEBIDAS;NECTAR MANZANA 1L TUNAL;10
3464197;2026-09-01;BQTO06;HIPERMERCADO SOL;ProdBEBIDAS;NARANJADA  200 ML TUNAL;10
3464200;2026-09-01;BQTO06;HIPERMERCADO SOL;ProdBEBIDAS;NECTAR DURAZNO 200 ML TUNAL;10
3464194;2026-09-01;BQTO06;HIPERMERCADO SOL;ProdBEBIDAS;NECTAR PERA 1L TUNAL;10
3464206;2026-09-01;BQTO06;HIPERMERCADO SOL;ProdBEBIDAS;NECTAR PERA 200 ML TUNAL;5
3464225;2026-09-01;BQTO06;HIPERMERCADO SOL;ProdBEBIDAS_LACT;LECHE COMPLETA LIQUIDA PURISIMA;85
3464231;2026-09-01;BQTO06;HIPERMERCADO SOL;ProdDERIV_LACTEOS;MANTEQUILLA PURISIMA CON SAL 200G PURISIMA;2
3464230;2026-09-01;BQTO06;HIPERMERCADO SOL;ProdDERIV_LACTEOS;MANTEQUILLA PURISIMA SIN SAL 200G PURISIMA;2
3464226;2026-09-01;BQTO06;HIPERMERCADO SOL;ProdBEBIDAS_LACT;LECHE DESCREMADA LIQUIDA PURISIMA;25
3464124;2026-09-01;BQTO06;HIPERMERCADO SOL;ProdBEBIDAS;TE DURAZNO 1L TUNAL;10
3464234;2026-09-01;BQTO06;HIPERMERCADO SOL;ProdDERIV_LACTEOS;CREMA DE LECHE DE 500GR PURISIMA;5
3464235;2026-09-01;BQTO06;HIPERMERCADO SOL;ProdDERIV_LACTEOS;CREMA DE LECHE DE 250GR PURISIMA;5
3464242;2026-09-01;BQTO06;HIPERMERCADO SOL;ProdEMBUTIDOS;SALCHICHA TIPO VIENA 225G (11unid) ALIMEX;2
3464241;2026-09-01;BQTO06;HIPERMERCADO SOL;ProdEMBUTIDOS;SALCHICHA TIPO VIENA 450GR (22unid) ALIMEX;2
3464240;2026-09-01;BQTO06;HIPERMERCADO SOL;ProdEMBUTIDOS;SALCHICHA TIPO VIENA 800GR (24unid) ALIMEX;2
3464212;2026-09-01;BQTO06;HIPERMERCADO SOL;ProdBEBIDAS;TE DURAZNO 500ML TUNAL;5
3464227;2026-09-01;BQTO06;HIPERMERCADO SOL;ProdBEBIDAS_LACT;LECHE  DESLACTOSADA LIQUIDA PURISIMA;25
3464209;2026-09-01;BQTO06;HIPERMERCADO SOL;ProdBEBIDAS;NARANJADA  500 ML TUNAL;10
3464224;2026-09-01;BQTO06;HIPERMERCADO SOL;ProdBEBIDAS_LACT;LECHE BARISTA PURISIMA;20
3464138;2026-09-01;BQTO06;HIPERMERCADO SOL;ProdBEBIDAS;TE LIMON 500ML TUNAL;5
3519732;2026-09-01;MCY01;Hortifresca Av Bermudez;ProdBEBIDAS;NECTAR DURAZNO 1L TUNAL;2
3519729;2026-09-01;MCY01;Hortifresca Av Bermudez;ProdBEBIDAS;NARANJADA 1L TUNAL;1
3519723;2026-09-01;MCY01;Hortifresca Av Bermudez;ProdBEBIDAS_LACT;Leche en polvo Purisima 1kg;1
3519724;2026-09-01;MCY01;Hortifresca Av Bermudez;ProdBEBIDAS_LACT;Leche en polvo Purisima 500gr;1
3460910;2026-09-01;PLC09;IKO FARMA;ProdBEBIDAS_LACT;Leche en polvo Purisima 1kg;2
3460909;2026-09-01;PLC09;IKO FARMA;ProdBEBIDAS_LACT;Leche en polvo Purisima 500gr;2
3464759;2026-09-01;BQTO07;INVERSIONES LA GRAN FAMILIA;ProdEMBUTIDOS;MORTADELA CCS DE CARNES 1KG;1
3464762;2026-09-01;BQTO07;INVERSIONES LA GRAN FAMILIA;ProdEMBUTIDOS;MORTADELA CCS DE CARNES 500G;1
3464785;2026-09-01;BQTO07;INVERSIONES LA GRAN FAMILIA;ProdEMBUTIDOS;SALCHICHA TIPO VIENA 800GR (24unid) ALIMEX;1
3465814;2026-09-01;BQTO08;INVERSIONES LANDES MG;ProdBEBIDAS;NECTAR PERA 1L TUNAL;3
3465815;2026-09-01;BQTO08;INVERSIONES LANDES MG;ProdBEBIDAS;NECTAR DURAZNO 1L TUNAL;1
3465812;2026-09-01;BQTO08;INVERSIONES LANDES MG;ProdBEBIDAS;NARANJADA 1L TUNAL;2
3465813;2026-09-01;BQTO08;INVERSIONES LANDES MG;ProdBEBIDAS;NECTAR MANZANA 1L TUNAL;2
3465811;2026-09-01;BQTO08;INVERSIONES LANDES MG;ProdBEBIDAS_LACT;Leche en polvo Purisima 500gr;6
3464734;2026-09-01;BQTO07;JOSE ANTONIO RONALD (MEGAPAISA);ProdEMBUTIDOS;MORTADELA CCS DE CARNES 500G;1
3464733;2026-09-01;BQTO07;JOSE ANTONIO RONALD (MEGAPAISA);ProdEMBUTIDOS;MORTADELA CCS DE CARNES 900G;1
3464735;2026-09-01;BQTO07;JOSE ANTONIO RONALD (MEGAPAISA);ProdEMBUTIDOS;SALCHICHA TIPO VIENA 800GR (24unid) ALIMEX;1
3474183;2026-09-01;VLC01;KALEA VALLE;ProdEMBUTIDOS;MORTADELA CCS DE CARNES 900G;1
3464813;2026-09-01;BQTO07;LOS MOLINOS;ProdEMBUTIDOS;SALCHICHA TIPO VIENA 450GR (22unid) ALIMEX;1
3463879;2026-09-01;PLC08;MEGA PORTELA;ProdBEBIDAS_LACT;LECHE COMPLETA BARISTA LIQUIDA PURISIMA;7
3464027;2026-09-01;BQTO02;MERKAFURT SAMBIL;ProdEMBUTIDOS;MORTADELA CCS DE CARNES 900G;3
3464020;2026-09-01;BQTO02;MERKAFURT SAMBIL;ProdBEBIDAS;NECTAR PERA LIGHT 1 LITRO TUNAL;1
3459332;2026-09-01;BQTO02;MI SUPER  LOS LEONES;ProdBEBIDAS;TE FRUTOS ROJOS 1L TUNAL;4
3465797;2026-09-01;BQTO08;MI TIENDA VENEZUELA;ProdEMBUTIDOS;MORTADELA CCS DE CARNES 500G;9
3465792;2026-09-01;BQTO08;MI TIENDA VENEZUELA;ProdBEBIDAS_LACT;LECHE  DESLACTOSADA LIQUIDA PURISIMA;4
3465789;2026-09-01;BQTO08;MI TIENDA VENEZUELA;ProdBEBIDAS_LACT;LECHE DESCREMADA LIQUIDA PURISIMA;8
3465787;2026-09-01;BQTO08;MI TIENDA VENEZUELA;ProdBEBIDAS_LACT;LECHE COMPLETA LIQUIDA PURISIMA;12
3470240;2026-09-01;PLC06;MULTIMARKET LAS AMERICAS;ProdBEBIDAS_LACT;Leche en polvo Purisima 1kg;4
3470239;2026-09-01;PLC06;MULTIMARKET LAS AMERICAS;ProdBEBIDAS_LACT;Leche en polvo Purisima 500gr;5
3461612;2026-09-01;PLC05;NOVA TERRANOVA;ProdBEBIDAS_LACT;Leche en polvo Purisima 1kg;3
3461611;2026-09-01;PLC05;NOVA TERRANOVA;ProdBEBIDAS_LACT;Leche en polvo Purisima 500gr;3
3459337;2026-09-01;BQTO02;PA TODO LOS LEONES;ProdJAMONERIA;JAMON DE ESPALDA ALIMEX 4.4KG;2
3459333;2026-09-01;BQTO02;PA TODO LOS LEONES;ProdJAMONERIA;JAMON PIERNA ALIMEX 98% 5.9kg;2
3463990;2026-09-01;BQTO02;PANADERIA DEL ESTE;ProdBEBIDAS;NARANJADA 1L TUNAL;6
3463993;2026-09-01;BQTO02;PANADERIA DEL ESTE;ProdBEBIDAS;TE DURAZNO 1L TUNAL;4
3463998;2026-09-01;BQTO02;PANADERIA DEL ESTE;ProdDERIV_LACTEOS;CREMA DE LECHE DE 250GR PURISIMA;3
3463997;2026-09-01;BQTO02;PANADERIA DEL ESTE;ProdDERIV_LACTEOS;CREMA DE LECHE DE 500GR PURISIMA;2
3463995;2026-09-01;BQTO02;PANADERIA DEL ESTE;ProdBEBIDAS_LACT;LECHE  DESLACTOSADA LIQUIDA PURISIMA;4
3463994;2026-09-01;BQTO02;PANADERIA DEL ESTE;ProdBEBIDAS_LACT;LECHE COMPLETA LIQUIDA PURISIMA;2
3463996;2026-09-01;BQTO02;PANADERIA DEL ESTE;ProdBEBIDAS_LACT;LECHE DESCREMADA LIQUIDA PURISIMA;3
3463991;2026-09-01;BQTO02;PANADERIA DEL ESTE;ProdBEBIDAS;NECTAR MANZANA 1L TUNAL;4
3463992;2026-09-01;BQTO02;PANADERIA DEL ESTE;ProdBEBIDAS;NECTAR DURAZNO 1L TUNAL;2
3464429;2026-09-01;CCS05;PARAMO MANZANARES;ProdBEBIDAS_LACT;LECHE DESCREMADA LIQUIDA PURISIMA;14
3464428;2026-09-01;CCS05;PARAMO MANZANARES;ProdBEBIDAS_LACT;LECHE COMPLETA LIQUIDA PURISIMA;56
3464421;2026-09-01;CCS05;PARAMO MANZANARES;ProdDERIV_LACTEOS;Queso amarillo Purisima semimadurado disco 500gr;1
3464410;2026-09-01;CCS05;PARAMO MANZANARES;ProdDERIV_LACTEOS;CREMA DE LECHE DE 500GR PURISIMA;4
3464423;2026-09-01;CCS05;PARAMO MANZANARES;ProdEMBUTIDOS;CHULETA AHUMADA 7KG ALIMEX;2
3464408;2026-09-01;CCS05;PARAMO MANZANARES;ProdDERIV_LACTEOS;MANTEQUILLA PURISIMA SIN SAL 200G PURISIMA;1
3464409;2026-09-01;CCS05;PARAMO MANZANARES;ProdDERIV_LACTEOS;MANTEQUILLA PURISIMA CON SAL 200G PURISIMA;2
3464431;2026-09-01;CCS05;PARAMO MANZANARES;ProdBEBIDAS_LACT;Leche en polvo Purisima 1kg;6
3464430;2026-09-01;CCS05;PARAMO MANZANARES;ProdBEBIDAS_LACT;LECHE  DESLACTOSADA LIQUIDA PURISIMA;63
3464415;2026-09-01;CCS05;PARAMO MANZANARES;ProdEMBUTIDOS;SALCHICHA TIPO VIENA 450GR (22unid) ALIMEX;1
3464420;2026-09-01;CCS05;PARAMO MANZANARES;ProdDERIV_LACTEOS;QUESO DE CABRA 500G PURISIMA;1
3458503;2026-09-01;PLC09;SIGO COSTA AZUL;ProdBEBIDAS_LACT;LECHE BARISTA PURISIMA;3
3486110;2026-09-01;MCY04;SUPERLIDER CAGUA (CADA 15 DIAS);ProdBEBIDAS;NECTAR MANZANA 1L TUNAL;1
3486112;2026-09-01;MCY04;SUPERLIDER CAGUA (CADA 15 DIAS);ProdBEBIDAS;NECTAR PERA 1L TUNAL;1
3486108;2026-09-01;MCY04;SUPERLIDER CAGUA (CADA 15 DIAS);ProdBEBIDAS;NARANJADA 1L TUNAL;1
3486114;2026-09-01;MCY04;SUPERLIDER CAGUA (CADA 15 DIAS);ProdBEBIDAS;NECTAR DURAZNO 1L TUNAL;1
3464880;2026-09-01;BQTO07;SUPERMERCADO CELESTE;ProdBEBIDAS;NARANJADA 1L TUNAL;5
3464903;2026-09-01;BQTO07;SUPERMERCADO CELESTE;ProdBEBIDAS_LACT;LECHE BARISTA PURISIMA;3
3467492;2026-09-01;BQTO01;SUPERMERCADO CENTRO LARENSE;ProdBEBIDAS;NECTAR PERA 1L TUNAL;6
3466874;2026-09-01;MCY05;SUPERMERCADO EL BOSQUE;ProdBEBIDAS;NECTAR MANZANA 1L TUNAL;1
3466875;2026-09-01;MCY05;SUPERMERCADO EL BOSQUE;ProdBEBIDAS;NECTAR PERA 1L TUNAL;1
3464848;2026-09-01;BQTO07;SUPERMERCADO GIRASOL;ProdEMBUTIDOS;SALCHICHA TIPO VIENA 225G (11unid) ALIMEX;1
3464814;2026-09-01;BQTO07;SUPERMERCADO GIRASOL;ProdBEBIDAS;TE DURAZNO 1L TUNAL;4
3464847;2026-09-01;BQTO07;SUPERMERCADO GIRASOL;ProdEMBUTIDOS;SALCHICHA TIPO VIENA 450GR (22unid) ALIMEX;1
3464838;2026-09-01;BQTO07;SUPERMERCADO GIRASOL;ProdDERIV_LACTEOS;QUESO DE CABRA 500G PURISIMA;1
3464846;2026-09-01;BQTO07;SUPERMERCADO GIRASOL;ProdEMBUTIDOS;SALCHICHA TIPO VIENA 800GR (24unid) ALIMEX;1
3464766;2026-09-01;BQTO07;SUPERMERCADO GIRASOL;ProdBEBIDAS_LACT;LECHE BARISTA PURISIMA;6
3466904;2026-09-01;MCY05;SUPERMERCADO MAPKET;ProdBEBIDAS_LACT;Leche en polvo Purisima 500gr;1
3463226;2026-09-01;PLC03;SUPERMERCADO PARAISO 128 C.A;ProdBEBIDAS;TE DURAZNO 500ML TUNAL;4
3463239;2026-09-01;PLC03;SUPERMERCADO PARAISO 128 C.A;ProdEMBUTIDOS;SALCHICHA TIPO VIENA 225G (11unid) ALIMEX;1
3463241;2026-09-01;PLC03;SUPERMERCADO PARAISO 128 C.A;ProdEMBUTIDOS;SALCHICHA TIPO VIENA 450GR (22unid) ALIMEX;1
3486036;2026-09-01;MCY04;San Diego Turmero;ProdDERIV_LACTEOS;MANTEQUILLA PURISIMA CON SAL 200G PURISIMA;2
3486027;2026-09-01;MCY04;San Diego Turmero;ProdEMBUTIDOS;SALCHICHA TIPO VIENA 800GR (24unid) ALIMEX;1
3486029;2026-09-01;MCY04;San Diego Turmero;ProdEMBUTIDOS;SALCHICHA TIPO VIENA 225G (11unid) ALIMEX;1
3469005;2026-09-01;PLC02;THE HAO SUPERMARKET;ProdBEBIDAS;NECTAR PERA 200 ML TUNAL;2
3468960;2026-09-01;CCS08;UNICASA CANDELARIA;ProdBEBIDAS;NECTAR MANZANA LIGHT 1 LITRO TUNAL;2
3479157;2026-09-02;PTO04;AUT MEDIMAR;ProdBEBIDAS_LACT;LECHE DESCREMADA LIQUIDA PURISIMA;5
3479160;2026-09-02;PTO04;AUT MEDIMAR;ProdEMBUTIDOS;MORTADELA CCS DE CARNES 500G;2
3479155;2026-09-02;PTO04;AUT MEDIMAR;ProdBEBIDAS_LACT;LECHE BARISTA PURISIMA;3
3479159;2026-09-02;PTO04;AUT MEDIMAR;ProdEMBUTIDOS;MORTADELA CCS DE CARNES 900G;1
3479156;2026-09-02;PTO04;AUT MEDIMAR;ProdBEBIDAS_LACT;LECHE COMPLETA LIQUIDA PURISIMA;4
3479196;2026-09-02;PTO04;AUT SHUN CHINA;ProdEMBUTIDOS;MORTADELA CCS DE CARNES 500G;3
3479186;2026-09-02;PTO04;AUT SHUN CHINA;ProdBEBIDAS_LACT;LECHE DESCREMADA LIQUIDA PURISIMA;2
3479190;2026-09-02;PTO04;AUT SHUN CHINA;ProdBEBIDAS_LACT;LECHE  DESLACTOSADA LIQUIDA PURISIMA;1
3479184;2026-09-02;PTO04;AUT SHUN CHINA;ProdBEBIDAS_LACT;LECHE COMPLETA LIQUIDA PURISIMA;2
3479187;2026-09-02;PTO04;AUT SHUN KING;ProdBEBIDAS_LACT;LECHE COMPLETA LIQUIDA PURISIMA;2
3479185;2026-09-02;PTO04;AUT SHUN KING;ProdBEBIDAS_LACT;LECHE BARISTA PURISIMA;1
3479189;2026-09-02;PTO04;AUT SHUN KING;ProdBEBIDAS_LACT;LECHE  DESLACTOSADA LIQUIDA PURISIMA;1
3479188;2026-09-02;PTO04;AUT SHUN KING;ProdBEBIDAS_LACT;LECHE DESCREMADA LIQUIDA PURISIMA;3
3470085;2026-09-02;VLC03;EUROMAXX PLUS;ProdBEBIDAS_LACT;Leche en polvo Purisima 1kg;14
3501548;2026-09-02;BQTO04;FABUCENTER C.A.;ProdBEBIDAS;NECTAR PERA 1L TUNAL;1
3501544;2026-09-02;BQTO04;FABUCENTER C.A.;ProdBEBIDAS;NECTAR MANZANA 1L TUNAL;1
3501540;2026-09-02;BQTO04;FABUCENTER C.A.;ProdBEBIDAS;NARANJADA 1L TUNAL;1
3501553;2026-09-02;BQTO04;FABUCENTER C.A.;ProdBEBIDAS_LACT;LECHE COMPLETA LIQUIDA PURISIMA;2
3519867;2026-09-02;MCY01;FACIL COMPRA;ProdBEBIDAS;NECTAR PERA 500 ML TUNAL;2
3519802;2026-09-02;MCY01;FACIL COMPRA;ProdEMBUTIDOS;CHORIZO DE CERDO AHUMADO PARRILLERO ALIMEX;2
3519804;2026-09-02;MCY01;FACIL COMPRA;ProdEMBUTIDOS;CHORIZO DE CERDO PICANTE PARRILLERO ALIMEX;1
3519835;2026-09-02;MCY01;FACIL COMPRA;ProdEMBUTIDOS;SALCHICHA TIPO VIENA 450GR (22unid) ALIMEX;1
3519797;2026-09-02;MCY01;FACIL COMPRA;ProdEMBUTIDOS;MORTADELA CCS DE CARNES 900G;1
3519795;2026-09-02;MCY01;FACIL COMPRA;ProdEMBUTIDOS;MORTADELA CCS DE CARNES 500G;1
3473564;2026-09-02;CCS07;FORUM GUARENAS;ProdDERIV_LACTEOS;QUESO DE CABRA EN BARRA 3.3 KG PURISIMA;1
3468899;2026-09-02;CCS06;FRESCO MARKET CARRIZAL;ProdEMBUTIDOS;SALCHICHA TIPO VIENA 800GR (24unid) ALIMEX;1
3468923;2026-09-02;CCS06;FRESCO MARKET CARRIZAL;ProdBEBIDAS_LACT;LECHE  DESLACTOSADA LIQUIDA PURISIMA;8
3468921;2026-09-02;CCS06;FRESCO MARKET CARRIZAL;ProdBEBIDAS_LACT;LECHE COMPLETA LIQUIDA PURISIMA;4
3468920;2026-09-02;CCS06;FRESCO MARKET CARRIZAL;ProdBEBIDAS_LACT;LECHE BARISTA PURISIMA;1
3468914;2026-09-02;CCS06;FRESCO MARKET CARRIZAL;ProdBEBIDAS;NECTAR MANZANA 1L TUNAL;4
3468915;2026-09-02;CCS06;FRESCO MARKET CARRIZAL;ProdBEBIDAS;TE FRUTOS ROJOS 1L TUNAL;4
3468913;2026-09-02;CCS06;FRESCO MARKET CARRIZAL;ProdBEBIDAS;NECTAR PERA 1L TUNAL;4
3468912;2026-09-02;CCS06;FRESCO MARKET CARRIZAL;ProdBEBIDAS;NECTAR DURAZNO 1L TUNAL;4
3468900;2026-09-02;CCS06;FRESCO MARKET CARRIZAL;ProdEMBUTIDOS;SALCHICHA TIPO VIENA 225G (11unid) ALIMEX;1
3468911;2026-09-02;CCS06;FRESCO MARKET CARRIZAL;ProdBEBIDAS;NARANJADA 1L TUNAL;4
3468895;2026-09-02;CCS06;FRESCO MARKET CARRIZAL;ProdDERIV_LACTEOS;CREMA DE LECHE DE 250GR PURISIMA;4
3468922;2026-09-02;CCS06;FRESCO MARKET CARRIZAL;ProdBEBIDAS_LACT;LECHE DESCREMADA LIQUIDA PURISIMA;4
3468894;2026-09-02;CCS06;FRESCO MARKET CARRIZAL;ProdDERIV_LACTEOS;CREMA DE LECHE DE 500GR PURISIMA;2
3481839;2026-09-02;BQTO01;FRIG SANTA ELENA;ProdBEBIDAS_LACT;LECHE COMPLETA LIQUIDA PURISIMA;7
3481841;2026-09-02;BQTO01;FRIG SANTA ELENA;ProdBEBIDAS_LACT;LECHE DESCREMADA LIQUIDA PURISIMA;9
3481843;2026-09-02;BQTO01;FRIG SANTA ELENA;ProdBEBIDAS_LACT;LECHE  DESLACTOSADA LIQUIDA PURISIMA;8
3482113;2026-09-02;BQTO06;GRAN MARKET TUREN;ProdEMBUTIDOS;SALCHICHA TIPO VIENA 800GR (24unid) ALIMEX;1
3482116;2026-09-02;BQTO06;GRAN MARKET TUREN;ProdEMBUTIDOS;TOCINETA AHUMADA SIN CUERO 3.5KG ALIMEX;1
3482105;2026-09-02;BQTO06;GRAN MARKET TUREN;ProdBEBIDAS;NECTAR PERA 1L TUNAL;6
3482128;2026-09-02;BQTO06;GRAN MARKET TUREN;ProdEMBUTIDOS;MORTADELA CCS DE CARNES 500G;1
3482085;2026-09-02;BQTO06;GRAN MARKET TUREN;ProdBEBIDAS;NECTAR MANZANA 200 ML TUNAL;2
3482077;2026-09-02;BQTO06;GRAN MARKET TUREN;ProdBEBIDAS;NECTAR DURAZNO 1L TUNAL;4
3482083;2026-09-02;BQTO06;GRAN MARKET TUREN;ProdBEBIDAS;NARANJADA  200 ML TUNAL;1
3482131;2026-09-02;BQTO06;GRAN MARKET TUREN;ProdEMBUTIDOS;MORTADELA CCS DE CARNES 900G;1
3482088;2026-09-02;BQTO06;GRAN MARKET TUREN;ProdBEBIDAS;NECTAR PERA 200 ML TUNAL;2
3482119;2026-09-02;BQTO06;GRAN MARKET TUREN;ProdEMBUTIDOS;SALCHICHA TIPO VIENA 225G (11unid) ALIMEX;1
3482111;2026-09-02;BQTO06;GRAN MARKET TUREN;ProdBEBIDAS;TE LIMON 1L TUNAL;2
3482108;2026-09-02;BQTO06;GRAN MARKET TUREN;ProdBEBIDAS;TE DURAZNO 1L TUNAL;4
3482099;2026-09-02;BQTO06;GRAN MARKET TUREN;ProdBEBIDAS;NARANJADA 1L TUNAL;4
3482102;2026-09-02;BQTO06;GRAN MARKET TUREN;ProdBEBIDAS;NECTAR MANZANA 1L TUNAL;8
3471028;2026-09-02;VLC03;HIPER LIDER SAN DIEGO;ProdBEBIDAS_LACT;Leche en polvo Purisima 1kg;6
3482050;2026-09-02;BQTO06;HIPER MERCADO CRITAL;ProdBEBIDAS;TE DURAZNO 500ML TUNAL;1
3482059;2026-09-02;BQTO06;HIPER MERCADO CRITAL;ProdEMBUTIDOS;SALCHICHA TIPO VIENA 800GR (24unid) ALIMEX;2
3482038;2026-09-02;BQTO06;HIPER MERCADO CRITAL;ProdBEBIDAS;NECTAR PERA 500 ML TUNAL;1
3482054;2026-09-02;BQTO06;HIPER MERCADO CRITAL;ProdEMBUTIDOS;MORTADELA CCS DE CARNES 500G;1
3482056;2026-09-02;BQTO06;HIPER MERCADO CRITAL;ProdEMBUTIDOS;MORTADELA CCS DE CARNES 900G;1
3482045;2026-09-02;BQTO06;HIPER MERCADO CRITAL;ProdBEBIDAS;TE LIMON 1L TUNAL;6
3480783;2026-09-02;BQTO08;HIPERMERCADO EL PLACER C.A;ProdBEBIDAS_LACT;LECHE  DESLACTOSADA LIQUIDA PURISIMA;24
3480782;2026-09-02;BQTO08;HIPERMERCADO EL PLACER C.A;ProdBEBIDAS_LACT;LECHE DESCREMADA LIQUIDA PURISIMA;36
3480780;2026-09-02;BQTO08;HIPERMERCADO EL PLACER C.A;ProdBEBIDAS_LACT;Leche en polvo Purisima 1kg;6
3480785;2026-09-02;BQTO08;HIPERMERCADO EL PLACER C.A;ProdBEBIDAS;NARANJADA 1L TUNAL;136
3480781;2026-09-02;BQTO08;HIPERMERCADO EL PLACER C.A;ProdBEBIDAS_LACT;LECHE COMPLETA LIQUIDA PURISIMA;36
3480784;2026-09-02;BQTO08;HIPERMERCADO EL PLACER C.A;ProdBEBIDAS_LACT;LECHE COMPLETA BARISTA LIQUIDA PURISIMA;6
3480779;2026-09-02;BQTO08;HIPERMERCADO EL PLACER C.A;ProdBEBIDAS_LACT;Leche en polvo Purisima 500gr;6
3486092;2026-09-02;MCY04;HIPERVERDURAS CONTINENTE;ProdEMBUTIDOS;CHORIZO DE CERDO AHUMADO PARRILLERO ALIMEX;
3486085;2026-09-02;MCY04;HIPERVERDURAS CONTINENTE;ProdBEBIDAS_LACT;LECHE BARISTA PURISIMA;2
3486071;2026-09-02;MCY04;HIPERVERDURAS CONTINENTE;ProdDERIV_LACTEOS;CREMA DE LECHE DE 250GR PURISIMA;2
3479389;2026-09-02;MCY05;Hiper Mercado Metro;ProdDERIV_LACTEOS;MANTEQUILLA PURISIMA SIN SAL 200G PURISIMA;1
3479387;2026-09-02;MCY05;Hiper Mercado Metro;ProdEMBUTIDOS;MORTADELA CCS DE CARNES 1KG;2
3479388;2026-09-02;MCY05;Hiper Mercado Metro;ProdDERIV_LACTEOS;MANTEQUILLA PURISIMA CON SAL 200G PURISIMA;1
3481623;2026-09-02;BQTO07;INVERSIONES SALAS Y VARGAS;ProdDERIV_LACTEOS;MANTEQUILLA PURISIMA SIN SAL 200G PURISIMA;1
3481639;2026-09-02;BQTO07;INVERSIONES SALAS Y VARGAS;ProdBEBIDAS;NECTAR DURAZNO 500 ML TUNAL;2
3481640;2026-09-02;BQTO07;INVERSIONES SALAS Y VARGAS;ProdBEBIDAS;NARANJADA  500 ML TUNAL;1
3481618;2026-09-02;BQTO07;INVERSIONES SALAS Y VARGAS;ProdEMBUTIDOS;TOCINETA AHUMADA SIN CUERO 3.5KG ALIMEX;1
3481630;2026-09-02;BQTO07;INVERSIONES SALAS Y VARGAS;ProdBEBIDAS_LACT;LECHE BARISTA PURISIMA;1
3501589;2026-09-02;BQTO04;JINGYANG LI;ProdBEBIDAS;JUGO NARANJA LIGTH 1 LITRO TUNAL;2
3474152;2026-09-02;VLC01;KROMI PORTACHUELA;ProdBEBIDAS_LACT;Leche en polvo Purisima 500gr;1
3474106;2026-09-02;VLC01;KROMI PORTACHUELA;ProdBEBIDAS;NECTAR PERA LIGHT 1 LITRO TUNAL;1
3474215;2026-09-02;VLC01;KROMI PORTACHUELA;ProdDERIV_LACTEOS;QUESO DE CABRA 500G PURISIMA;1
3474112;2026-09-02;VLC01;KROMI PORTACHUELA;ProdBEBIDAS;NECTAR MANZANA 200 ML TUNAL;1
3474154;2026-09-02;VLC01;KROMI PORTACHUELA;ProdBEBIDAS_LACT;Leche en polvo Purisima 1kg;1
3474104;2026-09-02;VLC01;KROMI PORTACHUELA;ProdBEBIDAS;JUGO NARANJA LIGTH 1 LITRO TUNAL;1
3474206;2026-09-02;VLC01;KROMI PORTACHUELA;ProdHUEVOS;HUEVO EMPACADO- ESTUCHADO 1X6 TUNAL;1
3474100;2026-09-02;VLC01;KROMI PORTACHUELA;ProdBEBIDAS;NECTAR MANZANA 1L TUNAL;1
3477417;2026-09-02;VLC02;KROMI SUR;ProdBEBIDAS;NARANJADA  200 ML TUNAL;1
3482101;2026-09-02;BQTO06;LA MEGA TIENDA TUREN;ProdBEBIDAS;NECTAR PERA 200 ML TUNAL;1
3482094;2026-09-02;BQTO06;LA MEGA TIENDA TUREN;ProdBEBIDAS;NARANJADA  200 ML TUNAL;1
3482075;2026-09-02;BQTO06;LA MEGA TIENDA TUREN;ProdBEBIDAS_LACT;LECHE COMPLETA LIQUIDA PURISIMA;2
3482078;2026-09-02;BQTO06;LA MEGA TIENDA TUREN;ProdBEBIDAS_LACT;LECHE DESCREMADA LIQUIDA PURISIMA;3
3482082;2026-09-02;BQTO06;LA MEGA TIENDA TUREN;ProdBEBIDAS_LACT;LECHE  DESLACTOSADA LIQUIDA PURISIMA;1
3482096;2026-09-02;BQTO06;LA MEGA TIENDA TUREN;ProdBEBIDAS;NECTAR DURAZNO 200 ML TUNAL;1
3482098;2026-09-02;BQTO06;LA MEGA TIENDA TUREN;ProdBEBIDAS;NECTAR MANZANA 200 ML TUNAL;1
3501543;2026-09-02;BQTO04;LIANG 2009 C.A.;ProdBEBIDAS_LACT;LECHE BARISTA PURISIMA;1
3468661;2026-09-02;PLC07;MAS POR MENOS EL ROBLE;ProdBEBIDAS_LACT;LECHE BARISTA PURISIMA;3
3479370;2026-09-02;MCY05;MAXI OFERTAS;ProdBEBIDAS_LACT;LECHE COMPLETA LIQUIDA PURISIMA;6
3479372;2026-09-02;MCY05;MAXI OFERTAS;ProdBEBIDAS;NECTAR DURAZNO 500 ML TUNAL;6
3479371;2026-09-02;MCY05;MAXI OFERTAS;ProdBEBIDAS_LACT;LECHE DESCREMADA LIQUIDA PURISIMA;6
3472150;2026-09-02;PLC02;MERCATODO ANZOATEGUI;ProdBEBIDAS_LACT;LECHE BARISTA PURISIMA;7
3472167;2026-09-02;PLC02;MERCATODO ANZOATEGUI;ProdEMBUTIDOS;SALCHICHA TIPO VIENA 450GR (22unid) ALIMEX;4
3479105;2026-09-02;BQTO02;MI SUPERMARKERT EL LLANERO;ProdEMBUTIDOS;MORTADELA CCS DE CARNES 900G;3
3479106;2026-09-02;BQTO02;MI SUPERMARKERT EL LLANERO;ProdDERIV_LACTEOS;QUESO DE CABRA 500G PURISIMA;2
3479102;2026-09-02;BQTO02;MI SUPERMARKERT EL LLANERO;ProdEMBUTIDOS;TOCINETA AHUMADA SIN CUERO 3.5KG ALIMEX;1
3479104;2026-09-02;BQTO02;MI SUPERMARKERT EL LLANERO;ProdEMBUTIDOS;SALCHICHA TIPO VIENA 225G (11unid) ALIMEX;1
3479088;2026-09-02;BQTO02;MI SUPERMARKERT EL LLANERO;ProdBEBIDAS;NECTAR DURAZNO 1L TUNAL;3
3474659;2026-09-02;CCS05;MURALLA;ProdBEBIDAS_LACT;Leche en polvo Purisima 1kg;3
3479027;2026-09-02;BQTO02;PANADERIA LA ORQUIDEA;ProdBEBIDAS_LACT;LECHE DESCREMADA LIQUIDA PURISIMA;11
3479029;2026-09-02;BQTO02;PANADERIA LA ORQUIDEA;ProdBEBIDAS_LACT;LECHE BARISTA PURISIMA;9
3479028;2026-09-02;BQTO02;PANADERIA LA ORQUIDEA;ProdBEBIDAS_LACT;LECHE  DESLACTOSADA LIQUIDA PURISIMA;13
3479026;2026-09-02;BQTO02;PANADERIA LA ORQUIDEA;ProdBEBIDAS_LACT;LECHE COMPLETA LIQUIDA PURISIMA;25
3479091;2026-09-02;BQTO02;PANADERIA TULIPAN;ProdEMBUTIDOS;TOCINETA AHUMADA SIN CUERO 3.5KG ALIMEX;1
3479099;2026-09-02;BQTO02;PANADERIA TULIPAN;ProdDERIV_LACTEOS;Queso amarillo Purisima semimadurado barra;2
3511858;2026-09-02;CCS03;PLAN SUAREZ LA URBINA;ProdBEBIDAS;NECTAR PERA 1L TUNAL;10
3511850;2026-09-02;CCS03;PLAN SUAREZ LA URBINA;ProdEMBUTIDOS;SALCHICHA TIPO VIENA 800GR (24unid) ALIMEX;3
3511848;2026-09-02;CCS03;PLAN SUAREZ LA URBINA;ProdDERIV_LACTEOS;MANTEQUILLA PURISIMA SIN SAL 200G PURISIMA;10
3511854;2026-09-02;CCS03;PLAN SUAREZ LA URBINA;ProdDERIV_LACTEOS;CREMA DE LECHE DE 250GR PURISIMA;8
3511853;2026-09-02;CCS03;PLAN SUAREZ LA URBINA;ProdDERIV_LACTEOS;CREMA DE LECHE DE 500GR PURISIMA;8
3511856;2026-09-02;CCS03;PLAN SUAREZ LA URBINA;ProdBEBIDAS;NECTAR DURAZNO 1L TUNAL;10
3511859;2026-09-02;CCS03;PLAN SUAREZ LA URBINA;ProdBEBIDAS;NARANJADA  200 ML TUNAL;2
3511846;2026-09-02;CCS03;PLAN SUAREZ LA URBINA;ProdBEBIDAS_LACT;Leche en polvo Purisima 1kg;4
3511851;2026-09-02;CCS03;PLAN SUAREZ LA URBINA;ProdEMBUTIDOS;SALCHICHA TIPO VIENA 225G (11unid) ALIMEX;3
3511860;2026-09-02;CCS03;PLAN SUAREZ LA URBINA;ProdBEBIDAS;NARANJADA 1L TUNAL;2
3511849;2026-09-02;CCS03;PLAN SUAREZ LA URBINA;ProdEMBUTIDOS;SALCHICHA TIPO COCTEL 450 GR ALIMEX;3
3511857;2026-09-02;CCS03;PLAN SUAREZ LA URBINA;ProdBEBIDAS;NECTAR MANZANA 1L TUNAL;10
3511847;2026-09-02;CCS03;PLAN SUAREZ LA URBINA;ProdBEBIDAS_LACT;LECHE COMPLETA LIQUIDA PURISIMA;49
3511861;2026-09-02;CCS03;PLAN SUAREZ LA URBINA;ProdBEBIDAS;NECTAR MANZANA 200 ML TUNAL;2
3481879;2026-09-02;CCS11;RIO SUPERMARKET EL RECREO;ProdBEBIDAS_LACT;Leche en polvo Purisima 1kg;6
3471183;2026-09-02;CCS11;RIOVIDA BELLO MONTE;ProdBEBIDAS;JUGO NARANJA LIGTH 1 LITRO TUNAL;2
3477539;2026-09-02;CCS04;Rio Lomas del sol;ProdBEBIDAS_LACT;Leche en polvo Purisima 1kg;4
3477538;2026-09-02;CCS04;Rio Lomas del sol;ProdBEBIDAS_LACT;Leche en polvo Purisima 500gr;2
3483847;2026-09-02;PLC04;SIGO PROVEDURIA;ProdBEBIDAS_LACT;LECHE COMPLETA BARISTA LIQUIDA PURISIMA;6
3486028;2026-09-02;MCY04;SUPERMERCADO CANALETO;ProdEMBUTIDOS;SALCHICHA TIPO VIENA 450GR (22unid) ALIMEX;1
3482060;2026-09-02;BQTO06;SUPERMERCADO GRAN OFERTA TUREN;ProdEMBUTIDOS;CHORIZO DE CERDO PICANTE PARRILLERO ALIMEX;2
3482041;2026-09-02;BQTO06;SUPERMERCADO GRAN OFERTA TUREN;ProdEMBUTIDOS;MORTADELA CCS DE CARNES 500G;2
3482055;2026-09-02;BQTO06;SUPERMERCADO GRAN OFERTA TUREN;ProdDERIV_LACTEOS;MANTEQUILLA PURISIMA CON SAL 200G PURISIMA;2
3482044;2026-09-02;BQTO06;SUPERMERCADO GRAN OFERTA TUREN;ProdEMBUTIDOS;MORTADELA CCS DE CARNES 900G;1
3482051;2026-09-02;BQTO06;SUPERMERCADO GRAN OFERTA TUREN;ProdEMBUTIDOS;SALCHICHA TIPO VIENA 800GR (24unid) ALIMEX;2
3477484;2026-09-02;BQTO03;SUPERMERCADO KARI CABUDARE;ProdDERIV_LACTEOS;MANTEQUILLA PURISIMA CON SAL 200G PURISIMA;12
3477483;2026-09-02;BQTO03;SUPERMERCADO KARI CABUDARE;ProdDERIV_LACTEOS;MANTEQUILLA PURISIMA SIN SAL 200G PURISIMA;12
3479292;2026-09-02;PLC03;TODO HOGAR MUNICIPAL;ProdBEBIDAS;NECTAR PERA 500 ML TUNAL;1
3479334;2026-09-02;PLC03;TODO HOGAR MUNICIPAL;ProdEMBUTIDOS;MORTADELA CCS DE CARNES 1KG;3
3479289;2026-09-02;PLC03;TODO HOGAR MUNICIPAL;ProdBEBIDAS;NECTAR MANZANA 500 ML TUNAL;2
3479332;2026-09-02;PLC03;TODO HOGAR MUNICIPAL;ProdEMBUTIDOS;MORTADELA CCS DE CARNES 500G;1
3479330;2026-09-02;PLC03;TODO HOGAR MUNICIPAL;ProdEMBUTIDOS;CHORIZO DE CERDO PICANTE PARRILLERO ALIMEX;1
3479328;2026-09-02;PLC03;TODO HOGAR MUNICIPAL;ProdEMBUTIDOS;CHORIZO DE CERDO AHUMADO PARRILLERO ALIMEX;1
3491577;2026-09-03;PLC09;AL COSTO;ProdBEBIDAS_LACT;Leche en polvo Purisima 500gr;2
3496649;2026-09-03;BQTO01;ALL PLUS;ProdBEBIDAS;NARANJADA  200 ML TUNAL;6
3491505;2026-09-03;PLC07;AUTOMERCADO CASA LUXOR;ProdBEBIDAS_LACT;Leche en polvo Purisima 1kg;1
3519903;2026-09-03;MCY01;AUTOMERCADO CATANIA;ProdEMBUTIDOS;MORTADELA de Pollo Caracas 900gr;1
3489461;2026-09-03;CCS11;AUTOMERCADO PUNTA DEL SOL;ProdBEBIDAS;NECTAR MANZANA 1L TUNAL;1
3489458;2026-09-03;CCS11;AUTOMERCADO PUNTA DEL SOL;ProdBEBIDAS_LACT;LECHE COMPLETA LIQUIDA PURISIMA;1
3487940;2026-09-03;CCS07;AUTOMERCADO ROCA AZUL 2;ProdEMBUTIDOS;MORTADELA de Pollo Caracas 900gr;1
3618040;2026-09-03;MCY04;Arabito Cagua;ProdEMBUTIDOS;MORTADELA CCS DE CARNES 900G;1
3493264;2026-09-03;BQTO06;BAZAR COLONIAL;ProdBEBIDAS_LACT;LECHE COMPLETA LIQUIDA PURISIMA;11
3508433;2026-09-03;MCY05;CAMPOLLANO 2;ProdEMBUTIDOS;TOCINETA AHUMADA SIN CUERO 3.5KG ALIMEX;1
3501652;2026-09-03;BQTO04;CARORITA 16;ProdBEBIDAS;TE DURAZNO 500ML TUNAL;3
3501644;2026-09-03;BQTO04;CARORITA 16;ProdBEBIDAS;TE DURAZNO 1L TUNAL;2
3496642;2026-09-03;BQTO01;CASA IDEAS LE;ProdBEBIDAS;TE LIMON 1L TUNAL;6
3496648;2026-09-03;BQTO01;CASA IDEAS LE;ProdBEBIDAS;TE FRUTOS ROJOS 1L TUNAL;4
3496637;2026-09-03;BQTO01;CASA IDEAS LE;ProdBEBIDAS;TE DURAZNO 1L TUNAL;2
3496659;2026-09-03;BQTO01;CASA IDEAS LE;ProdBEBIDAS;NECTAR PERA 200 ML TUNAL;3
3496656;2026-09-03;BQTO01;CASA IDEAS LE;ProdBEBIDAS;NECTAR DURAZNO 200 ML TUNAL;3
3496634;2026-09-03;BQTO01;CASA IDEAS LE;ProdBEBIDAS;NECTAR PERA 1L TUNAL;3
3496633;2026-09-03;BQTO01;CASA IDEAS LE;ProdBEBIDAS;NECTAR MANZANA 1L TUNAL;1
3496654;2026-09-03;BQTO01;CASA IDEAS LE;ProdBEBIDAS;NECTAR MANZANA 200 ML TUNAL;3
3496630;2026-09-03;BQTO01;CASA IDEAS LE;ProdBEBIDAS;NARANJADA 1L TUNAL;2
3495545;2026-09-03;CCS11;CENTRAL MADEIRENSE CONCORDIA;ProdBEBIDAS_LACT;LECHE BARISTA PURISIMA;1
3495563;2026-09-03;CCS11;CENTRAL MADEIRENSE CONCORDIA;ProdJAMONERIA;JAMON AHUMADO VISKING ALIMEX 3.3 KG;1
3491378;2026-09-03;CCS05;CENTRAL MADEIRENSE MANZANARES;ProdBEBIDAS_LACT;LECHE DESCREMADA LIQUIDA PURISIMA;10
3491379;2026-09-03;CCS05;CENTRAL MADEIRENSE MANZANARES;ProdBEBIDAS_LACT;LECHE  DESLACTOSADA LIQUIDA PURISIMA;25
3487620;2026-09-03;MCY02;DELI PLAZA (A FINAL DE MES);ProdBEBIDAS;TE LIMON 1L TUNAL;1
3493344;2026-09-03;BQTO06;FIVE DE DICIEMBRE;ProdEMBUTIDOS;TOCINETA AHUMADA SIN CUERO 3.5KG ALIMEX;10
3493296;2026-09-03;BQTO06;FIVE DE DICIEMBRE;ProdBEBIDAS;NARANJADA 1L TUNAL;8
3493326;2026-09-03;BQTO06;FIVE DE DICIEMBRE;ProdBEBIDAS;NECTAR PERA 200 ML TUNAL;3
3493307;2026-09-03;BQTO06;FIVE DE DICIEMBRE;ProdBEBIDAS_LACT;LECHE DESCREMADA LIQUIDA PURISIMA;7
3490393;2026-09-03;CCS04;FRESCO MARKET CAURIMARE;ProdBEBIDAS_LACT;Leche en polvo Purisima 1kg;4
3490390;2026-09-03;CCS04;FRESCO MARKET CAURIMARE;ProdDERIV_LACTEOS;CREMA DE LECHE DE 250GR PURISIMA;1
3490392;2026-09-03;CCS04;FRESCO MARKET CAURIMARE;ProdBEBIDAS_LACT;Leche en polvo Purisima 500gr;2
3490387;2026-09-03;CCS04;FRESCO MARKET CAURIMARE;ProdDERIV_LACTEOS;MANTEQUILLA PURISIMA CON SAL 200G PURISIMA;1
3492575;2026-09-03;BQTO03;FRIGORIFICO POLLERA CABUDARE;ProdDERIV_LACTEOS;MANTEQUILLA PURISIMA SIN SAL 200G PURISIMA;4
3492576;2026-09-03;BQTO03;FRIGORIFICO POLLERA CABUDARE;ProdDERIV_LACTEOS;MANTEQUILLA PURISIMA CON SAL 200G PURISIMA;4
3492574;2026-09-03;BQTO03;FRIGORIFICO POLLERA CABUDARE;ProdDERIV_LACTEOS;CREMA DE LECHE DE 250GR PURISIMA;24
3492573;2026-09-03;BQTO03;FRIGORIFICO POLLERA CABUDARE;ProdDERIV_LACTEOS;CREMA DE LECHE DE 500GR PURISIMA;16
3492571;2026-09-03;BQTO03;FRIGORIFICO POLLERA CABUDARE;ProdBEBIDAS;NECTAR PERA LIGHT 1 LITRO TUNAL;3
3496689;2026-09-03;BQTO01;FRIGORIFICO POLLERA LA 20;ProdBEBIDAS;NECTAR MANZANA 200 ML TUNAL;2
3486133;2026-09-03;MCY04;GRAN MARISCAL;ProdBEBIDAS_LACT;LECHE COMPLETA LIQUIDA PURISIMA;12
3486154;2026-09-03;MCY04;GRAN MARISCAL;ProdEMBUTIDOS;SALCHICHA TIPO VIENA 225G (11unid) ALIMEX;1
3486153;2026-09-03;MCY04;GRAN MARISCAL;ProdEMBUTIDOS;SALCHICHA TIPO VIENA 450GR (22unid) ALIMEX;1
3486152;2026-09-03;MCY04;GRAN MARISCAL;ProdEMBUTIDOS;SALCHICHA TIPO VIENA 800GR (24unid) ALIMEX;1
3482509;2026-09-03;VLC02;GRANJA MANONGO;ProdEMBUTIDOS;SALCHICHA TIPO VIENA 225G (11unid) ALIMEX;1
3493994;2026-09-03;BQTO07;HIPER FUTURO ACARIGUA;ProdEMBUTIDOS;MORTADELA CCS DE CARNES 500G;2
3493982;2026-09-03;BQTO07;HIPER FUTURO ACARIGUA;ProdDERIV_LACTEOS;CREMA DE LECHE DE 500GR PURISIMA;4
3493983;2026-09-03;BQTO07;HIPER FUTURO ACARIGUA;ProdDERIV_LACTEOS;CREMA DE LECHE DE 250GR PURISIMA;3
3493985;2026-09-03;BQTO07;HIPER FUTURO ACARIGUA;ProdDERIV_LACTEOS;MANTEQUILLA PURISIMA CON SAL 200G PURISIMA;2
3493992;2026-09-03;BQTO07;HIPER FUTURO ACARIGUA;ProdEMBUTIDOS;SALCHICHA TIPO VIENA 800GR (24unid) ALIMEX;1
3493974;2026-09-03;BQTO07;HIPER FUTURO ACARIGUA;ProdBEBIDAS;NECTAR DURAZNO 1L TUNAL;2
3493995;2026-09-03;BQTO07;HIPER FUTURO ACARIGUA;ProdEMBUTIDOS;TOCINETA AHUMADA SIN CUERO 3.5KG ALIMEX;2
3493984;2026-09-03;BQTO07;HIPER FUTURO ACARIGUA;ProdDERIV_LACTEOS;MANTEQUILLA PURISIMA SIN SAL 200G PURISIMA;2
3493283;2026-09-03;BQTO06;INV. MI FORTUNA 817;ProdDERIV_LACTEOS;CREMA DE LECHE DE 500GR PURISIMA;1
3493290;2026-09-03;BQTO06;INV. MI FORTUNA 817;ProdEMBUTIDOS;CHORIZO DE CERDO PICANTE PARRILLERO ALIMEX;1
3493323;2026-09-03;BQTO06;INV. MI FORTUNA 817;ProdEMBUTIDOS;MORTADELA CCS DE CARNES 900G;1
3493322;2026-09-03;BQTO06;INV. MI FORTUNA 817;ProdEMBUTIDOS;MORTADELA CCS DE CARNES 500G;1
3493293;2026-09-03;BQTO06;INV. MI FORTUNA 817;ProdEMBUTIDOS;CHORIZO DE CERDO AHUMADO PARRILLERO ALIMEX;1
3493284;2026-09-03;BQTO06;INV. MI FORTUNA 817;ProdDERIV_LACTEOS;CREMA DE LECHE DE 250GR PURISIMA;1
3493331;2026-09-03;BQTO06;INVERSIONES GRAN FUTURO 88;ProdDERIV_LACTEOS;CREMA DE LECHE DE 250GR PURISIMA;1
3493329;2026-09-03;BQTO06;INVERSIONES GRAN FUTURO 88;ProdDERIV_LACTEOS;CREMA DE LECHE DE 500GR PURISIMA;2
3493336;2026-09-03;BQTO06;INVERSIONES GRAN FUTURO 88;ProdEMBUTIDOS;SALCHICHA TIPO VIENA 225G (11unid) ALIMEX;2
3493341;2026-09-03;BQTO06;INVERSIONES GRAN FUTURO 88;ProdEMBUTIDOS;MORTADELA CCS DE CARNES 500G;1
3493343;2026-09-03;BQTO06;INVERSIONES GRAN FUTURO 88;ProdEMBUTIDOS;MORTADELA CCS DE CARNES 900G;1
3493309;2026-09-03;BQTO06;INVERSIONES GRAN FUTURO 88;ProdBEBIDAS;NECTAR PERA 200 ML TUNAL;9
3493311;2026-09-03;BQTO06;INVERSIONES GRAN FUTURO 88;ProdBEBIDAS;NECTAR DURAZNO 200 ML TUNAL;6
3490541;2026-09-03;VLC03;KOSMO GUACARA;ProdBEBIDAS_LACT;LECHE COMPLETA LIQUIDA PURISIMA;5
3490587;2026-09-03;VLC03;KOSMO GUACARA;ProdDERIV_LACTEOS;MANTEQUILLA PURISIMA CON SAL 200G PURISIMA;2
3490579;2026-09-03;VLC03;KOSMO GUACARA;ProdHUEVOS;HUEVO EMPACADO- ESTUCHADO 15 und TUNAL;19
3490580;2026-09-03;VLC03;KOSMO GUACARA;ProdHUEVOS;HUEVO EMPACADO- ESTUCHADO 1X12 TUNAL;15
3493761;2026-09-03;PLC03;MAS POR MENOS C.C.CUMANA PLAZA;ProdBEBIDAS_LACT;LECHE  DESLACTOSADA LIQUIDA PURISIMA;6
3493766;2026-09-03;PLC03;MAS POR MENOS C.C.CUMANA PLAZA;ProdBEBIDAS;NARANJADA 1L TUNAL;4
3493767;2026-09-03;PLC03;MAS POR MENOS C.C.CUMANA PLAZA;ProdBEBIDAS;NECTAR MANZANA 1L TUNAL;4
3493771;2026-09-03;PLC03;MAS POR MENOS C.C.CUMANA PLAZA;ProdDERIV_LACTEOS;MANTEQUILLA PURISIMA SIN SAL 200G PURISIMA;2
3493768;2026-09-03;PLC03;MAS POR MENOS C.C.CUMANA PLAZA;ProdBEBIDAS;NECTAR DURAZNO 1L TUNAL;4
3493760;2026-09-03;PLC03;MAS POR MENOS C.C.CUMANA PLAZA;ProdBEBIDAS_LACT;LECHE DESCREMADA LIQUIDA PURISIMA;6
3493772;2026-09-03;PLC03;MAS POR MENOS C.C.CUMANA PLAZA;ProdDERIV_LACTEOS;MANTEQUILLA PURISIMA CON SAL 200G PURISIMA;6
3493759;2026-09-03;PLC03;MAS POR MENOS C.C.CUMANA PLAZA;ProdBEBIDAS_LACT;LECHE COMPLETA LIQUIDA PURISIMA;6
3519947;2026-09-03;MCY01;MAS X MENOS;ProdBEBIDAS;NECTAR PERA 1L TUNAL;1
3519949;2026-09-03;MCY01;MAS X MENOS;ProdBEBIDAS;NECTAR MANZANA 500 ML TUNAL;1
3519946;2026-09-03;MCY01;MAS X MENOS;ProdBEBIDAS;NECTAR MANZANA 1L TUNAL;3
3519948;2026-09-03;MCY01;MAS X MENOS;ProdBEBIDAS;NECTAR DURAZNO 1L TUNAL;1
3482660;2026-09-03;CCS04;MERCATO MARKET;ProdBEBIDAS;NECTAR PERA 1L TUNAL;2
3482659;2026-09-03;CCS04;MERCATO MARKET;ProdBEBIDAS;NECTAR MANZANA 1L TUNAL;2
3482662;2026-09-03;CCS04;MERCATO MARKET;ProdBEBIDAS;NECTAR PERA LIGHT 1 LITRO TUNAL;2
3482661;2026-09-03;CCS04;MERCATO MARKET;ProdBEBIDAS;JUGO NARANJA LIGTH 1 LITRO TUNAL;2
3482669;2026-09-03;CCS04;MERCATO MARKET;ProdDERIV_LACTEOS;CREMA DE LECHE DE 250GR PURISIMA;1
3482670;2026-09-03;CCS04;MERCATO MARKET;ProdDERIV_LACTEOS;CREMA DE LECHE DE 500GR PURISIMA;1
3486105;2026-09-03;MCY04;MERCATODO CORINZA;ProdBEBIDAS_LACT;LECHE COMPLETA LIQUIDA PURISIMA;1
3486113;2026-09-03;MCY04;MERCATODO CORINZA;ProdEMBUTIDOS;SALCHICHA TIPO VIENA 225G (11unid) ALIMEX;1
3486120;2026-09-03;MCY04;MERCATODO CORINZA;ProdDERIV_LACTEOS;MANTEQUILLA PURISIMA CON SAL 200G PURISIMA;2
3486141;2026-09-03;MCY04;MERCATODO STAR CENTER;ProdEMBUTIDOS;SALCHICHA TIPO VIENA 225G (11unid) ALIMEX;1
3486140;2026-09-03;MCY04;MERCATODO STAR CENTER;ProdEMBUTIDOS;SALCHICHA TIPO VIENA 450GR (22unid) ALIMEX;1
3492292;2026-09-03;BQTO02;MERKAFURT SAMBIL;ProdEMBUTIDOS;SALCHICHA TIPO VIENA 800GR (24unid) ALIMEX;1
3492297;2026-09-03;BQTO02;MERKAFURT SAMBIL;ProdEMBUTIDOS;TOCINETA AHUMADA SIN CUERO 3.5KG ALIMEX;0
3492294;2026-09-03;BQTO02;MERKAFURT SAMBIL;ProdEMBUTIDOS;SALCHICHA TIPO VIENA 450GR (22unid) ALIMEX;1
3492307;2026-09-03;BQTO02;MI SUPER  LOS LEONES;ProdEMBUTIDOS;SALCHICHA TIPO VIENA 800GR (24unid) ALIMEX;1
3493744;2026-09-03;PLC03;NEW MARKET;ProdBEBIDAS_LACT;LECHE COMPLETA LIQUIDA PURISIMA;4
3493748;2026-09-03;PLC03;NEW MARKET;ProdEMBUTIDOS;SALCHICHA TIPO VIENA 225G (11unid) ALIMEX;1
3493746;2026-09-03;PLC03;NEW MARKET;ProdEMBUTIDOS;MORTADELA CCS DE CARNES 900G;3
3491098;2026-09-03;PLC05;NOVA SABANAMAR;ProdBEBIDAS;NECTAR DURAZNO 1L TUNAL;12
3491097;2026-09-03;PLC05;NOVA SABANAMAR;ProdBEBIDAS;NECTAR MANZANA 1L TUNAL;4
3492336;2026-09-03;BQTO02;PA TODO PATARATA;ProdBEBIDAS;NECTAR MANZANA 1L TUNAL;3
3492340;2026-09-03;BQTO02;PA TODO PATARATA;ProdBEBIDAS;NECTAR PERA 500 ML TUNAL;6
3492338;2026-09-03;BQTO02;PA TODO PATARATA;ProdBEBIDAS;NECTAR DURAZNO 500 ML TUNAL;6
3492337;2026-09-03;BQTO02;PA TODO PATARATA;ProdBEBIDAS;NECTAR DURAZNO 1L TUNAL;5
3492353;2026-09-03;BQTO02;PA TODO PATARATA;ProdEMBUTIDOS;MORTADELA CCS DE CARNES 500G;4
3492352;2026-09-03;BQTO02;PA TODO PATARATA;ProdEMBUTIDOS;MORTADELA CCS DE CARNES 900G;3
3492339;2026-09-03;BQTO02;PA TODO PATARATA;ProdBEBIDAS;NECTAR MANZANA 500 ML TUNAL;6
3492347;2026-09-03;BQTO02;PA TODO PATARATA;ProdBEBIDAS_LACT;LECHE BARISTA PURISIMA;5
3492350;2026-09-03;BQTO02;PA TODO PATARATA;ProdDERIV_LACTEOS;MANTEQUILLA PURISIMA CON SAL 200G PURISIMA;3
3492351;2026-09-03;BQTO02;PA TODO PATARATA;ProdDERIV_LACTEOS;MANTEQUILLA PURISIMA SIN SAL 200G PURISIMA;3
3492349;2026-09-03;BQTO02;PA TODO PATARATA;ProdEMBUTIDOS;SALCHICHA TIPO VIENA 225G (11unid) ALIMEX;2
3492334;2026-09-03;BQTO02;PA TODO PATARATA;ProdBEBIDAS;NARANJADA 1L TUNAL;5
3492348;2026-09-03;BQTO02;PA TODO PATARATA;ProdEMBUTIDOS;SALCHICHA TIPO VIENA 800GR (24unid) ALIMEX;2
3485655;2026-09-03;CCS10;PARAMO CARICUAO;ProdBEBIDAS_LACT;LECHE COMPLETA LIQUIDA PURISIMA;4
3494477;2026-09-03;CCS07;PARAMO GUATIRE;ProdBEBIDAS_LACT;Leche en polvo Purisima 1kg;18
3484860;2026-09-03;CCS10;PARAMO RUIZ PINEDA;ProdBEBIDAS;NARANJADA 1L TUNAL;13
3497522;2026-09-03;CCS06;REDVITAL SAN ANTONIO;ProdDERIV_LACTEOS;CREMA DE LECHE DE 250GR PURISIMA;22
3497498;2026-09-03;CCS06;REDVITAL SAN ANTONIO;ProdBEBIDAS_LACT;LECHE BARISTA PURISIMA;6
3497520;2026-09-03;CCS06;REDVITAL SAN ANTONIO;ProdDERIV_LACTEOS;CREMA DE LECHE DE 500GR PURISIMA;18
3497500;2026-09-03;CCS06;REDVITAL SAN ANTONIO;ProdBEBIDAS_LACT;LECHE  DESLACTOSADA LIQUIDA PURISIMA;12
3497502;2026-09-03;CCS06;REDVITAL SAN ANTONIO;ProdBEBIDAS_LACT;LECHE DESCREMADA LIQUIDA PURISIMA;15
3497524;2026-09-03;CCS06;REDVITAL SAN ANTONIO;ProdDERIV_LACTEOS;MANTEQUILLA PURISIMA CON SAL 200G PURISIMA;18
3497505;2026-09-03;CCS06;REDVITAL SAN ANTONIO;ProdBEBIDAS_LACT;LECHE COMPLETA LIQUIDA PURISIMA;21
3497496;2026-09-03;CCS06;REDVITAL SAN ANTONIO;ProdBEBIDAS;NECTAR DURAZNO 200 ML TUNAL;9
3497484;2026-09-03;CCS06;REDVITAL SAN ANTONIO;ProdBEBIDAS;NECTAR DURAZNO 1L TUNAL;2
3497526;2026-09-03;CCS06;REDVITAL SAN ANTONIO;ProdDERIV_LACTEOS;MANTEQUILLA PURISIMA SIN SAL 200G PURISIMA;9
3497488;2026-09-03;CCS06;REDVITAL SAN ANTONIO;ProdBEBIDAS;JUGO NARANJA LIGTH 1 LITRO TUNAL;2
3497490;2026-09-03;CCS06;REDVITAL SAN ANTONIO;ProdBEBIDAS;NARANJADA  200 ML TUNAL;9
3497492;2026-09-03;CCS06;REDVITAL SAN ANTONIO;ProdBEBIDAS;NECTAR MANZANA 200 ML TUNAL;18
3497494;2026-09-03;CCS06;REDVITAL SAN ANTONIO;ProdBEBIDAS;NECTAR PERA 200 ML TUNAL;9
3497478;2026-09-03;CCS06;REDVITAL SAN ANTONIO;ProdBEBIDAS;NARANJADA 1L TUNAL;2
3497480;2026-09-03;CCS06;REDVITAL SAN ANTONIO;ProdBEBIDAS;NECTAR PERA 1L TUNAL;2
3497486;2026-09-03;CCS06;REDVITAL SAN ANTONIO;ProdBEBIDAS;NECTAR PERA LIGHT 1 LITRO TUNAL;2
3497482;2026-09-03;CCS06;REDVITAL SAN ANTONIO;ProdBEBIDAS;NECTAR MANZANA 1L TUNAL;2
3488157;2026-09-03;PLC05;RIO TERRANOVA;ProdBEBIDAS_LACT;Leche en polvo Purisima 1kg;12
3487116;2026-09-03;PLC09;SIGO COSTA AZUL;ProdBEBIDAS;TE LIMON 1L TUNAL;1
3501666;2026-09-03;BQTO04;SUPER PLAZA;ProdBEBIDAS;NECTAR DURAZNO 1L TUNAL;3
3501649;2026-09-03;BQTO04;SUPER PLAZA;ProdBEBIDAS;NECTAR MANZANA 500 ML TUNAL;2
3484590;2026-09-03;PLC07;SUPERDISTRIBUIDORA LOS LLANOS;ProdBEBIDAS;NECTAR PERA 1L TUNAL;1
3494004;2026-09-03;BQTO07;SUPERMERCADO GIRASOL;ProdDERIV_LACTEOS;MANTEQUILLA PURISIMA CON SAL 200G PURISIMA;1
3494003;2026-09-03;BQTO07;SUPERMERCADO GIRASOL;ProdDERIV_LACTEOS;MANTEQUILLA PURISIMA SIN SAL 200G PURISIMA;1
3494007;2026-09-03;BQTO07;SUPERMERCADO GIRASOL;ProdEMBUTIDOS;MORTADELA CCS DE CARNES 900G;2
3494008;2026-09-03;BQTO07;SUPERMERCADO GIRASOL;ProdEMBUTIDOS;MORTADELA CCS DE CARNES 500G;2
3494002;2026-09-03;BQTO07;SUPERMERCADO GIRASOL;ProdDERIV_LACTEOS;CREMA DE LECHE DE 500GR PURISIMA;2
3494026;2026-09-03;BQTO07;SUPERMERCADO GIRASOL;ProdBEBIDAS;TE LIMON 1L TUNAL;2
3494029;2026-09-03;BQTO07;SUPERMERCADO GIRASOL;ProdBEBIDAS;NECTAR MANZANA 500 ML TUNAL;1
3492547;2026-09-03;BQTO03;SUPERMERCADO KARI CABUDARE;ProdDERIV_LACTEOS;CREMA DE LECHE DE 500GR PURISIMA;6
3492548;2026-09-03;BQTO03;SUPERMERCADO KARI CABUDARE;ProdDERIV_LACTEOS;CREMA DE LECHE DE 250GR PURISIMA;12
3483622;2026-09-03;PLC07;SUPERMERCADO LA ESTRELA;ProdBEBIDAS;NARANJADA 1L TUNAL;1
3484189;2026-09-03;MCY02;SUPERMERCADOS LUXOR C.A._EL CASTANO;ProdEMBUTIDOS;SALCHICHA TIPO VIENA 800GR (24unid) ALIMEX;1
3484172;2026-09-03;MCY02;SUPERMERCADOS LUXOR C.A._EL CASTANO;ProdBEBIDAS;NECTAR PERA LIGHT 1 LITRO TUNAL;1
3496232;2026-09-03;PLC01;TODO HOGAR AV. INTERCOMUNAL;ProdBEBIDAS;NECTAR PERA 500 ML TUNAL;2
3493618;2026-09-03;PLC02;TODOHOGAR AV. LECHERIA;ProdBEBIDAS_LACT;Leche en polvo Purisima 1kg;1
3493596;2026-09-03;PLC02;TODOHOGAR AV. LECHERIA;ProdBEBIDAS;NECTAR DURAZNO 500 ML TUNAL;1
3487584;2026-09-03;CCS10;UNICASA CARICUAO;ProdBEBIDAS_LACT;LECHE BARISTA PURISIMA;17
3503489;2026-09-04;BQTO03;BODEGON GURMET;ProdBEBIDAS;NARANJADA 1L TUNAL;5
3503485;2026-09-04;BQTO03;BODEGON GURMET;ProdBEBIDAS_LACT;LECHE COMPLETA LIQUIDA PURISIMA;30
3503490;2026-09-04;BQTO03;BODEGON GURMET;ProdBEBIDAS;NECTAR MANZANA 1L TUNAL;6
3503486;2026-09-04;BQTO03;BODEGON GURMET;ProdBEBIDAS_LACT;LECHE DESCREMADA LIQUIDA PURISIMA;25
3503491;2026-09-04;BQTO03;BODEGON GURMET;ProdBEBIDAS;NECTAR PERA 1L TUNAL;4
3503492;2026-09-04;BQTO03;BODEGON GURMET;ProdBEBIDAS;NECTAR DURAZNO 1L TUNAL;6
3503487;2026-09-04;BQTO03;BODEGON GURMET;ProdBEBIDAS_LACT;LECHE  DESLACTOSADA LIQUIDA PURISIMA;15
3500141;2026-09-04;CCS06;CENTRAL MADEIRENSE SAN ANTONIO;ProdEMBUTIDOS;TOCINETA AHUMADA SIN CUERO 3.5KG ALIMEX;2
3500123;2026-09-04;CCS06;CENTRAL MADEIRENSE SAN ANTONIO;ProdBEBIDAS;NECTAR DURAZNO 1L TUNAL;4
3500149;2026-09-04;CCS06;CENTRAL MADEIRENSE SAN ANTONIO;ProdBEBIDAS_LACT;LECHE  DESLACTOSADA LIQUIDA PURISIMA;15
3500126;2026-09-04;CCS06;CENTRAL MADEIRENSE SAN ANTONIO;ProdBEBIDAS;TE LIMON 1L TUNAL;3
3500127;2026-09-04;CCS06;CENTRAL MADEIRENSE SAN ANTONIO;ProdBEBIDAS;TE DURAZNO 1L TUNAL;3
3500142;2026-09-04;CCS06;CENTRAL MADEIRENSE SAN ANTONIO;ProdEMBUTIDOS;SALCHICHA TIPO VIENA 450GR (22unid) ALIMEX;1
3500146;2026-09-04;CCS06;CENTRAL MADEIRENSE SAN ANTONIO;ProdBEBIDAS_LACT;LECHE BARISTA PURISIMA;4
3500120;2026-09-04;CCS06;CENTRAL MADEIRENSE SAN ANTONIO;ProdBEBIDAS;NARANJADA 1L TUNAL;4
3500121;2026-09-04;CCS06;CENTRAL MADEIRENSE SAN ANTONIO;ProdBEBIDAS;NECTAR MANZANA 1L TUNAL;8
3500143;2026-09-04;CCS06;CENTRAL MADEIRENSE SAN ANTONIO;ProdEMBUTIDOS;SALCHICHA TIPO VIENA 225G (11unid) ALIMEX;1
3500147;2026-09-04;CCS06;CENTRAL MADEIRENSE SAN ANTONIO;ProdBEBIDAS_LACT;LECHE COMPLETA LIQUIDA PURISIMA;30
3500148;2026-09-04;CCS06;CENTRAL MADEIRENSE SAN ANTONIO;ProdBEBIDAS_LACT;LECHE DESCREMADA LIQUIDA PURISIMA;20
3500122;2026-09-04;CCS06;CENTRAL MADEIRENSE SAN ANTONIO;ProdBEBIDAS;NECTAR PERA 1L TUNAL;4
3498330;2026-09-04;CCS11;CENTRAL MADEIRENSE SAN JOSE;ProdBEBIDAS_LACT;LECHE BARISTA PURISIMA;2
3498358;2026-09-04;CCS11;CENTRAL MADEIRENSE SAN JOSE;ProdDERIV_LACTEOS;QUESO DE CABRA 500G PURISIMA;1
3487624;2026-09-04;MCY02;DELI PLAZA (A FINAL DE MES);ProdBEBIDAS;NECTAR MANZANA 1L TUNAL;1
3487633;2026-09-04;MCY02;DELI PLAZA (A FINAL DE MES);ProdDERIV_LACTEOS;MANTEQUILLA PURISIMA CON SAL 200G PURISIMA;1
3487632;2026-09-04;MCY02;DELI PLAZA (A FINAL DE MES);ProdDERIV_LACTEOS;MANTEQUILLA PURISIMA SIN SAL 200G PURISIMA;1
3505181;2026-09-04;BQTO06;DIST GRAN CASA;ProdBEBIDAS;NECTAR DURAZNO 1L TUNAL;4
3505183;2026-09-04;BQTO06;DIST GRAN CASA;ProdBEBIDAS;NECTAR MANZANA 200 ML TUNAL;1
3505182;2026-09-04;BQTO06;DIST GRAN CASA;ProdBEBIDAS;NECTAR DURAZNO 200 ML TUNAL;1
3505180;2026-09-04;BQTO06;DIST GRAN CASA;ProdBEBIDAS;NECTAR PERA 1L TUNAL;6
3505179;2026-09-04;BQTO06;DIST GRAN CASA;ProdBEBIDAS;NECTAR MANZANA 1L TUNAL;6
3505184;2026-09-04;BQTO06;DIST GRAN CASA;ProdBEBIDAS;NECTAR PERA 200 ML TUNAL;1
3505185;2026-09-04;BQTO06;DIST GRAN CASA;ProdBEBIDAS;NECTAR DURAZNO 500 ML TUNAL;3
3505189;2026-09-04;BQTO06;DIST GRAN CASA;ProdBEBIDAS;NECTAR PERA LIGHT 1 LITRO TUNAL;2
3505188;2026-09-04;BQTO06;DIST GRAN CASA;ProdBEBIDAS;NECTAR MANZANA LIGHT 1 LITRO TUNAL;2
3505187;2026-09-04;BQTO06;DIST GRAN CASA;ProdBEBIDAS;NECTAR PERA 500 ML TUNAL;2
3505167;2026-09-04;BQTO06;DIST GRAN CASA;ProdBEBIDAS_LACT;LECHE COMPLETA LIQUIDA PURISIMA;12
3505178;2026-09-04;BQTO06;DIST GRAN CASA;ProdBEBIDAS;NARANJADA 1L TUNAL;2
3505186;2026-09-04;BQTO06;DIST GRAN CASA;ProdBEBIDAS;NECTAR MANZANA 500 ML TUNAL;1
3505168;2026-09-04;BQTO06;DIST GRAN CASA;ProdBEBIDAS_LACT;LECHE DESCREMADA LIQUIDA PURISIMA;15
3505169;2026-09-04;BQTO06;DIST GRAN CASA;ProdBEBIDAS_LACT;LECHE  DESLACTOSADA LIQUIDA PURISIMA;6
3512222;2026-09-04;BQTO04;DRAGON DE ORO C.A.;ProdDERIV_LACTEOS;CREMA DE LECHE DE 250GR PURISIMA;8
3512215;2026-09-04;BQTO04;DRAGON DE ORO C.A.;ProdEMBUTIDOS;MORTADELA CCS DE CARNES 500G;4
3512214;2026-09-04;BQTO04;DRAGON DE ORO C.A.;ProdEMBUTIDOS;MORTADELA de Pollo Caracas 900gr;3
3512217;2026-09-04;BQTO04;DRAGON DE ORO C.A.;ProdEMBUTIDOS;SALCHICHA TIPO VIENA 800GR (24unid) ALIMEX;1
3512216;2026-09-04;BQTO04;DRAGON DE ORO C.A.;ProdEMBUTIDOS;MORTADELA CCS DE CARNES 900G;4
3512221;2026-09-04;BQTO04;DRAGON DE ORO C.A.;ProdDERIV_LACTEOS;CREMA DE LECHE DE 500GR PURISIMA;2
3512218;2026-09-04;BQTO04;DRAGON DE ORO C.A.;ProdEMBUTIDOS;SALCHICHA TIPO VIENA 450GR (22unid) ALIMEX;2
3512220;2026-09-04;BQTO04;DRAGON DE ORO C.A.;ProdDERIV_LACTEOS;MANTEQUILLA PURISIMA CON SAL 200G PURISIMA;3
3512201;2026-09-04;BQTO04;DRAGON DE ORO C.A.;ProdBEBIDAS;NECTAR MANZANA 200 ML TUNAL;9
3512219;2026-09-04;BQTO04;DRAGON DE ORO C.A.;ProdDERIV_LACTEOS;MANTEQUILLA PURISIMA SIN SAL 200G PURISIMA;3
3499776;2026-09-04;MCY02;EUROMARKET;ProdEMBUTIDOS;SALCHICHA TIPO VIENA 225G (11unid) ALIMEX;1
3499744;2026-09-04;MCY02;EUROMARKET;ProdHUEVOS;HUEVO EMPACADO- ESTUCHADO 15 und TUNAL;6
3497506;2026-09-04;CCS06;FRESCO MARKET CLUB DEL CAMPO;ProdBEBIDAS;NARANJADA 1L TUNAL;8
3497508;2026-09-04;CCS06;FRESCO MARKET CLUB DEL CAMPO;ProdBEBIDAS;NECTAR MANZANA 1L TUNAL;8
3497517;2026-09-04;CCS06;FRESCO MARKET CLUB DEL CAMPO;ProdBEBIDAS;TE LIMON 1L TUNAL;4
3497512;2026-09-04;CCS06;FRESCO MARKET CLUB DEL CAMPO;ProdBEBIDAS;NECTAR DURAZNO 1L TUNAL;4
3497511;2026-09-04;CCS06;FRESCO MARKET CLUB DEL CAMPO;ProdBEBIDAS;NECTAR PERA 1L TUNAL;8
3497519;2026-09-04;CCS06;FRESCO MARKET CLUB DEL CAMPO;ProdBEBIDAS;TE DURAZNO 1L TUNAL;4
3497514;2026-09-04;CCS06;FRESCO MARKET CLUB DEL CAMPO;ProdBEBIDAS;TE FRUTOS ROJOS 1L TUNAL;4
3510602;2026-09-04;CCS06;FRESCO MARKET SAN ANTONIO;ProdDERIV_LACTEOS;QUESO DE CABRA 500G PURISIMA;6
3510618;2026-09-04;CCS06;FRESCO MARKET SAN ANTONIO;ProdBEBIDAS;NECTAR PERA 1L TUNAL;4
3510622;2026-09-04;CCS06;FRESCO MARKET SAN ANTONIO;ProdBEBIDAS;TE DURAZNO 1L TUNAL;3
3510623;2026-09-04;CCS06;FRESCO MARKET SAN ANTONIO;ProdBEBIDAS;NECTAR PERA LIGHT 1 LITRO TUNAL;2
3510624;2026-09-04;CCS06;FRESCO MARKET SAN ANTONIO;ProdBEBIDAS;JUGO NARANJA LIGTH 1 LITRO TUNAL;2
3510621;2026-09-04;CCS06;FRESCO MARKET SAN ANTONIO;ProdBEBIDAS;TE LIMON 1L TUNAL;3
3510620;2026-09-04;CCS06;FRESCO MARKET SAN ANTONIO;ProdBEBIDAS;TE FRUTOS ROJOS 1L TUNAL;4
3510617;2026-09-04;CCS06;FRESCO MARKET SAN ANTONIO;ProdBEBIDAS;NECTAR MANZANA 1L TUNAL;4
3510619;2026-09-04;CCS06;FRESCO MARKET SAN ANTONIO;ProdBEBIDAS;NECTAR DURAZNO 1L TUNAL;4
3510616;2026-09-04;CCS06;FRESCO MARKET SAN ANTONIO;ProdBEBIDAS;NARANJADA 1L TUNAL;4
3510599;2026-09-04;CCS06;FRESCO MARKET SAN ANTONIO;ProdDERIV_LACTEOS;CREMA DE LECHE DE 500GR PURISIMA;4
3510596;2026-09-04;CCS06;FRESCO MARKET SAN ANTONIO;ProdEMBUTIDOS;MORTADELA CCS DE CARNES 900G;4
3510600;2026-09-04;CCS06;FRESCO MARKET SAN ANTONIO;ProdDERIV_LACTEOS;CREMA DE LECHE DE 250GR PURISIMA;12
3510594;2026-09-04;CCS06;FRESCO MARKET SAN ANTONIO;ProdEMBUTIDOS;SALCHICHA TIPO VIENA 225G (11unid) ALIMEX;2
3510592;2026-09-04;CCS06;FRESCO MARKET SAN ANTONIO;ProdEMBUTIDOS;SALCHICHA TIPO VIENA 800GR (24unid) ALIMEX;1
3510593;2026-09-04;CCS06;FRESCO MARKET SAN ANTONIO;ProdEMBUTIDOS;SALCHICHA TIPO VIENA 450GR (22unid) ALIMEX;3
3526603;2026-09-04;BQTO08;HIPERMERCADO EL PLACER C.A;ProdEMBUTIDOS;SALCHICHA TIPO VIENA 225G (11unid) ALIMEX;6
3520026;2026-09-04;MCY01;Hiper Mercado Metro;ProdBEBIDAS;NECTAR MANZANA 200 ML TUNAL;2
3520028;2026-09-04;MCY01;Hiper Mercado Metro;ProdBEBIDAS;NECTAR PERA 200 ML TUNAL;3
3520025;2026-09-04;MCY01;Hiper Mercado Metro;ProdBEBIDAS;NECTAR DURAZNO 200 ML TUNAL;4
3503782;2026-09-04;PLC09;KALIMAN I;ProdBEBIDAS_LACT;LECHE DESCREMADA LIQUIDA PURISIMA;8
3503942;2026-09-04;VLC02;KROMI MANONGO;ProdBEBIDAS_LACT;Leche en polvo Purisima 500gr;2
3503973;2026-09-04;VLC02;KROMI MANONGO;ProdDERIV_LACTEOS;MANTEQUILLA PURISIMA CON SAL 200G PURISIMA;1
3503943;2026-09-04;VLC02;KROMI MANONGO;ProdBEBIDAS_LACT;Leche en polvo Purisima 1kg;2
3503974;2026-09-04;VLC02;KROMI MANONGO;ProdDERIV_LACTEOS;MANTEQUILLA PURISIMA SIN SAL 200G PURISIMA;1
3504686;2026-09-04;BQTO07;LOS MOLINOS;ProdBEBIDAS;NECTAR DURAZNO 500 ML TUNAL;9
3504689;2026-09-04;BQTO07;LOS MOLINOS;ProdBEBIDAS;NECTAR DURAZNO 200 ML TUNAL;1
3504688;2026-09-04;BQTO07;LOS MOLINOS;ProdBEBIDAS;NECTAR PERA 200 ML TUNAL;1
3504687;2026-09-04;BQTO07;LOS MOLINOS;ProdBEBIDAS;NARANJADA  200 ML TUNAL;1
3504684;2026-09-04;BQTO07;LOS MOLINOS;ProdBEBIDAS;TE LIMON 500ML TUNAL;2
3504685;2026-09-04;BQTO07;LOS MOLINOS;ProdBEBIDAS;TE DURAZNO 500ML TUNAL;5
3508472;2026-09-04;MCY05;LUXOR CIRCULO MILITAR;ProdBEBIDAS;NECTAR DURAZNO 200 ML TUNAL;1
3508471;2026-09-04;MCY05;LUXOR CIRCULO MILITAR;ProdBEBIDAS;NECTAR PERA 200 ML TUNAL;1
3508473;2026-09-04;MCY05;LUXOR CIRCULO MILITAR;ProdBEBIDAS;JUGO NARANJA LIGTH 1 LITRO TUNAL;1
3508467;2026-09-04;MCY05;LUXOR CIRCULO MILITAR;ProdBEBIDAS;NARANJADA 1L TUNAL;1
3508469;2026-09-04;MCY05;LUXOR CIRCULO MILITAR;ProdBEBIDAS;NECTAR PERA 1L TUNAL;1
3508468;2026-09-04;MCY05;LUXOR CIRCULO MILITAR;ProdBEBIDAS;NECTAR MANZANA 1L TUNAL;1
3508470;2026-09-04;MCY05;LUXOR CIRCULO MILITAR;ProdBEBIDAS;NARANJADA  200 ML TUNAL;1
3508475;2026-09-04;MCY05;LUXOR CIRCULO MILITAR;ProdEMBUTIDOS;SALCHICHA TIPO VIENA 450GR (22unid) ALIMEX;2
3504730;2026-09-04;BQTO07;MANGO CENTER C.A;ProdBEBIDAS;TE LIMON 500ML TUNAL;6
3504735;2026-09-04;BQTO07;MANGO CENTER C.A;ProdBEBIDAS;NECTAR MANZANA 200 ML TUNAL;1
3508651;2026-09-04;BQTO01;MAS QUE POLLO;ProdBEBIDAS_LACT;LECHE  DESLACTOSADA LIQUIDA PURISIMA;5
3510500;2026-09-04;PLC01;MAS X MENOS INTERCOMUNAL;ProdEMBUTIDOS;SALCHICHA TIPO VIENA 800GR (24unid) ALIMEX;1
3505265;2026-09-04;BQTO06;MAYOR DE VIVERES CANAIMA;ProdEMBUTIDOS;TOCINETA AHUMADA SIN CUERO 3.5KG ALIMEX;2
3497334;2026-09-04;CCS08;MI NEGOCIO LA FLORIDA;ProdEMBUTIDOS;MORTADELA CCS DE CARNES 1KG;1
3502808;2026-09-04;VLC03;Makro redvital valencia;ProdHUEVOS;HUEVO EMPACADO- 1X12 PLASTICO TUNAL;35
3497140;2026-09-04;PLC04;NOVA ENCRUCIJADA;ProdBEBIDAS_LACT;Leche en polvo Purisima 500gr;10
3497139;2026-09-04;PLC04;NOVA ENCRUCIJADA;ProdBEBIDAS_LACT;Leche en polvo Purisima 1kg;10
3503298;2026-09-04;PLC05;NOVA EXPRESSS;ProdBEBIDAS_LACT;Leche en polvo Purisima 500gr;2
3503299;2026-09-04;PLC05;NOVA EXPRESSS;ProdBEBIDAS_LACT;Leche en polvo Purisima 1kg;1
3504726;2026-09-04;BQTO07;PANADERIA DINASTIA;ProdDERIV_LACTEOS;CREMA DE LECHE DE 250GR PURISIMA;2
3504725;2026-09-04;BQTO07;PANADERIA DINASTIA;ProdDERIV_LACTEOS;CREMA DE LECHE DE 500GR PURISIMA;2
3504728;2026-09-04;BQTO07;PANADERIA DINASTIA;ProdDERIV_LACTEOS;MANTEQUILLA PURISIMA CON SAL 200G PURISIMA;2
3504729;2026-09-04;BQTO07;PANADERIA DINASTIA;ProdDERIV_LACTEOS;MANTEQUILLA PURISIMA SIN SAL 200G PURISIMA;2
3504744;2026-09-04;BQTO07;PANADERIA DINASTIA;ProdBEBIDAS_LACT;LECHE DESCREMADA LIQUIDA PURISIMA;7
3504721;2026-09-04;BQTO07;PANADERIA DINASTIA;ProdEMBUTIDOS;SALCHICHA TIPO VIENA 450GR (22unid) ALIMEX;1
3505372;2026-09-04;BQTO02;PANADERIA LA ORQUIDEA;ProdDERIV_LACTEOS;QUESO DE CABRA 500G PURISIMA;2
3505453;2026-09-04;BQTO02;PANADERIA TULIPAN;ProdEMBUTIDOS;CHORIZO DE CERDO PICANTE PARRILLERO ALIMEX;1
3508712;2026-09-04;BQTO01;REDVITAL AV LARA;ProdBEBIDAS;NECTAR MANZANA 200 ML TUNAL;2
3508714;2026-09-04;BQTO01;REDVITAL AV LARA;ProdBEBIDAS;NECTAR PERA 200 ML TUNAL;4
3508704;2026-09-04;BQTO01;REDVITAL AV LARA;ProdBEBIDAS;NECTAR DURAZNO 1L TUNAL;1
3508715;2026-09-04;BQTO01;REDVITAL AV LARA;ProdBEBIDAS;NECTAR DURAZNO 200 ML TUNAL;4
3498489;2026-09-04;CCS07;REDVITAL GUARENAS;ProdBEBIDAS_LACT;Leche en polvo Purisima 500gr;2
3502422;2026-09-04;CCS05;RIO BOYERA;ProdBEBIDAS_LACT;Leche en polvo Purisima 1kg;7
3502247;2026-09-04;PLC05;RIO PLAYA EL ANGEL;ProdBEBIDAS;NARANJADA 1L TUNAL;12
3502246;2026-09-04;PLC05;RIO PLAYA EL ANGEL;ProdBEBIDAS;TE LIMON 1L TUNAL;3
3505800;2026-09-04;PLC08;RIO PUENTE REAL;ProdBEBIDAS;NECTAR MANZANA 200 ML TUNAL;5
3505794;2026-09-04;PLC08;RIO PUENTE REAL;ProdBEBIDAS;NECTAR PERA 1L TUNAL;5
3505818;2026-09-04;PLC08;RIO PUENTE REAL;ProdDERIV_LACTEOS;CREMA DE LECHE DE 500GR PURISIMA;2
3505793;2026-09-04;PLC08;RIO PUENTE REAL;ProdBEBIDAS;NECTAR MANZANA 1L TUNAL;5
3505795;2026-09-04;PLC08;RIO PUENTE REAL;ProdBEBIDAS;NECTAR DURAZNO 1L TUNAL;5
3505796;2026-09-04;PLC08;RIO PUENTE REAL;ProdBEBIDAS;JUGO NARANJA LIGTH 1 LITRO TUNAL;5
3505797;2026-09-04;PLC08;RIO PUENTE REAL;ProdBEBIDAS;NECTAR DURAZNO LIGTH 1 LITRO TUNAL;5
3505798;2026-09-04;PLC08;RIO PUENTE REAL;ProdBEBIDAS;NARANJADA  200 ML TUNAL;5
3505799;2026-09-04;PLC08;RIO PUENTE REAL;ProdBEBIDAS;NECTAR DURAZNO 200 ML TUNAL;5
3505581;2026-09-04;BQTO02;RIO SUPERMARKET  CC ARENA PLAZA;ProdBEBIDAS;NECTAR PERA 1L TUNAL;3
3505580;2026-09-04;BQTO02;RIO SUPERMARKET  CC ARENA PLAZA;ProdBEBIDAS;NECTAR MANZANA 1L TUNAL;3
3505583;2026-09-04;BQTO02;RIO SUPERMARKET  CC ARENA PLAZA;ProdBEBIDAS;TE LIMON 1L TUNAL;4
3505582;2026-09-04;BQTO02;RIO SUPERMARKET  CC ARENA PLAZA;ProdBEBIDAS;TE DURAZNO 1L TUNAL;6
3510771;2026-09-04;CCS11;RIO SUPERMARKET EL RECREO;ProdEMBUTIDOS;TOCINETA AHUMADA SIN CUERO 3.5KG ALIMEX;1
3498924;2026-09-04;CCS04;Rio Lomas del sol;ProdBEBIDAS;JUGO NARANJA LIGTH 1 LITRO TUNAL;3
3498925;2026-09-04;CCS04;Rio Lomas del sol;ProdBEBIDAS;NECTAR PERA LIGHT 1 LITRO TUNAL;2
3498926;2026-09-04;CCS04;Rio Lomas del sol;ProdBEBIDAS;NARANJADA  200 ML TUNAL;4
3498927;2026-09-04;CCS04;Rio Lomas del sol;ProdBEBIDAS;NECTAR DURAZNO 200 ML TUNAL;4
3508698;2026-09-04;BQTO01;SC FOOD C.A.;ProdDERIV_LACTEOS;MANTEQUILLA PURISIMA CON SAL 200G PURISIMA;3
3508697;2026-09-04;BQTO01;SC FOOD C.A.;ProdDERIV_LACTEOS;MANTEQUILLA PURISIMA SIN SAL 200G PURISIMA;2
3508690;2026-09-04;BQTO01;SC FOOD C.A.;ProdBEBIDAS;NECTAR PERA 200 ML TUNAL;2
3508676;2026-09-04;BQTO01;SC FOOD C.A.;ProdBEBIDAS;JUGO NARANJA LIGTH 1 LITRO TUNAL;2
3503473;2026-09-04;BQTO03;SUPERMERCADO LAS AMAPOLAS;ProdBEBIDAS;NECTAR DURAZNO 1L TUNAL;0
3508443;2026-09-04;MCY05;Supermercado San Onofre;ProdBEBIDAS;NECTAR PERA 200 ML TUNAL;1
3508449;2026-09-04;MCY05;Supermercado San Onofre;ProdDERIV_LACTEOS;CREMA DE LECHE DE 500GR PURISIMA;1
3508444;2026-09-04;MCY05;Supermercado San Onofre;ProdBEBIDAS;NECTAR DURAZNO 200 ML TUNAL;1
3508440;2026-09-04;MCY05;Supermercado San Onofre;ProdBEBIDAS;NECTAR MANZANA 200 ML TUNAL;1
3505889;2026-09-04;PLC08;TODO HOGAR BARCELONA;ProdBEBIDAS;NECTAR DURAZNO 1L TUNAL;3
3505887;2026-09-04;PLC08;TODO HOGAR BARCELONA;ProdBEBIDAS;NECTAR PERA 1L TUNAL;3
3505885;2026-09-04;PLC08;TODO HOGAR BARCELONA;ProdBEBIDAS;NECTAR MANZANA 1L TUNAL;3
3511154;2026-09-04;PLC02;TODO HOGAR COLINAS;ProdBEBIDAS;NECTAR MANZANA 200 ML TUNAL;4
3511162;2026-09-04;PLC02;TODO HOGAR COLINAS;ProdEMBUTIDOS;SALCHICHA TIPO VIENA 225G (11unid) ALIMEX;1
3511160;2026-09-04;PLC02;TODO HOGAR COLINAS;ProdBEBIDAS;TE LIMON 1L TUNAL;2
3511152;2026-09-04;PLC02;TODO HOGAR COLINAS;ProdBEBIDAS;NARANJADA  200 ML TUNAL;4
3511164;2026-09-04;PLC02;TODO HOGAR COLINAS;ProdDERIV_LACTEOS;MANTEQUILLA PURISIMA CON SAL 200G PURISIMA;1
3511157;2026-09-04;PLC02;TODO HOGAR COLINAS;ProdBEBIDAS;NARANJADA  500 ML TUNAL;2
3511156;2026-09-04;PLC02;TODO HOGAR COLINAS;ProdBEBIDAS;NECTAR PERA 200 ML TUNAL;2
3511153;2026-09-04;PLC02;TODO HOGAR COLINAS;ProdBEBIDAS;NECTAR DURAZNO 200 ML TUNAL;4
3511158;2026-09-04;PLC02;TODO HOGAR COLINAS;ProdBEBIDAS;NECTAR MANZANA 500 ML TUNAL;2
3511159;2026-09-04;PLC02;TODO HOGAR COLINAS;ProdBEBIDAS;TE DURAZNO 1L TUNAL;2
3500650;2026-09-04;CCS10;UNICASA AGUA SALUD;ProdBEBIDAS_LACT;LECHE BARISTA PURISIMA;5
3505206;2026-09-04;BQTO06;VENTURA LIANG;ProdBEBIDAS;TE DURAZNO 1L TUNAL;
3505208;2026-09-04;BQTO06;VENTURA LIANG;ProdBEBIDAS;TE FRUTOS ROJOS 1L TUNAL;3
3518506;2026-09-07;VLC03;BALY S  PARQUE VALENCIA;ProdBEBIDAS;NECTAR PERA 500 ML TUNAL;2
3511828;2026-09-07;CCS10;CENTRAL MADEIRENSE CATIA;ProdDERIV_LACTEOS;MANTEQUILLA PURISIMA CON SAL 200G PURISIMA;3
3521931;2026-09-07;CCS02;CENTRAL MADEIRENSE LOS RUICES;ProdBEBIDAS;NECTAR PERA 1L TUNAL;1
3517403;2026-09-07;MCY02;EUROMARKET;ProdBEBIDAS_LACT;Leche en polvo Purisima 500gr;2
3517404;2026-09-07;MCY02;EUROMARKET;ProdBEBIDAS_LACT;Leche en polvo Purisima 1kg;2
3514365;2026-09-07;CCS08;FORUM ZONA RENTAL;ProdDERIV_LACTEOS;CREMA DE LECHE DE 500GR PURISIMA;1
3514378;2026-09-07;CCS08;FORUM ZONA RENTAL;ProdEMBUTIDOS;SALCHICHA TIPO VIENA 800GR (24unid) ALIMEX;1
3514364;2026-09-07;CCS08;FORUM ZONA RENTAL;ProdDERIV_LACTEOS;CREMA DE LECHE DE 250GR PURISIMA;2
3514423;2026-09-07;CCS06;FRESCO MARKET CLUB DEL CAMPO;ProdDERIV_LACTEOS;CREMA DE LECHE DE 500GR PURISIMA;4
3514432;2026-09-07;CCS06;FRESCO MARKET CLUB DEL CAMPO;ProdDERIV_LACTEOS;QUESO DE CABRA 500G PURISIMA;4
3514440;2026-09-07;CCS06;FRESCO MARKET CLUB DEL CAMPO;ProdBEBIDAS_LACT;LECHE COMPLETA LIQUIDA PURISIMA;25
3514429;2026-09-07;CCS06;FRESCO MARKET CLUB DEL CAMPO;ProdEMBUTIDOS;SALCHICHA TIPO VIENA 800GR (24unid) ALIMEX;1
3514430;2026-09-07;CCS06;FRESCO MARKET CLUB DEL CAMPO;ProdEMBUTIDOS;SALCHICHA TIPO VIENA 450GR (22unid) ALIMEX;2
3514431;2026-09-07;CCS06;FRESCO MARKET CLUB DEL CAMPO;ProdEMBUTIDOS;SALCHICHA TIPO VIENA 225G (11unid) ALIMEX;1
3514441;2026-09-07;CCS06;FRESCO MARKET CLUB DEL CAMPO;ProdBEBIDAS_LACT;LECHE DESCREMADA LIQUIDA PURISIMA;25
3514442;2026-09-07;CCS06;FRESCO MARKET CLUB DEL CAMPO;ProdBEBIDAS_LACT;LECHE  DESLACTOSADA LIQUIDA PURISIMA;25
3514425;2026-09-07;CCS06;FRESCO MARKET CLUB DEL CAMPO;ProdDERIV_LACTEOS;MANTEQUILLA PURISIMA CON SAL 200G PURISIMA;10
3514443;2026-09-07;CCS06;FRESCO MARKET CLUB DEL CAMPO;ProdBEBIDAS_LACT;LECHE BARISTA PURISIMA;10
3514424;2026-09-07;CCS06;FRESCO MARKET CLUB DEL CAMPO;ProdDERIV_LACTEOS;CREMA DE LECHE DE 250GR PURISIMA;16
3514468;2026-09-07;CCS06;GAMA SAN ANTONIO;ProdEMBUTIDOS;SALCHICHA TIPO VIENA 225G (11unid) ALIMEX;1
3514469;2026-09-07;CCS06;GAMA SAN ANTONIO;ProdEMBUTIDOS;MORTADELA CCS DE CARNES 900G;1
3514472;2026-09-07;CCS06;GAMA SAN ANTONIO;ProdDERIV_LACTEOS;MANTEQUILLA PURISIMA CON SAL 200G PURISIMA;6
3514473;2026-09-07;CCS06;GAMA SAN ANTONIO;ProdDERIV_LACTEOS;MANTEQUILLA PURISIMA SIN SAL 200G PURISIMA;3
3514467;2026-09-07;CCS06;GAMA SAN ANTONIO;ProdEMBUTIDOS;SALCHICHA TIPO VIENA 450GR (22unid) ALIMEX;1
3514466;2026-09-07;CCS06;GAMA SAN ANTONIO;ProdEMBUTIDOS;SALCHICHA TIPO VIENA 800GR (24unid) ALIMEX;1
3514452;2026-09-07;CCS06;GAMA SAN ANTONIO;ProdBEBIDAS_LACT;LECHE DESCREMADA LIQUIDA PURISIMA;10
3514453;2026-09-07;CCS06;GAMA SAN ANTONIO;ProdBEBIDAS_LACT;LECHE  DESLACTOSADA LIQUIDA PURISIMA;5
3514455;2026-09-07;CCS06;GAMA SAN ANTONIO;ProdDERIV_LACTEOS;CREMA DE LECHE DE 250GR PURISIMA;8
3514451;2026-09-07;CCS06;GAMA SAN ANTONIO;ProdBEBIDAS_LACT;LECHE COMPLETA LIQUIDA PURISIMA;15
3520402;2026-09-07;PLC05;KALIMAN 2;ProdBEBIDAS_LACT;Leche en polvo Purisima 1kg;4
3524970;2026-09-07;VLC01;KROMI PREBO;ProdDERIV_LACTEOS;QUESO DE CABRA 500G PURISIMA;2
3525727;2026-09-07;CCS08;MARAPLUS CANDELARIA;ProdEMBUTIDOS;MORTADELA CCS DE CARNES 500G;1
3514125;2026-09-07;CCS07;REDVITAL GUARENAS;ProdBEBIDAS;NECTAR DURAZNO 500 ML TUNAL;2
3514123;2026-09-07;CCS07;REDVITAL GUARENAS;ProdBEBIDAS;NARANJADA  500 ML TUNAL;2
3514124;2026-09-07;CCS07;REDVITAL GUARENAS;ProdBEBIDAS;NECTAR PERA 500 ML TUNAL;2
3513736;2026-09-07;PLC05;RIO PLAYA EL ANGEL;ProdBEBIDAS;NECTAR PERA LIGHT 1 LITRO TUNAL;15
3512823;2026-09-07;CCS11;RIOVIDA BELLO MONTE;ProdBEBIDAS_LACT;LECHE BARISTA PURISIMA;6
3519562;2026-09-07;CCS04;Rio Lomas del sol;ProdEMBUTIDOS;MORTADELA CCS DE CARNES 900G;1
3518050;2026-09-07;PLC04;SIGO PROVEDURIA;ProdBEBIDAS_LACT;LECHE COMPLETA LIQUIDA PURISIMA;15
3516193;2026-09-07;PLC09;SIGO SAMBIL;ProdBEBIDAS_LACT;Leche en polvo Purisima 1kg;3
3516192;2026-09-07;PLC09;SIGO SAMBIL;ProdBEBIDAS_LACT;Leche en polvo Purisima 500gr;3
3519509;2026-09-07;PLC02;TODO HOGAR C.C. VISTAMAR;ProdBEBIDAS_LACT;LECHE COMPLETA LIQUIDA PURISIMA;3
3519510;2026-09-07;PLC02;TODO HOGAR C.C. VISTAMAR;ProdBEBIDAS_LACT;LECHE DESCREMADA LIQUIDA PURISIMA;3
3519511;2026-09-07;PLC02;TODO HOGAR C.C. VISTAMAR;ProdBEBIDAS_LACT;LECHE  DESLACTOSADA LIQUIDA PURISIMA;3
3521920;2026-09-07;CCS02;UNICASA BOLEITA;ProdBEBIDAS_LACT;Leche en polvo Purisima 500gr;1
3521865;2026-09-07;CCS02;UNICASA EL MARQUES;ProdBEBIDAS;TE LIMON 500ML TUNAL;1
3515028;2026-09-07;CCS11;UNICASA LOMAS DE BELLO MONTE;ProdBEBIDAS_LACT;Leche en polvo Purisima 500gr;3
3533690;2026-09-08;PLC08;AIKOZ BARCELONA;ProdEMBUTIDOS;TOCINETA AHUMADA SIN CUERO 3.5KG ALIMEX;2
3532622;2026-09-08;PLC07;AUTOMERCADO CASA LUXOR;ProdBEBIDAS_LACT;Leche en polvo Purisima 500gr;3
3526799;2026-09-08;VLC04;BALYS CAOBOS SUR;ProdJAMONERIA;JAMON DE ESPALDA ALIMEX 4.4KG;1
3526796;2026-09-08;VLC04;BALYS CAOBOS SUR;ProdJAMONERIA;JAMON PIERNA ALIMEX 98% 5.9kg;2
3526797;2026-09-08;VLC04;BALYS CAOBOS SUR;ProdJAMONERIA;JAMON COCIDO ESTANDAR ITALICO 5.9kg;1
3528290;2026-09-08;VLC04;BALYS LA CANCHA;ProdJAMONERIA;JAMON DE ESPALDA ALIMEX 4.4KG;3
3545995;2026-09-08;CCS11;Comercial punto Lecuna;ProdBEBIDAS_LACT;Leche en polvo Purisima 500gr;1
3545996;2026-09-08;CCS11;Comercial punto Lecuna;ProdBEBIDAS_LACT;Leche en polvo Purisima 1kg;1
3537341;2026-09-08;CCS07;FORUM GUATIRE;ProdBEBIDAS_LACT;Leche en polvo Purisima 1kg;1
3537342;2026-09-08;CCS07;FORUM GUATIRE;ProdBEBIDAS_LACT;Leche en polvo Purisima 500gr;10
3537356;2026-09-08;CCS07;FORUM GUATIRE;ProdBEBIDAS;NECTAR PERA 200 ML TUNAL;2
3537349;2026-09-08;CCS07;FORUM GUATIRE;ProdDERIV_LACTEOS;QUESO DE CABRA EN BARRA 3.3 KG PURISIMA;1
3531728;2026-09-08;PLC02;GRUPO LA ORQUIDEA;ProdBEBIDAS_LACT;Leche en polvo Purisima 1kg;3
3531734;2026-09-08;PLC02;GRUPO LA ORQUIDEA;ProdBEBIDAS;NECTAR MANZANA 1L TUNAL;16
3531733;2026-09-08;PLC02;GRUPO LA ORQUIDEA;ProdBEBIDAS;NECTAR DURAZNO 1L TUNAL;16
3531729;2026-09-08;PLC02;GRUPO LA ORQUIDEA;ProdBEBIDAS_LACT;Leche en polvo Purisima 500gr;3
3531735;2026-09-08;PLC02;GRUPO LA ORQUIDEA;ProdBEBIDAS;NECTAR PERA 1L TUNAL;16
3541513;2026-09-08;VLC01;KALEA VALLE;ProdBEBIDAS_LACT;Leche en polvo Purisima 1kg;1
3541512;2026-09-08;VLC01;KALEA VALLE;ProdBEBIDAS_LACT;Leche en polvo Purisima 500gr;1
3541534;2026-09-08;VLC01;KALEA VALLE;ProdHUEVOS;HUEVO EMPACADO- ESTUCHADO 30 und TUNAL;4
3541579;2026-09-08;VLC01;KALEA VALLE;ProdJAMONERIA;JAMON PIERNA ALIMEX 98% 5.9kg;1
3541569;2026-09-08;VLC01;KALEA VALLE;ProdBEBIDAS;NECTAR DURAZNO 500 ML TUNAL;1
3539896;2026-09-08;BQTO07;LOS MOLINOS;ProdBEBIDAS;JUGO PINA LIGTH 1 LITRO TUNAL;2
3532894;2026-09-08;VLC03;LUXOR GUACARA;ProdHUEVOS;HUEVO TIPO  GRANEL 30 UND TUNAL;120
3532923;2026-09-08;VLC03;LUXOR GUACARA;ProdBEBIDAS;NECTAR MANZANA 200 ML TUNAL;18
3532906;2026-09-08;VLC03;LUXOR GUACARA;ProdEMBUTIDOS;MORTADELA de Pollo Caracas 900gr;6
3533659;2026-09-08;PLC08;MEGA PORTELA;ProdBEBIDAS_LACT;Leche en polvo Purisima 500gr;1
3533656;2026-09-08;PLC08;MEGA PORTELA;ProdBEBIDAS_LACT;Leche en polvo Purisima 1kg;1
3533085;2026-09-08;PTO03;MERCANTIL INNOVO;ProdBEBIDAS_LACT;LECHE COMPLETA LIQUIDA PURISIMA;2
3533843;2026-09-08;PLC02;MERCATODO ANZOATEGUI;ProdBEBIDAS;NECTAR DURAZNO 500 ML TUNAL;7
3533845;2026-09-08;PLC02;MERCATODO ANZOATEGUI;ProdBEBIDAS;NECTAR MANZANA 500 ML TUNAL;7
3533842;2026-09-08;PLC02;MERCATODO ANZOATEGUI;ProdBEBIDAS;NARANJADA  500 ML TUNAL;7
3533852;2026-09-08;PLC02;MERCATODO ANZOATEGUI;ProdBEBIDAS_LACT;Leche en polvo Purisima 1kg;1
3533844;2026-09-08;PLC02;MERCATODO ANZOATEGUI;ProdBEBIDAS;NECTAR PERA 200 ML TUNAL;7
3529404;2026-09-08;CCS08;MI NEGOCIO LA FLORIDA;ProdEMBUTIDOS;SALCHICHA TIPO VIENA 225G (11unid) ALIMEX;1
3540786;2026-09-08;PLC06;MULTIMARKET LAS AMERICAS;ProdBEBIDAS;NECTAR DURAZNO 200 ML TUNAL;3
3540788;2026-09-08;PLC06;MULTIMARKET LAS AMERICAS;ProdDERIV_LACTEOS;MANTEQUILLA PURISIMA SIN SAL 200G PURISIMA;1
3526422;2026-09-08;CCS08;PARAMO AV. LIBERTADOR;ProdEMBUTIDOS;TOCINETA AHUMADA SIN CUERO 3.5KG ALIMEX;1
3537524;2026-09-08;CCS07;RIO GUATIRE;ProdDERIV_LACTEOS;QUESO DE CABRA 500G PURISIMA;7
3532612;2026-09-08;PLC07;SUPERDISTRIBUIDORA LOS LLANOS;ProdBEBIDAS_LACT;Leche en polvo Purisima 1kg;1
3532611;2026-09-08;PLC07;SUPERDISTRIBUIDORA LOS LLANOS;ProdBEBIDAS_LACT;Leche en polvo Purisima 500gr;1
3529957;2026-09-08;PLC07;SUPERMERCADO LA ESTRELA;ProdBEBIDAS_LACT;Leche en polvo Purisima 1kg;1
3529930;2026-09-08;PLC07;SUPERMERCADO LA ESTRELA;ProdBEBIDAS_LACT;Leche en polvo Purisima 500gr;1
3529354;2026-09-08;PLC02;THE HAO SUPERMARKET;ProdBEBIDAS;NECTAR DURAZNO 200 ML TUNAL;2
3529353;2026-09-08;PLC02;THE HAO SUPERMARKET;ProdBEBIDAS;NARANJADA  200 ML TUNAL;2
3529355;2026-09-08;PLC02;THE HAO SUPERMARKET;ProdBEBIDAS;NECTAR MANZANA 200 ML TUNAL;2
3529342;2026-09-08;PLC02;THE HAO SUPERMARKET;ProdBEBIDAS_LACT;Leche en polvo Purisima 1kg;1
3527041;2026-09-08;CCS10;UNICASA MONTALBAN C.C. CARACAS;ProdBEBIDAS_LACT;LECHE BARISTA PURISIMA;11
3542378;2026-09-09;PLC03;AIKOZ  PUERTO LA CRUZ;ProdDERIV_LACTEOS;MANTEQUILLA PURISIMA CON SAL 200G PURISIMA;1
3548167;2026-09-09;VLC04;BALYS COLORADO;ProdJAMONERIA;JAMON COCIDO ESTANDAR ITALICO 5.9kg;1
3548166;2026-09-09;VLC04;BALYS COLORADO;ProdJAMONERIA;JAMON PIERNA ALIMEX 98% 5.9kg;1
3545662;2026-09-09;CCS04;CENTRAL MADEIRENSE SANTA MARTA;ProdBEBIDAS;NECTAR PERA 1L TUNAL;2
3545690;2026-09-09;CCS04;CENTRAL MADEIRENSE SANTA MARTA;ProdDERIV_LACTEOS;MANTEQUILLA PURISIMA SIN SAL 200G PURISIMA;1
3545691;2026-09-09;CCS04;CENTRAL MADEIRENSE SANTA MARTA;ProdDERIV_LACTEOS;MANTEQUILLA PURISIMA CON SAL 200G PURISIMA;1
3545665;2026-09-09;CCS04;CENTRAL MADEIRENSE SANTA MARTA;ProdBEBIDAS;TE DURAZNO 1L TUNAL;6
3545686;2026-09-09;CCS04;CENTRAL MADEIRENSE SANTA MARTA;ProdEMBUTIDOS;SALCHICHA TIPO VIENA 450GR (22unid) ALIMEX;1
3545687;2026-09-09;CCS04;CENTRAL MADEIRENSE SANTA MARTA;ProdEMBUTIDOS;SALCHICHA TIPO VIENA 225G (11unid) ALIMEX;1
3545685;2026-09-09;CCS04;CENTRAL MADEIRENSE SANTA MARTA;ProdEMBUTIDOS;SALCHICHA TIPO VIENA 800GR (24unid) ALIMEX;1
3545661;2026-09-09;CCS04;CENTRAL MADEIRENSE SANTA MARTA;ProdBEBIDAS;NECTAR MANZANA 1L TUNAL;2
3545666;2026-09-09;CCS04;CENTRAL MADEIRENSE SANTA MARTA;ProdBEBIDAS;TE LIMON 1L TUNAL;4
3545688;2026-09-09;CCS04;CENTRAL MADEIRENSE SANTA MARTA;ProdDERIV_LACTEOS;CREMA DE LECHE DE 500GR PURISIMA;1
3545660;2026-09-09;CCS04;CENTRAL MADEIRENSE SANTA MARTA;ProdBEBIDAS;NECTAR DURAZNO 1L TUNAL;2
3545668;2026-09-09;CCS04;CENTRAL MADEIRENSE SANTA MARTA;ProdBEBIDAS_LACT;LECHE DESCREMADA LIQUIDA PURISIMA;16
3545671;2026-09-09;CCS04;CENTRAL MADEIRENSE SANTA MARTA;ProdBEBIDAS_LACT;LECHE BARISTA PURISIMA;3
3545667;2026-09-09;CCS04;CENTRAL MADEIRENSE SANTA MARTA;ProdBEBIDAS_LACT;LECHE COMPLETA LIQUIDA PURISIMA;16
3545659;2026-09-09;CCS04;CENTRAL MADEIRENSE SANTA MARTA;ProdBEBIDAS;NARANJADA 1L TUNAL;4
3545669;2026-09-09;CCS04;CENTRAL MADEIRENSE SANTA MARTA;ProdBEBIDAS_LACT;LECHE  DESLACTOSADA LIQUIDA PURISIMA;16
3545689;2026-09-09;CCS04;CENTRAL MADEIRENSE SANTA MARTA;ProdDERIV_LACTEOS;CREMA DE LECHE DE 250GR PURISIMA;2
3540435;2026-09-09;VLC03;EUROMAXX PLUS;ProdHUEVOS;HUEVO TIPO  GRANEL 30 UND TUNAL;48
3549220;2026-09-09;CCS07;FORUM GUARENAS;ProdBEBIDAS_LACT;Leche en polvo Purisima 500gr;1
3549217;2026-09-09;CCS07;FORUM GUARENAS;ProdBEBIDAS_LACT;Leche en polvo Purisima 1kg;2
3547679;2026-09-09;CCS11;FORUM SAN BERBARDINO;ProdJAMONERIA;JAMON COCIDO ESTANDAR ITALICO 5.9kg;1
3547415;2026-09-09;CCS11;FORUM SAN BERBARDINO;ProdEMBUTIDOS;TOCINETA AHUMADA SIN CUERO 3.5KG ALIMEX;1
3548885;2026-09-09;CCS04;FRESCO MARKET CAURIMARE;ProdBEBIDAS;NECTAR MANZANA 1L TUNAL;6
3548898;2026-09-09;CCS04;FRESCO MARKET CAURIMARE;ProdBEBIDAS_LACT;LECHE COMPLETA LIQUIDA PURISIMA;18
3548899;2026-09-09;CCS04;FRESCO MARKET CAURIMARE;ProdBEBIDAS_LACT;LECHE DESCREMADA LIQUIDA PURISIMA;18
3548905;2026-09-09;CCS04;FRESCO MARKET CAURIMARE;ProdDERIV_LACTEOS;MANTEQUILLA PURISIMA SIN SAL 200G PURISIMA;6
3548906;2026-09-09;CCS04;FRESCO MARKET CAURIMARE;ProdDERIV_LACTEOS;CREMA DE LECHE DE 500GR PURISIMA;3
3548897;2026-09-09;CCS04;FRESCO MARKET CAURIMARE;ProdBEBIDAS_LACT;LECHE BARISTA PURISIMA;12
3548900;2026-09-09;CCS04;FRESCO MARKET CAURIMARE;ProdBEBIDAS_LACT;LECHE  DESLACTOSADA LIQUIDA PURISIMA;18
3548884;2026-09-09;CCS04;FRESCO MARKET CAURIMARE;ProdBEBIDAS;NARANJADA 1L TUNAL;6
3548882;2026-09-09;CCS04;FRESCO MARKET CAURIMARE;ProdBEBIDAS;TE DURAZNO 1L TUNAL;1
3548883;2026-09-09;CCS04;FRESCO MARKET CAURIMARE;ProdBEBIDAS;TE LIMON 1L TUNAL;11
3548891;2026-09-09;CCS04;FRESCO MARKET CAURIMARE;ProdBEBIDAS;NECTAR DURAZNO 200 ML TUNAL;4
3548890;2026-09-09;CCS04;FRESCO MARKET CAURIMARE;ProdBEBIDAS;NARANJADA  200 ML TUNAL;1
3548886;2026-09-09;CCS04;FRESCO MARKET CAURIMARE;ProdBEBIDAS;NECTAR PERA 1L TUNAL;6
3541050;2026-09-09;VLC03;HIPER LIDER SAN DIEGO;ProdBEBIDAS;NECTAR PERA 1L TUNAL;4
3541848;2026-09-09;PTO02;HIPER VIP;ProdEMBUTIDOS;MORTADELA CCS DE CARNES 500G;2
3541851;2026-09-09;PTO02;HIPER VIP;ProdEMBUTIDOS;MORTADELA CCS DE CARNES 900G;1
3545008;2026-09-09;PLC07;IMPORT VCB 1 CASA BLANCA;ProdBEBIDAS_LACT;Leche en polvo Purisima 500gr;
3548372;2026-09-09;PLC07;IMPORT VCB 2 CAMPO OFICINA;ProdBEBIDAS_LACT;Leche en polvo Purisima 500gr;1
3548373;2026-09-09;PLC07;IMPORT VCB 2 CAMPO OFICINA;ProdBEBIDAS_LACT;Leche en polvo Purisima 1kg;1
3553384;2026-09-09;VLC02;KALEA  LA GRANJA;ProdEMBUTIDOS;SALCHICHA TIPO VIENA 800GR (24unid) ALIMEX;1
3553401;2026-09-09;VLC02;KALEA  LA GRANJA;ProdBEBIDAS_LACT;LECHE BARISTA PURISIMA;1
3553385;2026-09-09;VLC02;KALEA  LA GRANJA;ProdEMBUTIDOS;SALCHICHA TIPO VIENA 450GR (22unid) ALIMEX;1
3552815;2026-09-09;PTO03;MAS POR MENOS MATURIN;ProdBEBIDAS;NECTAR PERA 500 ML TUNAL;2
3552816;2026-09-09;PTO03;MAS POR MENOS MATURIN;ProdBEBIDAS;NECTAR DURAZNO 500 ML TUNAL;4
3552823;2026-09-09;PTO03;MAS POR MENOS MATURIN;ProdDERIV_LACTEOS;MANTEQUILLA PURISIMA SIN SAL 200G PURISIMA;2
3552824;2026-09-09;PTO03;MAS POR MENOS MATURIN;ProdDERIV_LACTEOS;MANTEQUILLA PURISIMA CON SAL 200G PURISIMA;2
3552819;2026-09-09;PTO03;MAS POR MENOS MATURIN;ProdBEBIDAS;NECTAR DURAZNO 1L TUNAL;1
3552812;2026-09-09;PTO03;MAS POR MENOS MATURIN;ProdBEBIDAS_LACT;LECHE DESCREMADA LIQUIDA PURISIMA;1
3552814;2026-09-09;PTO03;MAS POR MENOS MATURIN;ProdBEBIDAS;NECTAR MANZANA 500 ML TUNAL;1
3552811;2026-09-09;PTO03;MAS POR MENOS MATURIN;ProdBEBIDAS_LACT;LECHE COMPLETA LIQUIDA PURISIMA;1
3552825;2026-09-09;PTO03;MAS POR MENOS MATURIN;ProdEMBUTIDOS;SALCHICHA TIPO VIENA 800GR (24unid) ALIMEX;1
3552813;2026-09-09;PTO03;MAS POR MENOS MATURIN;ProdBEBIDAS_LACT;LECHE  DESLACTOSADA LIQUIDA PURISIMA;1
3552818;2026-09-09;PTO03;MAS POR MENOS MATURIN;ProdBEBIDAS;NECTAR PERA 1L TUNAL;1
3552817;2026-09-09;PTO03;MAS POR MENOS MATURIN;ProdBEBIDAS;NECTAR MANZANA 1L TUNAL;1
3552893;2026-09-09;PTO03;MUNDO FORTUNA;ProdBEBIDAS_LACT;LECHE COMPLETA LIQUIDA PURISIMA;2
3552887;2026-09-09;PTO03;MUNDO FORTUNA;ProdBEBIDAS;NECTAR PERA 200 ML TUNAL;2
3552897;2026-09-09;PTO03;MUNDO FORTUNA;ProdBEBIDAS_LACT;LECHE  DESLACTOSADA LIQUIDA PURISIMA;1
3552877;2026-09-09;PTO03;MUNDO FORTUNA;ProdBEBIDAS;TE FRUTOS ROJOS 1L TUNAL;2
3552875;2026-09-09;PTO03;MUNDO FORTUNA;ProdBEBIDAS;NECTAR MANZANA LIGHT 1 LITRO TUNAL;2
3552869;2026-09-09;PTO03;MUNDO FORTUNA;ProdBEBIDAS;NECTAR PERA 1L TUNAL;3
3552871;2026-09-09;PTO03;MUNDO FORTUNA;ProdBEBIDAS;NECTAR DURAZNO 1L TUNAL;3
3552873;2026-09-09;PTO03;MUNDO FORTUNA;ProdBEBIDAS;NECTAR PERA LIGHT 1 LITRO TUNAL;3
3552889;2026-09-09;PTO03;MUNDO FORTUNA;ProdBEBIDAS;NECTAR MANZANA 200 ML TUNAL;2
3552879;2026-09-09;PTO03;MUNDO FORTUNA;ProdBEBIDAS;NECTAR PERA 500 ML TUNAL;8
3552865;2026-09-09;PTO03;MUNDO FORTUNA;ProdBEBIDAS;NARANJADA 1L TUNAL;1
3552883;2026-09-09;PTO03;MUNDO FORTUNA;ProdBEBIDAS;NECTAR DURAZNO 500 ML TUNAL;1
3552881;2026-09-09;PTO03;MUNDO FORTUNA;ProdBEBIDAS;NECTAR MANZANA 500 ML TUNAL;1
3552891;2026-09-09;PTO03;MUNDO FORTUNA;ProdBEBIDAS;NECTAR DURAZNO 200 ML TUNAL;4
3552867;2026-09-09;PTO03;MUNDO FORTUNA;ProdBEBIDAS;NECTAR MANZANA 1L TUNAL;3
3552885;2026-09-09;PTO03;MUNDO FORTUNA;ProdBEBIDAS;NARANJADA  200 ML TUNAL;4
3552895;2026-09-09;PTO03;MUNDO FORTUNA;ProdBEBIDAS_LACT;LECHE BARISTA PURISIMA;1
3552899;2026-09-09;PTO03;MUNDO FORTUNA;ProdBEBIDAS_LACT;LECHE COMPLETA BARISTA LIQUIDA PURISIMA;1
3547592;2026-09-09;VLC03;Makro redvital valencia;ProdBEBIDAS;NECTAR MANZANA 500 ML TUNAL;2
3547619;2026-09-09;VLC03;Makro redvital valencia;ProdEMBUTIDOS;MORTADELA de Pollo Caracas 900gr;12
3549146;2026-09-09;PLC09;RIO BODEGON SAMBIL;ProdBEBIDAS_LACT;Leche en polvo Purisima 1kg;12
3549350;2026-09-09;CCS07;RIO GUARENAS;ProdDERIV_LACTEOS;QUESO DE CABRA EN BARRA 3.3 KG PURISIMA;1
3549773;2026-09-09;PLC05;RIO PLAYA EL ANGEL;ProdBEBIDAS_LACT;Leche en polvo Purisima 1kg;21
3549772;2026-09-09;PLC05;RIO PLAYA EL ANGEL;ProdBEBIDAS_LACT;Leche en polvo Purisima 500gr;21
3550446;2026-09-09;PLC08;RIO PUENTE REAL;ProdBEBIDAS_LACT;Leche en polvo Purisima 1kg;2
3550447;2026-09-09;PLC08;RIO PUENTE REAL;ProdBEBIDAS_LACT;Leche en polvo Purisima 500gr;2
3553280;2026-09-09;PLC04;RIO SUPERMARKET JUAN BAUTISTA;ProdBEBIDAS;NECTAR PERA LIGHT 1 LITRO TUNAL;8
3553278;2026-09-09;PLC04;RIO SUPERMARKET JUAN BAUTISTA;ProdBEBIDAS;NARANJADA 1L TUNAL;8
3553283;2026-09-09;PLC04;RIO SUPERMARKET JUAN BAUTISTA;ProdBEBIDAS;NECTAR DURAZNO 200 ML TUNAL;3
3553279;2026-09-09;PLC04;RIO SUPERMARKET JUAN BAUTISTA;ProdBEBIDAS;JUGO NARANJA LIGTH 1 LITRO TUNAL;4
3553281;2026-09-09;PLC04;RIO SUPERMARKET JUAN BAUTISTA;ProdBEBIDAS;NARANJADA  200 ML TUNAL;3
3553282;2026-09-09;PLC04;RIO SUPERMARKET JUAN BAUTISTA;ProdBEBIDAS;NECTAR MANZANA 200 ML TUNAL;6
3552884;2026-09-09;PTO03;RIO SUPERMARKET MATURIN;ProdBEBIDAS_LACT;LECHE BARISTA PURISIMA;3
3552903;2026-09-09;PTO03;RIO SUPERMARKET MATURIN;ProdBEBIDAS;NARANJADA  200 ML TUNAL;2
3552905;2026-09-09;PTO03;RIO SUPERMARKET MATURIN;ProdBEBIDAS;NECTAR PERA 200 ML TUNAL;2
3552906;2026-09-09;PTO03;RIO SUPERMARKET MATURIN;ProdBEBIDAS;NECTAR DURAZNO 200 ML TUNAL;2
3552904;2026-09-09;PTO03;RIO SUPERMARKET MATURIN;ProdBEBIDAS;NECTAR MANZANA 200 ML TUNAL;2
3552902;2026-09-09;PTO03;RIO SUPERMARKET MATURIN;ProdBEBIDAS;NECTAR DURAZNO 500 ML TUNAL;1
3550472;2026-09-09;PLC08;TODO HOGAR BARCELONA;ProdEMBUTIDOS;MORTADELA CCS DE CARNES 500G;1
3550474;2026-09-09;PLC08;TODO HOGAR BARCELONA;ProdEMBUTIDOS;MORTADELA CCS DE CARNES 900G;1
3551334;2026-09-09;PLC03;TODO HOGAR MUNICIPAL;ProdBEBIDAS;NECTAR MANZANA 200 ML TUNAL;6
3551323;2026-09-09;PLC03;TODO HOGAR MUNICIPAL;ProdBEBIDAS_LACT;LECHE EN POLVO PURISIMA 200GR;1
3551335;2026-09-09;PLC03;TODO HOGAR MUNICIPAL;ProdBEBIDAS;NECTAR PERA 200 ML TUNAL;6
3551322;2026-09-09;PLC03;TODO HOGAR MUNICIPAL;ProdBEBIDAS_LACT;LECHE EN POLVO PURISIMA 900GR;1
3571002;2026-09-09;CCS02;UNICASA EL MARQUES;ProdBEBIDAS;NECTAR DURAZNO LIGTH 1 LITRO TUNAL;3
3571019;2026-09-09;CCS02;UNICASA EL MARQUES;ProdBEBIDAS_LACT;Leche en polvo Purisima 500gr;5
3565556;2026-09-10;CCS11;AUTOMERCADO PUNTA DEL SOL;ProdBEBIDAS_LACT;LECHE  DESLACTOSADA LIQUIDA PURISIMA;1
3565558;2026-09-10;CCS11;AUTOMERCADO PUNTA DEL SOL;ProdBEBIDAS_LACT;Leche en polvo Purisima 1kg;1
3565571;2026-09-10;CCS11;AUTOMERCADO PUNTA DEL SOL;ProdEMBUTIDOS;SALCHICHA TIPO VIENA 225G (11unid) ALIMEX;1
3565572;2026-09-10;CCS11;AUTOMERCADO PUNTA DEL SOL;ProdEMBUTIDOS;SALCHICHA TIPO VIENA 450GR (22unid) ALIMEX;1
3565555;2026-09-10;CCS11;AUTOMERCADO PUNTA DEL SOL;ProdBEBIDAS_LACT;LECHE DESCREMADA LIQUIDA PURISIMA;2
3565553;2026-09-10;CCS11;AUTOMERCADO PUNTA DEL SOL;ProdBEBIDAS;NARANJADA 1L TUNAL;1
3562134;2026-09-10;CCS07;AUTOMERCADO ROCA AZUL 2;ProdBEBIDAS;TE DURAZNO 1L TUNAL;3
3557478;2026-09-10;CCS07;AUTOMERCADO ROCA AZUL 2;ProdBEBIDAS_LACT;Leche en polvo Purisima 1kg;1
3562112;2026-09-10;CCS07;AUTOMERCADO ROCA AZUL 2;ProdEMBUTIDOS;SALCHICHA TIPO VIENA 225G (11unid) ALIMEX;1
3562138;2026-09-10;CCS07;AUTOMERCADO ROCA AZUL 2;ProdBEBIDAS;NARANJADA 1L TUNAL;6
3557477;2026-09-10;CCS07;AUTOMERCADO ROCA AZUL 2;ProdBEBIDAS_LACT;Leche en polvo Purisima 500gr;1
3567760;2026-09-10;CCS05;AUTOMERCADO SANTA ROSA DE LIMA;ProdBEBIDAS;NECTAR DURAZNO 200 ML TUNAL;1
3567756;2026-09-10;CCS05;AUTOMERCADO SANTA ROSA DE LIMA;ProdEMBUTIDOS;MORTADELA CCS DE CARNES 900G;1
3568457;2026-09-10;PTO04;AWA MARKET;ProdBEBIDAS_LACT;LECHE DESCREMADA LIQUIDA PURISIMA;3
3568471;2026-09-10;PTO04;AWA MARKET;ProdEMBUTIDOS;MORTADELA CCS DE CARNES 500G;1
3568466;2026-09-10;PTO04;AWA MARKET;ProdDERIV_LACTEOS;CREMA DE LECHE DE 250GR PURISIMA;2
3568482;2026-09-10;PTO04;AWA MARKET;ProdBEBIDAS;NARANJADA  200 ML TUNAL;1
3568472;2026-09-10;PTO04;AWA MARKET;ProdEMBUTIDOS;MORTADELA CCS DE CARNES 900G;1
3568483;2026-09-10;PTO04;AWA MARKET;ProdBEBIDAS;NECTAR PERA 200 ML TUNAL;1
3568484;2026-09-10;PTO04;AWA MARKET;ProdBEBIDAS;NECTAR DURAZNO 200 ML TUNAL;1
3568456;2026-09-10;PTO04;AWA MARKET;ProdBEBIDAS_LACT;LECHE COMPLETA LIQUIDA PURISIMA;4
3568458;2026-09-10;PTO04;AWA MARKET;ProdBEBIDAS_LACT;LECHE  DESLACTOSADA LIQUIDA PURISIMA;3
3568467;2026-09-10;PTO04;AWA MARKET;ProdDERIV_LACTEOS;MANTEQUILLA PURISIMA SIN SAL 200G PURISIMA;1
3568468;2026-09-10;PTO04;AWA MARKET;ProdDERIV_LACTEOS;MANTEQUILLA PURISIMA CON SAL 200G PURISIMA;1
3568447;2026-09-10;PTO04;AWA MARKET;ProdBEBIDAS_LACT;LECHE EN POLVO PURISIMA 400GR;1
3568446;2026-09-10;PTO04;AWA MARKET;ProdBEBIDAS_LACT;LECHE EN POLVO PURISIMA 200GR;1
3565795;2026-09-10;CCS05;CENTRAL MADEIRENSE LA ALAMEDA;ProdBEBIDAS_LACT;LECHE DESCREMADA LIQUIDA PURISIMA;24
3565796;2026-09-10;CCS05;CENTRAL MADEIRENSE LA ALAMEDA;ProdBEBIDAS_LACT;LECHE  DESLACTOSADA LIQUIDA PURISIMA;18
3565794;2026-09-10;CCS05;CENTRAL MADEIRENSE LA ALAMEDA;ProdBEBIDAS_LACT;LECHE COMPLETA LIQUIDA PURISIMA;12
3565805;2026-09-10;CCS05;CENTRAL MADEIRENSE LA ALAMEDA;ProdBEBIDAS;NARANJADA 1L TUNAL;3
3565397;2026-09-10;CCS04;CENTRAL MADEIRENSE PLAZAS AMERICAS;ProdBEBIDAS_LACT;LECHE BARISTA PURISIMA;3
3565408;2026-09-10;CCS04;CENTRAL MADEIRENSE PLAZAS AMERICAS;ProdEMBUTIDOS;SALCHICHA TIPO VIENA 450GR (22unid) ALIMEX;2
3556166;2026-09-10;PTO02;CENTRAL SANTO TOME I CASTILLITO;ProdBEBIDAS;NECTAR MANZANA 1L TUNAL;2
3555854;2026-09-10;PTO02;CENTRAL SANTO TOME I CASTILLITO;ProdBEBIDAS;NECTAR PERA 500 ML TUNAL;3
3555869;2026-09-10;PTO02;CENTRAL SANTO TOME I CASTILLITO;ProdBEBIDAS;NARANJADA  200 ML TUNAL;20
3555139;2026-09-10;PTO02;CENTRAL SANTO TOME I CASTILLITO;ProdBEBIDAS_LACT;LECHE BARISTA PURISIMA;6
3555136;2026-09-10;PTO02;CENTRAL SANTO TOME I CASTILLITO;ProdBEBIDAS_LACT;LECHE  DESLACTOSADA LIQUIDA PURISIMA;6
3555121;2026-09-10;PTO02;CENTRAL SANTO TOME I CASTILLITO;ProdBEBIDAS_LACT;LECHE DESCREMADA LIQUIDA PURISIMA;6
3555871;2026-09-10;PTO02;CENTRAL SANTO TOME I CASTILLITO;ProdBEBIDAS;NECTAR MANZANA 200 ML TUNAL;10
3555877;2026-09-10;PTO02;CENTRAL SANTO TOME I CASTILLITO;ProdBEBIDAS;NECTAR PERA 200 ML TUNAL;10
3556399;2026-09-10;PTO02;CENTRAL SANTO TOME I CASTILLITO;ProdBEBIDAS;NECTAR PERA 1L TUNAL;2
3555954;2026-09-10;PTO02;CENTRAL SANTO TOME I CASTILLITO;ProdBEBIDAS;NECTAR DURAZNO 1L TUNAL;1
3555102;2026-09-10;PTO02;CENTRAL SANTO TOME I CASTILLITO;ProdBEBIDAS_LACT;LECHE COMPLETA LIQUIDA PURISIMA;12
3556038;2026-09-10;PTO02;CENTRAL SANTO TOME I CASTILLITO;ProdBEBIDAS;NARANJADA 1L TUNAL;2
3555925;2026-09-10;PTO02;CENTRAL SANTO TOME I CASTILLITO;ProdBEBIDAS;NECTAR DURAZNO 200 ML TUNAL;10
3564681;2026-09-10;PLC03;CON TODO CALLE LIBERTAD PLC;ProdEMBUTIDOS;SALCHICHA TIPO VIENA 225G (11unid) ALIMEX;2
3567185;2026-09-10;MCY03;EUROMERCADO INTERCOMUNAL;ProdBEBIDAS;TE LIMON 500ML TUNAL;1
3560720;2026-09-10;CCS11;FORUM SAN BERBARDINO;ProdBEBIDAS_LACT;LECHE BARISTA PURISIMA;24
3560714;2026-09-10;CCS11;FORUM SAN BERBARDINO;ProdBEBIDAS_LACT;Leche en polvo Purisima 500gr;18
3560716;2026-09-10;CCS11;FORUM SAN BERBARDINO;ProdBEBIDAS_LACT;Leche en polvo Purisima 1kg;8
3564340;2026-09-10;PLC09;IKO FARMA;ProdBEBIDAS_LACT;LECHE EN POLVO PURISIMA 900GR;1
3564348;2026-09-10;PLC09;IKO FARMA;ProdBEBIDAS;NECTAR MANZANA 200 ML TUNAL;4
3569113;2026-09-10;PLC05;KALIMAN 2;ProdBEBIDAS_LACT;LECHE EN POLVO PURISIMA 900GR;4
3575627;2026-09-10;VLC01;KROMI PREBO;ProdBEBIDAS_LACT;Leche en polvo Purisima 1kg;1
3575626;2026-09-10;VLC01;KROMI PREBO;ProdBEBIDAS_LACT;Leche en polvo Purisima 500gr;1
3564138;2026-09-10;VLC04;LUXOR NAGUANAGUA;ProdEMBUTIDOS;SALCHICHA TIPO VIENA 225G (11unid) ALIMEX;1
3564149;2026-09-10;VLC04;LUXOR NAGUANAGUA;ProdBEBIDAS_LACT;Leche en polvo Purisima 1kg;6
3555972;2026-09-10;PLC07;MAYORCA;ProdBEBIDAS_LACT;Leche en polvo Purisima 500gr;1
3555968;2026-09-10;PLC07;MAYORCA;ProdBEBIDAS;NARANJADA 1L TUNAL;2
3566122;2026-09-10;PLC08;MEGA PORTELA;ProdEMBUTIDOS;TOCINETA AHUMADA SIN CUERO 3.5KG ALIMEX;3
3557622;2026-09-10;CCS04;MERCATO MARKET;ProdBEBIDAS;NARANJADA 1L TUNAL;6
3557620;2026-09-10;CCS04;MERCATO MARKET;ProdBEBIDAS;TE LIMON 1L TUNAL;3
3557623;2026-09-10;CCS04;MERCATO MARKET;ProdBEBIDAS;NECTAR DURAZNO 1L TUNAL;3
3557621;2026-09-10;CCS04;MERCATO MARKET;ProdBEBIDAS;TE DURAZNO 1L TUNAL;3
3557616;2026-09-10;CCS04;MERCATO MARKET;ProdBEBIDAS_LACT;LECHE COMPLETA LIQUIDA PURISIMA;5
3557619;2026-09-10;CCS04;MERCATO MARKET;ProdBEBIDAS;TE FRUTOS ROJOS 1L TUNAL;3
3557617;2026-09-10;CCS04;MERCATO MARKET;ProdBEBIDAS_LACT;LECHE DESCREMADA LIQUIDA PURISIMA;5
3557592;2026-09-10;CCS04;MERCATO MARKET;ProdDERIV_LACTEOS;MANTEQUILLA PURISIMA CON SAL 200G PURISIMA;1
3557618;2026-09-10;CCS04;MERCATO MARKET;ProdBEBIDAS_LACT;LECHE  DESLACTOSADA LIQUIDA PURISIMA;6
3557591;2026-09-10;CCS04;MERCATO MARKET;ProdDERIV_LACTEOS;MANTEQUILLA PURISIMA SIN SAL 200G PURISIMA;1
3571635;2026-09-10;PLC02;MERCATODO ANZOATEGUI;ProdDERIV_LACTEOS;CREMA DE LECHE DE 250GR PURISIMA;4
3571634;2026-09-10;PLC02;MERCATODO ANZOATEGUI;ProdDERIV_LACTEOS;CREMA DE LECHE DE 500GR PURISIMA;4
3571623;2026-09-10;PLC02;MERCATODO ANZOATEGUI;ProdBEBIDAS_LACT;LECHE EN POLVO PURISIMA 400GR;1
3571639;2026-09-10;PLC02;MERCATODO ANZOATEGUI;ProdBEBIDAS_LACT;LECHE COMPLETA LIQUIDA PURISIMA;4
3571636;2026-09-10;PLC02;MERCATODO ANZOATEGUI;ProdEMBUTIDOS;SALCHICHA TIPO VIENA 225G (11unid) ALIMEX;2
3571641;2026-09-10;PLC02;MERCATODO ANZOATEGUI;ProdBEBIDAS_LACT;LECHE  DESLACTOSADA LIQUIDA PURISIMA;4
3571638;2026-09-10;PLC02;MERCATODO ANZOATEGUI;ProdEMBUTIDOS;MORTADELA CCS DE CARNES 900G;4
3571640;2026-09-10;PLC02;MERCATODO ANZOATEGUI;ProdBEBIDAS_LACT;LECHE DESCREMADA LIQUIDA PURISIMA;4
3571637;2026-09-10;PLC02;MERCATODO ANZOATEGUI;ProdEMBUTIDOS;MORTADELA CCS DE CARNES 500G;4
3571622;2026-09-10;PLC02;MERCATODO ANZOATEGUI;ProdBEBIDAS_LACT;LECHE EN POLVO PURISIMA 900GR;1
3563468;2026-09-10;PLC06;MULTIMARKET ORIENTAL;ProdBEBIDAS_LACT;LECHE  DESLACTOSADA LIQUIDA PURISIMA;3
3556011;2026-09-10;PLC05;NOVA SABANAMAR;ProdBEBIDAS_LACT;Leche en polvo Purisima 1kg;4
3556010;2026-09-10;PLC05;NOVA SABANAMAR;ProdBEBIDAS_LACT;Leche en polvo Purisima 500gr;6
3566001;2026-09-10;PLC05;NOVA TERRANOVA;ProdBEBIDAS;NECTAR MANZANA 1L TUNAL;2
3557006;2026-09-10;CCS05;PARAMO BARUTA;ProdBEBIDAS_LACT;Leche en polvo Purisima 1kg;5
3557028;2026-09-10;CCS05;PARAMO BARUTA;ProdBEBIDAS_LACT;LECHE COMPLETA BARISTA LIQUIDA PURISIMA;10
3564279;2026-09-10;CCS11;PARAMO PRADO DE MARIA;ProdEMBUTIDOS;TOCINETA AHUMADA SIN CUERO 3.5KG ALIMEX;1
3564258;2026-09-10;CCS11;PARAMO PRADO DE MARIA;ProdBEBIDAS;NECTAR MANZANA LIGHT 1 LITRO TUNAL;3
3560588;2026-09-10;CCS05;PLAN SUAREZ  TRINIDAD;ProdBEBIDAS_LACT;Leche en polvo Purisima 1kg;8
3560620;2026-09-10;CCS04;PLAN SUAREZ CAURIMARE;ProdBEBIDAS_LACT;LECHE DESCREMADA LIQUIDA PURISIMA;6
3560643;2026-09-10;CCS04;PLAN SUAREZ CAURIMARE;ProdBEBIDAS;NECTAR PERA LIGHT 1 LITRO TUNAL;2
3560621;2026-09-10;CCS04;PLAN SUAREZ CAURIMARE;ProdBEBIDAS_LACT;LECHE  DESLACTOSADA LIQUIDA PURISIMA;3
3560660;2026-09-10;CCS04;PLAN SUAREZ CAURIMARE;ProdDERIV_LACTEOS;CREMA DE LECHE DE 250GR PURISIMA;6
3560644;2026-09-10;CCS04;PLAN SUAREZ CAURIMARE;ProdBEBIDAS;TE DURAZNO 1L TUNAL;2
3560659;2026-09-10;CCS04;PLAN SUAREZ CAURIMARE;ProdDERIV_LACTEOS;CREMA DE LECHE DE 500GR PURISIMA;4
3560619;2026-09-10;CCS04;PLAN SUAREZ CAURIMARE;ProdBEBIDAS_LACT;LECHE COMPLETA LIQUIDA PURISIMA;5
3560641;2026-09-10;CCS04;PLAN SUAREZ CAURIMARE;ProdBEBIDAS;NECTAR MANZANA 200 ML TUNAL;2
3560642;2026-09-10;CCS04;PLAN SUAREZ CAURIMARE;ProdBEBIDAS;NECTAR PERA 200 ML TUNAL;2
3560635;2026-09-10;CCS04;PLAN SUAREZ CAURIMARE;ProdBEBIDAS;NARANJADA 1L TUNAL;2
3560636;2026-09-10;CCS04;PLAN SUAREZ CAURIMARE;ProdBEBIDAS;NECTAR DURAZNO 1L TUNAL;2
3560640;2026-09-10;CCS04;PLAN SUAREZ CAURIMARE;ProdBEBIDAS;NECTAR DURAZNO 200 ML TUNAL;1
3560639;2026-09-10;CCS04;PLAN SUAREZ CAURIMARE;ProdBEBIDAS;NARANJADA  200 ML TUNAL;1
3560656;2026-09-10;CCS04;PLAN SUAREZ CAURIMARE;ProdEMBUTIDOS;SALCHICHA TIPO VIENA 800GR (24unid) ALIMEX;1
3560657;2026-09-10;CCS04;PLAN SUAREZ CAURIMARE;ProdEMBUTIDOS;SALCHICHA TIPO VIENA 450GR (22unid) ALIMEX;2
3560658;2026-09-10;CCS04;PLAN SUAREZ CAURIMARE;ProdEMBUTIDOS;SALCHICHA TIPO VIENA 225G (11unid) ALIMEX;1
3560638;2026-09-10;CCS04;PLAN SUAREZ CAURIMARE;ProdBEBIDAS;NECTAR PERA 1L TUNAL;2
3560637;2026-09-10;CCS04;PLAN SUAREZ CAURIMARE;ProdBEBIDAS;NECTAR MANZANA 1L TUNAL;4
3560662;2026-09-10;CCS04;PLAN SUAREZ CAURIMARE;ProdDERIV_LACTEOS;MANTEQUILLA PURISIMA CON SAL 200G PURISIMA;2
3560661;2026-09-10;CCS04;PLAN SUAREZ CAURIMARE;ProdDERIV_LACTEOS;MANTEQUILLA PURISIMA SIN SAL 200G PURISIMA;2
3560646;2026-09-10;CCS04;PLAN SUAREZ CAURIMARE;ProdBEBIDAS;TE FRUTOS ROJOS 1L TUNAL;2
3560645;2026-09-10;CCS04;PLAN SUAREZ CAURIMARE;ProdBEBIDAS;TE LIMON 1L TUNAL;2
3560618;2026-09-10;CCS04;PLAN SUAREZ CAURIMARE;ProdBEBIDAS_LACT;LECHE BARISTA PURISIMA;3
3560776;2026-09-10;VLC04;REDVITAL NAGUANAGUA;ProdBEBIDAS;NECTAR PERA 500 ML TUNAL;1
3560774;2026-09-10;VLC04;REDVITAL NAGUANAGUA;ProdBEBIDAS;NECTAR PERA 200 ML TUNAL;1
3563123;2026-09-10;PLC04;RIO SUPERMARKET  31 DE JULIO;ProdBEBIDAS_LACT;LECHE COMPLETA LIQUIDA PURISIMA;0
3563035;2026-09-10;PLC05;RIO TERRANOVA;ProdBEBIDAS;TE DURAZNO 1L TUNAL;2
3563030;2026-09-10;PLC05;RIO TERRANOVA;ProdBEBIDAS;NECTAR DURAZNO 1L TUNAL;3
3562086;2026-09-10;CCS04;RIO VIDA SANTA SOFIA;ProdBEBIDAS;NECTAR MANZANA 1L TUNAL;2
3562085;2026-09-10;CCS04;RIO VIDA SANTA SOFIA;ProdBEBIDAS;NECTAR PERA 1L TUNAL;2
3562078;2026-09-10;CCS04;RIO VIDA SANTA SOFIA;ProdDERIV_LACTEOS;CREMA DE LECHE DE 500GR PURISIMA;1
3562083;2026-09-10;CCS04;RIO VIDA SANTA SOFIA;ProdBEBIDAS;NECTAR PERA 200 ML TUNAL;1
3562079;2026-09-10;CCS04;RIO VIDA SANTA SOFIA;ProdDERIV_LACTEOS;CREMA DE LECHE DE 250GR PURISIMA;1
3562087;2026-09-10;CCS04;RIO VIDA SANTA SOFIA;ProdBEBIDAS;TE LIMON 1L TUNAL;2
3562082;2026-09-10;CCS04;RIO VIDA SANTA SOFIA;ProdBEBIDAS;NECTAR DURAZNO 200 ML TUNAL;1
3562081;2026-09-10;CCS04;RIO VIDA SANTA SOFIA;ProdDERIV_LACTEOS;MANTEQUILLA PURISIMA CON SAL 200G PURISIMA;1
3562084;2026-09-10;CCS04;RIO VIDA SANTA SOFIA;ProdBEBIDAS;NARANJADA 1L TUNAL;4
3562077;2026-09-10;CCS04;RIO VIDA SANTA SOFIA;ProdEMBUTIDOS;SALCHICHA TIPO VIENA 450GR (22unid) ALIMEX;1
3560865;2026-09-10;PLC09;SIGO COSTA AZUL;ProdBEBIDAS_LACT;Leche en polvo Purisima 1kg;3
3560864;2026-09-10;PLC09;SIGO COSTA AZUL;ProdBEBIDAS_LACT;Leche en polvo Purisima 500gr;8
3564063;2026-09-10;PLC07;SUPERDISTRIBUIDORA LOS LLANOS;ProdBEBIDAS;NECTAR MANZANA 200 ML TUNAL;1
3563327;2026-09-10;PLC07;SUPERMERCADO LA ESTRELA;ProdBEBIDAS;NECTAR MANZANA 200 ML TUNAL;1
3562993;2026-09-10;PLC07;SUPERMERCADO LA ESTRELA;ProdBEBIDAS_LACT;LECHE EN POLVO PURISIMA 200GR;1
3579828;2026-09-11;PTO03;AUTOMERCADO SKYLER;ProdBEBIDAS;NECTAR DURAZNO 200 ML TUNAL;6
3576503;2026-09-11;CCS02;CENTRAL MADEIRENSE BELLO CAMPO;ProdEMBUTIDOS;TOCINETA AHUMADA SIN CUERO 3.5KG ALIMEX;2
3574829;2026-09-11;CCS11;CENTRAL MADEIRENSE SAN JOSE;ProdBEBIDAS;NECTAR DURAZNO 1L TUNAL;2
3574827;2026-09-11;CCS11;CENTRAL MADEIRENSE SAN JOSE;ProdBEBIDAS;NECTAR MANZANA 1L TUNAL;2
3574828;2026-09-11;CCS11;CENTRAL MADEIRENSE SAN JOSE;ProdBEBIDAS;NECTAR PERA 1L TUNAL;2
3574830;2026-09-11;CCS11;CENTRAL MADEIRENSE SAN JOSE;ProdBEBIDAS;TE DURAZNO 1L TUNAL;3
3574831;2026-09-11;CCS11;CENTRAL MADEIRENSE SAN JOSE;ProdBEBIDAS;TE LIMON 1L TUNAL;3
3574140;2026-09-11;CCS04;FORUM HUMBOLDT;ProdDERIV_LACTEOS;MANTEQUILLA PURISIMA CON SAL 200G PURISIMA;1
3574141;2026-09-11;CCS04;FORUM HUMBOLDT;ProdEMBUTIDOS;SALCHICHA TIPO VIENA 800GR (24unid) ALIMEX;2
3574138;2026-09-11;CCS04;FORUM HUMBOLDT;ProdDERIV_LACTEOS;CREMA DE LECHE DE 250GR PURISIMA;2
3574106;2026-09-11;CCS04;FORUM HUMBOLDT;ProdBEBIDAS;NARANJADA  200 ML TUNAL;1
3574144;2026-09-11;CCS04;FORUM HUMBOLDT;ProdEMBUTIDOS;CHORIZO DE CERDO AHUMADO PARRILLERO ALIMEX;2
3574136;2026-09-11;CCS04;FORUM HUMBOLDT;ProdEMBUTIDOS;MORTADELA DE POLLO DE 500G;1
3574091;2026-09-11;CCS04;FORUM HUMBOLDT;ProdBEBIDAS;TE DURAZNO 1L TUNAL;1
3574137;2026-09-11;CCS04;FORUM HUMBOLDT;ProdDERIV_LACTEOS;CREMA DE LECHE DE 500GR PURISIMA;2
3574145;2026-09-11;CCS04;FORUM HUMBOLDT;ProdEMBUTIDOS;CHORIZO DE CERDO PICANTE PARRILLERO ALIMEX;2
3574092;2026-09-11;CCS04;FORUM HUMBOLDT;ProdBEBIDAS;TE LIMON 1L TUNAL;1
3574143;2026-09-11;CCS04;FORUM HUMBOLDT;ProdEMBUTIDOS;SALCHICHA TIPO VIENA 225G (11unid) ALIMEX;1
3574093;2026-09-11;CCS04;FORUM HUMBOLDT;ProdBEBIDAS;TE FRUTOS ROJOS 1L TUNAL;1
3574135;2026-09-11;CCS04;FORUM HUMBOLDT;ProdEMBUTIDOS;MORTADELA de Pollo Caracas 900gr;1
3574102;2026-09-11;CCS04;FORUM HUMBOLDT;ProdBEBIDAS;NARANJADA 1L TUNAL;1
3574104;2026-09-11;CCS04;FORUM HUMBOLDT;ProdBEBIDAS;NECTAR MANZANA 1L TUNAL;1
3574103;2026-09-11;CCS04;FORUM HUMBOLDT;ProdBEBIDAS;NECTAR DURAZNO 1L TUNAL;1
3574142;2026-09-11;CCS04;FORUM HUMBOLDT;ProdEMBUTIDOS;SALCHICHA TIPO VIENA 450GR (22unid) ALIMEX;1
3574105;2026-09-11;CCS04;FORUM HUMBOLDT;ProdBEBIDAS;NECTAR PERA 1L TUNAL;1
3574139;2026-09-11;CCS04;FORUM HUMBOLDT;ProdDERIV_LACTEOS;MANTEQUILLA PURISIMA SIN SAL 200G PURISIMA;1
3574132;2026-09-11;CCS04;FORUM HUMBOLDT;ProdDERIV_LACTEOS;QUESO DE CABRA 500G PURISIMA;1
3574134;2026-09-11;CCS04;FORUM HUMBOLDT;ProdEMBUTIDOS;MORTADELA CCS DE CARNES 900G;1
3574107;2026-09-11;CCS04;FORUM HUMBOLDT;ProdBEBIDAS;NECTAR MANZANA 200 ML TUNAL;1
3574116;2026-09-11;CCS04;FORUM HUMBOLDT;ProdBEBIDAS_LACT;LECHE EN POLVO PURISIMA 400GR;2
3574133;2026-09-11;CCS04;FORUM HUMBOLDT;ProdEMBUTIDOS;MORTADELA CCS DE CARNES 500G;1
3574115;2026-09-11;CCS04;FORUM HUMBOLDT;ProdBEBIDAS_LACT;LECHE  DESLACTOSADA LIQUIDA PURISIMA;7
3574108;2026-09-11;CCS04;FORUM HUMBOLDT;ProdBEBIDAS;NECTAR PERA 200 ML TUNAL;1
3574114;2026-09-11;CCS04;FORUM HUMBOLDT;ProdBEBIDAS_LACT;LECHE DESCREMADA LIQUIDA PURISIMA;3
3574117;2026-09-11;CCS04;FORUM HUMBOLDT;ProdBEBIDAS_LACT;LECHE EN POLVO PURISIMA 900GR;1
3574113;2026-09-11;CCS04;FORUM HUMBOLDT;ProdBEBIDAS_LACT;LECHE COMPLETA LIQUIDA PURISIMA;8
3634817;2026-09-11;CCS03;FORUM LA CALIFORNIA;ProdBEBIDAS_LACT;LECHE DESCREMADA LIQUIDA PURISIMA;4
3634818;2026-09-11;CCS03;FORUM LA CALIFORNIA;ProdBEBIDAS_LACT;LECHE  DESLACTOSADA LIQUIDA PURISIMA;2
3634815;2026-09-11;CCS03;FORUM LA CALIFORNIA;ProdBEBIDAS_LACT;LECHE COMPLETA LIQUIDA PURISIMA;4
3575544;2026-09-11;CCS04;FORUM PIRAMIDE;ProdBEBIDAS;TE DURAZNO 1L TUNAL;2
3575510;2026-09-11;CCS04;FORUM PIRAMIDE;ProdEMBUTIDOS;SALCHICHA TIPO VIENA 800GR (24unid) ALIMEX;2
3575524;2026-09-11;CCS04;FORUM PIRAMIDE;ProdBEBIDAS_LACT;LECHE  DESLACTOSADA LIQUIDA PURISIMA;8
3575511;2026-09-11;CCS04;FORUM PIRAMIDE;ProdEMBUTIDOS;SALCHICHA TIPO VIENA 450GR (22unid) ALIMEX;1
3575546;2026-09-11;CCS04;FORUM PIRAMIDE;ProdBEBIDAS;TE FRUTOS ROJOS 1L TUNAL;3
3575514;2026-09-11;CCS04;FORUM PIRAMIDE;ProdEMBUTIDOS;CHORIZO DE CERDO PICANTE PARRILLERO ALIMEX;2
3575541;2026-09-11;CCS04;FORUM PIRAMIDE;ProdBEBIDAS;NECTAR DURAZNO 200 ML TUNAL;1
3575517;2026-09-11;CCS04;FORUM PIRAMIDE;ProdBEBIDAS_LACT;LECHE EN POLVO PURISIMA 400GR;2
3575513;2026-09-11;CCS04;FORUM PIRAMIDE;ProdEMBUTIDOS;CHORIZO DE CERDO AHUMADO PARRILLERO ALIMEX;2
3575502;2026-09-11;CCS04;FORUM PIRAMIDE;ProdEMBUTIDOS;MORTADELA DE POLLO DE 500G;1
3575540;2026-09-11;CCS04;FORUM PIRAMIDE;ProdBEBIDAS;NARANJADA  200 ML TUNAL;1
3575539;2026-09-11;CCS04;FORUM PIRAMIDE;ProdBEBIDAS;NECTAR PERA 1L TUNAL;1
3575508;2026-09-11;CCS04;FORUM PIRAMIDE;ProdDERIV_LACTEOS;MANTEQUILLA PURISIMA SIN SAL 200G PURISIMA;2
3575545;2026-09-11;CCS04;FORUM PIRAMIDE;ProdBEBIDAS;TE LIMON 1L TUNAL;2
3575518;2026-09-11;CCS04;FORUM PIRAMIDE;ProdBEBIDAS_LACT;LECHE EN POLVO PURISIMA 900GR;2
3575512;2026-09-11;CCS04;FORUM PIRAMIDE;ProdEMBUTIDOS;SALCHICHA TIPO VIENA 225G (11unid) ALIMEX;1
3575505;2026-09-11;CCS04;FORUM PIRAMIDE;ProdEMBUTIDOS;MORTADELA CCS DE CARNES 900G;1
3575522;2026-09-11;CCS04;FORUM PIRAMIDE;ProdBEBIDAS_LACT;LECHE COMPLETA LIQUIDA PURISIMA;21
3575506;2026-09-11;CCS04;FORUM PIRAMIDE;ProdDERIV_LACTEOS;CREMA DE LECHE DE 500GR PURISIMA;3
3575509;2026-09-11;CCS04;FORUM PIRAMIDE;ProdDERIV_LACTEOS;MANTEQUILLA PURISIMA CON SAL 200G PURISIMA;2
3575504;2026-09-11;CCS04;FORUM PIRAMIDE;ProdEMBUTIDOS;MORTADELA CCS DE CARNES 500G;2
3575536;2026-09-11;CCS04;FORUM PIRAMIDE;ProdBEBIDAS;NARANJADA 1L TUNAL;1
3575507;2026-09-11;CCS04;FORUM PIRAMIDE;ProdDERIV_LACTEOS;CREMA DE LECHE DE 250GR PURISIMA;3
3575543;2026-09-11;CCS04;FORUM PIRAMIDE;ProdBEBIDAS;NECTAR PERA 200 ML TUNAL;1
3575523;2026-09-11;CCS04;FORUM PIRAMIDE;ProdBEBIDAS_LACT;LECHE DESCREMADA LIQUIDA PURISIMA;11
3575542;2026-09-11;CCS04;FORUM PIRAMIDE;ProdBEBIDAS;NECTAR MANZANA 200 ML TUNAL;1
3575538;2026-09-11;CCS04;FORUM PIRAMIDE;ProdBEBIDAS;NECTAR MANZANA 1L TUNAL;1
3575537;2026-09-11;CCS04;FORUM PIRAMIDE;ProdBEBIDAS;NECTAR DURAZNO 1L TUNAL;1
3575503;2026-09-11;CCS04;FORUM PIRAMIDE;ProdEMBUTIDOS;MORTADELA de Pollo Caracas 900gr;1
3586712;2026-09-11;CCS02;LUZ LA CARLOTA;ProdBEBIDAS;NECTAR PERA 200 ML TUNAL;2
3586708;2026-09-11;CCS02;LUZ LA CARLOTA;ProdBEBIDAS;NECTAR DURAZNO 1L TUNAL;1
3572353;2026-09-11;CCS08;PARAMO AV. LIBERTADOR;ProdBEBIDAS;NECTAR MANZANA 200 ML TUNAL;1
3572359;2026-09-11;CCS08;PARAMO AV. LIBERTADOR;ProdBEBIDAS;NECTAR MANZANA 1L TUNAL;2
3572357;2026-09-11;CCS08;PARAMO AV. LIBERTADOR;ProdBEBIDAS;NECTAR DURAZNO 500 ML TUNAL;2
3580116;2026-09-11;PLC09;RIO BODEGON SAMBIL;ProdBEBIDAS;NECTAR DURAZNO 1L TUNAL;3
3581166;2026-09-11;CCS05;RIO BOYERA;ProdBEBIDAS_LACT;LECHE BARISTA PURISIMA;12
3585092;2026-09-11;CCS08;RIO CANDELARIA;ProdBEBIDAS_LACT;Leche en polvo Purisima 1kg;21
3583133;2026-09-11;CCS11;RIO SUPERMARKET EL RECREO;ProdBEBIDAS;NECTAR PERA 1L TUNAL;1
3577909;2026-09-11;PLC04;SIGO PROVEDURIA;ProdBEBIDAS_LACT;LECHE BARISTA PURISIMA;20
3577910;2026-09-11;PLC04;SIGO PROVEDURIA;ProdBEBIDAS_LACT;LECHE DESCREMADA LIQUIDA PURISIMA;10
3577911;2026-09-11;PLC04;SIGO PROVEDURIA;ProdBEBIDAS_LACT;LECHE  DESLACTOSADA LIQUIDA PURISIMA;4
3577905;2026-09-11;PLC04;SIGO PROVEDURIA;ProdBEBIDAS_LACT;LECHE EN POLVO PURISIMA 200GR;3
3577903;2026-09-11;PLC04;SIGO PROVEDURIA;ProdBEBIDAS_LACT;LECHE EN POLVO PURISIMA 900GR;2
3577904;2026-09-11;PLC04;SIGO PROVEDURIA;ProdBEBIDAS_LACT;LECHE EN POLVO PURISIMA 400GR;3
3574410;2026-09-11;PTO03;SUPERMARKET EJERCITO;ProdEMBUTIDOS;TOCINETA AHUMADA SIN CUERO 3.5KG ALIMEX;3
3572761;2026-09-11;CCS04;UNICASA CUMBRES DE CURUMO;ProdBEBIDAS;NARANJADA 1L TUNAL;6
3572774;2026-09-11;CCS04;UNICASA CUMBRES DE CURUMO;ProdBEBIDAS;TE LIMON 1L TUNAL;3
3572775;2026-09-11;CCS04;UNICASA CUMBRES DE CURUMO;ProdBEBIDAS;TE FRUTOS ROJOS 1L TUNAL;3
3572758;2026-09-11;CCS04;UNICASA CUMBRES DE CURUMO;ProdBEBIDAS_LACT;LECHE DESCREMADA LIQUIDA PURISIMA;40
3572753;2026-09-11;CCS04;UNICASA CUMBRES DE CURUMO;ProdBEBIDAS_LACT;LECHE BARISTA PURISIMA;5
3572757;2026-09-11;CCS04;UNICASA CUMBRES DE CURUMO;ProdBEBIDAS_LACT;LECHE COMPLETA LIQUIDA PURISIMA;60
3572773;2026-09-11;CCS04;UNICASA CUMBRES DE CURUMO;ProdBEBIDAS;TE DURAZNO 1L TUNAL;3
3572759;2026-09-11;CCS04;UNICASA CUMBRES DE CURUMO;ProdBEBIDAS_LACT;LECHE  DESLACTOSADA LIQUIDA PURISIMA;20
3572762;2026-09-11;CCS04;UNICASA CUMBRES DE CURUMO;ProdBEBIDAS;NECTAR DURAZNO 1L TUNAL;6
3572768;2026-09-11;CCS04;UNICASA CUMBRES DE CURUMO;ProdBEBIDAS;JUGO NARANJA LIGTH 1 LITRO TUNAL;3
3572772;2026-09-11;CCS04;UNICASA CUMBRES DE CURUMO;ProdBEBIDAS;TE LIMON 500ML TUNAL;3
3572771;2026-09-11;CCS04;UNICASA CUMBRES DE CURUMO;ProdBEBIDAS;TE DURAZNO 500ML TUNAL;2
3572770;2026-09-11;CCS04;UNICASA CUMBRES DE CURUMO;ProdBEBIDAS;NARANJADA  500 ML TUNAL;3
3572767;2026-09-11;CCS04;UNICASA CUMBRES DE CURUMO;ProdBEBIDAS;NECTAR PERA 1L TUNAL;1
3572766;2026-09-11;CCS04;UNICASA CUMBRES DE CURUMO;ProdBEBIDAS;NECTAR MANZANA 200 ML TUNAL;1
3572763;2026-09-11;CCS04;UNICASA CUMBRES DE CURUMO;ProdBEBIDAS;NECTAR MANZANA 1L TUNAL;6
3572764;2026-09-11;CCS04;UNICASA CUMBRES DE CURUMO;ProdBEBIDAS;NARANJADA  200 ML TUNAL;1
3572765;2026-09-11;CCS04;UNICASA CUMBRES DE CURUMO;ProdBEBIDAS;NECTAR DURAZNO 200 ML TUNAL;1
3572769;2026-09-11;CCS04;UNICASA CUMBRES DE CURUMO;ProdBEBIDAS;NECTAR PERA LIGHT 1 LITRO TUNAL;6
3572743;2026-09-11;CCS04;UNICASA CUMBRES DE CURUMO;ProdBEBIDAS_LACT;LECHE EN POLVO PURISIMA 400GR;4
3597703;2026-09-14;PLC07;AIKOZ UNIMAL;ProdEMBUTIDOS;SALCHICHA TIPO VIENA 225G (11unid) ALIMEX;1
3618171;2026-09-14;MCY04;ARB MARKET INTERCOMUNAL;ProdDERIV_LACTEOS;MANTEQUILLA PURISIMA SIN SAL 200G PURISIMA;4
3592596;2026-09-14;VLC03;CATANIA LA ISABELICA;ProdEMBUTIDOS;MORTADELA de Pollo Caracas 900gr;4
3592604;2026-09-14;VLC03;CATANIA LA ISABELICA;ProdHUEVOS;HUEVO EMPACADO- ESTUCHADO 1X12 TUNAL;24
3588080;2026-09-14;CCS04;CENTRAL MADEIRENSE PLAZAS AMERICAS;ProdDERIV_LACTEOS;MANTEQUILLA PURISIMA CON SAL 200G PURISIMA;3
3588081;2026-09-14;CCS04;CENTRAL MADEIRENSE PLAZAS AMERICAS;ProdDERIV_LACTEOS;CREMA DE LECHE DE 500GR PURISIMA;2
3588094;2026-09-14;CCS04;CENTRAL MADEIRENSE PLAZAS AMERICAS;ProdBEBIDAS_LACT;LECHE  DESLACTOSADA LIQUIDA PURISIMA;3
3588074;2026-09-14;CCS04;CENTRAL MADEIRENSE PLAZAS AMERICAS;ProdDERIV_LACTEOS;QUESO DE CABRA 500G PURISIMA;2
3588087;2026-09-14;CCS04;CENTRAL MADEIRENSE PLAZAS AMERICAS;ProdBEBIDAS;NECTAR MANZANA 1L TUNAL;3
3588079;2026-09-14;CCS04;CENTRAL MADEIRENSE PLAZAS AMERICAS;ProdDERIV_LACTEOS;MANTEQUILLA PURISIMA SIN SAL 200G PURISIMA;1
3588091;2026-09-14;CCS04;CENTRAL MADEIRENSE PLAZAS AMERICAS;ProdEMBUTIDOS;SALCHICHA TIPO VIENA 225G (11unid) ALIMEX;4
3588088;2026-09-14;CCS04;CENTRAL MADEIRENSE PLAZAS AMERICAS;ProdBEBIDAS;NECTAR PERA 1L TUNAL;3
3588090;2026-09-14;CCS04;CENTRAL MADEIRENSE PLAZAS AMERICAS;ProdBEBIDAS;TE LIMON 1L TUNAL;4
3588095;2026-09-14;CCS04;CENTRAL MADEIRENSE PLAZAS AMERICAS;ProdBEBIDAS_LACT;LECHE DESCREMADA LIQUIDA PURISIMA;6
3588093;2026-09-14;CCS04;CENTRAL MADEIRENSE PLAZAS AMERICAS;ProdBEBIDAS_LACT;LECHE COMPLETA LIQUIDA PURISIMA;6
3588086;2026-09-14;CCS04;CENTRAL MADEIRENSE PLAZAS AMERICAS;ProdBEBIDAS;NECTAR DURAZNO 1L TUNAL;6
3588082;2026-09-14;CCS04;CENTRAL MADEIRENSE PLAZAS AMERICAS;ProdDERIV_LACTEOS;CREMA DE LECHE DE 250GR PURISIMA;2
3588089;2026-09-14;CCS04;CENTRAL MADEIRENSE PLAZAS AMERICAS;ProdBEBIDAS;TE DURAZNO 1L TUNAL;4
3588085;2026-09-14;CCS04;CENTRAL MADEIRENSE PLAZAS AMERICAS;ProdBEBIDAS;NARANJADA 1L TUNAL;6
3599741;2026-09-14;BQTO06;COMERCIAL PLUS CENTER ACARIGUA;ProdBEBIDAS;NECTAR PERA 200 ML TUNAL;3
3599735;2026-09-14;BQTO06;COMERCIAL PLUS CENTER ACARIGUA;ProdBEBIDAS;NECTAR PERA 1L TUNAL;6
3599732;2026-09-14;BQTO06;COMERCIAL PLUS CENTER ACARIGUA;ProdBEBIDAS;NECTAR MANZANA 1L TUNAL;7
3599729;2026-09-14;BQTO06;COMERCIAL PLUS CENTER ACARIGUA;ProdBEBIDAS;NARANJADA 1L TUNAL;1
3599710;2026-09-14;BQTO06;COMERCIAL PLUS CENTER ACARIGUA;ProdBEBIDAS_LACT;LECHE  DESLACTOSADA LIQUIDA PURISIMA;5
3599738;2026-09-14;BQTO06;COMERCIAL PLUS CENTER ACARIGUA;ProdBEBIDAS;NECTAR DURAZNO 200 ML TUNAL;3
3599705;2026-09-14;BQTO06;COMERCIAL PLUS CENTER ACARIGUA;ProdBEBIDAS_LACT;LECHE COMPLETA LIQUIDA PURISIMA;30
3599744;2026-09-14;BQTO06;COMERCIAL PLUS CENTER ACARIGUA;ProdBEBIDAS;NECTAR MANZANA 200 ML TUNAL;3
3599701;2026-09-14;BQTO06;COMERCIAL PLUS CENTER ACARIGUA;ProdBEBIDAS_LACT;LECHE BARISTA PURISIMA;4
3599707;2026-09-14;BQTO06;COMERCIAL PLUS CENTER ACARIGUA;ProdBEBIDAS_LACT;LECHE DESCREMADA LIQUIDA PURISIMA;10
3587582;2026-09-14;CCS07;EMPORIUM GUARENAS NUEVA CASARAPA;ProdBEBIDAS;TE DURAZNO 1L TUNAL;3
3587584;2026-09-14;CCS07;EMPORIUM GUARENAS NUEVA CASARAPA;ProdBEBIDAS;TE FRUTOS ROJOS 1L TUNAL;5
3588894;2026-09-14;CCS08;FORUM ZONA RENTAL;ProdEMBUTIDOS;MORTADELA de Pollo Caracas 900gr;1
3588900;2026-09-14;CCS08;FORUM ZONA RENTAL;ProdEMBUTIDOS;SALCHICHA TIPO VIENA 450GR (22unid) ALIMEX;4
3588892;2026-09-14;CCS08;FORUM ZONA RENTAL;ProdEMBUTIDOS;MORTADELA CCS DE CARNES 1KG;1
3588899;2026-09-14;CCS08;FORUM ZONA RENTAL;ProdEMBUTIDOS;SALCHICHA TIPO VIENA 225G (11unid) ALIMEX;4
3600593;2026-09-14;BQTO01;FRIGORIFICO LA POLLERA PASEO;ProdBEBIDAS;NARANJADA  200 ML TUNAL;1
3600596;2026-09-14;BQTO01;FRIGORIFICO LA POLLERA PASEO;ProdBEBIDAS;NECTAR MANZANA 200 ML TUNAL;2
3600600;2026-09-14;BQTO01;FRIGORIFICO LA POLLERA PASEO;ProdBEBIDAS;NECTAR DURAZNO 200 ML TUNAL;3
3600598;2026-09-14;BQTO01;FRIGORIFICO LA POLLERA PASEO;ProdBEBIDAS;NECTAR PERA 200 ML TUNAL;1
3599667;2026-09-14;BQTO06;GRAN PUNTO;ProdBEBIDAS_LACT;LECHE DESCREMADA LIQUIDA PURISIMA;9
3599666;2026-09-14;BQTO06;GRAN PUNTO;ProdBEBIDAS_LACT;LECHE COMPLETA LIQUIDA PURISIMA;9
3599668;2026-09-14;BQTO06;GRAN PUNTO;ProdBEBIDAS_LACT;LECHE  DESLACTOSADA LIQUIDA PURISIMA;3
3588944;2026-09-14;PTO03;"HIPER CALIFORNIA; C.A";ProdEMBUTIDOS;MORTADELA CCS DE CARNES 900G;6
3588945;2026-09-14;PTO03;"HIPER CALIFORNIA; C.A";ProdEMBUTIDOS;MORTADELA CCS DE CARNES 500G;9
3587779;2026-09-14;PTO02;HIPERMERCADO DLIFE;ProdBEBIDAS;NECTAR MANZANA 200 ML TUNAL;3
3587812;2026-09-14;PTO02;HIPERMERCADO DLIFE;ProdBEBIDAS;NECTAR DURAZNO 200 ML TUNAL;3
3587311;2026-09-14;PTO02;HIPERMERCADO DLIFE;ProdBEBIDAS;NECTAR PERA 1L TUNAL;1
3587316;2026-09-14;PTO02;HIPERMERCADO DLIFE;ProdBEBIDAS;NECTAR DURAZNO 1L TUNAL;1
3587249;2026-09-14;PTO02;HIPERMERCADO DLIFE;ProdBEBIDAS;NARANJADA  500 ML TUNAL;2
3587274;2026-09-14;PTO02;HIPERMERCADO DLIFE;ProdBEBIDAS;NECTAR DURAZNO 500 ML TUNAL;2
3587769;2026-09-14;PTO02;HIPERMERCADO DLIFE;ProdBEBIDAS;NARANJADA  200 ML TUNAL;3
3587264;2026-09-14;PTO02;HIPERMERCADO DLIFE;ProdBEBIDAS;NECTAR PERA 500 ML TUNAL;2
3587308;2026-09-14;PTO02;HIPERMERCADO DLIFE;ProdBEBIDAS;NECTAR MANZANA 1L TUNAL;1
3587261;2026-09-14;PTO02;HIPERMERCADO DLIFE;ProdBEBIDAS;NECTAR MANZANA 500 ML TUNAL;2
3587304;2026-09-14;PTO02;HIPERMERCADO DLIFE;ProdBEBIDAS;NARANJADA 1L TUNAL;1
3587783;2026-09-14;PTO02;HIPERMERCADO DLIFE;ProdBEBIDAS;NECTAR PERA 200 ML TUNAL;3
3618176;2026-09-14;MCY04;Hortifresca Guasimal;ProdBEBIDAS_LACT;LECHE EN POLVO PURISIMA 200GR;2
3618182;2026-09-14;MCY04;Hortifresca Guasimal;ProdEMBUTIDOS;MORTADELA CCS DE CARNES 500G;1
3618177;2026-09-14;MCY04;Hortifresca Guasimal;ProdBEBIDAS_LACT;LECHE EN POLVO PURISIMA 400GR;2
3598809;2026-09-14;PLC07;IMPORT VCB 1 CASA BLANCA;ProdEMBUTIDOS;SALCHICHA TIPO COCTEL 450 GR ALIMEX;1
3598817;2026-09-14;PLC07;IMPORT VCB 1 CASA BLANCA;ProdBEBIDAS_LACT;LECHE COMPLETA BARISTA LIQUIDA PURISIMA;1
3593612;2026-09-14;PLC07;IMPORT VCB 2 CAMPO OFICINA;ProdBEBIDAS;NECTAR PERA 1L TUNAL;1
3597239;2026-09-14;BQTO03;KARI TRAKI;ProdBEBIDAS;TE DURAZNO 1L TUNAL;4
3600565;2026-09-14;BQTO01;MAS QUE POLLO;ProdBEBIDAS;NARANJADA  200 ML TUNAL;4
3600566;2026-09-14;BQTO01;MAS QUE POLLO;ProdBEBIDAS;NECTAR MANZANA 200 ML TUNAL;4
3600568;2026-09-14;BQTO01;MAS QUE POLLO;ProdBEBIDAS;NECTAR DURAZNO 200 ML TUNAL;2
3600569;2026-09-14;BQTO01;MAS QUE POLLO;ProdDERIV_LACTEOS;CREMA DE LECHE DE 500GR PURISIMA;2
3600570;2026-09-14;BQTO01;MAS QUE POLLO;ProdDERIV_LACTEOS;CREMA DE LECHE DE 250GR PURISIMA;6
3600567;2026-09-14;BQTO01;MAS QUE POLLO;ProdBEBIDAS;NECTAR PERA 200 ML TUNAL;2
3596825;2026-09-14;BQTO02;MERKAFURT AV LARA;ProdEMBUTIDOS;CHORIZO DE CERDO AHUMADO PARRILLERO ALIMEX;2
3596826;2026-09-14;BQTO02;MERKAFURT AV LARA;ProdEMBUTIDOS;CHORIZO DE CERDO PICANTE PARRILLERO ALIMEX;2
3596891;2026-09-14;BQTO02;MI SUPER LUJANO;ProdBEBIDAS;NARANJADA  200 ML TUNAL;2
3596893;2026-09-14;BQTO02;MI SUPER LUJANO;ProdBEBIDAS;NECTAR MANZANA 200 ML TUNAL;2
3596894;2026-09-14;BQTO02;MI SUPER LUJANO;ProdBEBIDAS;NECTAR PERA 200 ML TUNAL;2
3596892;2026-09-14;BQTO02;MI SUPER LUJANO;ProdBEBIDAS;NECTAR DURAZNO 200 ML TUNAL;2
3596885;2026-09-14;BQTO02;MI SUPER LUJANO;ProdBEBIDAS;TE DURAZNO 1L TUNAL;2
3591070;2026-09-14;CCS05;MURALLA;ProdEMBUTIDOS;TOCINETA AHUMADA SIN CUERO 3.5KG ALIMEX;1
3596799;2026-09-14;BQTO02;PANADERIA LA ORQUIDEA;ProdBEBIDAS;NARANJADA 1L TUNAL;6
3596805;2026-09-14;BQTO02;PANADERIA LA ORQUIDEA;ProdBEBIDAS;NECTAR PERA LIGHT 1 LITRO TUNAL;1
3596806;2026-09-14;BQTO02;PANADERIA LA ORQUIDEA;ProdBEBIDAS;TE DURAZNO 1L TUNAL;4
3596808;2026-09-14;BQTO02;PANADERIA LA ORQUIDEA;ProdBEBIDAS;TE FRUTOS ROJOS 1L TUNAL;2
3596801;2026-09-14;BQTO02;PANADERIA LA ORQUIDEA;ProdBEBIDAS;NECTAR MANZANA 1L TUNAL;6
3596800;2026-09-14;BQTO02;PANADERIA LA ORQUIDEA;ProdBEBIDAS;NECTAR DURAZNO 1L TUNAL;6
3596802;2026-09-14;BQTO02;PANADERIA LA ORQUIDEA;ProdBEBIDAS;NECTAR PERA 1L TUNAL;6
3596804;2026-09-14;BQTO02;PANADERIA LA ORQUIDEA;ProdBEBIDAS;NECTAR DURAZNO LIGTH 1 LITRO TUNAL;2
3596803;2026-09-14;BQTO02;PANADERIA LA ORQUIDEA;ProdBEBIDAS;JUGO NARANJA LIGTH 1 LITRO TUNAL;4
3596807;2026-09-14;BQTO02;PANADERIA LA ORQUIDEA;ProdBEBIDAS;TE LIMON 1L TUNAL;2
3599699;2026-09-14;BQTO06;PATY ORMARY;ProdBEBIDAS;NECTAR MANZANA 1L TUNAL;1
3599691;2026-09-14;BQTO06;PATY ORMARY;ProdBEBIDAS;NARANJADA 1L TUNAL;1
3599695;2026-09-14;BQTO06;PATY ORMARY;ProdBEBIDAS;NECTAR DURAZNO 1L TUNAL;2
3599702;2026-09-14;BQTO06;PATY ORMARY;ProdBEBIDAS;TE LIMON 1L TUNAL;2
3600610;2026-09-14;BQTO01;REDVITAL AV LARA;ProdBEBIDAS;NECTAR DURAZNO 500 ML TUNAL;1
3600597;2026-09-14;BQTO01;REDVITAL AV LARA;ProdBEBIDAS;NECTAR MANZANA 1L TUNAL;1
3600608;2026-09-14;BQTO01;REDVITAL AV LARA;ProdBEBIDAS;NARANJADA  200 ML TUNAL;5
3600611;2026-09-14;BQTO01;REDVITAL AV LARA;ProdBEBIDAS;NECTAR PERA 500 ML TUNAL;1
3600599;2026-09-14;BQTO01;REDVITAL AV LARA;ProdBEBIDAS;NECTAR PERA 1L TUNAL;1
3600604;2026-09-14;BQTO01;REDVITAL AV LARA;ProdBEBIDAS;TE DURAZNO 1L TUNAL;3
3600606;2026-09-14;BQTO01;REDVITAL AV LARA;ProdBEBIDAS;TE FRUTOS ROJOS 1L TUNAL;2
3600609;2026-09-14;BQTO01;REDVITAL AV LARA;ProdBEBIDAS;NARANJADA  500 ML TUNAL;1
3600602;2026-09-14;BQTO01;REDVITAL AV LARA;ProdBEBIDAS;NECTAR PERA LIGHT 1 LITRO TUNAL;1
3600594;2026-09-14;BQTO01;REDVITAL AV LARA;ProdBEBIDAS;NARANJADA 1L TUNAL;1
3600601;2026-09-14;BQTO01;REDVITAL AV LARA;ProdBEBIDAS;JUGO NARANJA LIGTH 1 LITRO TUNAL;1
3597675;2026-09-14;CCS05;RIO BOYERA;ProdBEBIDAS_LACT;LECHE EN POLVO PURISIMA 900GR;5
3597660;2026-09-14;CCS05;RIO BOYERA;ProdDERIV_LACTEOS;Queso amarillo Purisima semimadurado disco 500gr;3
3597674;2026-09-14;CCS05;RIO BOYERA;ProdBEBIDAS_LACT;LECHE EN POLVO PURISIMA 400GR;2
3597671;2026-09-14;CCS05;RIO BOYERA;ProdBEBIDAS_LACT;LECHE COMPLETA LIQUIDA PURISIMA;12
3597673;2026-09-14;CCS05;RIO BOYERA;ProdBEBIDAS_LACT;LECHE  DESLACTOSADA LIQUIDA PURISIMA;12
3597672;2026-09-14;CCS05;RIO BOYERA;ProdBEBIDAS_LACT;LECHE DESCREMADA LIQUIDA PURISIMA;12
3597607;2026-09-14;CCS07;RIO GUARENAS;ProdEMBUTIDOS;MORTADELA CCS DE CARNES 1KG;1
3597587;2026-09-14;CCS07;RIO GUARENAS;ProdEMBUTIDOS;MORTADELA TAPARA Alimex;1
3594546;2026-09-14;PLC04;RIO SUPERMARKET JUAN BAUTISTA;ProdBEBIDAS_LACT;LECHE  DESLACTOSADA LIQUIDA PURISIMA;20
3594545;2026-09-14;PLC04;RIO SUPERMARKET JUAN BAUTISTA;ProdBEBIDAS_LACT;LECHE DESCREMADA LIQUIDA PURISIMA;20
3594544;2026-09-14;PLC04;RIO SUPERMARKET JUAN BAUTISTA;ProdBEBIDAS_LACT;LECHE COMPLETA LIQUIDA PURISIMA;25
3588675;2026-09-14;CCS11;RIOVIDA BELLO MONTE;ProdEMBUTIDOS;MORTADELA TAPARA Alimex;1
3597395;2026-09-14;CCS04;Rio Lomas del sol;ProdBEBIDAS_LACT;LECHE EN POLVO PURISIMA 900GR;4
3597382;2026-09-14;CCS04;Rio Lomas del sol;ProdDERIV_LACTEOS;MANTEQUILLA PURISIMA SIN SAL 200G PURISIMA;10
3597417;2026-09-14;CCS04;Rio Lomas del sol;ProdBEBIDAS_LACT;LECHE DESCREMADA LIQUIDA PURISIMA;10
3597396;2026-09-14;CCS04;Rio Lomas del sol;ProdBEBIDAS_LACT;LECHE EN POLVO PURISIMA 400GR;2
3597374;2026-09-14;CCS04;Rio Lomas del sol;ProdDERIV_LACTEOS;CREMA DE LECHE DE 500GR PURISIMA;5
3597373;2026-09-14;CCS04;Rio Lomas del sol;ProdDERIV_LACTEOS;CREMA DE LECHE DE 250GR PURISIMA;5
3597418;2026-09-14;CCS04;Rio Lomas del sol;ProdBEBIDAS_LACT;LECHE  DESLACTOSADA LIQUIDA PURISIMA;15
3597376;2026-09-14;CCS04;Rio Lomas del sol;ProdEMBUTIDOS;MORTADELA CCS DE CARNES 500G;1
3597414;2026-09-14;CCS04;Rio Lomas del sol;ProdBEBIDAS;NECTAR MANZANA 1L TUNAL;3
3597413;2026-09-14;CCS04;Rio Lomas del sol;ProdBEBIDAS;NECTAR DURAZNO 1L TUNAL;3
3597412;2026-09-14;CCS04;Rio Lomas del sol;ProdBEBIDAS;NARANJADA 1L TUNAL;3
3597415;2026-09-14;CCS04;Rio Lomas del sol;ProdBEBIDAS;NECTAR PERA 1L TUNAL;3
3597384;2026-09-14;CCS04;Rio Lomas del sol;ProdEMBUTIDOS;SALCHICHA TIPO VIENA 800GR (24unid) ALIMEX;2
3597409;2026-09-14;CCS04;Rio Lomas del sol;ProdBEBIDAS;TE DURAZNO 1L TUNAL;4
3597410;2026-09-14;CCS04;Rio Lomas del sol;ProdBEBIDAS;TE LIMON 1L TUNAL;2
3597385;2026-09-14;CCS04;Rio Lomas del sol;ProdEMBUTIDOS;SALCHICHA TIPO VIENA 450GR (22unid) ALIMEX;2
3597411;2026-09-14;CCS04;Rio Lomas del sol;ProdBEBIDAS;TE FRUTOS ROJOS 1L TUNAL;2
3597416;2026-09-14;CCS04;Rio Lomas del sol;ProdBEBIDAS_LACT;LECHE COMPLETA LIQUIDA PURISIMA;13
3597386;2026-09-14;CCS04;Rio Lomas del sol;ProdEMBUTIDOS;SALCHICHA TIPO VIENA 225G (11unid) ALIMEX;2
3597383;2026-09-14;CCS04;Rio Lomas del sol;ProdDERIV_LACTEOS;MANTEQUILLA PURISIMA CON SAL 200G PURISIMA;13
3600553;2026-09-14;BQTO01;TORITO EXPRESS;ProdBEBIDAS;NECTAR PERA 200 ML TUNAL;6
3589694;2026-09-14;CCS02;UNICASA BOLEITA;ProdBEBIDAS;NECTAR DURAZNO 1L TUNAL;1
3594851;2026-09-14;CCS11;UNICASA LOMAS DE BELLO MONTE;ProdBEBIDAS;NARANJADA  500 ML TUNAL;1
3594853;2026-09-14;CCS11;UNICASA LOMAS DE BELLO MONTE;ProdBEBIDAS;TE LIMON 500ML TUNAL;1
3594854;2026-09-14;CCS11;UNICASA LOMAS DE BELLO MONTE;ProdBEBIDAS;NARANJADA  200 ML TUNAL;1
3594848;2026-09-14;CCS11;UNICASA LOMAS DE BELLO MONTE;ProdBEBIDAS;TE DURAZNO 1L TUNAL;4
3594852;2026-09-14;CCS11;UNICASA LOMAS DE BELLO MONTE;ProdBEBIDAS;TE DURAZNO 500ML TUNAL;1
3594855;2026-09-14;CCS11;UNICASA LOMAS DE BELLO MONTE;ProdBEBIDAS;NECTAR MANZANA 200 ML TUNAL;1
3594857;2026-09-14;CCS11;UNICASA LOMAS DE BELLO MONTE;ProdBEBIDAS;NECTAR DURAZNO 200 ML TUNAL;1
3594856;2026-09-14;CCS11;UNICASA LOMAS DE BELLO MONTE;ProdBEBIDAS;NECTAR PERA 200 ML TUNAL;1
3612679;2026-09-15;PLC09;AL COSTO;ProdBEBIDAS;NECTAR PERA LIGHT 1 LITRO TUNAL;2
3617026;2026-09-15;BQTO01;ALL PLUS;ProdBEBIDAS;TE LIMON 1L TUNAL;2
3617023;2026-09-15;BQTO01;ALL PLUS;ProdBEBIDAS;NECTAR PERA 1L TUNAL;4
3617032;2026-09-15;BQTO01;ALL PLUS;ProdBEBIDAS;NECTAR PERA 200 ML TUNAL;6
3617029;2026-09-15;BQTO01;ALL PLUS;ProdBEBIDAS;NECTAR MANZANA 200 ML TUNAL;18
3617020;2026-09-15;BQTO01;ALL PLUS;ProdBEBIDAS;NECTAR MANZANA 1L TUNAL;8
3617035;2026-09-15;BQTO01;ALL PLUS;ProdBEBIDAS;NECTAR DURAZNO 200 ML TUNAL;6
3617015;2026-09-15;BQTO01;ALL PLUS;ProdBEBIDAS;NARANJADA 1L TUNAL;2
3608201;2026-09-15;PTO04;AUTOMERADDO MODA CHINA;ProdEMBUTIDOS;SALCHICHA TIPO VIENA 225G (11unid) ALIMEX;1
3602496;2026-09-15;PLC07;AUTOMERCADO CASA LUXOR;ProdBEBIDAS;NECTAR MANZANA 200 ML TUNAL;1
3633229;2026-09-15;MCY01;AUTOMERCADO CATANIA;ProdEMBUTIDOS;SALCHICHA TIPO VIENA 800GR (24unid) ALIMEX;1
3611952;2026-09-15;BQTO03;AUTOMERCADO LA 9;ProdBEBIDAS_LACT;LECHE COMPLETA LIQUIDA PURISIMA;31
3615417;2026-09-15;PTO03;AUTOMERCADO MAXI CA;ProdBEBIDAS_LACT;LECHE  DESLACTOSADA LIQUIDA PURISIMA;1
3615418;2026-09-15;PTO03;AUTOMERCADO MAXI CA;ProdBEBIDAS_LACT;LECHE BARISTA PURISIMA;1
3615420;2026-09-15;PTO03;AUTOMERCADO MAXI CA;ProdEMBUTIDOS;TOCINETA AHUMADA SIN CUERO 3.5KG ALIMEX;4
3607658;2026-09-15;PLC06;AUTOMERCADO MI PUEBLO;ProdBEBIDAS;NECTAR DURAZNO 1L TUNAL;1
3607657;2026-09-15;PLC06;AUTOMERCADO MI PUEBLO;ProdBEBIDAS;NECTAR PERA 1L TUNAL;1
3607656;2026-09-15;PLC06;AUTOMERCADO MI PUEBLO;ProdBEBIDAS;NECTAR MANZANA 1L TUNAL;2
3618532;2026-09-15;BQTO06;AUTOMERCADO SUPER OFERTA;ProdBEBIDAS;NECTAR MANZANA 1L TUNAL;15
3618493;2026-09-15;BQTO06;AUTOMERCADO SUPER OFERTA;ProdEMBUTIDOS;SALCHICHA TIPO VIENA 450GR (22unid) ALIMEX;1
3618490;2026-09-15;BQTO06;AUTOMERCADO SUPER OFERTA;ProdEMBUTIDOS;SALCHICHA TIPO VIENA 800GR (24unid) ALIMEX;1
3618536;2026-09-15;BQTO06;AUTOMERCADO SUPER OFERTA;ProdBEBIDAS;TE LIMON 1L TUNAL;6
3618517;2026-09-15;BQTO06;AUTOMERCADO SUPER OFERTA;ProdBEBIDAS_LACT;LECHE BARISTA PURISIMA;20
3618521;2026-09-15;BQTO06;AUTOMERCADO SUPER OFERTA;ProdBEBIDAS_LACT;LECHE DESCREMADA LIQUIDA PURISIMA;12
3618523;2026-09-15;BQTO06;AUTOMERCADO SUPER OFERTA;ProdBEBIDAS_LACT;LECHE  DESLACTOSADA LIQUIDA PURISIMA;12
3618519;2026-09-15;BQTO06;AUTOMERCADO SUPER OFERTA;ProdBEBIDAS_LACT;LECHE COMPLETA LIQUIDA PURISIMA;40
3618502;2026-09-15;BQTO06;AUTOMERCADO SUPER OFERTA;ProdEMBUTIDOS;MORTADELA CCS DE CARNES 900G;1
3618499;2026-09-15;BQTO06;AUTOMERCADO SUPER OFERTA;ProdEMBUTIDOS;MORTADELA CCS DE CARNES 500G;1
3618533;2026-09-15;BQTO06;AUTOMERCADO SUPER OFERTA;ProdBEBIDAS;NARANJADA 1L TUNAL;6
3618534;2026-09-15;BQTO06;AUTOMERCADO SUPER OFERTA;ProdBEBIDAS;NECTAR DURAZNO 1L TUNAL;3
3618496;2026-09-15;BQTO06;AUTOMERCADO SUPER OFERTA;ProdEMBUTIDOS;SALCHICHA TIPO VIENA 225G (11unid) ALIMEX;1
3609549;2026-09-15;VLC04;BALYS LA CANCHA;ProdBEBIDAS;NECTAR PERA 500 ML TUNAL;1
3610641;2026-09-15;VLC03;CATANIA GUACARA;ProdEMBUTIDOS;MORTADELA de Pollo Caracas 900gr;5
3614748;2026-09-15;CCS05;CENTRAL MADEIRENSE MANZANARES;ProdEMBUTIDOS;SALCHICHA TIPO VIENA 800GR (24unid) ALIMEX;1
3614749;2026-09-15;CCS05;CENTRAL MADEIRENSE MANZANARES;ProdEMBUTIDOS;SALCHICHA TIPO VIENA 450GR (22unid) ALIMEX;1
3614750;2026-09-15;CCS05;CENTRAL MADEIRENSE MANZANARES;ProdEMBUTIDOS;SALCHICHA TIPO VIENA 225G (11unid) ALIMEX;1
3614742;2026-09-15;CCS05;CENTRAL MADEIRENSE MANZANARES;ProdBEBIDAS;NARANJADA 1L TUNAL;2
3614744;2026-09-15;CCS05;CENTRAL MADEIRENSE MANZANARES;ProdBEBIDAS_LACT;LECHE COMPLETA LIQUIDA PURISIMA;20
3615963;2026-09-15;CCS11;Comercial punto Lecuna;ProdBEBIDAS;NECTAR DURAZNO 200 ML TUNAL;1
3607712;2026-09-15;MCY02;DELI PLAZA (A FINAL DE MES);ProdEMBUTIDOS;SALCHICHA TIPO VIENA 225G (11unid) ALIMEX;1
3607689;2026-09-15;MCY02;DELI PLAZA (A FINAL DE MES);ProdBEBIDAS_LACT;LECHE DESCREMADA LIQUIDA PURISIMA;8
3618518;2026-09-15;BQTO06;GALAXIA CENTER;ProdEMBUTIDOS;SALCHICHA TIPO VIENA 450GR (22unid) ALIMEX;2
3618520;2026-09-15;BQTO06;GALAXIA CENTER;ProdDERIV_LACTEOS;CREMA DE LECHE DE 500GR PURISIMA;2
3618509;2026-09-15;BQTO06;GALAXIA CENTER;ProdEMBUTIDOS;MORTADELA CCS DE CARNES 900G;1
3618522;2026-09-15;BQTO06;GALAXIA CENTER;ProdDERIV_LACTEOS;CREMA DE LECHE DE 250GR PURISIMA;2
3618516;2026-09-15;BQTO06;GALAXIA CENTER;ProdEMBUTIDOS;SALCHICHA TIPO VIENA 800GR (24unid) ALIMEX;1
3618512;2026-09-15;BQTO06;GALAXIA CENTER;ProdEMBUTIDOS;MORTADELA CCS DE CARNES 500G;1
3618504;2026-09-15;BQTO06;HIPERMERCADO SOL;ProdBEBIDAS;TE LIMON 1L TUNAL;30
3618498;2026-09-15;BQTO06;HIPERMERCADO SOL;ProdBEBIDAS;NARANJADA 1L TUNAL;12
3618507;2026-09-15;BQTO06;HIPERMERCADO SOL;ProdBEBIDAS;NECTAR MANZANA 200 ML TUNAL;15
3618501;2026-09-15;BQTO06;HIPERMERCADO SOL;ProdBEBIDAS;NECTAR DURAZNO 1L TUNAL;18
3618203;2026-09-15;MCY04;Hiperexito Cagua;ProdBEBIDAS;NARANJADA  200 ML TUNAL;1
3618217;2026-09-15;MCY04;Hiperexito Cagua;ProdBEBIDAS_LACT;LECHE EN POLVO PURISIMA 400GR;2
3618218;2026-09-15;MCY04;Hiperexito Cagua;ProdBEBIDAS_LACT;LECHE EN POLVO PURISIMA 900GR;3
3618206;2026-09-15;MCY04;Hiperexito Cagua;ProdBEBIDAS;NECTAR DURAZNO 200 ML TUNAL;2
3618205;2026-09-15;MCY04;Hiperexito Cagua;ProdBEBIDAS;NECTAR PERA 200 ML TUNAL;1
3618216;2026-09-15;MCY04;Hiperexito Cagua;ProdBEBIDAS_LACT;LECHE EN POLVO PURISIMA 200GR;6
3618204;2026-09-15;MCY04;Hiperexito Cagua;ProdBEBIDAS;NECTAR MANZANA 200 ML TUNAL;1
3606709;2026-09-15;VLC04;KALEA TRIGALENA;ProdEMBUTIDOS;CHORIZO DE CERDO AHUMADO PARRILLERO ALIMEX;1
3606710;2026-09-15;VLC04;KALEA TRIGALENA;ProdEMBUTIDOS;CHORIZO DE CERDO PICANTE PARRILLERO ALIMEX;1
3614350;2026-09-15;VLC02;KROMI MANONGO;ProdEMBUTIDOS;MORTADELA CCS DE CARNES 1KG;1
3610549;2026-09-15;VLC03;LUXOR GUACARA;ProdEMBUTIDOS;CHORIZO DE CERDO PICANTE PARRILLERO ALIMEX;3
3610590;2026-09-15;VLC03;LUXOR GUACARA;ProdBEBIDAS_LACT;LECHE COMPLETA LIQUIDA PURISIMA;65
3610571;2026-09-15;VLC03;LUXOR GUACARA;ProdJAMONERIA;JAMON PIERNA ALIMEX 98% 5.9kg;6
3610567;2026-09-15;VLC03;LUXOR GUACARA;ProdDERIV_LACTEOS;CREMA DE LECHE DE 250GR PURISIMA;14
3610583;2026-09-15;VLC03;LUXOR GUACARA;ProdBEBIDAS;NARANJADA  500 ML TUNAL;2
3610574;2026-09-15;VLC03;LUXOR GUACARA;ProdBEBIDAS;NECTAR DURAZNO 200 ML TUNAL;24
3610592;2026-09-15;VLC03;LUXOR GUACARA;ProdBEBIDAS_LACT;LECHE DESCREMADA LIQUIDA PURISIMA;60
3610566;2026-09-15;VLC03;LUXOR GUACARA;ProdDERIV_LACTEOS;CREMA DE LECHE DE 500GR PURISIMA;12
3610557;2026-09-15;VLC03;LUXOR GUACARA;ProdDERIV_LACTEOS;QUESO DE CABRA 500G PURISIMA;2
3610593;2026-09-15;VLC03;LUXOR GUACARA;ProdBEBIDAS_LACT;LECHE  DESLACTOSADA LIQUIDA PURISIMA;10
3610600;2026-09-15;VLC03;LUXOR GUACARA;ProdBEBIDAS;NECTAR DURAZNO LIGTH 1 LITRO TUNAL;8
3610563;2026-09-15;VLC03;LUXOR GUACARA;ProdEMBUTIDOS;SALCHICHA TIPO VIENA 225G (11unid) ALIMEX;3
3610562;2026-09-15;VLC03;LUXOR GUACARA;ProdEMBUTIDOS;SALCHICHA TIPO VIENA 450GR (22unid) ALIMEX;3
3610603;2026-09-15;VLC03;LUXOR GUACARA;ProdBEBIDAS_LACT;LECHE EN POLVO PURISIMA 900GR;10
3610575;2026-09-15;VLC03;LUXOR GUACARA;ProdBEBIDAS;NECTAR PERA 200 ML TUNAL;24
3610551;2026-09-15;VLC03;LUXOR GUACARA;ProdHUEVOS;HUEVO EMPACADO- ESTUCHADO 15 und TUNAL;27
3610598;2026-09-15;VLC03;LUXOR GUACARA;ProdBEBIDAS;NECTAR MANZANA LIGHT 1 LITRO TUNAL;6
3610561;2026-09-15;VLC03;LUXOR GUACARA;ProdEMBUTIDOS;SALCHICHA TIPO VIENA 800GR (24unid) ALIMEX;3
3610584;2026-09-15;VLC03;LUXOR GUACARA;ProdBEBIDAS;TE DURAZNO 500ML TUNAL;2
3610554;2026-09-15;VLC03;LUXOR GUACARA;ProdDERIV_LACTEOS;MANTEQUILLA PURISIMA SIN SAL 200G PURISIMA;2
3610547;2026-09-15;VLC03;LUXOR GUACARA;ProdHUEVOS;HUEVO EMPACADO- 1X12 PLASTICO TUNAL;63
3610599;2026-09-15;VLC03;LUXOR GUACARA;ProdBEBIDAS;NECTAR PERA LIGHT 1 LITRO TUNAL;5
3610585;2026-09-15;VLC03;LUXOR GUACARA;ProdBEBIDAS;TE LIMON 500ML TUNAL;4
3610555;2026-09-15;VLC03;LUXOR GUACARA;ProdDERIV_LACTEOS;MANTEQUILLA PURISIMA CON SAL 200G PURISIMA;10
3610601;2026-09-15;VLC03;LUXOR GUACARA;ProdBEBIDAS;TE LIMON 1L TUNAL;6
3633354;2026-09-15;CCS02;LUZ LA CARLOTA;ProdDERIV_LACTEOS;CREMA DE LECHE DE 250GR PURISIMA;1
3633363;2026-09-15;CCS02;LUZ LA CARLOTA;ProdBEBIDAS;NECTAR PERA 1L TUNAL;1
3633111;2026-09-15;MCY01;MAS X MENOS;ProdDERIV_LACTEOS;QUESO DE CABRA EN BARRA 3.3 KG PURISIMA;1
3611983;2026-09-15;BQTO03;"MERKAFUR; C.A_CABUDARE";ProdBEBIDAS_LACT;LECHE BARISTA PURISIMA;5
3611855;2026-09-15;BQTO02;MI SUPER  LOS LEONES;ProdEMBUTIDOS;TOCINETA AHUMADA SIN CUERO 3.5KG ALIMEX;4
3611871;2026-09-15;BQTO02;MI SUPER  LOS LEONES;ProdBEBIDAS;TE LIMON 500ML TUNAL;3
3611870;2026-09-15;BQTO02;MI SUPER  LOS LEONES;ProdBEBIDAS;TE DURAZNO 500ML TUNAL;4
3603961;2026-09-15;PLC06;MULTIMARKET LAS AMERICAS;ProdBEBIDAS;NECTAR DURAZNO 1L TUNAL;1
3603944;2026-09-15;PLC06;MULTIMARKET LAS AMERICAS;ProdBEBIDAS_LACT;LECHE BARISTA PURISIMA;4
3611808;2026-09-15;BQTO02;PA TODO LOS LEONES;ProdBEBIDAS;TE LIMON 1L TUNAL;2
3611824;2026-09-15;BQTO02;PA TODO LOS LEONES;ProdEMBUTIDOS;SALCHICHA TIPO VIENA 225G (11unid) ALIMEX;1
3611825;2026-09-15;BQTO02;PA TODO LOS LEONES;ProdBEBIDAS_LACT;LECHE COMPLETA LIQUIDA PURISIMA;40
3611773;2026-09-15;BQTO02;PANADERIA DEL ESTE;ProdDERIV_LACTEOS;MANTEQUILLA PURISIMA CON SAL 200G PURISIMA;5
3611772;2026-09-15;BQTO02;PANADERIA DEL ESTE;ProdDERIV_LACTEOS;QUESO DE CABRA 500G PURISIMA;1
3618473;2026-09-15;BQTO06;PANADERIA REAL PAN;ProdDERIV_LACTEOS;MANTEQUILLA PURISIMA CON SAL 200G PURISIMA;1
3618471;2026-09-15;BQTO06;PANADERIA REAL PAN;ProdEMBUTIDOS;SALCHICHA TIPO VIENA 450GR (22unid) ALIMEX;1
3618470;2026-09-15;BQTO06;PANADERIA REAL PAN;ProdDERIV_LACTEOS;CREMA DE LECHE DE 250GR PURISIMA;1
3618472;2026-09-15;BQTO06;PANADERIA REAL PAN;ProdEMBUTIDOS;CHORIZO DE CERDO AHUMADO PARRILLERO ALIMEX;1
3606985;2026-09-15;CCS08;PARAMO AV. LIBERTADOR;ProdBEBIDAS;JUGO NARANJA LIGTH 1 LITRO TUNAL;3
3606991;2026-09-15;CCS08;PARAMO AV. LIBERTADOR;ProdBEBIDAS;TE LIMON 1L TUNAL;3
3610846;2026-09-15;CCS05;PARAMO BARUTA;ProdBEBIDAS;NARANJADA 1L TUNAL;6
3610855;2026-09-15;CCS05;PARAMO BARUTA;ProdBEBIDAS_LACT;LECHE  DESLACTOSADA LIQUIDA PURISIMA;20
3610854;2026-09-15;CCS05;PARAMO BARUTA;ProdBEBIDAS_LACT;LECHE DESCREMADA LIQUIDA PURISIMA;25
3610857;2026-09-15;CCS05;PARAMO BARUTA;ProdBEBIDAS;NECTAR MANZANA 1L TUNAL;6
3610856;2026-09-15;CCS05;PARAMO BARUTA;ProdBEBIDAS;NECTAR DURAZNO 1L TUNAL;6
3610859;2026-09-15;CCS05;PARAMO BARUTA;ProdEMBUTIDOS;CHULETA AHUMADA 7KG ALIMEX;3
3611367;2026-09-15;CCS07;PARAMO GUATIRE;ProdBEBIDAS;NARANJADA  200 ML TUNAL;2
3611369;2026-09-15;CCS07;PARAMO GUATIRE;ProdBEBIDAS;NECTAR DURAZNO 200 ML TUNAL;4
3611368;2026-09-15;CCS07;PARAMO GUATIRE;ProdBEBIDAS;NECTAR PERA 200 ML TUNAL;2
3611390;2026-09-15;CCS07;PARAMO GUATIRE;ProdEMBUTIDOS;SALCHICHA TIPO VIENA 450GR (22unid) ALIMEX;1
3611363;2026-09-15;CCS07;PARAMO GUATIRE;ProdBEBIDAS;TE DURAZNO 500ML TUNAL;6
3610335;2026-09-15;CCS11;PARAMO PRADO DE MARIA;ProdBEBIDAS;NECTAR MANZANA 200 ML TUNAL;2
3610341;2026-09-15;CCS11;PARAMO PRADO DE MARIA;ProdDERIV_LACTEOS;CREMA DE LECHE DE 500GR PURISIMA;2
3606763;2026-09-15;CCS05;PLAN SUAREZ  TRINIDAD;ProdDERIV_LACTEOS;CREMA DE LECHE DE 250GR PURISIMA;6
3606762;2026-09-15;CCS05;PLAN SUAREZ  TRINIDAD;ProdDERIV_LACTEOS;CREMA DE LECHE DE 500GR PURISIMA;6
3606765;2026-09-15;CCS05;PLAN SUAREZ  TRINIDAD;ProdDERIV_LACTEOS;MANTEQUILLA PURISIMA SIN SAL 200G PURISIMA;3
3606764;2026-09-15;CCS05;PLAN SUAREZ  TRINIDAD;ProdDERIV_LACTEOS;MANTEQUILLA PURISIMA CON SAL 200G PURISIMA;2
3606768;2026-09-15;CCS05;PLAN SUAREZ  TRINIDAD;ProdDERIV_LACTEOS;Queso amarillo Purisima semimadurado disco 500gr;2
3606767;2026-09-15;CCS05;PLAN SUAREZ  TRINIDAD;ProdDERIV_LACTEOS;QUESO DE CABRA 500G PURISIMA;2
3611937;2026-09-15;BQTO03;PLAZA CHINA;ProdBEBIDAS;NECTAR DURAZNO LIGTH 1 LITRO TUNAL;12
3611147;2026-09-15;CCS10;RIO CANDELARIA;ProdDERIV_LACTEOS;CREMA DE LECHE DE 500GR PURISIMA;4
3611434;2026-09-15;CCS07;RIO GUATIRE;ProdBEBIDAS;NARANJADA  200 ML TUNAL;3
3607547;2026-09-15;PLC09;SIGO COSTA AZUL;ProdBEBIDAS;TE DURAZNO 500ML TUNAL;2
3602825;2026-09-15;PTO04;SUP  LUKY GRASS;ProdBEBIDAS_LACT;LECHE DESCREMADA LIQUIDA PURISIMA;1
3602826;2026-09-15;PTO04;SUP  LUKY GRASS;ProdBEBIDAS_LACT;LECHE  DESLACTOSADA LIQUIDA PURISIMA;1
3602824;2026-09-15;PTO04;SUP  LUKY GRASS;ProdBEBIDAS_LACT;LECHE COMPLETA LIQUIDA PURISIMA;4
3602814;2026-09-15;PTO04;SUP  LUKY GRASS;ProdBEBIDAS_LACT;LECHE EN POLVO PURISIMA 900GR;1
3602813;2026-09-15;PTO04;SUP  LUKY GRASS;ProdBEBIDAS_LACT;LECHE EN POLVO PURISIMA 400GR;1
3602835;2026-09-15;PTO04;SUP  LUKY GRASS;ProdEMBUTIDOS;MORTADELA CCS DE CARNES 500G;2
3602836;2026-09-15;PTO04;SUP  LUKY GRASS;ProdEMBUTIDOS;MORTADELA CCS DE CARNES 900G;1
3610370;2026-09-15;PTO03;SUPERMARKET EJERCITO;ProdBEBIDAS_LACT;LECHE COMPLETA LIQUIDA PURISIMA;1
3610371;2026-09-15;PTO03;SUPERMARKET EJERCITO;ProdBEBIDAS_LACT;LECHE DESCREMADA LIQUIDA PURISIMA;1
3617022;2026-09-15;BQTO01;SUPERMERCADO CENTRO LARENSE;ProdBEBIDAS;TE DURAZNO 1L TUNAL;6
3617010;2026-09-15;BQTO01;SUPERMERCADO CENTRO LARENSE;ProdBEBIDAS_LACT;LECHE  DESLACTOSADA LIQUIDA PURISIMA;9
3617002;2026-09-15;BQTO01;SUPERMERCADO CENTRO LARENSE;ProdBEBIDAS_LACT;LECHE BARISTA PURISIMA;6
3617025;2026-09-15;BQTO01;SUPERMERCADO CENTRO LARENSE;ProdBEBIDAS;TE LIMON 1L TUNAL;6
3617019;2026-09-15;BQTO01;SUPERMERCADO CENTRO LARENSE;ProdBEBIDAS;NECTAR DURAZNO 1L TUNAL;6
3617013;2026-09-15;BQTO01;SUPERMERCADO CENTRO LARENSE;ProdBEBIDAS;NARANJADA 1L TUNAL;6
3617006;2026-09-15;BQTO01;SUPERMERCADO CENTRO LARENSE;ProdBEBIDAS_LACT;LECHE DESCREMADA LIQUIDA PURISIMA;9
3617005;2026-09-15;BQTO01;SUPERMERCADO CENTRO LARENSE;ProdBEBIDAS_LACT;LECHE COMPLETA LIQUIDA PURISIMA;12
3617018;2026-09-15;BQTO01;SUPERMERCADO CENTRO LARENSE;ProdBEBIDAS;NECTAR MANZANA 1L TUNAL;6
3684130;2026-09-15;MCY05;SUPERMERCADO EL BOSQUE;ProdBEBIDAS;NECTAR DURAZNO 1L TUNAL;1
3684129;2026-09-15;MCY05;SUPERMERCADO EL BOSQUE;ProdBEBIDAS;NARANJADA 1L TUNAL;1
3684087;2026-09-15;MCY05;SUPERMERCADO MAPKET;ProdEMBUTIDOS;MORTADELA CCS DE CARNES 900G;1
3603162;2026-09-15;MCY02;SUPERMERCADOS LUXOR C.A._EL CASTANO;ProdBEBIDAS;NECTAR PERA 200 ML TUNAL;3
3603163;2026-09-15;MCY02;SUPERMERCADOS LUXOR C.A._EL CASTANO;ProdBEBIDAS;NECTAR PERA 500 ML TUNAL;1
3603165;2026-09-15;MCY02;SUPERMERCADOS LUXOR C.A._EL CASTANO;ProdBEBIDAS;NECTAR MANZANA LIGHT 1 LITRO TUNAL;1
3603164;2026-09-15;MCY02;SUPERMERCADOS LUXOR C.A._EL CASTANO;ProdBEBIDAS;JUGO NARANJA LIGTH 1 LITRO TUNAL;1
3603153;2026-09-15;MCY02;SUPERMERCADOS LUXOR C.A._EL CASTANO;ProdBEBIDAS_LACT;LECHE COMPLETA LIQUIDA PURISIMA;4
3603170;2026-09-15;MCY02;SUPERMERCADOS LUXOR C.A._EL CASTANO;ProdBEBIDAS;NECTAR DURAZNO 1L TUNAL;1
3630665;2026-09-16;PLC03;AIKOZ  PUERTO LA CRUZ;ProdBEBIDAS;NARANJADA  500 ML TUNAL;1
3628190;2026-09-16;PTO04;AUTO MERCADO MEGA;ProdBEBIDAS;NECTAR PERA 1L TUNAL;2
3628194;2026-09-16;PTO04;AUTO MERCADO MEGA;ProdBEBIDAS;NECTAR PERA 500 ML TUNAL;1
3628189;2026-09-16;PTO04;AUTO MERCADO MEGA;ProdBEBIDAS;NECTAR MANZANA 1L TUNAL;2
3628191;2026-09-16;PTO04;AUTO MERCADO MEGA;ProdBEBIDAS;NECTAR DURAZNO 200 ML TUNAL;1
3628193;2026-09-16;PTO04;AUTO MERCADO MEGA;ProdBEBIDAS;NECTAR PERA 200 ML TUNAL;1
3628192;2026-09-16;PTO04;AUTO MERCADO MEGA;ProdBEBIDAS;NECTAR MANZANA 200 ML TUNAL;1
3628188;2026-09-16;PTO04;AUTO MERCADO MEGA;ProdBEBIDAS;NECTAR DURAZNO 1L TUNAL;1
3628173;2026-09-16;PTO04;AUTO MERCADO MEGA;ProdBEBIDAS_LACT;LECHE EN POLVO PURISIMA 400GR;2
3628195;2026-09-16;PTO04;AUTO MERCADO MEGA;ProdBEBIDAS;TE FRUTOS ROJOS 1L TUNAL;2
3628163;2026-09-16;PTO04;AUTO MERCADO MEGA;ProdBEBIDAS_LACT;LECHE  DESLACTOSADA LIQUIDA PURISIMA;2
3628161;2026-09-16;PTO04;AUTO MERCADO MEGA;ProdBEBIDAS_LACT;LECHE COMPLETA LIQUIDA PURISIMA;2
3628162;2026-09-16;PTO04;AUTO MERCADO MEGA;ProdBEBIDAS_LACT;LECHE DESCREMADA LIQUIDA PURISIMA;2
3628199;2026-09-16;PTO04;AUTO MERCADO MEGA;ProdEMBUTIDOS;MORTADELA CCS DE CARNES 900G;2
3628174;2026-09-16;PTO04;AUTO MERCADO MEGA;ProdBEBIDAS_LACT;LECHE EN POLVO PURISIMA 900GR;2
3628172;2026-09-16;PTO04;AUTO MERCADO MEGA;ProdBEBIDAS_LACT;LECHE EN POLVO PURISIMA 200GR;2
3632783;2026-09-16;BQTO01;BODEGON DELY GOURMET C.A.;ProdBEBIDAS;NECTAR DURAZNO 1L TUNAL;1
3632803;2026-09-16;BQTO01;BODEGON DELY GOURMET C.A.;ProdBEBIDAS;TE DURAZNO 1L TUNAL;1
3632798;2026-09-16;BQTO01;BODEGON DELY GOURMET C.A.;ProdBEBIDAS;NECTAR PERA 500 ML TUNAL;4
3632799;2026-09-16;BQTO01;BODEGON DELY GOURMET C.A.;ProdBEBIDAS;TE LIMON 500ML TUNAL;6
3632807;2026-09-16;BQTO01;BODEGON DELY GOURMET C.A.;ProdDERIV_LACTEOS;CREMA DE LECHE DE 500GR PURISIMA;2
3632810;2026-09-16;BQTO01;BODEGON DELY GOURMET C.A.;ProdDERIV_LACTEOS;MANTEQUILLA PURISIMA CON SAL 200G PURISIMA;2
3632797;2026-09-16;BQTO01;BODEGON DELY GOURMET C.A.;ProdBEBIDAS;NECTAR MANZANA 500 ML TUNAL;1
3632808;2026-09-16;BQTO01;BODEGON DELY GOURMET C.A.;ProdDERIV_LACTEOS;CREMA DE LECHE DE 250GR PURISIMA;6
3632796;2026-09-16;BQTO01;BODEGON DELY GOURMET C.A.;ProdBEBIDAS;NARANJADA  500 ML TUNAL;5
3624559;2026-09-16;PTO04;CASA MARKET MONAGAS;ProdDERIV_LACTEOS;CREMA DE LECHE DE 500GR PURISIMA;1
3624558;2026-09-16;PTO04;CASA MARKET MONAGAS;ProdDERIV_LACTEOS;CREMA DE LECHE DE 250GR PURISIMA;1
3624570;2026-09-16;PTO04;CASA MARKET MONAGAS;ProdBEBIDAS_LACT;LECHE BARISTA PURISIMA;1
3624550;2026-09-16;PTO04;CASA MARKET MONAGAS;ProdEMBUTIDOS;MORTADELA CCS DE CARNES 500G;1
3624551;2026-09-16;PTO04;CASA MARKET MONAGAS;ProdEMBUTIDOS;MORTADELA CCS DE CARNES 900G;1
3624571;2026-09-16;PTO04;CASA MARKET MONAGAS;ProdBEBIDAS_LACT;LECHE COMPLETA LIQUIDA PURISIMA;5
3624560;2026-09-16;PTO04;CASA MARKET MONAGAS;ProdDERIV_LACTEOS;MANTEQUILLA PURISIMA CON SAL 200G PURISIMA;1
3624573;2026-09-16;PTO04;CASA MARKET MONAGAS;ProdBEBIDAS_LACT;LECHE  DESLACTOSADA LIQUIDA PURISIMA;1
3624572;2026-09-16;PTO04;CASA MARKET MONAGAS;ProdBEBIDAS_LACT;LECHE DESCREMADA LIQUIDA PURISIMA;3
3625860;2026-09-16;CCS05;CENTRAL MADEIRENSE LA BOYERA;ProdDERIV_LACTEOS;CREMA DE LECHE DE 250GR PURISIMA;1
3625861;2026-09-16;CCS05;CENTRAL MADEIRENSE LA BOYERA;ProdBEBIDAS_LACT;LECHE COMPLETA LIQUIDA PURISIMA;20
3625863;2026-09-16;CCS05;CENTRAL MADEIRENSE LA BOYERA;ProdBEBIDAS_LACT;LECHE  DESLACTOSADA LIQUIDA PURISIMA;5
3625859;2026-09-16;CCS05;CENTRAL MADEIRENSE LA BOYERA;ProdDERIV_LACTEOS;CREMA DE LECHE DE 500GR PURISIMA;2
3625862;2026-09-16;CCS05;CENTRAL MADEIRENSE LA BOYERA;ProdBEBIDAS_LACT;LECHE DESCREMADA LIQUIDA PURISIMA;20
3625853;2026-09-16;CCS05;CENTRAL MADEIRENSE LA BOYERA;ProdEMBUTIDOS;SALCHICHA TIPO VIENA 450GR (22unid) ALIMEX;2
3625845;2026-09-16;CCS05;CENTRAL MADEIRENSE LA BOYERA;ProdBEBIDAS;NECTAR MANZANA 1L TUNAL;2
3625858;2026-09-16;CCS05;CENTRAL MADEIRENSE LA BOYERA;ProdDERIV_LACTEOS;MANTEQUILLA PURISIMA SIN SAL 200G PURISIMA;1
3625847;2026-09-16;CCS05;CENTRAL MADEIRENSE LA BOYERA;ProdBEBIDAS;NECTAR DURAZNO 1L TUNAL;2
3625846;2026-09-16;CCS05;CENTRAL MADEIRENSE LA BOYERA;ProdBEBIDAS;NECTAR PERA 1L TUNAL;2
3625854;2026-09-16;CCS05;CENTRAL MADEIRENSE LA BOYERA;ProdEMBUTIDOS;SALCHICHA TIPO VIENA 225G (11unid) ALIMEX;1
3625857;2026-09-16;CCS05;CENTRAL MADEIRENSE LA BOYERA;ProdDERIV_LACTEOS;MANTEQUILLA PURISIMA CON SAL 200G PURISIMA;1
3629436;2026-09-16;PTO04;CHAN I;ProdBEBIDAS_LACT;LECHE EN POLVO PURISIMA 900GR;1
3629435;2026-09-16;PTO04;CHAN I;ProdBEBIDAS_LACT;LECHE EN POLVO PURISIMA 400GR;1
3629426;2026-09-16;PTO04;CHAN I;ProdBEBIDAS_LACT;LECHE  DESLACTOSADA LIQUIDA PURISIMA;2
3629434;2026-09-16;PTO04;CHAN I;ProdBEBIDAS_LACT;LECHE EN POLVO PURISIMA 200GR;1
3629417;2026-09-16;PTO04;CHAN I;ProdBEBIDAS;NECTAR MANZANA 1L TUNAL;1
3629418;2026-09-16;PTO04;CHAN I;ProdBEBIDAS;NECTAR PERA 1L TUNAL;1
3629425;2026-09-16;PTO04;CHAN I;ProdBEBIDAS_LACT;LECHE COMPLETA LIQUIDA PURISIMA;1
3629412;2026-09-16;PTO04;CHAN I;ProdEMBUTIDOS;MORTADELA CCS DE CARNES 500G;2
3634484;2026-09-16;BQTO04;DRAGON DE ORO C.A.;ProdBEBIDAS;NECTAR PERA 1L TUNAL;2
3634480;2026-09-16;BQTO04;DRAGON DE ORO C.A.;ProdBEBIDAS;NECTAR MANZANA 1L TUNAL;4
3634486;2026-09-16;BQTO04;DRAGON DE ORO C.A.;ProdBEBIDAS;NECTAR DURAZNO 1L TUNAL;4
3634490;2026-09-16;BQTO04;DRAGON DE ORO C.A.;ProdBEBIDAS;TE DURAZNO 1L TUNAL;2
3634495;2026-09-16;BQTO04;DRAGON DE ORO C.A.;ProdBEBIDAS;TE FRUTOS ROJOS 1L TUNAL;2
3634474;2026-09-16;BQTO04;DRAGON DE ORO C.A.;ProdBEBIDAS;NECTAR PERA LIGHT 1 LITRO TUNAL;6
3634477;2026-09-16;BQTO04;DRAGON DE ORO C.A.;ProdBEBIDAS;NARANJADA 1L TUNAL;2
3634415;2026-09-16;BQTO04;DRAGON DE ORO C.A.;ProdBEBIDAS_LACT;LECHE COMPLETA LIQUIDA PURISIMA;6
3634418;2026-09-16;BQTO04;DRAGON DE ORO C.A.;ProdBEBIDAS_LACT;LECHE DESCREMADA LIQUIDA PURISIMA;6
3634420;2026-09-16;BQTO04;DRAGON DE ORO C.A.;ProdBEBIDAS_LACT;LECHE  DESLACTOSADA LIQUIDA PURISIMA;3
3634423;2026-09-16;BQTO04;DRAGON DE ORO C.A.;ProdBEBIDAS_LACT;LECHE BARISTA PURISIMA;3
3634463;2026-09-16;BQTO04;DRAGON DE ORO C.A.;ProdBEBIDAS;NARANJADA  200 ML TUNAL;9
3634493;2026-09-16;BQTO04;DRAGON DE ORO C.A.;ProdBEBIDAS;TE LIMON 1L TUNAL;2
3634468;2026-09-16;BQTO04;DRAGON DE ORO C.A.;ProdBEBIDAS;NECTAR PERA 200 ML TUNAL;9
3634471;2026-09-16;BQTO04;DRAGON DE ORO C.A.;ProdBEBIDAS;NECTAR DURAZNO 200 ML TUNAL;9
3617458;2026-09-16;CCS07;EMPORIUM GUARENAS MIRANDA;ProdHUEVOS;HUEVO EMPACADO- ESTUCHADO 1X6 TUNAL;1
3618539;2026-09-16;VLC03;EUROMAXX PLUS;ProdEMBUTIDOS;MORTADELA de Pollo Caracas 900gr;4
3618570;2026-09-16;VLC03;EUROMAXX PLUS;ProdBEBIDAS;NECTAR PERA 500 ML TUNAL;1
3618552;2026-09-16;VLC03;EUROMAXX PLUS;ProdBEBIDAS;NECTAR MANZANA 200 ML TUNAL;12
3618581;2026-09-16;VLC03;EUROMAXX PLUS;ProdBEBIDAS;TE FRUTOS ROJOS 50OML;3
3618569;2026-09-16;VLC03;EUROMAXX PLUS;ProdBEBIDAS;NECTAR MANZANA 500 ML TUNAL;8
3634428;2026-09-16;BQTO04;FABUCENTER C.A.;ProdBEBIDAS_LACT;LECHE BARISTA PURISIMA;6
3634431;2026-09-16;BQTO04;FABUCENTER C.A.;ProdBEBIDAS;NARANJADA  200 ML TUNAL;9
3634434;2026-09-16;BQTO04;FABUCENTER C.A.;ProdBEBIDAS;NECTAR MANZANA 200 ML TUNAL;9
3634437;2026-09-16;BQTO04;FABUCENTER C.A.;ProdBEBIDAS;NECTAR PERA 200 ML TUNAL;9
3634419;2026-09-16;BQTO04;FABUCENTER C.A.;ProdBEBIDAS_LACT;LECHE DESCREMADA LIQUIDA PURISIMA;4
3634422;2026-09-16;BQTO04;FABUCENTER C.A.;ProdBEBIDAS_LACT;LECHE  DESLACTOSADA LIQUIDA PURISIMA;2
3634476;2026-09-16;BQTO04;FABUCENTER C.A.;ProdEMBUTIDOS;MORTADELA CCS DE CARNES 900G;3
3634473;2026-09-16;BQTO04;FABUCENTER C.A.;ProdDERIV_LACTEOS;MANTEQUILLA PURISIMA SIN SAL 200G PURISIMA;2
3634467;2026-09-16;BQTO04;FABUCENTER C.A.;ProdEMBUTIDOS;SALCHICHA TIPO VIENA 800GR (24unid) ALIMEX;1
3634462;2026-09-16;BQTO04;FABUCENTER C.A.;ProdEMBUTIDOS;SALCHICHA TIPO VIENA 225G (11unid) ALIMEX;1
3634479;2026-09-16;BQTO04;FABUCENTER C.A.;ProdEMBUTIDOS;MORTADELA CCS DE CARNES 500G;6
3634470;2026-09-16;BQTO04;FABUCENTER C.A.;ProdDERIV_LACTEOS;MANTEQUILLA PURISIMA CON SAL 200G PURISIMA;2
3634483;2026-09-16;BQTO04;FABUCENTER C.A.;ProdEMBUTIDOS;MORTADELA de Pollo Caracas 900gr;3
3634482;2026-09-16;BQTO04;FABUCENTER C.A.;ProdEMBUTIDOS;MORTADELA DE POLLO DE 500G;3
3634440;2026-09-16;BQTO04;FABUCENTER C.A.;ProdBEBIDAS;NECTAR DURAZNO 200 ML TUNAL;9
3634464;2026-09-16;BQTO04;FABUCENTER C.A.;ProdEMBUTIDOS;SALCHICHA TIPO VIENA 450GR (22unid) ALIMEX;1
3623678;2026-09-16;CCS07;FORUM GUARENAS;ProdJAMONERIA;JAMON DE ESPALDA ALIMEX 4.4KG;1
3628235;2026-09-16;BQTO03;"GRAN ABASTO GIRASOL; C.A.";ProdBEBIDAS_LACT;LECHE BARISTA PURISIMA;19
3633918;2026-09-16;BQTO06;GRAN MARKET TUREN;ProdDERIV_LACTEOS;MANTEQUILLA PURISIMA CON SAL 200G PURISIMA;2
3633914;2026-09-16;BQTO06;GRAN MARKET TUREN;ProdBEBIDAS_LACT;LECHE DESCREMADA LIQUIDA PURISIMA;15
3633920;2026-09-16;BQTO06;GRAN MARKET TUREN;ProdEMBUTIDOS;SALCHICHA TIPO VIENA 450GR (22unid) ALIMEX;2
3633915;2026-09-16;BQTO06;GRAN MARKET TUREN;ProdBEBIDAS_LACT;LECHE  DESLACTOSADA LIQUIDA PURISIMA;12
3633917;2026-09-16;BQTO06;GRAN MARKET TUREN;ProdDERIV_LACTEOS;CREMA DE LECHE DE 250GR PURISIMA;2
3633916;2026-09-16;BQTO06;GRAN MARKET TUREN;ProdDERIV_LACTEOS;CREMA DE LECHE DE 500GR PURISIMA;2
3633912;2026-09-16;BQTO06;GRAN MARKET TUREN;ProdBEBIDAS_LACT;LECHE BARISTA PURISIMA;3
3633919;2026-09-16;BQTO06;GRAN MARKET TUREN;ProdDERIV_LACTEOS;MANTEQUILLA PURISIMA SIN SAL 200G PURISIMA;2
3633913;2026-09-16;BQTO06;GRAN MARKET TUREN;ProdBEBIDAS_LACT;LECHE COMPLETA LIQUIDA PURISIMA;20
3633954;2026-09-16;BQTO06;HIPER MERCADO CRITAL;ProdBEBIDAS;NECTAR DURAZNO 500 ML TUNAL;3
3633957;2026-09-16;BQTO06;HIPER MERCADO CRITAL;ProdBEBIDAS;TE LIMON 500ML TUNAL;1
3633966;2026-09-16;BQTO06;HIPER MERCADO CRITAL;ProdBEBIDAS;NECTAR DURAZNO 200 ML TUNAL;1
3633938;2026-09-16;BQTO06;HIPER MERCADO CRITAL;ProdBEBIDAS_LACT;LECHE DESCREMADA LIQUIDA PURISIMA;4
3633959;2026-09-16;BQTO06;HIPER MERCADO CRITAL;ProdBEBIDAS;TE FRUTOS ROJOS 50OML;1
3633971;2026-09-16;BQTO06;HIPER MERCADO CRITAL;ProdDERIV_LACTEOS;CREMA DE LECHE DE 250GR PURISIMA;1
3633936;2026-09-16;BQTO06;HIPER MERCADO CRITAL;ProdBEBIDAS_LACT;LECHE COMPLETA LIQUIDA PURISIMA;8
3633965;2026-09-16;BQTO06;HIPER MERCADO CRITAL;ProdBEBIDAS;NECTAR PERA 200 ML TUNAL;2
3633941;2026-09-16;BQTO06;HIPER MERCADO CRITAL;ProdBEBIDAS_LACT;LECHE  DESLACTOSADA LIQUIDA PURISIMA;4
3633973;2026-09-16;BQTO06;HIPER MERCADO CRITAL;ProdDERIV_LACTEOS;MANTEQUILLA PURISIMA SIN SAL 200G PURISIMA;1
3633972;2026-09-16;BQTO06;HIPER MERCADO CRITAL;ProdDERIV_LACTEOS;MANTEQUILLA PURISIMA CON SAL 200G PURISIMA;1
3633951;2026-09-16;BQTO06;HIPER MERCADO CRITAL;ProdBEBIDAS;NECTAR MANZANA 1L TUNAL;2
3633947;2026-09-16;BQTO06;HIPER MERCADO CRITAL;ProdBEBIDAS;NECTAR PERA 1L TUNAL;6
3633964;2026-09-16;BQTO06;HIPER MERCADO CRITAL;ProdBEBIDAS;NARANJADA  200 ML TUNAL;1
3633945;2026-09-16;BQTO06;HIPER MERCADO CRITAL;ProdBEBIDAS;NECTAR DURAZNO 1L TUNAL;6
3633970;2026-09-16;BQTO06;HIPER MERCADO CRITAL;ProdDERIV_LACTEOS;CREMA DE LECHE DE 500GR PURISIMA;1
3681961;2026-09-16;MCY04;HIPERVERDURAS CONTINENTE;ProdDERIV_LACTEOS;MANTEQUILLA PURISIMA CON SAL 200G PURISIMA;1
3682020;2026-09-16;MCY04;HIPERVERDURAS CONTINENTE;ProdBEBIDAS_LACT;LECHE EN POLVO PURISIMA 900GR;1
3681993;2026-09-16;MCY04;HIPERVERDURAS CONTINENTE;ProdBEBIDAS_LACT;LECHE  DESLACTOSADA LIQUIDA PURISIMA;1
3682015;2026-09-16;MCY04;HIPERVERDURAS CONTINENTE;ProdBEBIDAS_LACT;LECHE EN POLVO PURISIMA 200GR;1
3682018;2026-09-16;MCY04;HIPERVERDURAS CONTINENTE;ProdBEBIDAS_LACT;LECHE EN POLVO PURISIMA 400GR;1
3634481;2026-09-16;BQTO04;JINGYANG LI;ProdBEBIDAS;NECTAR PERA LIGHT 1 LITRO TUNAL;6
3634487;2026-09-16;BQTO04;JINGYANG LI;ProdBEBIDAS;NECTAR MANZANA 1L TUNAL;6
3634485;2026-09-16;BQTO04;JINGYANG LI;ProdBEBIDAS;NARANJADA 1L TUNAL;6
3634494;2026-09-16;BQTO04;JINGYANG LI;ProdBEBIDAS;NECTAR DURAZNO 1L TUNAL;6
3634491;2026-09-16;BQTO04;JINGYANG LI;ProdBEBIDAS;NECTAR PERA 1L TUNAL;6
3634469;2026-09-16;BQTO04;JINGYANG LI;ProdBEBIDAS;NECTAR DURAZNO 200 ML TUNAL;12
3634450;2026-09-16;BQTO04;JINGYANG LI;ProdBEBIDAS_LACT;LECHE DESCREMADA LIQUIDA PURISIMA;20
3634445;2026-09-16;BQTO04;JINGYANG LI;ProdBEBIDAS_LACT;LECHE COMPLETA LIQUIDA PURISIMA;52
3634475;2026-09-16;BQTO04;JINGYANG LI;ProdBEBIDAS;TE LIMON 1L TUNAL;6
3634456;2026-09-16;BQTO04;JINGYANG LI;ProdBEBIDAS;NARANJADA  200 ML TUNAL;12
3634453;2026-09-16;BQTO04;JINGYANG LI;ProdBEBIDAS_LACT;LECHE  DESLACTOSADA LIQUIDA PURISIMA;20
3634472;2026-09-16;BQTO04;JINGYANG LI;ProdBEBIDAS;TE DURAZNO 1L TUNAL;6
3634461;2026-09-16;BQTO04;JINGYANG LI;ProdBEBIDAS;NECTAR MANZANA 200 ML TUNAL;12
3634466;2026-09-16;BQTO04;JINGYANG LI;ProdBEBIDAS;NECTAR PERA 200 ML TUNAL;12
3622557;2026-09-16;VLC04;KALEA TRIGALENA;ProdDERIV_LACTEOS;QUESO DE CABRA 250 G PURISIMA;2
3622574;2026-09-16;VLC04;KALEA TRIGALENA;ProdBEBIDAS;NECTAR DURAZNO 1L TUNAL;1
3629478;2026-09-16;PLC09;KALIMAN I;ProdBEBIDAS_LACT;LECHE BARISTA PURISIMA;5
3633943;2026-09-16;BQTO06;LA MEGA TIENDA TUREN;ProdDERIV_LACTEOS;MANTEQUILLA PURISIMA SIN SAL 200G PURISIMA;2
3633948;2026-09-16;BQTO06;LA MEGA TIENDA TUREN;ProdDERIV_LACTEOS;MANTEQUILLA PURISIMA CON SAL 200G PURISIMA;2
3633932;2026-09-16;BQTO06;LA MEGA TIENDA TUREN;ProdEMBUTIDOS;MORTADELA CCS DE CARNES 500G;2
3633935;2026-09-16;BQTO06;LA MEGA TIENDA TUREN;ProdEMBUTIDOS;MORTADELA CCS DE CARNES 900G;2
3633950;2026-09-16;BQTO06;LA MEGA TIENDA TUREN;ProdEMBUTIDOS;SALCHICHA TIPO VIENA 800GR (24unid) ALIMEX;1
3633942;2026-09-16;BQTO06;LA MEGA TIENDA TUREN;ProdDERIV_LACTEOS;CREMA DE LECHE DE 250GR PURISIMA;2
3633953;2026-09-16;BQTO06;LA MEGA TIENDA TUREN;ProdEMBUTIDOS;SALCHICHA TIPO VIENA 450GR (22unid) ALIMEX;1
3633956;2026-09-16;BQTO06;LA MEGA TIENDA TUREN;ProdEMBUTIDOS;SALCHICHA TIPO VIENA 225G (11unid) ALIMEX;1
3633939;2026-09-16;BQTO06;LA MEGA TIENDA TUREN;ProdDERIV_LACTEOS;CREMA DE LECHE DE 500GR PURISIMA;2
3634404;2026-09-16;BQTO04;LIANG 2009 C.A.;ProdBEBIDAS_LACT;LECHE COMPLETA LIQUIDA PURISIMA;4
3634408;2026-09-16;BQTO04;LIANG 2009 C.A.;ProdBEBIDAS_LACT;LECHE DESCREMADA LIQUIDA PURISIMA;3
3633227;2026-09-16;MCY01;LUXOR IPSFA;ProdBEBIDAS;TE LIMON 500ML TUNAL;1
3633137;2026-09-16;MCY01;LUXOR IPSFA;ProdBEBIDAS_LACT;LECHE DESCREMADA LIQUIDA PURISIMA;2
3633200;2026-09-16;MCY01;LUXOR IPSFA;ProdDERIV_LACTEOS;CREMA DE LECHE DE 500GR PURISIMA;3
3633231;2026-09-16;MCY01;LUXOR IPSFA;ProdBEBIDAS;TE DURAZNO 500ML TUNAL;2
3633224;2026-09-16;MCY01;LUXOR IPSFA;ProdBEBIDAS;NECTAR PERA 500 ML TUNAL;1
3633219;2026-09-16;MCY01;LUXOR IPSFA;ProdBEBIDAS;NARANJADA  500 ML TUNAL;2
3681983;2026-09-16;MCY04;LUXOR MORA DIGA CENTER;ProdEMBUTIDOS;SALCHICHA TIPO VIENA 225G (11unid) ALIMEX;1
3681979;2026-09-16;MCY04;LUXOR MORA DIGA CENTER;ProdEMBUTIDOS;SALCHICHA TIPO VIENA 450GR (22unid) ALIMEX;1
3681976;2026-09-16;MCY04;LUXOR MORA DIGA CENTER;ProdEMBUTIDOS;SALCHICHA TIPO VIENA 800GR (24unid) ALIMEX;1
3619948;2026-09-16;CCS03;LUZ EL LLANITO;ProdDERIV_LACTEOS;MANTEQUILLA PURISIMA CON SAL 200G PURISIMA;1
3619949;2026-09-16;CCS03;LUZ EL LLANITO;ProdDERIV_LACTEOS;QUESO DE CABRA 250 G PURISIMA;2
3619947;2026-09-16;CCS03;LUZ EL LLANITO;ProdDERIV_LACTEOS;MANTEQUILLA PURISIMA SIN SAL 200G PURISIMA;1
3622273;2026-09-16;CCS08;LUZ LA FLORIDA;ProdDERIV_LACTEOS;MANTEQUILLA PURISIMA CON SAL 200G PURISIMA;1
3623178;2026-09-16;PTO03;MAXI LIBERTADOR;ProdBEBIDAS;TE FRUTOS ROJOS 50OML;3
3623177;2026-09-16;PTO03;MAXI LIBERTADOR;ProdBEBIDAS;NECTAR DURAZNO 500 ML TUNAL;4
3623175;2026-09-16;PTO03;MAXI LIBERTADOR;ProdBEBIDAS;NECTAR MANZANA LIGHT 1 LITRO TUNAL;2
3623176;2026-09-16;PTO03;MAXI LIBERTADOR;ProdBEBIDAS;NECTAR PERA 500 ML TUNAL;8
3623173;2026-09-16;PTO03;MAXI LIBERTADOR;ProdBEBIDAS;NECTAR DURAZNO LIGTH 1 LITRO TUNAL;2
3623174;2026-09-16;PTO03;MAXI LIBERTADOR;ProdBEBIDAS;NECTAR PERA LIGHT 1 LITRO TUNAL;1
3623172;2026-09-16;PTO03;MAXI LIBERTADOR;ProdBEBIDAS;TE LIMON 1L TUNAL;1
3623170;2026-09-16;PTO03;MAXI LIBERTADOR;ProdBEBIDAS;NECTAR PERA 1L TUNAL;2
3623171;2026-09-16;PTO03;MAXI LIBERTADOR;ProdBEBIDAS;TE FRUTOS ROJOS 1L TUNAL;1
3623169;2026-09-16;PTO03;MAXI LIBERTADOR;ProdBEBIDAS_LACT;LECHE BARISTA PURISIMA;2
3633192;2026-09-16;MCY01;"MERCANOVA EXPRESS; C.A";ProdDERIV_LACTEOS;CREMA DE LECHE DE 500GR PURISIMA;1
3619482;2026-09-16;CCS05;MURALLA;ProdEMBUTIDOS;MORTADELA de Pollo Caracas 900gr;1
3619506;2026-09-16;CCS05;MURALLA;ProdBEBIDAS_LACT;LECHE COMPLETA BARISTA LIQUIDA PURISIMA;3
3619497;2026-09-16;CCS05;MURALLA;ProdEMBUTIDOS;Salchicha el tunal de pollo 450gr;2
3633161;2026-09-16;MCY01;Mas x Menos Global;ProdEMBUTIDOS;SALCHICHA TIPO VIENA 225G (11unid) ALIMEX;1
3634322;2026-09-16;BQTO04;NUEVO SIGLO CA;ProdBEBIDAS;NECTAR MANZANA 200 ML TUNAL;6
3634349;2026-09-16;BQTO04;NUEVO SIGLO CA;ProdBEBIDAS_LACT;LECHE COMPLETA LIQUIDA PURISIMA;84
3634336;2026-09-16;BQTO04;NUEVO SIGLO CA;ProdEMBUTIDOS;SALCHICHA TIPO VIENA 450GR (22unid) ALIMEX;1
3634335;2026-09-16;BQTO04;NUEVO SIGLO CA;ProdEMBUTIDOS;SALCHICHA TIPO VIENA 225G (11unid) ALIMEX;1
3634331;2026-09-16;BQTO04;NUEVO SIGLO CA;ProdBEBIDAS;TE FRUTOS ROJOS 1L TUNAL;4
3634324;2026-09-16;BQTO04;NUEVO SIGLO CA;ProdBEBIDAS;NECTAR DURAZNO 200 ML TUNAL;6
3634326;2026-09-16;BQTO04;NUEVO SIGLO CA;ProdBEBIDAS;NECTAR MANZANA 1L TUNAL;4
3634327;2026-09-16;BQTO04;NUEVO SIGLO CA;ProdBEBIDAS;NECTAR PERA 1L TUNAL;4
3634328;2026-09-16;BQTO04;NUEVO SIGLO CA;ProdBEBIDAS;NECTAR DURAZNO 1L TUNAL;4
3634329;2026-09-16;BQTO04;NUEVO SIGLO CA;ProdBEBIDAS;TE DURAZNO 1L TUNAL;4
3634325;2026-09-16;BQTO04;NUEVO SIGLO CA;ProdBEBIDAS;NARANJADA 1L TUNAL;4
3634330;2026-09-16;BQTO04;NUEVO SIGLO CA;ProdBEBIDAS;TE LIMON 1L TUNAL;4
3634323;2026-09-16;BQTO04;NUEVO SIGLO CA;ProdBEBIDAS;NECTAR PERA 200 ML TUNAL;6
3634341;2026-09-16;BQTO04;NUEVO SIGLO CA;ProdDERIV_LACTEOS;MANTEQUILLA PURISIMA CON SAL 200G PURISIMA;10
3634350;2026-09-16;BQTO04;NUEVO SIGLO CA;ProdBEBIDAS_LACT;LECHE DESCREMADA LIQUIDA PURISIMA;42
3634337;2026-09-16;BQTO04;NUEVO SIGLO CA;ProdEMBUTIDOS;SALCHICHA TIPO VIENA 800GR (24unid) ALIMEX;2
3634340;2026-09-16;BQTO04;NUEVO SIGLO CA;ProdDERIV_LACTEOS;MANTEQUILLA PURISIMA SIN SAL 200G PURISIMA;6
3634344;2026-09-16;BQTO04;NUEVO SIGLO CA;ProdDERIV_LACTEOS;CREMA DE LECHE DE 500GR PURISIMA;18
3634321;2026-09-16;BQTO04;NUEVO SIGLO CA;ProdBEBIDAS;NARANJADA  200 ML TUNAL;6
3634345;2026-09-16;BQTO04;NUEVO SIGLO CA;ProdDERIV_LACTEOS;CREMA DE LECHE DE 250GR PURISIMA;30
3634351;2026-09-16;BQTO04;NUEVO SIGLO CA;ProdBEBIDAS_LACT;LECHE  DESLACTOSADA LIQUIDA PURISIMA;28
3631065;2026-09-16;BQTO02;PANADERIA LA ORQUIDEA;ProdEMBUTIDOS;CHORIZO DE CERDO AHUMADO PARRILLERO ALIMEX;1
3623947;2026-09-16;CCS07;RIO GUARENAS;ProdEMBUTIDOS;MORTADELA CCS DE CARNES 500G;2
3623887;2026-09-16;CCS07;RIO GUARENAS;ProdBEBIDAS;JUGO NARANJA LIGTH 1 LITRO TUNAL;1
3623957;2026-09-16;CCS07;RIO GUARENAS;ProdDERIV_LACTEOS;QUESO DE CABRA 500G PURISIMA;1
3623946;2026-09-16;CCS07;RIO GUARENAS;ProdEMBUTIDOS;MORTADELA CCS DE CARNES 900G;1
3631073;2026-09-16;BQTO02;RIO SUPERMARKET  CC ARENA PLAZA;ProdEMBUTIDOS;SALCHICHA TIPO VIENA 225G (11unid) ALIMEX;4
3631067;2026-09-16;BQTO02;RIO SUPERMARKET  CC ARENA PLAZA;ProdEMBUTIDOS;SALCHICHA TIPO VIENA 800GR (24unid) ALIMEX;4
3631070;2026-09-16;BQTO02;RIO SUPERMARKET  CC ARENA PLAZA;ProdEMBUTIDOS;SALCHICHA TIPO VIENA 450GR (22unid) ALIMEX;4
3629692;2026-09-16;PTO03;RIO SUPERMARKET MATURIN;ProdBEBIDAS;TE FRUTOS ROJOS 1L TUNAL;4
3629694;2026-09-16;PTO03;RIO SUPERMARKET MATURIN;ProdBEBIDAS;TE DURAZNO 1L TUNAL;4
3629690;2026-09-16;PTO03;RIO SUPERMARKET MATURIN;ProdBEBIDAS;NECTAR MANZANA LIGHT 1 LITRO TUNAL;1
3629693;2026-09-16;PTO03;RIO SUPERMARKET MATURIN;ProdBEBIDAS;TE LIMON 1L TUNAL;4
3629691;2026-09-16;PTO03;RIO SUPERMARKET MATURIN;ProdBEBIDAS;NECTAR PERA LIGHT 1 LITRO TUNAL;1
3629698;2026-09-16;PTO03;RIO SUPERMARKET MATURIN;ProdEMBUTIDOS;MORTADELA CCS DE CARNES 500G;8
3629689;2026-09-16;PTO03;RIO SUPERMARKET MATURIN;ProdBEBIDAS;JUGO NARANJA LIGTH 1 LITRO TUNAL;1
3625728;2026-09-16;CCS11;RIOVIDA BELLO MONTE;ProdEMBUTIDOS;SALCHICHA TIPO VIENA 225G (11unid) ALIMEX;2
3633944;2026-09-16;BQTO06;SUPERMERCADO GRAN OFERTA TUREN;ProdBEBIDAS;NECTAR PERA 200 ML TUNAL;1
3633940;2026-09-16;BQTO06;SUPERMERCADO GRAN OFERTA TUREN;ProdBEBIDAS;NECTAR MANZANA 200 ML TUNAL;2
3633955;2026-09-16;BQTO06;SUPERMERCADO GRAN OFERTA TUREN;ProdBEBIDAS_LACT;LECHE COMPLETA LIQUIDA PURISIMA;9
3633958;2026-09-16;BQTO06;SUPERMERCADO GRAN OFERTA TUREN;ProdBEBIDAS_LACT;LECHE DESCREMADA LIQUIDA PURISIMA;6
3633961;2026-09-16;BQTO06;SUPERMERCADO GRAN OFERTA TUREN;ProdBEBIDAS_LACT;LECHE  DESLACTOSADA LIQUIDA PURISIMA;3
3633937;2026-09-16;BQTO06;SUPERMERCADO GRAN OFERTA TUREN;ProdBEBIDAS;NECTAR PERA 1L TUNAL;2
3633934;2026-09-16;BQTO06;SUPERMERCADO GRAN OFERTA TUREN;ProdBEBIDAS;NECTAR MANZANA 1L TUNAL;4
3628261;2026-09-16;BQTO03;SUPERMERCADO KARI CABUDARE;ProdBEBIDAS;NARANJADA 1L TUNAL;2
3684110;2026-09-16;MCY05;VIVERES CARIBE;ProdBEBIDAS_LACT;LECHE COMPLETA LIQUIDA PURISIMA;2
3684114;2026-09-16;MCY05;VIVERES CARIBE;ProdBEBIDAS_LACT;LECHE DESCREMADA LIQUIDA PURISIMA;2
3684112;2026-09-16;MCY05;VIVERES CARIBE;ProdBEBIDAS_LACT;LECHE  DESLACTOSADA LIQUIDA PURISIMA;2
3634387;2026-09-16;BQTO04;ZHEN WANG;ProdBEBIDAS;NECTAR PERA 500 ML TUNAL;2
3634382;2026-09-16;BQTO04;ZHEN WANG;ProdBEBIDAS;TE DURAZNO 1L TUNAL;1
3634384;2026-09-16;BQTO04;ZHEN WANG;ProdBEBIDAS;NECTAR MANZANA 200 ML TUNAL;3
3634385;2026-09-16;BQTO04;ZHEN WANG;ProdBEBIDAS;NECTAR PERA 200 ML TUNAL;3
3634383;2026-09-16;BQTO04;ZHEN WANG;ProdBEBIDAS;TE LIMON 1L TUNAL;3
3634388;2026-09-16;BQTO04;ZHEN WANG;ProdBEBIDAS;NECTAR DURAZNO 500 ML TUNAL;2
3634381;2026-09-16;BQTO04;ZHEN WANG;ProdBEBIDAS;NECTAR DURAZNO 1L TUNAL;2
3634374;2026-09-16;BQTO04;ZHEN WANG;ProdBEBIDAS_LACT;LECHE DESCREMADA LIQUIDA PURISIMA;2
3634373;2026-09-16;BQTO04;ZHEN WANG;ProdBEBIDAS_LACT;LECHE COMPLETA LIQUIDA PURISIMA;2
3634386;2026-09-16;BQTO04;ZHEN WANG;ProdBEBIDAS;NECTAR DURAZNO 200 ML TUNAL;3
3634376;2026-09-16;BQTO04;ZHEN WANG;ProdBEBIDAS_LACT;LECHE  DESLACTOSADA LIQUIDA PURISIMA;2
3634378;2026-09-16;BQTO04;ZHEN WANG;ProdBEBIDAS;NARANJADA 1L TUNAL;2
3634377;2026-09-16;BQTO04;ZHEN WANG;ProdBEBIDAS_LACT;LECHE BARISTA PURISIMA;2
3634380;2026-09-16;BQTO04;ZHEN WANG;ProdBEBIDAS;NECTAR PERA 1L TUNAL;3
3634379;2026-09-16;BQTO04;ZHEN WANG;ProdBEBIDAS;NECTAR MANZANA 1L TUNAL;1
3645016;2026-09-17;PLC09;AL COSTO;ProdBEBIDAS;NARANJADA 1L TUNAL;18
3649904;2026-09-17;BQTO01;ALL PLUS;ProdBEBIDAS_LACT;LECHE  DESLACTOSADA LIQUIDA PURISIMA;3
3645564;2026-09-17;BQTO03;AUTOMERCADO LA 9;ProdBEBIDAS;TE LIMON 1L TUNAL;11
3645567;2026-09-17;BQTO03;AUTOMERCADO LA 9;ProdBEBIDAS;TE FRUTOS ROJOS 1L TUNAL;6
3645541;2026-09-17;BQTO03;AUTOMERCADO LA 9;ProdBEBIDAS_LACT;LECHE DESCREMADA LIQUIDA PURISIMA;56
3645547;2026-09-17;BQTO03;AUTOMERCADO LA 9;ProdBEBIDAS_LACT;LECHE BARISTA PURISIMA;70
3645561;2026-09-17;BQTO03;AUTOMERCADO LA 9;ProdBEBIDAS;TE DURAZNO 1L TUNAL;4
3645553;2026-09-17;BQTO03;AUTOMERCADO LA 9;ProdBEBIDAS;NECTAR MANZANA 1L TUNAL;6
3645555;2026-09-17;BQTO03;AUTOMERCADO LA 9;ProdBEBIDAS;NECTAR PERA 1L TUNAL;9
3645558;2026-09-17;BQTO03;AUTOMERCADO LA 9;ProdBEBIDAS;NECTAR DURAZNO 1L TUNAL;6
3645544;2026-09-17;BQTO03;AUTOMERCADO LA 9;ProdBEBIDAS_LACT;LECHE  DESLACTOSADA LIQUIDA PURISIMA;14
3647134;2026-09-17;CCS11;AUTOMERCADO PUNTA DEL SOL;ProdJAMONERIA;JAMON PIERNA ALIMEX 98% 5.9kg;1
3647136;2026-09-17;CCS11;AUTOMERCADO PUNTA DEL SOL;ProdEMBUTIDOS;TOCINETA AHUMADA SIN CUERO 3.5KG ALIMEX;1
3647130;2026-09-17;CCS11;AUTOMERCADO PUNTA DEL SOL;ProdDERIV_LACTEOS;MANTEQUILLA PURISIMA CON SAL 200G PURISIMA;1
3647123;2026-09-17;CCS11;AUTOMERCADO PUNTA DEL SOL;ProdBEBIDAS;NECTAR PERA 1L TUNAL;2
3647132;2026-09-17;CCS11;AUTOMERCADO PUNTA DEL SOL;ProdEMBUTIDOS;MORTADELA CCS DE CARNES 900G;1
3647126;2026-09-17;CCS11;AUTOMERCADO PUNTA DEL SOL;ProdEMBUTIDOS;SALCHICHA TIPO COCTEL 450 GR ALIMEX;1
3647129;2026-09-17;CCS11;AUTOMERCADO PUNTA DEL SOL;ProdDERIV_LACTEOS;MANTEQUILLA PURISIMA SIN SAL 200G PURISIMA;1
3642288;2026-09-17;CCS07;AUTOMERCADO ROCA AZUL 1;ProdEMBUTIDOS;MORTADELA DE POLLO DE 1 KG;1
3642457;2026-09-17;CCS07;AUTOMERCADO ROCA AZUL 2;ProdDERIV_LACTEOS;QUESO DE CABRA 500G PURISIMA;1
3642483;2026-09-17;CCS07;AUTOMERCADO ROCA AZUL 2;ProdBEBIDAS;NECTAR MANZANA 1L TUNAL;3
3642462;2026-09-17;CCS07;AUTOMERCADO ROCA AZUL 2;ProdEMBUTIDOS;MORTADELA CCS DE CARNES 900G;1
3642477;2026-09-17;CCS07;AUTOMERCADO ROCA AZUL 2;ProdBEBIDAS_LACT;LECHE COMPLETA LIQUIDA PURISIMA;9
3642440;2026-09-17;CCS07;AUTOMERCADO ROCA AZUL 2;ProdBEBIDAS_LACT;LECHE EN POLVO PURISIMA 900GR;1
3642464;2026-09-17;CCS07;AUTOMERCADO ROCA AZUL 2;ProdEMBUTIDOS;MORTADELA DE POLLO DE 500G;1
3642438;2026-09-17;CCS07;AUTOMERCADO ROCA AZUL 2;ProdBEBIDAS_LACT;LECHE EN POLVO PURISIMA 200GR;1
3642439;2026-09-17;CCS07;AUTOMERCADO ROCA AZUL 2;ProdBEBIDAS_LACT;LECHE EN POLVO PURISIMA 400GR;1
3642461;2026-09-17;CCS07;AUTOMERCADO ROCA AZUL 2;ProdEMBUTIDOS;MORTADELA CCS DE CARNES 500G;1
3642428;2026-09-17;CCS07;AUTOMERCADO ROCA AZUL 2;ProdBEBIDAS;NECTAR MANZANA 200 ML TUNAL;4
3642460;2026-09-17;CCS07;AUTOMERCADO ROCA AZUL 2;ProdEMBUTIDOS;SALCHICHA TIPO VIENA 800GR (24unid) ALIMEX;1
3642482;2026-09-17;CCS07;AUTOMERCADO ROCA AZUL 2;ProdBEBIDAS;NECTAR PERA LIGHT 1 LITRO TUNAL;3
3642481;2026-09-17;CCS07;AUTOMERCADO ROCA AZUL 2;ProdBEBIDAS;JUGO NARANJA LIGTH 1 LITRO TUNAL;3
3642485;2026-09-17;CCS07;AUTOMERCADO ROCA AZUL 2;ProdBEBIDAS;NECTAR DURAZNO 1L TUNAL;9
3642478;2026-09-17;CCS07;AUTOMERCADO ROCA AZUL 2;ProdBEBIDAS_LACT;LECHE  DESLACTOSADA LIQUIDA PURISIMA;6
3642442;2026-09-17;CCS07;AUTOMERCADO ROCA AZUL 2;ProdDERIV_LACTEOS;CREMA DE LECHE DE 250GR PURISIMA;4
3642458;2026-09-17;CCS07;AUTOMERCADO ROCA AZUL 2;ProdEMBUTIDOS;Salchicha el tunal de pollo 450gr;1
3642429;2026-09-17;CCS07;AUTOMERCADO ROCA AZUL 2;ProdBEBIDAS;NECTAR PERA 200 ML TUNAL;4
3642479;2026-09-17;CCS07;AUTOMERCADO ROCA AZUL 2;ProdBEBIDAS_LACT;LECHE DESCREMADA LIQUIDA PURISIMA;6
3642459;2026-09-17;CCS07;AUTOMERCADO ROCA AZUL 2;ProdEMBUTIDOS;SALCHICHA TIPO VIENA 450GR (22unid) ALIMEX;1
3642427;2026-09-17;CCS07;AUTOMERCADO ROCA AZUL 2;ProdBEBIDAS;NARANJADA  200 ML TUNAL;2
3642424;2026-09-17;CCS07;AUTOMERCADO ROCA AZUL 2;ProdBEBIDAS;NARANJADA  500 ML TUNAL;3
3642425;2026-09-17;CCS07;AUTOMERCADO ROCA AZUL 2;ProdBEBIDAS;NECTAR PERA 500 ML TUNAL;3
3642463;2026-09-17;CCS07;AUTOMERCADO ROCA AZUL 2;ProdEMBUTIDOS;MORTADELA DE POLLO DE 1 KG;1
3642480;2026-09-17;CCS07;AUTOMERCADO ROCA AZUL 2;ProdBEBIDAS;TE LIMON 1L TUNAL;6
3642484;2026-09-17;CCS07;AUTOMERCADO ROCA AZUL 2;ProdBEBIDAS;NECTAR PERA 1L TUNAL;9
3642426;2026-09-17;CCS07;AUTOMERCADO ROCA AZUL 2;ProdBEBIDAS;NECTAR DURAZNO 500 ML TUNAL;3
3642446;2026-09-17;CCS07;AUTOMERCADO ROCA AZUL 2;ProdDERIV_LACTEOS;MANTEQUILLA PURISIMA CON SAL 200G PURISIMA;2
3642430;2026-09-17;CCS07;AUTOMERCADO ROCA AZUL 2;ProdBEBIDAS;NECTAR DURAZNO 200 ML TUNAL;4
3642447;2026-09-17;CCS07;AUTOMERCADO ROCA AZUL 2;ProdDERIV_LACTEOS;MANTEQUILLA PURISIMA SIN SAL 200G PURISIMA;2
3642415;2026-09-17;CCS07;AUTOMERCADO ROCA AZUL 2;ProdHUEVOS;HUEVO EMPACADO- ESTUCHADO 1X12 TUNAL;2
3646584;2026-09-17;CCS05;AUTOMERCADO SANTA ROSA DE LIMA;ProdBEBIDAS_LACT;LECHE COMPLETA BARISTA LIQUIDA PURISIMA;3
3646583;2026-09-17;CCS05;AUTOMERCADO SANTA ROSA DE LIMA;ProdBEBIDAS_LACT;LECHE  DESLACTOSADA LIQUIDA PURISIMA;6
3646578;2026-09-17;CCS05;AUTOMERCADO SANTA ROSA DE LIMA;ProdBEBIDAS;NARANJADA  200 ML TUNAL;1
3646582;2026-09-17;CCS05;AUTOMERCADO SANTA ROSA DE LIMA;ProdBEBIDAS_LACT;LECHE DESCREMADA LIQUIDA PURISIMA;6
3646581;2026-09-17;CCS05;AUTOMERCADO SANTA ROSA DE LIMA;ProdBEBIDAS_LACT;LECHE COMPLETA LIQUIDA PURISIMA;6
3646587;2026-09-17;CCS05;AUTOMERCADO SANTA ROSA DE LIMA;ProdEMBUTIDOS;SALCHICHA TIPO VIENA 225G (11unid) ALIMEX;1
3643461;2026-09-17;VLC03;BALYS GUAYOS GUACARA;ProdEMBUTIDOS;MORTADELA CCS DE CARNES 900G;6
3643479;2026-09-17;VLC03;BALYS GUAYOS GUACARA;ProdEMBUTIDOS;CHORIZO DE CERDO PICANTE PARRILLERO ALIMEX;3
3643452;2026-09-17;VLC03;BALYS GUAYOS GUACARA;ProdBEBIDAS_LACT;LECHE EN POLVO PURISIMA 900GR;3
3643504;2026-09-17;VLC03;BALYS GUAYOS GUACARA;ProdHUEVOS;HUEVO EMPACADO- ESTUCHADO 15 und TUNAL;8
3633716;2026-09-17;VLC03;BALYS GUAYOS GUACARA;ProdJAMONERIA;JAMON COCIDO ESTANDAR ITALICO 5.9kg;1
3643453;2026-09-17;VLC03;BALYS GUAYOS GUACARA;ProdBEBIDAS_LACT;LECHE EN POLVO PURISIMA 200GR;4
3643502;2026-09-17;VLC03;BALYS GUAYOS GUACARA;ProdHUEVOS;HUEVO EMPACADO- ESTUCHADO 1X12 TUNAL;16
3650632;2026-09-17;BQTO06;BAZAR COLONIAL;ProdDERIV_LACTEOS;CREMA DE LECHE DE 500GR PURISIMA;1
3650617;2026-09-17;BQTO06;BAZAR COLONIAL;ProdBEBIDAS_LACT;LECHE BARISTA PURISIMA;14
3650628;2026-09-17;BQTO06;BAZAR COLONIAL;ProdEMBUTIDOS;MORTADELA CCS DE CARNES 500G;2
3650634;2026-09-17;BQTO06;BAZAR COLONIAL;ProdDERIV_LACTEOS;CREMA DE LECHE DE 250GR PURISIMA;1
3650630;2026-09-17;BQTO06;BAZAR COLONIAL;ProdEMBUTIDOS;MORTADELA CCS DE CARNES 900G;2
3649954;2026-09-17;BQTO01;BAZAR EXTRA;ProdBEBIDAS_LACT;LECHE DESCREMADA LIQUIDA PURISIMA;8
3649936;2026-09-17;BQTO01;BAZAR EXTRA;ProdBEBIDAS;NARANJADA  200 ML TUNAL;6
3684175;2026-09-17;MCY05;CAMPOLLANO 2;ProdBEBIDAS_LACT;LECHE BARISTA PURISIMA;3
3684162;2026-09-17;MCY05;CAMPOLLANO 2;ProdBEBIDAS;NECTAR PERA 1L TUNAL;2
3684165;2026-09-17;MCY05;CAMPOLLANO 2;ProdBEBIDAS;NARANJADA 1L TUNAL;1
3684170;2026-09-17;MCY05;CAMPOLLANO 2;ProdDERIV_LACTEOS;CREMA DE LECHE DE 500GR PURISIMA;1
3684164;2026-09-17;MCY05;CAMPOLLANO 2;ProdBEBIDAS;NECTAR DURAZNO 1L TUNAL;1
3684160;2026-09-17;MCY05;CAMPOLLANO 2;ProdBEBIDAS;NECTAR MANZANA 1L TUNAL;2
3684166;2026-09-17;MCY05;CAMPOLLANO 2;ProdBEBIDAS;NECTAR PERA LIGHT 1 LITRO TUNAL;2
3667586;2026-09-17;BQTO04;CARORITA 16;ProdBEBIDAS;NECTAR MANZANA 200 ML TUNAL;5
3667588;2026-09-17;BQTO04;CARORITA 16;ProdBEBIDAS;NECTAR PERA 200 ML TUNAL;7
3667590;2026-09-17;BQTO04;CARORITA 16;ProdBEBIDAS;NECTAR DURAZNO 200 ML TUNAL;5
3667584;2026-09-17;BQTO04;CARORITA 16;ProdBEBIDAS;NARANJADA  200 ML TUNAL;2
3667605;2026-09-17;BQTO04;CARORITA 16;ProdBEBIDAS;NECTAR DURAZNO 1L TUNAL;2
3667607;2026-09-17;BQTO04;CARORITA 16;ProdBEBIDAS;TE LIMON 1L TUNAL;2
3667602;2026-09-17;BQTO04;CARORITA 16;ProdBEBIDAS;NECTAR PERA 1L TUNAL;2
3667600;2026-09-17;BQTO04;CARORITA 16;ProdBEBIDAS;NECTAR MANZANA 1L TUNAL;4
3667598;2026-09-17;BQTO04;CARORITA 16;ProdBEBIDAS;NARANJADA 1L TUNAL;2
3667626;2026-09-17;BQTO04;CARORITA 16;ProdEMBUTIDOS;MORTADELA CCS DE CARNES 900G;3
3667620;2026-09-17;BQTO04;CARORITA 16;ProdBEBIDAS_LACT;LECHE  DESLACTOSADA LIQUIDA PURISIMA;6
3667629;2026-09-17;BQTO04;CARORITA 16;ProdEMBUTIDOS;MORTADELA CCS DE CARNES 500G;9
3667615;2026-09-17;BQTO04;CARORITA 16;ProdBEBIDAS_LACT;LECHE COMPLETA LIQUIDA PURISIMA;6
3667618;2026-09-17;BQTO04;CARORITA 16;ProdBEBIDAS_LACT;LECHE DESCREMADA LIQUIDA PURISIMA;6
3667596;2026-09-17;BQTO04;CARORITA 16;ProdBEBIDAS;TE LIMON 500ML TUNAL;4
3667593;2026-09-17;BQTO04;CARORITA 16;ProdBEBIDAS;NECTAR DURAZNO 500 ML TUNAL;3
3667687;2026-09-17;BQTO04;CARORITA 17;ProdBEBIDAS_LACT;LECHE COMPLETA LIQUIDA PURISIMA;34
3667702;2026-09-17;BQTO04;CARORITA 17;ProdBEBIDAS;NECTAR DURAZNO 1L TUNAL;8
3667700;2026-09-17;BQTO04;CARORITA 17;ProdBEBIDAS;NECTAR PERA 1L TUNAL;8
3667694;2026-09-17;BQTO04;CARORITA 17;ProdBEBIDAS;NARANJADA 1L TUNAL;8
3667697;2026-09-17;BQTO04;CARORITA 17;ProdBEBIDAS;NECTAR MANZANA 1L TUNAL;4
3667704;2026-09-17;BQTO04;CARORITA 17;ProdBEBIDAS;TE DURAZNO 1L TUNAL;3
3667717;2026-09-17;BQTO04;CARORITA 17;ProdEMBUTIDOS;MORTADELA CCS DE CARNES 900G;3
3667716;2026-09-17;BQTO04;CARORITA 17;ProdEMBUTIDOS;MORTADELA CCS DE CARNES 500G;3
3667713;2026-09-17;BQTO04;CARORITA 17;ProdBEBIDAS;TE DURAZNO 500ML TUNAL;4
3667712;2026-09-17;BQTO04;CARORITA 17;ProdBEBIDAS;NECTAR DURAZNO 200 ML TUNAL;6
3667708;2026-09-17;BQTO04;CARORITA 17;ProdBEBIDAS;NECTAR MANZANA 200 ML TUNAL;12
3667710;2026-09-17;BQTO04;CARORITA 17;ProdBEBIDAS;NECTAR PERA 200 ML TUNAL;6
3667706;2026-09-17;BQTO04;CARORITA 17;ProdBEBIDAS;TE LIMON 1L TUNAL;4
3667689;2026-09-17;BQTO04;CARORITA 17;ProdBEBIDAS_LACT;LECHE DESCREMADA LIQUIDA PURISIMA;10
3639977;2026-09-17;VLC03;CATANIA GUACARA;ProdEMBUTIDOS;CHORIZO DE CERDO PICANTE PARRILLERO ALIMEX;0
3668279;2026-09-17;CCS02;CENTRAL MADEIRENSE BELLO CAMPO;ProdBEBIDAS;TE LIMON 1L TUNAL;2
3637932;2026-09-17;CCS02;CENTRAL MADEIRENSE CHACAITO;ProdBEBIDAS;TE DURAZNO 1L TUNAL;6
3644418;2026-09-17;CCS05;CENTRAL MADEIRENSE LA ALAMEDA;ProdDERIV_LACTEOS;MANTEQUILLA PURISIMA SIN SAL 200G PURISIMA;3
3644423;2026-09-17;CCS05;CENTRAL MADEIRENSE LA ALAMEDA;ProdDERIV_LACTEOS;CREMA DE LECHE DE 250GR PURISIMA;4
3644422;2026-09-17;CCS05;CENTRAL MADEIRENSE LA ALAMEDA;ProdDERIV_LACTEOS;CREMA DE LECHE DE 500GR PURISIMA;4
3644419;2026-09-17;CCS05;CENTRAL MADEIRENSE LA ALAMEDA;ProdDERIV_LACTEOS;MANTEQUILLA PURISIMA CON SAL 200G PURISIMA;5
3667693;2026-09-17;BQTO04;COMERCIAL ORQUIDEA;ProdBEBIDAS;NECTAR MANZANA 1L TUNAL;6
3667663;2026-09-17;BQTO04;COMERCIAL ORQUIDEA;ProdBEBIDAS_LACT;LECHE DESCREMADA LIQUIDA PURISIMA;16
3667705;2026-09-17;BQTO04;COMERCIAL ORQUIDEA;ProdBEBIDAS;TE LIMON 1L TUNAL;4
3667666;2026-09-17;BQTO04;COMERCIAL ORQUIDEA;ProdBEBIDAS_LACT;LECHE  DESLACTOSADA LIQUIDA PURISIMA;4
3667695;2026-09-17;BQTO04;COMERCIAL ORQUIDEA;ProdBEBIDAS;NECTAR PERA 1L TUNAL;6
3667698;2026-09-17;BQTO04;COMERCIAL ORQUIDEA;ProdBEBIDAS;NECTAR DURAZNO 1L TUNAL;3
3667703;2026-09-17;BQTO04;COMERCIAL ORQUIDEA;ProdBEBIDAS;TE DURAZNO 1L TUNAL;5
3667688;2026-09-17;BQTO04;COMERCIAL ORQUIDEA;ProdBEBIDAS;NARANJADA 1L TUNAL;3
3667660;2026-09-17;BQTO04;COMERCIAL ORQUIDEA;ProdBEBIDAS_LACT;LECHE COMPLETA LIQUIDA PURISIMA;28
3680262;2026-09-17;MCY01;DELI PLAZA 1 (A FINAL DE MES);ProdBEBIDAS_LACT;LECHE DESCREMADA LIQUIDA PURISIMA;11
3680314;2026-09-17;MCY01;DELI PLAZA 1 (A FINAL DE MES);ProdBEBIDAS;NECTAR DURAZNO 1L TUNAL;1
3680264;2026-09-17;MCY01;DELI PLAZA 1 (A FINAL DE MES);ProdBEBIDAS_LACT;LECHE  DESLACTOSADA LIQUIDA PURISIMA;3
3680312;2026-09-17;MCY01;DELI PLAZA 1 (A FINAL DE MES);ProdBEBIDAS;NECTAR MANZANA 1L TUNAL;1
3680313;2026-09-17;MCY01;DELI PLAZA 1 (A FINAL DE MES);ProdBEBIDAS;NECTAR PERA 1L TUNAL;1
3680266;2026-09-17;MCY01;DELI PLAZA 1 (A FINAL DE MES);ProdBEBIDAS_LACT;LECHE BARISTA PURISIMA;1
3680355;2026-09-17;MCY01;DELI PLAZA 1 (A FINAL DE MES);ProdEMBUTIDOS;MORTADELA DE POLLO DE 500G;1
3680260;2026-09-17;MCY01;DELI PLAZA 1 (A FINAL DE MES);ProdBEBIDAS_LACT;LECHE COMPLETA LIQUIDA PURISIMA;10
3680344;2026-09-17;MCY01;DELI PLAZA 1 (A FINAL DE MES);ProdEMBUTIDOS;SALCHICHA TIPO VIENA 450GR (22unid) ALIMEX;1
3680293;2026-09-17;MCY01;DELI PLAZA 1 (A FINAL DE MES);ProdBEBIDAS;TE DURAZNO 1L TUNAL;1
3680311;2026-09-17;MCY01;DELI PLAZA 1 (A FINAL DE MES);ProdBEBIDAS;NARANJADA 1L TUNAL;1
3680330;2026-09-17;MCY01;DELI PLAZA 1 (A FINAL DE MES);ProdDERIV_LACTEOS;CREMA DE LECHE DE 250GR PURISIMA;1
3680358;2026-09-17;MCY01;DELI PLAZA 1 (A FINAL DE MES);ProdEMBUTIDOS;MORTADELA DE POLLO DE 1 KG;2
3680341;2026-09-17;MCY01;DELI PLAZA 1 (A FINAL DE MES);ProdEMBUTIDOS;SALCHICHA TIPO VIENA 225G (11unid) ALIMEX;1
3680331;2026-09-17;MCY01;DELI PLAZA 1 (A FINAL DE MES);ProdDERIV_LACTEOS;CREMA DE LECHE DE 500GR PURISIMA;1
3680321;2026-09-17;MCY01;DELI PLAZA 1 (A FINAL DE MES);ProdBEBIDAS_LACT;LECHE EN POLVO PURISIMA 400GR;4
3680323;2026-09-17;MCY01;DELI PLAZA 1 (A FINAL DE MES);ProdBEBIDAS_LACT;LECHE EN POLVO PURISIMA 900GR;1
3680297;2026-09-17;MCY01;DELI PLAZA 1 (A FINAL DE MES);ProdBEBIDAS;TE FRUTOS ROJOS 1L TUNAL;1
3680295;2026-09-17;MCY01;DELI PLAZA 1 (A FINAL DE MES);ProdBEBIDAS;TE LIMON 1L TUNAL;1
3680346;2026-09-17;MCY01;DELI PLAZA 1 (A FINAL DE MES);ProdEMBUTIDOS;SALCHICHA TIPO VIENA 800GR (24unid) ALIMEX;1
3680224;2026-09-17;MCY01;DELI PLAZA 2;ProdBEBIDAS;NECTAR DURAZNO 1L TUNAL;1
3680243;2026-09-17;MCY01;DELI PLAZA 2;ProdEMBUTIDOS;SALCHICHA TIPO VIENA 450GR (22unid) ALIMEX;1
3680226;2026-09-17;MCY01;DELI PLAZA 2;ProdBEBIDAS;NECTAR MANZANA 1L TUNAL;1
3680228;2026-09-17;MCY01;DELI PLAZA 2;ProdBEBIDAS;NECTAR PERA 1L TUNAL;1
3680234;2026-09-17;MCY01;DELI PLAZA 2;ProdBEBIDAS;TE FRUTOS ROJOS 1L TUNAL;1
3680222;2026-09-17;MCY01;DELI PLAZA 2;ProdBEBIDAS;NARANJADA 1L TUNAL;1
3680249;2026-09-17;MCY01;DELI PLAZA 2;ProdEMBUTIDOS;MORTADELA DE POLLO DE 500G;1
3680244;2026-09-17;MCY01;DELI PLAZA 2;ProdEMBUTIDOS;SALCHICHA TIPO VIENA 800GR (24unid) ALIMEX;1
3680199;2026-09-17;MCY01;DELI PLAZA 2;ProdBEBIDAS_LACT;LECHE EN POLVO PURISIMA 400GR;1
3680201;2026-09-17;MCY01;DELI PLAZA 2;ProdBEBIDAS_LACT;LECHE EN POLVO PURISIMA 900GR;1
3680248;2026-09-17;MCY01;DELI PLAZA 2;ProdEMBUTIDOS;MORTADELA DE POLLO DE 1 KG;1
3680232;2026-09-17;MCY01;DELI PLAZA 2;ProdBEBIDAS;TE LIMON 1L TUNAL;1
3680250;2026-09-17;MCY01;DELI PLAZA 2;ProdDERIV_LACTEOS;CREMA DE LECHE DE 250GR PURISIMA;1
3636486;2026-09-17;PLC06;EL REY DEL PUEBLO;ProdBEBIDAS_LACT;LECHE EN POLVO PURISIMA 400GR;2
3636477;2026-09-17;PLC06;EL REY DEL PUEBLO;ProdBEBIDAS_LACT;LECHE  DESLACTOSADA LIQUIDA PURISIMA;4
3636464;2026-09-17;PLC06;EL REY DEL PUEBLO;ProdBEBIDAS;NECTAR MANZANA 1L TUNAL;1
3636465;2026-09-17;PLC06;EL REY DEL PUEBLO;ProdBEBIDAS;NECTAR PERA 1L TUNAL;6
3636474;2026-09-17;PLC06;EL REY DEL PUEBLO;ProdBEBIDAS_LACT;LECHE BARISTA PURISIMA;2
3636475;2026-09-17;PLC06;EL REY DEL PUEBLO;ProdBEBIDAS_LACT;LECHE COMPLETA LIQUIDA PURISIMA;4
3636476;2026-09-17;PLC06;EL REY DEL PUEBLO;ProdBEBIDAS_LACT;LECHE DESCREMADA LIQUIDA PURISIMA;4
3636485;2026-09-17;PLC06;EL REY DEL PUEBLO;ProdBEBIDAS_LACT;LECHE EN POLVO PURISIMA 200GR;2
3636466;2026-09-17;PLC06;EL REY DEL PUEBLO;ProdBEBIDAS;NECTAR DURAZNO 1L TUNAL;8
3681999;2026-09-17;MCY04;EUROMAXX PLUS;ProdEMBUTIDOS;MORTADELA DE POLLO DE 1 KG;1
3650692;2026-09-17;BQTO06;FIVE DE DICIEMBRE;ProdBEBIDAS;NECTAR PERA 1L TUNAL;8
3650690;2026-09-17;BQTO06;FIVE DE DICIEMBRE;ProdBEBIDAS;NECTAR MANZANA 1L TUNAL;8
3650702;2026-09-17;BQTO06;FIVE DE DICIEMBRE;ProdBEBIDAS;NECTAR MANZANA 500 ML TUNAL;6
3650705;2026-09-17;BQTO06;FIVE DE DICIEMBRE;ProdEMBUTIDOS;MORTADELA CCS DE CARNES 500G;8
3650700;2026-09-17;BQTO06;FIVE DE DICIEMBRE;ProdBEBIDAS;NECTAR MANZANA 200 ML TUNAL;3
3650691;2026-09-17;BQTO06;FIVE DE DICIEMBRE;ProdBEBIDAS;NECTAR DURAZNO 1L TUNAL;8
3650701;2026-09-17;BQTO06;FIVE DE DICIEMBRE;ProdBEBIDAS;NECTAR DURAZNO 500 ML TUNAL;6
3650704;2026-09-17;BQTO06;FIVE DE DICIEMBRE;ProdEMBUTIDOS;MORTADELA CCS DE CARNES 900G;7
3650699;2026-09-17;BQTO06;FIVE DE DICIEMBRE;ProdBEBIDAS;NECTAR DURAZNO 200 ML TUNAL;3
3638360;2026-09-17;CCS08;FORUM ZONA RENTAL;ProdDERIV_LACTEOS;Queso amarillo Purisima semimadurado disco 500gr;1
3638359;2026-09-17;CCS08;FORUM ZONA RENTAL;ProdDERIV_LACTEOS;QUESO DE CABRA 500G PURISIMA;1
3638399;2026-09-17;CCS08;FORUM ZONA RENTAL;ProdBEBIDAS_LACT;LECHE DESCREMADA LIQUIDA PURISIMA;7
3638386;2026-09-17;CCS08;FORUM ZONA RENTAL;ProdBEBIDAS;NECTAR PERA 200 ML TUNAL;2
3638387;2026-09-17;CCS08;FORUM ZONA RENTAL;ProdBEBIDAS;NECTAR DURAZNO 200 ML TUNAL;1
3638400;2026-09-17;CCS08;FORUM ZONA RENTAL;ProdBEBIDAS_LACT;LECHE  DESLACTOSADA LIQUIDA PURISIMA;7
3638385;2026-09-17;CCS08;FORUM ZONA RENTAL;ProdBEBIDAS;NECTAR MANZANA 200 ML TUNAL;2
3638384;2026-09-17;CCS08;FORUM ZONA RENTAL;ProdBEBIDAS;NARANJADA  200 ML TUNAL;1
3638373;2026-09-17;CCS08;FORUM ZONA RENTAL;ProdBEBIDAS;TE LIMON 1L TUNAL;4
3638372;2026-09-17;CCS08;FORUM ZONA RENTAL;ProdBEBIDAS;TE DURAZNO 1L TUNAL;2
3638374;2026-09-17;CCS08;FORUM ZONA RENTAL;ProdBEBIDAS;TE FRUTOS ROJOS 1L TUNAL;2
3638364;2026-09-17;CCS08;FORUM ZONA RENTAL;ProdDERIV_LACTEOS;MANTEQUILLA PURISIMA CON SAL 200G PURISIMA;5
3638388;2026-09-17;CCS08;FORUM ZONA RENTAL;ProdBEBIDAS;NARANJADA 1L TUNAL;5
3638391;2026-09-17;CCS08;FORUM ZONA RENTAL;ProdBEBIDAS;NECTAR DURAZNO 1L TUNAL;3
3638363;2026-09-17;CCS08;FORUM ZONA RENTAL;ProdDERIV_LACTEOS;MANTEQUILLA PURISIMA SIN SAL 200G PURISIMA;2
3638390;2026-09-17;CCS08;FORUM ZONA RENTAL;ProdBEBIDAS;NECTAR PERA 1L TUNAL;2
3638389;2026-09-17;CCS08;FORUM ZONA RENTAL;ProdBEBIDAS;NECTAR MANZANA 1L TUNAL;3
3638398;2026-09-17;CCS08;FORUM ZONA RENTAL;ProdBEBIDAS_LACT;LECHE COMPLETA LIQUIDA PURISIMA;14
3645552;2026-09-17;BQTO03;FRIGORIFICO POLLERA CABUDARE;ProdBEBIDAS;NECTAR MANZANA 200 ML TUNAL;5
3645549;2026-09-17;BQTO03;FRIGORIFICO POLLERA CABUDARE;ProdBEBIDAS;NECTAR DURAZNO 200 ML TUNAL;4
3645546;2026-09-17;BQTO03;FRIGORIFICO POLLERA CABUDARE;ProdBEBIDAS;NARANJADA  200 ML TUNAL;3
3645554;2026-09-17;BQTO03;FRIGORIFICO POLLERA CABUDARE;ProdBEBIDAS;NECTAR PERA 200 ML TUNAL;5
3649964;2026-09-17;BQTO01;FRIGORIFICO POLLERA LA 20;ProdDERIV_LACTEOS;MANTEQUILLA PURISIMA CON SAL 200G PURISIMA;5
3649962;2026-09-17;BQTO01;FRIGORIFICO POLLERA LA 20;ProdDERIV_LACTEOS;MANTEQUILLA PURISIMA SIN SAL 200G PURISIMA;1
3649958;2026-09-17;BQTO01;FRIGORIFICO POLLERA LA 20;ProdDERIV_LACTEOS;CREMA DE LECHE DE 250GR PURISIMA;4
3649956;2026-09-17;BQTO01;FRIGORIFICO POLLERA LA 20;ProdDERIV_LACTEOS;CREMA DE LECHE DE 500GR PURISIMA;2
3634918;2026-09-17;MCY02;HIPER MODELO;ProdBEBIDAS_LACT;LECHE COMPLETA LIQUIDA PURISIMA;6
3650679;2026-09-17;BQTO06;INVERSIONES GRAN FUTURO 88;ProdBEBIDAS;NECTAR MANZANA 200 ML TUNAL;2
3650677;2026-09-17;BQTO06;INVERSIONES GRAN FUTURO 88;ProdBEBIDAS;NECTAR DURAZNO 1L TUNAL;2
3650676;2026-09-17;BQTO06;INVERSIONES GRAN FUTURO 88;ProdBEBIDAS;NECTAR PERA 1L TUNAL;2
3650669;2026-09-17;BQTO06;INVERSIONES GRAN FUTURO 88;ProdBEBIDAS_LACT;LECHE COMPLETA LIQUIDA PURISIMA;8
3650673;2026-09-17;BQTO06;INVERSIONES GRAN FUTURO 88;ProdBEBIDAS;NARANJADA 1L TUNAL;2
3650674;2026-09-17;BQTO06;INVERSIONES GRAN FUTURO 88;ProdBEBIDAS;NECTAR MANZANA 1L TUNAL;4
3650671;2026-09-17;BQTO06;INVERSIONES GRAN FUTURO 88;ProdBEBIDAS_LACT;LECHE DESCREMADA LIQUIDA PURISIMA;8
3651001;2026-09-17;VLC01;KROMI PREBO;ProdEMBUTIDOS;MORTADELA CCS DE CARNES 1KG;1
3680182;2026-09-17;MCY01;LUXOR LA VICTORIA (UNA VEZ POR MES);ProdBEBIDAS;NARANJADA  200 ML TUNAL;2
3680174;2026-09-17;MCY01;LUXOR LA VICTORIA (UNA VEZ POR MES);ProdBEBIDAS;NECTAR MANZANA 1L TUNAL;2
3680183;2026-09-17;MCY01;LUXOR LA VICTORIA (UNA VEZ POR MES);ProdBEBIDAS;NECTAR DURAZNO 200 ML TUNAL;2
3680184;2026-09-17;MCY01;LUXOR LA VICTORIA (UNA VEZ POR MES);ProdBEBIDAS;NECTAR MANZANA 200 ML TUNAL;2
3680181;2026-09-17;MCY01;LUXOR LA VICTORIA (UNA VEZ POR MES);ProdBEBIDAS;NECTAR DURAZNO 500 ML TUNAL;1
3680173;2026-09-17;MCY01;LUXOR LA VICTORIA (UNA VEZ POR MES);ProdBEBIDAS;NECTAR DURAZNO 1L TUNAL;3
3680185;2026-09-17;MCY01;LUXOR LA VICTORIA (UNA VEZ POR MES);ProdBEBIDAS;NECTAR PERA 200 ML TUNAL;2
3680172;2026-09-17;MCY01;LUXOR LA VICTORIA (UNA VEZ POR MES);ProdBEBIDAS;NARANJADA 1L TUNAL;2
3680176;2026-09-17;MCY01;LUXOR LA VICTORIA (UNA VEZ POR MES);ProdBEBIDAS;TE DURAZNO 1L TUNAL;1
3680177;2026-09-17;MCY01;LUXOR LA VICTORIA (UNA VEZ POR MES);ProdBEBIDAS;TE LIMON 1L TUNAL;2
3680175;2026-09-17;MCY01;LUXOR LA VICTORIA (UNA VEZ POR MES);ProdBEBIDAS;NECTAR PERA 1L TUNAL;3
3680178;2026-09-17;MCY01;LUXOR LA VICTORIA (UNA VEZ POR MES);ProdBEBIDAS;TE FRUTOS ROJOS 1L TUNAL;2
3680179;2026-09-17;MCY01;LUXOR LA VICTORIA (UNA VEZ POR MES);ProdBEBIDAS;NECTAR PERA 500 ML TUNAL;2
3680180;2026-09-17;MCY01;LUXOR LA VICTORIA (UNA VEZ POR MES);ProdBEBIDAS;NECTAR MANZANA 500 ML TUNAL;2
3680166;2026-09-17;MCY01;LUXOR LA VICTORIA (UNA VEZ POR MES);ProdBEBIDAS_LACT;LECHE  DESLACTOSADA LIQUIDA PURISIMA;9
3680164;2026-09-17;MCY01;LUXOR LA VICTORIA (UNA VEZ POR MES);ProdBEBIDAS_LACT;LECHE COMPLETA LIQUIDA PURISIMA;17
3680165;2026-09-17;MCY01;LUXOR LA VICTORIA (UNA VEZ POR MES);ProdBEBIDAS_LACT;LECHE DESCREMADA LIQUIDA PURISIMA;14
3645397;2026-09-17;VLC04;LUXOR NAGUANAGUA;ProdEMBUTIDOS;SALCHICHA TIPO VIENA 450GR (22unid) ALIMEX;1
3645400;2026-09-17;VLC04;LUXOR NAGUANAGUA;ProdEMBUTIDOS;CHORIZO DE CERDO PICANTE PARRILLERO ALIMEX;1
3645398;2026-09-17;VLC04;LUXOR NAGUANAGUA;ProdEMBUTIDOS;SALCHICHA TIPO VIENA 800GR (24unid) ALIMEX;2
3650199;2026-09-17;PLC02;MAS X MENOS AV.LECHERIA;ProdDERIV_LACTEOS;CREMA DE LECHE DE 250GR PURISIMA;1
3646187;2026-09-17;PLC03;MAS X MENOS GUARAGUAO;ProdBEBIDAS;NECTAR MANZANA 200 ML TUNAL;3
3641591;2026-09-17;PLC03;MAS X MENOS JUDIBANA;ProdBEBIDAS;TE FRUTOS ROJOS 50OML;2
3641581;2026-09-17;PLC03;MAS X MENOS JUDIBANA;ProdBEBIDAS;NECTAR MANZANA 200 ML TUNAL;3
3634221;2026-09-17;PLC07;MAYORCA;ProdBEBIDAS;NARANJADA  500 ML TUNAL;1
3634223;2026-09-17;PLC07;MAYORCA;ProdBEBIDAS;NARANJADA  200 ML TUNAL;1
3634249;2026-09-17;PLC07;MAYORCA;ProdBEBIDAS;NECTAR PERA 200 ML TUNAL;0
3646333;2026-09-17;BQTO02;MERKAFURT SAMBIL;ProdBEBIDAS_LACT;LECHE BARISTA PURISIMA;1
3646320;2026-09-17;BQTO02;MERKAFURT SAMBIL;ProdBEBIDAS_LACT;LECHE COMPLETA LIQUIDA PURISIMA;1
3646325;2026-09-17;BQTO02;MERKAFURT SAMBIL;ProdBEBIDAS_LACT;LECHE DESCREMADA LIQUIDA PURISIMA;1
3646348;2026-09-17;BQTO02;MERKAFURT SAMBIL;ProdDERIV_LACTEOS;MANTEQUILLA PURISIMA CON SAL 200G PURISIMA;2
3646362;2026-09-17;BQTO02;MERKAFURT SAMBIL;ProdDERIV_LACTEOS;CREMA DE LECHE DE 250GR PURISIMA;3
3646344;2026-09-17;BQTO02;MERKAFURT SAMBIL;ProdDERIV_LACTEOS;MANTEQUILLA PURISIMA SIN SAL 200G PURISIMA;2
3646329;2026-09-17;BQTO02;MERKAFURT SAMBIL;ProdBEBIDAS_LACT;LECHE  DESLACTOSADA LIQUIDA PURISIMA;1
3646358;2026-09-17;BQTO02;MERKAFURT SAMBIL;ProdDERIV_LACTEOS;CREMA DE LECHE DE 500GR PURISIMA;2
3646351;2026-09-17;BQTO02;MI SUPER  LOS LEONES;ProdEMBUTIDOS;MORTADELA CCS DE CARNES 500G;4
3646354;2026-09-17;BQTO02;MI SUPER  LOS LEONES;ProdEMBUTIDOS;SALCHICHA TIPO VIENA 225G (11unid) ALIMEX;2
3649934;2026-09-17;BQTO01;MI SUPER AV 21;ProdDERIV_LACTEOS;CREMA DE LECHE DE 250GR PURISIMA;1
3649931;2026-09-17;BQTO01;MI SUPER AV 21;ProdDERIV_LACTEOS;CREMA DE LECHE DE 500GR PURISIMA;2
3649963;2026-09-17;BQTO01;MI SUPER AV 21;ProdBEBIDAS;NECTAR MANZANA LIGHT 1 LITRO TUNAL;2
3649937;2026-09-17;BQTO01;MI SUPER AV 21;ProdDERIV_LACTEOS;MANTEQUILLA PURISIMA SIN SAL 200G PURISIMA;2
3649955;2026-09-17;BQTO01;MI SUPER AV 21;ProdBEBIDAS;NECTAR DURAZNO 1L TUNAL;2
3649940;2026-09-17;BQTO01;MI SUPER AV 21;ProdDERIV_LACTEOS;MANTEQUILLA PURISIMA CON SAL 200G PURISIMA;2
3649953;2026-09-17;BQTO01;MI SUPER AV 21;ProdBEBIDAS;NARANJADA 1L TUNAL;2
3649950;2026-09-17;BQTO01;MI SUPER AV 21;ProdBEBIDAS_LACT;LECHE  DESLACTOSADA LIQUIDA PURISIMA;5
3649947;2026-09-17;BQTO01;MI SUPER AV 21;ProdBEBIDAS_LACT;LECHE DESCREMADA LIQUIDA PURISIMA;5
3649961;2026-09-17;BQTO01;MI SUPER AV 21;ProdBEBIDAS;NECTAR PERA 1L TUNAL;2
3649968;2026-09-17;BQTO01;MI SUPER AV 21;ProdBEBIDAS;TE FRUTOS ROJOS 1L TUNAL;2
3649943;2026-09-17;BQTO01;MI SUPER AV 21;ProdBEBIDAS_LACT;LECHE COMPLETA LIQUIDA PURISIMA;4
3649967;2026-09-17;BQTO01;MI SUPER AV 21;ProdBEBIDAS;TE LIMON 1L TUNAL;2
3649965;2026-09-17;BQTO01;MI SUPER AV 21;ProdBEBIDAS;TE DURAZNO 1L TUNAL;2
3644945;2026-09-17;PLC06;MULTIMARKET ORIENTAL;ProdBEBIDAS_LACT;LECHE EN POLVO PURISIMA 200GR;1
3644946;2026-09-17;PLC06;MULTIMARKET ORIENTAL;ProdBEBIDAS_LACT;LECHE EN POLVO PURISIMA 400GR;1
3644942;2026-09-17;PLC06;MULTIMARKET ORIENTAL;ProdEMBUTIDOS;MORTADELA CCS DE CARNES 900G;5
3646286;2026-09-17;BQTO02;PA TODO PATARATA;ProdBEBIDAS;TE DURAZNO 1L TUNAL;4
3646291;2026-09-17;BQTO02;PA TODO PATARATA;ProdBEBIDAS;TE FRUTOS ROJOS 1L TUNAL;4
3646340;2026-09-17;BQTO02;PA TODO PATARATA;ProdBEBIDAS_LACT;LECHE COMPLETA LIQUIDA PURISIMA;25
3646282;2026-09-17;BQTO02;PA TODO PATARATA;ProdBEBIDAS;NECTAR PERA 1L TUNAL;10
3646349;2026-09-17;BQTO02;PA TODO PATARATA;ProdBEBIDAS_LACT;LECHE  DESLACTOSADA LIQUIDA PURISIMA;15
3646295;2026-09-17;BQTO02;PA TODO PATARATA;ProdBEBIDAS;TE LIMON 1L TUNAL;2
3646345;2026-09-17;BQTO02;PA TODO PATARATA;ProdBEBIDAS_LACT;LECHE DESCREMADA LIQUIDA PURISIMA;15
3637449;2026-09-17;CCS05;PARAMO BARUTA;ProdDERIV_LACTEOS;MANTEQUILLA PURISIMA SIN SAL 200G PURISIMA;3
3637444;2026-09-17;CCS05;PARAMO BARUTA;ProdBEBIDAS_LACT;LECHE EN POLVO PURISIMA 900GR;5
3637450;2026-09-17;CCS05;PARAMO BARUTA;ProdDERIV_LACTEOS;MANTEQUILLA PURISIMA CON SAL 200G PURISIMA;3
3637448;2026-09-17;CCS05;PARAMO BARUTA;ProdEMBUTIDOS;MORTADELA CCS DE CARNES 900G;1
3644986;2026-09-17;CCS10;PARAMO CARICUAO;ProdDERIV_LACTEOS;CREMA DE LECHE DE 500GR PURISIMA;2
3644987;2026-09-17;CCS10;PARAMO CARICUAO;ProdBEBIDAS;NECTAR MANZANA 1L TUNAL;8
3635332;2026-09-17;CCS05;PARAMO MANZANARES;ProdBEBIDAS;NECTAR PERA 1L TUNAL;3
3635342;2026-09-17;CCS05;PARAMO MANZANARES;ProdEMBUTIDOS;SALCHICHA TIPO VIENA 225G (11unid) ALIMEX;2
3635330;2026-09-17;CCS05;PARAMO MANZANARES;ProdBEBIDAS;NECTAR DURAZNO 1L TUNAL;2
3635341;2026-09-17;CCS05;PARAMO MANZANARES;ProdEMBUTIDOS;SALCHICHA TIPO VIENA 800GR (24unid) ALIMEX;1
3635334;2026-09-17;CCS05;PARAMO MANZANARES;ProdEMBUTIDOS;MORTADELA CCS DE CARNES 900G;1
3635329;2026-09-17;CCS05;PARAMO MANZANARES;ProdBEBIDAS;NARANJADA 1L TUNAL;5
3635331;2026-09-17;CCS05;PARAMO MANZANARES;ProdBEBIDAS;NECTAR MANZANA 1L TUNAL;5
3647200;2026-09-17;CCS11;PARAMO PRADO DE MARIA;ProdBEBIDAS;NECTAR DURAZNO 500 ML TUNAL;2
3647186;2026-09-17;CCS11;PARAMO PRADO DE MARIA;ProdBEBIDAS;NARANJADA 1L TUNAL;6
3647196;2026-09-17;CCS11;PARAMO PRADO DE MARIA;ProdBEBIDAS;NECTAR PERA LIGHT 1 LITRO TUNAL;6
3647198;2026-09-17;CCS11;PARAMO PRADO DE MARIA;ProdBEBIDAS;NECTAR PERA 500 ML TUNAL;6
3643813;2026-09-17;CCS10;PARAMO RUIZ PINEDA;ProdBEBIDAS;NECTAR MANZANA 1L TUNAL;8
3640425;2026-09-17;CCS05;PLAN SUAREZ  TRINIDAD;ProdEMBUTIDOS;SALCHICHA TIPO VIENA 800GR (24unid) ALIMEX;2
3640428;2026-09-17;CCS05;PLAN SUAREZ  TRINIDAD;ProdBEBIDAS;NARANJADA 1L TUNAL;5
3640423;2026-09-17;CCS05;PLAN SUAREZ  TRINIDAD;ProdEMBUTIDOS;MORTADELA CCS DE CARNES 900G;1
3640427;2026-09-17;CCS05;PLAN SUAREZ  TRINIDAD;ProdEMBUTIDOS;SALCHICHA TIPO VIENA 225G (11unid) ALIMEX;1
3640415;2026-09-17;CCS05;PLAN SUAREZ  TRINIDAD;ProdBEBIDAS_LACT;LECHE COMPLETA LIQUIDA PURISIMA;12
3640417;2026-09-17;CCS05;PLAN SUAREZ  TRINIDAD;ProdBEBIDAS_LACT;LECHE  DESLACTOSADA LIQUIDA PURISIMA;11
3640416;2026-09-17;CCS05;PLAN SUAREZ  TRINIDAD;ProdBEBIDAS_LACT;LECHE DESCREMADA LIQUIDA PURISIMA;12
3640426;2026-09-17;CCS05;PLAN SUAREZ  TRINIDAD;ProdEMBUTIDOS;SALCHICHA TIPO VIENA 450GR (22unid) ALIMEX;1
3645526;2026-09-17;BQTO03;PLAZA CHINA;ProdBEBIDAS;NECTAR MANZANA 200 ML TUNAL;6
3645525;2026-09-17;BQTO03;PLAZA CHINA;ProdBEBIDAS;NECTAR DURAZNO 200 ML TUNAL;6
3645527;2026-09-17;BQTO03;PLAZA CHINA;ProdBEBIDAS;NECTAR PERA 200 ML TUNAL;6
3645524;2026-09-17;BQTO03;PLAZA CHINA;ProdBEBIDAS;NARANJADA  200 ML TUNAL;6
3635183;2026-09-17;VLC04;REDVITAL NAGUANAGUA;ProdBEBIDAS;NECTAR DURAZNO 200 ML TUNAL;1
3635184;2026-09-17;VLC04;REDVITAL NAGUANAGUA;ProdBEBIDAS;NECTAR MANZANA 200 ML TUNAL;1
3635165;2026-09-17;VLC04;REDVITAL NAGUANAGUA;ProdHUEVOS;HUEVO EMPACADO- 1X12 PLASTICO TUNAL;6
3635177;2026-09-17;VLC04;REDVITAL NAGUANAGUA;ProdBEBIDAS;TE DURAZNO 1L TUNAL;1
3635176;2026-09-17;VLC04;REDVITAL NAGUANAGUA;ProdBEBIDAS;NECTAR PERA 1L TUNAL;1
3635181;2026-09-17;VLC04;REDVITAL NAGUANAGUA;ProdBEBIDAS;NARANJADA  500 ML TUNAL;1
3635178;2026-09-17;VLC04;REDVITAL NAGUANAGUA;ProdBEBIDAS;TE LIMON 1L TUNAL;1
3642331;2026-09-17;CCS07;RIO GUATIRE;ProdBEBIDAS_LACT;LECHE DESCREMADA LIQUIDA PURISIMA;14
3645688;2026-09-17;PLC05;RIO TERRANOVA;ProdBEBIDAS;NECTAR DURAZNO 200 ML TUNAL;3
3641941;2026-09-17;PLC09;SIGO COSTA AZUL;ProdBEBIDAS;NECTAR PERA 200 ML TUNAL;2
3641939;2026-09-17;PLC09;SIGO COSTA AZUL;ProdBEBIDAS;NARANJADA  200 ML TUNAL;4
3641940;2026-09-17;PLC09;SIGO COSTA AZUL;ProdBEBIDAS;NECTAR MANZANA 200 ML TUNAL;2
3644351;2026-09-17;PTO04;SUP KOBI;ProdBEBIDAS;NARANJADA  200 ML TUNAL;1
3644348;2026-09-17;PTO04;SUP KOBI;ProdBEBIDAS;NARANJADA 1L TUNAL;
3644352;2026-09-17;PTO04;SUP KOBI;ProdBEBIDAS;NECTAR DURAZNO 200 ML TUNAL;1
3644369;2026-09-17;PTO04;SUP KOBI;ProdEMBUTIDOS;MORTADELA CCS DE CARNES 900G;1
3644350;2026-09-17;PTO04;SUP KOBI;ProdBEBIDAS;NECTAR MANZANA 1L TUNAL;1
3644349;2026-09-17;PTO04;SUP KOBI;ProdBEBIDAS;NECTAR DURAZNO 1L TUNAL;1
3644355;2026-09-17;PTO04;SUP KOBI;ProdBEBIDAS;NECTAR PERA 500 ML TUNAL;1
3644368;2026-09-17;PTO04;SUP KOBI;ProdEMBUTIDOS;MORTADELA CCS DE CARNES 500G;1
3644354;2026-09-17;PTO04;SUP KOBI;ProdBEBIDAS;NECTAR PERA 200 ML TUNAL;1
3644353;2026-09-17;PTO04;SUP KOBI;ProdBEBIDAS;NECTAR MANZANA 200 ML TUNAL;1
3636703;2026-09-17;PTO04;SUP LA CASA QUN FUNG;ProdDERIV_LACTEOS;CREMA DE LECHE DE 250GR PURISIMA;1
3636704;2026-09-17;PTO04;SUP LA CASA QUN FUNG;ProdDERIV_LACTEOS;MANTEQUILLA PURISIMA CON SAL 200G PURISIMA;2
3636726;2026-09-17;PTO04;SUP LA CASA QUN FUNG;ProdBEBIDAS_LACT;LECHE DESCREMADA LIQUIDA PURISIMA;1
3636727;2026-09-17;PTO04;SUP LA CASA QUN FUNG;ProdBEBIDAS_LACT;LECHE  DESLACTOSADA LIQUIDA PURISIMA;1
3636715;2026-09-17;PTO04;SUP LA CASA QUN FUNG;ProdBEBIDAS_LACT;LECHE EN POLVO PURISIMA 400GR;1
3636714;2026-09-17;PTO04;SUP LA CASA QUN FUNG;ProdBEBIDAS_LACT;LECHE EN POLVO PURISIMA 200GR;1
3636716;2026-09-17;PTO04;SUP LA CASA QUN FUNG;ProdBEBIDAS_LACT;LECHE EN POLVO PURISIMA 900GR;1
3636697;2026-09-17;PTO04;SUP LA CASA QUN FUNG;ProdEMBUTIDOS;MORTADELA CCS DE CARNES 500G;1
3636701;2026-09-17;PTO04;SUP LA CASA QUN FUNG;ProdEMBUTIDOS;MORTADELA CCS DE CARNES 900G;1
3636702;2026-09-17;PTO04;SUP LA CASA QUN FUNG;ProdDERIV_LACTEOS;CREMA DE LECHE DE 500GR PURISIMA;1
3636725;2026-09-17;PTO04;SUP LA CASA QUN FUNG;ProdBEBIDAS_LACT;LECHE COMPLETA LIQUIDA PURISIMA;2
3636728;2026-09-17;PTO04;SUP LA CASA QUN FUNG;ProdBEBIDAS;NECTAR MANZANA 1L TUNAL;4
3650675;2026-09-17;BQTO06;SUPER ANGEL 88 C.A;ProdBEBIDAS_LACT;LECHE  DESLACTOSADA LIQUIDA PURISIMA;6
3650670;2026-09-17;BQTO06;SUPER ANGEL 88 C.A;ProdBEBIDAS_LACT;LECHE COMPLETA LIQUIDA PURISIMA;8
3650672;2026-09-17;BQTO06;SUPER ANGEL 88 C.A;ProdBEBIDAS_LACT;LECHE DESCREMADA LIQUIDA PURISIMA;8
3650683;2026-09-17;BQTO06;SUPER ANGEL 88 C.A;ProdBEBIDAS;NECTAR PERA 1L TUNAL;2
3650681;2026-09-17;BQTO06;SUPER ANGEL 88 C.A;ProdBEBIDAS;NECTAR MANZANA 1L TUNAL;1
3650685;2026-09-17;BQTO06;SUPER ANGEL 88 C.A;ProdBEBIDAS;NECTAR DURAZNO 1L TUNAL;3
3650678;2026-09-17;BQTO06;SUPER ANGEL 88 C.A;ProdBEBIDAS;NARANJADA 1L TUNAL;2
3667640;2026-09-17;BQTO04;SUPER PLAZA;ProdDERIV_LACTEOS;CREMA DE LECHE DE 250GR PURISIMA;8
3667639;2026-09-17;BQTO04;SUPER PLAZA;ProdDERIV_LACTEOS;CREMA DE LECHE DE 500GR PURISIMA;4
3667638;2026-09-17;BQTO04;SUPER PLAZA;ProdDERIV_LACTEOS;MANTEQUILLA PURISIMA SIN SAL 200G PURISIMA;6
3667636;2026-09-17;BQTO04;SUPER PLAZA;ProdDERIV_LACTEOS;MANTEQUILLA PURISIMA CON SAL 200G PURISIMA;6
3667599;2026-09-17;BQTO04;SUPER PLAZA;ProdBEBIDAS;NECTAR PERA 500 ML TUNAL;3
3667601;2026-09-17;BQTO04;SUPER PLAZA;ProdBEBIDAS;NECTAR DURAZNO 500 ML TUNAL;4
3667610;2026-09-17;BQTO04;SUPER PLAZA;ProdBEBIDAS;JUGO NARANJA LIGTH 1 LITRO TUNAL;5
3667612;2026-09-17;BQTO04;SUPER PLAZA;ProdBEBIDAS;NECTAR PERA LIGHT 1 LITRO TUNAL;5
3667621;2026-09-17;BQTO04;SUPER PLAZA;ProdBEBIDAS;NARANJADA 1L TUNAL;5
3667606;2026-09-17;BQTO04;SUPER PLAZA;ProdBEBIDAS;NECTAR PERA 200 ML TUNAL;24
3667603;2026-09-17;BQTO04;SUPER PLAZA;ProdBEBIDAS;NECTAR MANZANA 200 ML TUNAL;24
3667608;2026-09-17;BQTO04;SUPER PLAZA;ProdBEBIDAS;NECTAR DURAZNO 200 ML TUNAL;24
3667567;2026-09-17;BQTO04;SUPER PLAZA;ProdBEBIDAS_LACT;LECHE COMPLETA LIQUIDA PURISIMA;15
3667570;2026-09-17;BQTO04;SUPER PLAZA;ProdBEBIDAS_LACT;LECHE DESCREMADA LIQUIDA PURISIMA;15
3667627;2026-09-17;BQTO04;SUPER PLAZA;ProdBEBIDAS;TE FRUTOS ROJOS 1L TUNAL;5
3667625;2026-09-17;BQTO04;SUPER PLAZA;ProdBEBIDAS;TE LIMON 1L TUNAL;5
3667617;2026-09-17;BQTO04;SUPER PLAZA;ProdBEBIDAS;NECTAR MANZANA 1L TUNAL;5
3667619;2026-09-17;BQTO04;SUPER PLAZA;ProdBEBIDAS;NECTAR PERA 1L TUNAL;5
3667623;2026-09-17;BQTO04;SUPER PLAZA;ProdBEBIDAS;TE DURAZNO 1L TUNAL;5
3667572;2026-09-17;BQTO04;SUPER PLAZA;ProdBEBIDAS_LACT;LECHE  DESLACTOSADA LIQUIDA PURISIMA;15
3650644;2026-09-17;BQTO06;"SUPERMERCADO XINGZI; C.A";ProdBEBIDAS;NECTAR MANZANA 500 ML TUNAL;1
3650643;2026-09-17;BQTO06;"SUPERMERCADO XINGZI; C.A";ProdBEBIDAS;NECTAR PERA 1L TUNAL;2
3650645;2026-09-17;BQTO06;"SUPERMERCADO XINGZI; C.A";ProdBEBIDAS;NARANJADA  200 ML TUNAL;1
3650642;2026-09-17;BQTO06;"SUPERMERCADO XINGZI; C.A";ProdBEBIDAS;NECTAR MANZANA 1L TUNAL;4
3650646;2026-09-17;BQTO06;"SUPERMERCADO XINGZI; C.A";ProdBEBIDAS;NECTAR MANZANA 200 ML TUNAL;1
3650639;2026-09-17;BQTO06;"SUPERMERCADO XINGZI; C.A";ProdBEBIDAS_LACT;LECHE DESCREMADA LIQUIDA PURISIMA;30
3650641;2026-09-17;BQTO06;"SUPERMERCADO XINGZI; C.A";ProdBEBIDAS;NARANJADA 1L TUNAL;5
3650638;2026-09-17;BQTO06;"SUPERMERCADO XINGZI; C.A";ProdBEBIDAS_LACT;LECHE COMPLETA LIQUIDA PURISIMA;25
3650640;2026-09-17;BQTO06;"SUPERMERCADO XINGZI; C.A";ProdBEBIDAS_LACT;LECHE  DESLACTOSADA LIQUIDA PURISIMA;21
3667678;2026-09-17;BQTO04;Super market arce 2025;ProdBEBIDAS;NECTAR DURAZNO 1L TUNAL;4
3667684;2026-09-17;BQTO04;Super market arce 2025;ProdBEBIDAS;TE LIMON 1L TUNAL;2
3667681;2026-09-17;BQTO04;Super market arce 2025;ProdBEBIDAS;TE DURAZNO 1L TUNAL;1
3667674;2026-09-17;BQTO04;Super market arce 2025;ProdBEBIDAS;NECTAR PERA 1L TUNAL;5
3667656;2026-09-17;BQTO04;Super market arce 2025;ProdBEBIDAS_LACT;LECHE COMPLETA LIQUIDA PURISIMA;20
3667658;2026-09-17;BQTO04;Super market arce 2025;ProdBEBIDAS_LACT;LECHE DESCREMADA LIQUIDA PURISIMA;22
3650121;2026-09-17;PLC02;TODOHOGAR AV. LECHERIA;ProdBEBIDAS_LACT;LECHE BARISTA PURISIMA;1
3645919;2026-09-17;CCS10;UNICASA CARICUAO;ProdBEBIDAS_LACT;Leche en polvo Purisima 500gr;2
3645916;2026-09-17;CCS10;UNICASA CARICUAO;ProdBEBIDAS_LACT;LECHE COMPLETA LIQUIDA PURISIMA;17
3653588;2026-09-18;PLC06;AIKOZ  ANACO CENTER;ProdBEBIDAS;NECTAR MANZANA 1L TUNAL;2
3653589;2026-09-18;PLC06;AIKOZ  ANACO CENTER;ProdBEBIDAS;NECTAR PERA 1L TUNAL;1
3653587;2026-09-18;PLC06;AIKOZ  ANACO CENTER;ProdBEBIDAS;NARANJADA 1L TUNAL;2
3653585;2026-09-18;PLC06;AIKOZ  ANACO CENTER;ProdBEBIDAS;NECTAR DURAZNO 200 ML TUNAL;3
3653583;2026-09-18;PLC06;AIKOZ  ANACO CENTER;ProdBEBIDAS;NECTAR MANZANA 200 ML TUNAL;3
3653584;2026-09-18;PLC06;AIKOZ  ANACO CENTER;ProdBEBIDAS;NECTAR PERA 200 ML TUNAL;3
3653591;2026-09-18;PLC06;AIKOZ  ANACO CENTER;ProdBEBIDAS;TE LIMON 1L TUNAL;1
3653590;2026-09-18;PLC06;AIKOZ  ANACO CENTER;ProdBEBIDAS;TE DURAZNO 1L TUNAL;1
3653586;2026-09-18;PLC06;AIKOZ  ANACO CENTER;ProdBEBIDAS;NARANJADA  500 ML TUNAL;1
3652016;2026-09-18;PLC05;AIKOZ AB. AVENIDA BOLIVAR;ProdBEBIDAS_LACT;LECHE BARISTA PURISIMA;6
3658107;2026-09-18;PLC01;AIKOZ SECTOR VENECIA;ProdEMBUTIDOS;SALCHICHA TIPO VIENA 450GR (22unid) ALIMEX;3
3658106;2026-09-18;PLC01;AIKOZ SECTOR VENECIA;ProdEMBUTIDOS;SALCHICHA TIPO VIENA 800GR (24unid) ALIMEX;3
3681967;2026-09-18;MCY04;Arabito Cagua;ProdBEBIDAS_LACT;LECHE  DESLACTOSADA LIQUIDA PURISIMA;2
3681975;2026-09-18;MCY04;Arabito Cagua;ProdBEBIDAS_LACT;LECHE EN POLVO PURISIMA 400GR;2
3664306;2026-09-18;BQTO01;BODEGON VENUS;ProdBEBIDAS;TE DURAZNO 1L TUNAL;1
3664318;2026-09-18;BQTO01;BODEGON VENUS;ProdBEBIDAS;JUGO NARANJA LIGTH 1 LITRO TUNAL;1
3664350;2026-09-18;BQTO01;BODEGON VENUS;ProdEMBUTIDOS;SALCHICHA TIPO VIENA 800GR (24unid) ALIMEX;1
3664347;2026-09-18;BQTO01;BODEGON VENUS;ProdDERIV_LACTEOS;MANTEQUILLA PURISIMA SIN SAL 200G PURISIMA;2
3664352;2026-09-18;BQTO01;BODEGON VENUS;ProdEMBUTIDOS;SALCHICHA TIPO VIENA 225G (11unid) ALIMEX;1
3664335;2026-09-18;BQTO01;BODEGON VENUS;ProdBEBIDAS_LACT;LECHE  DESLACTOSADA LIQUIDA PURISIMA;3
3664332;2026-09-18;BQTO01;BODEGON VENUS;ProdBEBIDAS_LACT;LECHE DESCREMADA LIQUIDA PURISIMA;2
3664303;2026-09-18;BQTO01;BODEGON VENUS;ProdBEBIDAS;NECTAR PERA 1L TUNAL;1
3664311;2026-09-18;BQTO01;BODEGON VENUS;ProdBEBIDAS;TE LIMON 1L TUNAL;1
3664292;2026-09-18;BQTO01;BODEGON VENUS;ProdBEBIDAS;NARANJADA 1L TUNAL;2
3664345;2026-09-18;BQTO01;BODEGON VENUS;ProdDERIV_LACTEOS;MANTEQUILLA PURISIMA CON SAL 200G PURISIMA;5
3664341;2026-09-18;BQTO01;BODEGON VENUS;ProdDERIV_LACTEOS;CREMA DE LECHE DE 250GR PURISIMA;4
3664323;2026-09-18;BQTO01;BODEGON VENUS;ProdBEBIDAS;NECTAR PERA LIGHT 1 LITRO TUNAL;2
3664338;2026-09-18;BQTO01;BODEGON VENUS;ProdDERIV_LACTEOS;CREMA DE LECHE DE 500GR PURISIMA;4
3664327;2026-09-18;BQTO01;BODEGON VENUS;ProdBEBIDAS_LACT;LECHE COMPLETA LIQUIDA PURISIMA;1
3664314;2026-09-18;BQTO01;BODEGON VENUS;ProdBEBIDAS;TE FRUTOS ROJOS 1L TUNAL;2
3664300;2026-09-18;BQTO01;BODEGON VENUS;ProdBEBIDAS;NECTAR DURAZNO 1L TUNAL;1
3664296;2026-09-18;BQTO01;BODEGON VENUS;ProdBEBIDAS;NECTAR MANZANA 1L TUNAL;1
3663332;2026-09-18;CCS11;CENTRAL MADEIRENSE CONCORDIA;ProdEMBUTIDOS;SALCHICHA TIPO VIENA 800GR (24unid) ALIMEX;1
3653089;2026-09-18;CCS11;CENTRAL MADEIRENSE SAN JOSE;ProdEMBUTIDOS;SALCHICHA TIPO VIENA 450GR (22unid) ALIMEX;2
3656629;2026-09-18;CCS07;EMPORIUM GUARENAS NUEVA CASARAPA;ProdHUEVOS;HUEVO EMPACADO- 1X12 PLASTICO TUNAL;2
3658479;2026-09-18;MCY02;EUROMARKET;ProdBEBIDAS;NECTAR DURAZNO 200 ML TUNAL;3
3659972;2026-09-18;MCY03;EUROMERCADO INTERCOMUNAL;ProdEMBUTIDOS;Salchicha el tunal de pollo 450gr;1
3659964;2026-09-18;MCY03;EUROMERCADO INTERCOMUNAL;ProdEMBUTIDOS;SALCHICHA TIPO VIENA 800GR (24unid) ALIMEX;1
3659968;2026-09-18;MCY03;EUROMERCADO INTERCOMUNAL;ProdEMBUTIDOS;SALCHICHA TIPO VIENA 225G (11unid) ALIMEX;1
3659975;2026-09-18;MCY03;EUROMERCADO INTERCOMUNAL;ProdEMBUTIDOS;Salchicha el tunal de pollo 250gr;1
3659966;2026-09-18;MCY03;EUROMERCADO INTERCOMUNAL;ProdEMBUTIDOS;SALCHICHA TIPO VIENA 450GR (22unid) ALIMEX;1
3664358;2026-09-18;BQTO01;FRIGORIFICO LA POLLERA PASEO;ProdDERIV_LACTEOS;CREMA DE LECHE DE 500GR PURISIMA;2
3664359;2026-09-18;BQTO01;FRIGORIFICO LA POLLERA PASEO;ProdDERIV_LACTEOS;CREMA DE LECHE DE 250GR PURISIMA;4
3664360;2026-09-18;BQTO01;FRIGORIFICO LA POLLERA PASEO;ProdDERIV_LACTEOS;MANTEQUILLA PURISIMA CON SAL 200G PURISIMA;3
3664361;2026-09-18;BQTO01;FRIGORIFICO LA POLLERA PASEO;ProdDERIV_LACTEOS;MANTEQUILLA PURISIMA SIN SAL 200G PURISIMA;3
3657198;2026-09-18;PLC07;IMPORT VCB 1 CASA BLANCA;ProdBEBIDAS_LACT;LECHE EN POLVO PURISIMA 400GR;1
3660290;2026-09-18;PLC07;IMPORT VCB 2 CAMPO OFICINA;ProdBEBIDAS;NECTAR MANZANA 200 ML TUNAL;2
3668127;2026-09-18;BQTO06;INV. MI FORTUNA 817;ProdDERIV_LACTEOS;MANTEQUILLA PURISIMA CON SAL 200G PURISIMA;2
3668121;2026-09-18;BQTO06;INV. MI FORTUNA 817;ProdBEBIDAS_LACT;LECHE COMPLETA LIQUIDA PURISIMA;1
3668128;2026-09-18;BQTO06;INV. MI FORTUNA 817;ProdDERIV_LACTEOS;MANTEQUILLA PURISIMA SIN SAL 200G PURISIMA;1
3668122;2026-09-18;BQTO06;INV. MI FORTUNA 817;ProdBEBIDAS_LACT;LECHE DESCREMADA LIQUIDA PURISIMA;2
3668129;2026-09-18;BQTO06;INV. MI FORTUNA 817;ProdEMBUTIDOS;SALCHICHA TIPO VIENA 450GR (22unid) ALIMEX;1
3668123;2026-09-18;BQTO06;INV. MI FORTUNA 817;ProdBEBIDAS_LACT;LECHE  DESLACTOSADA LIQUIDA PURISIMA;2
3662289;2026-09-18;VLC02;KALEA  LA GRANJA;ProdBEBIDAS_LACT;LECHE EN POLVO PURISIMA 900GR;1
3662294;2026-09-18;VLC02;KALEA  LA GRANJA;ProdBEBIDAS;JUGO NARANJA LIGTH 1 LITRO TUNAL;1
3662290;2026-09-18;VLC02;KALEA  LA GRANJA;ProdBEBIDAS_LACT;LECHE EN POLVO PURISIMA 400GR;1
3660139;2026-09-18;PLC05;KALIMAN 2;ProdBEBIDAS_LACT;LECHE EN POLVO PURISIMA 200GR;2
3659577;2026-09-18;BQTO03;KARI TRAKI;ProdBEBIDAS;NARANJADA 1L TUNAL;6
3659585;2026-09-18;BQTO03;KARI TRAKI;ProdBEBIDAS;TE LIMON 1L TUNAL;4
3659586;2026-09-18;BQTO03;KARI TRAKI;ProdBEBIDAS;TE FRUTOS ROJOS 1L TUNAL;2
3659584;2026-09-18;BQTO03;KARI TRAKI;ProdBEBIDAS;NECTAR DURAZNO LIGTH 1 LITRO TUNAL;6
3657991;2026-09-18;VLC03;KOZMO FLOR AMARILLO;ProdBEBIDAS_LACT;LECHE EN POLVO PURISIMA 200GR;3
3657966;2026-09-18;VLC03;KOZMO FLOR AMARILLO;ProdDERIV_LACTEOS;CREMA DE LECHE DE 250GR PURISIMA;9
3657983;2026-09-18;VLC03;KOZMO FLOR AMARILLO;ProdBEBIDAS;NECTAR PERA 1L TUNAL;3
3657984;2026-09-18;VLC03;KOZMO FLOR AMARILLO;ProdBEBIDAS;TE DURAZNO 1L TUNAL;3
3657985;2026-09-18;VLC03;KOZMO FLOR AMARILLO;ProdBEBIDAS;TE LIMON 1L TUNAL;3
3657986;2026-09-18;VLC03;KOZMO FLOR AMARILLO;ProdBEBIDAS;TE FRUTOS ROJOS 1L TUNAL;3
3657982;2026-09-18;VLC03;KOZMO FLOR AMARILLO;ProdBEBIDAS;NECTAR MANZANA 1L TUNAL;3
3657981;2026-09-18;VLC03;KOZMO FLOR AMARILLO;ProdBEBIDAS;NECTAR DURAZNO 1L TUNAL;3
3657970;2026-09-18;VLC03;KOZMO FLOR AMARILLO;ProdBEBIDAS;NECTAR DURAZNO 200 ML TUNAL;10
3657971;2026-09-18;VLC03;KOZMO FLOR AMARILLO;ProdBEBIDAS;NECTAR MANZANA 200 ML TUNAL;10
3657972;2026-09-18;VLC03;KOZMO FLOR AMARILLO;ProdBEBIDAS;NECTAR PERA 200 ML TUNAL;10
3657946;2026-09-18;VLC03;KOZMO FLOR AMARILLO;ProdEMBUTIDOS;CHORIZO DE CERDO AHUMADO PARRILLERO ALIMEX;1
3657965;2026-09-18;VLC03;KOZMO FLOR AMARILLO;ProdDERIV_LACTEOS;CREMA DE LECHE DE 500GR PURISIMA;4
3657980;2026-09-18;VLC03;KOZMO FLOR AMARILLO;ProdBEBIDAS;NARANJADA 1L TUNAL;3
3657962;2026-09-18;VLC03;KOZMO FLOR AMARILLO;ProdEMBUTIDOS;SALCHICHA TIPO VIENA 225G (11unid) ALIMEX;1
3657955;2026-09-18;VLC03;KOZMO FLOR AMARILLO;ProdDERIV_LACTEOS;MANTEQUILLA PURISIMA SIN SAL 200G PURISIMA;3
3657952;2026-09-18;VLC03;KOZMO FLOR AMARILLO;ProdDERIV_LACTEOS;QUESO DE CABRA 500G PURISIMA;1
3657956;2026-09-18;VLC03;KOZMO FLOR AMARILLO;ProdDERIV_LACTEOS;MANTEQUILLA PURISIMA CON SAL 200G PURISIMA;3
3657960;2026-09-18;VLC03;KOZMO FLOR AMARILLO;ProdEMBUTIDOS;SALCHICHA TIPO VIENA 800GR (24unid) ALIMEX;1
3657950;2026-09-18;VLC03;KOZMO FLOR AMARILLO;ProdBEBIDAS_LACT;LECHE DESCREMADA LIQUIDA PURISIMA;1
3657989;2026-09-18;VLC03;KOZMO FLOR AMARILLO;ProdBEBIDAS_LACT;LECHE EN POLVO PURISIMA 900GR;2
3657961;2026-09-18;VLC03;KOZMO FLOR AMARILLO;ProdEMBUTIDOS;SALCHICHA TIPO VIENA 450GR (22unid) ALIMEX;1
3657947;2026-09-18;VLC03;KOZMO FLOR AMARILLO;ProdEMBUTIDOS;CHORIZO DE CERDO PICANTE PARRILLERO ALIMEX;1
3662319;2026-09-18;VLC02;KROMI MANONGO;ProdBEBIDAS_LACT;LECHE EN POLVO PURISIMA 400GR;2
3662318;2026-09-18;VLC02;KROMI MANONGO;ProdBEBIDAS_LACT;LECHE EN POLVO PURISIMA 900GR;2
3662306;2026-09-18;VLC02;KROMI MANONGO;ProdDERIV_LACTEOS;QUESO DE CABRA 500G PURISIMA;2
3653400;2026-09-18;VLC01;LUXOR EL BOSQUE;ProdDERIV_LACTEOS;QUESO DE CABRA 500G PURISIMA;4
3653413;2026-09-18;VLC01;LUXOR EL BOSQUE;ProdHUEVOS;HUEVO TIPO  GRANEL 30 UND TUNAL;6
3653471;2026-09-18;VLC01;LUXOR EL BOSQUE;ProdBEBIDAS_LACT;LECHE BARISTA PURISIMA;2
3653416;2026-09-18;VLC01;LUXOR EL BOSQUE;ProdHUEVOS;HUEVO EMPACADO- ESTUCHADO 15 und TUNAL;4
3664273;2026-09-18;BQTO01;MAS QUE POLLO;ProdBEBIDAS;NECTAR PERA 1L TUNAL;4
3664272;2026-09-18;BQTO01;MAS QUE POLLO;ProdBEBIDAS;NECTAR MANZANA 1L TUNAL;1
3664274;2026-09-18;BQTO01;MAS QUE POLLO;ProdBEBIDAS;NECTAR MANZANA LIGHT 1 LITRO TUNAL;1
3668200;2026-09-18;BQTO06;MAYOR DE VIVERES CANAIMA;ProdEMBUTIDOS;MORTADELA CCS DE CARNES 900G;2
3668199;2026-09-18;BQTO06;MAYOR DE VIVERES CANAIMA;ProdEMBUTIDOS;MORTADELA CCS DE CARNES 500G;2
3668193;2026-09-18;BQTO06;MAYOR DE VIVERES CANAIMA;ProdDERIV_LACTEOS;CREMA DE LECHE DE 500GR PURISIMA;1
3668183;2026-09-18;BQTO06;MAYOR DE VIVERES CANAIMA;ProdBEBIDAS;NECTAR DURAZNO 200 ML TUNAL;2
3668196;2026-09-18;BQTO06;MAYOR DE VIVERES CANAIMA;ProdDERIV_LACTEOS;MANTEQUILLA PURISIMA SIN SAL 200G PURISIMA;1
3668194;2026-09-18;BQTO06;MAYOR DE VIVERES CANAIMA;ProdDERIV_LACTEOS;CREMA DE LECHE DE 250GR PURISIMA;1
3668188;2026-09-18;BQTO06;MAYOR DE VIVERES CANAIMA;ProdBEBIDAS;TE DURAZNO 1L TUNAL;3
3668195;2026-09-18;BQTO06;MAYOR DE VIVERES CANAIMA;ProdDERIV_LACTEOS;MANTEQUILLA PURISIMA CON SAL 200G PURISIMA;1
3660212;2026-09-18;BQTO02;MERKAFURT AV LARA;ProdBEBIDAS_LACT;LECHE BARISTA PURISIMA;2
3660234;2026-09-18;BQTO02;MERKAFURT AV LARA;ProdDERIV_LACTEOS;MANTEQUILLA PURISIMA SIN SAL 200G PURISIMA;6
3660262;2026-09-18;BQTO02;MI SUPER LUJANO;ProdBEBIDAS_LACT;LECHE COMPLETA BARISTA LIQUIDA PURISIMA;16
3660272;2026-09-18;BQTO02;MI SUPER LUJANO;ProdBEBIDAS;NECTAR PERA LIGHT 1 LITRO TUNAL;4
3660270;2026-09-18;BQTO02;MI SUPER LUJANO;ProdBEBIDAS;NECTAR PERA 1L TUNAL;4
3660271;2026-09-18;BQTO02;MI SUPER LUJANO;ProdBEBIDAS;JUGO NARANJA LIGTH 1 LITRO TUNAL;4
3654339;2026-09-18;CCS05;MURALLA;ProdEMBUTIDOS;SALCHICHA TIPO VIENA 450GR (22unid) ALIMEX;1
3654338;2026-09-18;CCS05;MURALLA;ProdEMBUTIDOS;SALCHICHA TIPO VIENA 800GR (24unid) ALIMEX;1
3654334;2026-09-18;CCS05;MURALLA;ProdDERIV_LACTEOS;CREMA DE LECHE DE 250GR PURISIMA;2
3660256;2026-09-18;BQTO02;PANADERIA LA ORQUIDEA;ProdEMBUTIDOS;TOCINETA AHUMADA SIN CUERO 3.5KG ALIMEX;1
3660260;2026-09-18;BQTO02;PANADERIA LA ORQUIDEA;ProdEMBUTIDOS;CHORIZO DE CERDO PICANTE PARRILLERO ALIMEX;1
3652440;2026-09-18;CCS08;PARAMO AV. LIBERTADOR;ProdBEBIDAS;NARANJADA  200 ML TUNAL;1
3652446;2026-09-18;CCS08;PARAMO AV. LIBERTADOR;ProdBEBIDAS;NECTAR DURAZNO 1L TUNAL;5
3652447;2026-09-18;CCS08;PARAMO AV. LIBERTADOR;ProdBEBIDAS;TE DURAZNO 1L TUNAL;3
3652441;2026-09-18;CCS08;PARAMO AV. LIBERTADOR;ProdBEBIDAS;NECTAR PERA 200 ML TUNAL;1
3652448;2026-09-18;CCS08;PARAMO AV. LIBERTADOR;ProdBEBIDAS;TE FRUTOS ROJOS 1L TUNAL;4
3653717;2026-09-18;CCS07;REDVITAL GUARENAS;ProdEMBUTIDOS;MORTADELA DE POLLO DE 1 KG;1
3658527;2026-09-18;PLC09;RIO BODEGON SAMBIL;ProdBEBIDAS;JUGO NARANJA LIGTH 1 LITRO TUNAL;1
3660756;2026-09-18;CCS05;RIO BOYERA;ProdEMBUTIDOS;SALCHICHA TIPO VIENA 225G (11unid) ALIMEX;1
3660755;2026-09-18;CCS05;RIO BOYERA;ProdEMBUTIDOS;SALCHICHA TIPO VIENA 450GR (22unid) ALIMEX;3
3660759;2026-09-18;CCS05;RIO BOYERA;ProdDERIV_LACTEOS;CREMA DE LECHE DE 500GR PURISIMA;5
3660764;2026-09-18;CCS05;RIO BOYERA;ProdDERIV_LACTEOS;MANTEQUILLA PURISIMA CON SAL 200G PURISIMA;10
3660763;2026-09-18;CCS05;RIO BOYERA;ProdDERIV_LACTEOS;MANTEQUILLA PURISIMA SIN SAL 200G PURISIMA;5
3655409;2026-09-18;PLC05;RIO PLAYA EL ANGEL;ProdBEBIDAS;NECTAR DURAZNO 200 ML TUNAL;10
3655408;2026-09-18;PLC05;RIO PLAYA EL ANGEL;ProdBEBIDAS;NECTAR MANZANA 1L TUNAL;2
3660185;2026-09-18;BQTO02;RIO SUPERMARKET  CC ARENA PLAZA;ProdDERIV_LACTEOS;CREMA DE LECHE DE 500GR PURISIMA;10
3660186;2026-09-18;BQTO02;RIO SUPERMARKET  CC ARENA PLAZA;ProdDERIV_LACTEOS;CREMA DE LECHE DE 250GR PURISIMA;20
3660187;2026-09-18;BQTO02;RIO SUPERMARKET  CC ARENA PLAZA;ProdDERIV_LACTEOS;MANTEQUILLA PURISIMA SIN SAL 200G PURISIMA;3
3660172;2026-09-18;BQTO02;RIO SUPERMARKET  CC ARENA PLAZA;ProdBEBIDAS;NECTAR DURAZNO 1L TUNAL;35
3660188;2026-09-18;BQTO02;RIO SUPERMARKET  CC ARENA PLAZA;ProdDERIV_LACTEOS;MANTEQUILLA PURISIMA CON SAL 200G PURISIMA;15
3657562;2026-09-18;PLC01;RIO SUPERMARKET C.C. PLAZA MAYOR;ProdBEBIDAS_LACT;LECHE BARISTA PURISIMA;2
3663296;2026-09-18;CCS11;RIO SUPERMARKET EL RECREO;ProdJAMONERIA;JAMON AHUMADO VISKING ALIMEX 3.3 KG;3
3664339;2026-09-18;BQTO01;SC FOOD C.A.;ProdBEBIDAS_LACT;LECHE  DESLACTOSADA LIQUIDA PURISIMA;6
3664302;2026-09-18;BQTO01;SC FOOD C.A.;ProdBEBIDAS;NECTAR MANZANA 1L TUNAL;4
3664330;2026-09-18;BQTO01;SC FOOD C.A.;ProdBEBIDAS;TE DURAZNO 1L TUNAL;1
3664312;2026-09-18;BQTO01;SC FOOD C.A.;ProdBEBIDAS;NECTAR PERA LIGHT 1 LITRO TUNAL;3
3664307;2026-09-18;BQTO01;SC FOOD C.A.;ProdBEBIDAS;NECTAR PERA 1L TUNAL;2
3664298;2026-09-18;BQTO01;SC FOOD C.A.;ProdBEBIDAS;NARANJADA 1L TUNAL;4
3664336;2026-09-18;BQTO01;SC FOOD C.A.;ProdBEBIDAS_LACT;LECHE DESCREMADA LIQUIDA PURISIMA;2
3664334;2026-09-18;BQTO01;SC FOOD C.A.;ProdBEBIDAS;TE LIMON 1L TUNAL;1
3664319;2026-09-18;BQTO01;SC FOOD C.A.;ProdBEBIDAS;NECTAR DURAZNO 200 ML TUNAL;2
3664325;2026-09-18;BQTO01;SC FOOD C.A.;ProdBEBIDAS;NECTAR MANZANA 200 ML TUNAL;2
3664315;2026-09-18;BQTO01;SC FOOD C.A.;ProdBEBIDAS;NARANJADA  200 ML TUNAL;2
3655892;2026-09-18;PLC09;SIGO SAMBIL;ProdBEBIDAS;NARANJADA  200 ML TUNAL;2
3659553;2026-09-18;BQTO03;SUPERMERCADO LAS AMAPOLAS;ProdBEBIDAS_LACT;LECHE  DESLACTOSADA LIQUIDA PURISIMA;5
3668153;2026-09-18;BQTO06;SUPERMERCADO NUEVA CASA CENTER;ProdBEBIDAS;NECTAR PERA 200 ML TUNAL;1
3668145;2026-09-18;BQTO06;SUPERMERCADO NUEVA CASA CENTER;ProdBEBIDAS;NECTAR PERA 1L TUNAL;6
3668147;2026-09-18;BQTO06;SUPERMERCADO NUEVA CASA CENTER;ProdBEBIDAS;NECTAR DURAZNO 1L TUNAL;4
3668149;2026-09-18;BQTO06;SUPERMERCADO NUEVA CASA CENTER;ProdBEBIDAS;NECTAR DURAZNO 200 ML TUNAL;1
3668151;2026-09-18;BQTO06;SUPERMERCADO NUEVA CASA CENTER;ProdBEBIDAS;NECTAR MANZANA 200 ML TUNAL;1
3668143;2026-09-18;BQTO06;SUPERMERCADO NUEVA CASA CENTER;ProdBEBIDAS;NECTAR MANZANA 1L TUNAL;9
3668141;2026-09-18;BQTO06;SUPERMERCADO NUEVA CASA CENTER;ProdBEBIDAS;NARANJADA 1L TUNAL;1
3659173;2026-09-18;PLC02;THE HAO SUPERMARKET;ProdEMBUTIDOS;SALCHICHA TIPO VIENA 225G (11unid) ALIMEX;1
3659182;2026-09-18;PLC02;THE HAO SUPERMARKET;ProdBEBIDAS;NECTAR PERA LIGHT 1 LITRO TUNAL;1
3668157;2026-09-18;BQTO06;VENTURA LIANG;ProdBEBIDAS;TE LIMON 1L TUNAL;3
3680021;2026-09-21;PLC03;AIKOZ  PUERTO LA CRUZ;ProdBEBIDAS;NECTAR PERA 1L TUNAL;1
3680017;2026-09-21;PLC03;AIKOZ  PUERTO LA CRUZ;ProdBEBIDAS;NECTAR DURAZNO 1L TUNAL;1
3680056;2026-09-21;PLC03;AIKOZ  PUERTO LA CRUZ;ProdDERIV_LACTEOS;CREMA DE LECHE DE 250GR PURISIMA;1
3682044;2026-09-21;MCY04;ARB MARKET INTERCOMUNAL;ProdEMBUTIDOS;MORTADELA DE POLLO DE 500G;2
3682039;2026-09-21;MCY04;ARB MARKET INTERCOMUNAL;ProdEMBUTIDOS;SALCHICHA TIPO VIENA 450GR (22unid) ALIMEX;2
3682040;2026-09-21;MCY04;ARB MARKET INTERCOMUNAL;ProdEMBUTIDOS;SALCHICHA TIPO VIENA 225G (11unid) ALIMEX;2
3671485;2026-09-21;CCS10;AUTOMERCADO AVILA;ProdDERIV_LACTEOS;CREMA DE LECHE DE 500GR PURISIMA;2
3679435;2026-09-21;VLC03;BALY S  PARQUE VALENCIA;ProdJAMONERIA;JAMON DE ESPALDA ALIMEX 4.4KG;1
3679437;2026-09-21;VLC03;BALY S  PARQUE VALENCIA;ProdJAMONERIA;JAMON PIERNA ALIMEX 98% 5.9kg;1
3679258;2026-09-21;VLC03;CATANIA LA ISABELICA;ProdEMBUTIDOS;MORTADELA TAPARA Alimex;1
3669252;2026-09-21;CCS10;CENTRAL MADEIRENSE CATIA;ProdDERIV_LACTEOS;MANTEQUILLA PURISIMA SIN SAL 200G PURISIMA;2
3669248;2026-09-21;CCS10;CENTRAL MADEIRENSE CATIA;ProdEMBUTIDOS;SALCHICHA TIPO VIENA 450GR (22unid) ALIMEX;3
3669244;2026-09-21;CCS10;CENTRAL MADEIRENSE CATIA;ProdBEBIDAS_LACT;LECHE BARISTA PURISIMA;3
3668052;2026-09-21;CCS07;EMPORIUM GUARENAS MIRANDA;ProdHUEVOS;HUEVO EMPACADO- 1X12 PLASTICO TUNAL;1
3668904;2026-09-21;CCS07;EMPORIUM GUARENAS NUEVA CASARAPA;ProdBEBIDAS;TE LIMON 1L TUNAL;6
3668914;2026-09-21;CCS07;EMPORIUM GUARENAS NUEVA CASARAPA;ProdHUEVOS;HUEVO EMPACADO- ESTUCHADO 1X6 TUNAL;3
3670205;2026-09-21;CCS07;EMPORIUM GUARENAS PALMA REAL;ProdHUEVOS;HUEVO EMPACADO- ESTUCHADO 1X6 TUNAL;2
3680202;2026-09-21;MCY01;Hiper Mercado Metro;ProdBEBIDAS_LACT;LECHE BARISTA PURISIMA;4
3671881;2026-09-21;PLC07;IMPORT VCB 2 CAMPO OFICINA;ProdBEBIDAS;NECTAR DURAZNO LIGTH 1 LITRO TUNAL;1
3669139;2026-09-21;VLC01;KOSMO NISPERO;ProdEMBUTIDOS;SALCHICHA TIPO VIENA 450GR (22unid) ALIMEX;1
3669122;2026-09-21;VLC01;KOSMO NISPERO;ProdBEBIDAS;NARANJADA 1L TUNAL;2
3669126;2026-09-21;VLC01;KOSMO NISPERO;ProdBEBIDAS;NECTAR PERA LIGHT 1 LITRO TUNAL;2
3669134;2026-09-21;VLC01;KOSMO NISPERO;ProdEMBUTIDOS;MORTADELA CCS DE CARNES 900G;1
3669093;2026-09-21;VLC01;KOSMO NISPERO;ProdDERIV_LACTEOS;MANTEQUILLA PURISIMA CON SAL 200G PURISIMA;1
3679799;2026-09-21;VLC02;KROMI MANONGO;ProdJAMONERIA;JAMON AHUMADO VISKING ALIMEX 3.3 KG;1
3670747;2026-09-21;VLC02;KROMI NORTE;ProdEMBUTIDOS;SALCHICHA TIPO VIENA 225G (11unid) ALIMEX;1
3684186;2026-09-21;MCY05;LUXOR CIRCULO MILITAR;ProdDERIV_LACTEOS;CREMA DE LECHE DE 250GR PURISIMA;3
3671095;2026-09-21;PLC07;MAS POR MENOS EL ROBLE;ProdBEBIDAS;NECTAR PERA 200 ML TUNAL;3
3671075;2026-09-21;PLC07;MAS POR MENOS EL ROBLE;ProdBEBIDAS;NECTAR DURAZNO 200 ML TUNAL;3
3671090;2026-09-21;PLC07;MAS POR MENOS EL ROBLE;ProdBEBIDAS;NECTAR MANZANA 200 ML TUNAL;3
3678902;2026-09-21;PLC06;MAS X MENOS;ProdBEBIDAS;NECTAR PERA 1L TUNAL;2
3678901;2026-09-21;PLC06;MAS X MENOS;ProdBEBIDAS;NECTAR MANZANA 1L TUNAL;3
3678899;2026-09-21;PLC06;MAS X MENOS;ProdBEBIDAS;NARANJADA 1L TUNAL;2
3678900;2026-09-21;PLC06;MAS X MENOS;ProdBEBIDAS;NECTAR DURAZNO 1L TUNAL;2
3676211;2026-09-21;PTO03;"MUNDO MARKET MONAGAS; C.A.";ProdBEBIDAS_LACT;LECHE BARISTA PURISIMA;4
3677545;2026-09-21;PLC09;RIO BODEGON SAMBIL;ProdBEBIDAS;NECTAR PERA 500 ML TUNAL;1
3684289;2026-09-21;CCS05;RIO BOYERA;ProdEMBUTIDOS;MORTADELA CCS DE CARNES 500G;1
3684290;2026-09-21;CCS05;RIO BOYERA;ProdEMBUTIDOS;MORTADELA CCS DE CARNES 900G;2
3684286;2026-09-21;CCS05;RIO BOYERA;ProdDERIV_LACTEOS;CREMA DE LECHE DE 250GR PURISIMA;5
3684282;2026-09-21;CCS05;RIO BOYERA;ProdEMBUTIDOS;SALCHICHA TIPO VIENA 800GR (24unid) ALIMEX;2
3676885;2026-09-21;CCS11;RIO SUPERMARKET EL RECREO;ProdBEBIDAS;TE DURAZNO 1L TUNAL;1
3676887;2026-09-21;CCS11;RIO SUPERMARKET EL RECREO;ProdBEBIDAS;TE FRUTOS ROJOS 1L TUNAL;1
3676882;2026-09-21;CCS11;RIO SUPERMARKET EL RECREO;ProdBEBIDAS;NECTAR DURAZNO 1L TUNAL;1
3676880;2026-09-21;CCS11;RIO SUPERMARKET EL RECREO;ProdBEBIDAS;NARANJADA 1L TUNAL;5
3676881;2026-09-21;CCS11;RIO SUPERMARKET EL RECREO;ProdBEBIDAS;NECTAR MANZANA 1L TUNAL;3
3676886;2026-09-21;CCS11;RIO SUPERMARKET EL RECREO;ProdBEBIDAS;TE LIMON 1L TUNAL;1
3676884;2026-09-21;CCS11;RIO SUPERMARKET EL RECREO;ProdBEBIDAS;NECTAR PERA LIGHT 1 LITRO TUNAL;3
3676883;2026-09-21;CCS11;RIO SUPERMARKET EL RECREO;ProdBEBIDAS;JUGO NARANJA LIGTH 1 LITRO TUNAL;3
3684647;2026-09-21;CCS11;UNICASA COLINAS DE BELLO MONTE;ProdBEBIDAS;NECTAR DURAZNO 1L TUNAL;5
3684648;2026-09-21;CCS11;UNICASA COLINAS DE BELLO MONTE;ProdBEBIDAS;JUGO NARANJA LIGTH 1 LITRO TUNAL;5
3684651;2026-09-21;CCS11;UNICASA COLINAS DE BELLO MONTE;ProdBEBIDAS;TE DURAZNO 1L TUNAL;5
3684645;2026-09-21;CCS11;UNICASA COLINAS DE BELLO MONTE;ProdBEBIDAS;NECTAR MANZANA 1L TUNAL;5
3684653;2026-09-21;CCS11;UNICASA COLINAS DE BELLO MONTE;ProdBEBIDAS;TE FRUTOS ROJOS 1L TUNAL;5
3684652;2026-09-21;CCS11;UNICASA COLINAS DE BELLO MONTE;ProdBEBIDAS;TE LIMON 1L TUNAL;5
3684646;2026-09-21;CCS11;UNICASA COLINAS DE BELLO MONTE;ProdBEBIDAS;NECTAR PERA 1L TUNAL;5
3684644;2026-09-21;CCS11;UNICASA COLINAS DE BELLO MONTE;ProdBEBIDAS;NARANJADA 1L TUNAL;5
3684650;2026-09-21;CCS11;UNICASA COLINAS DE BELLO MONTE;ProdBEBIDAS;NECTAR PERA LIGHT 1 LITRO TUNAL;5
3694849;2026-09-22;PLC09;AL COSTO;ProdBEBIDAS;NECTAR MANZANA LIGHT 1 LITRO TUNAL;1
3695072;2026-09-22;PTO02;ATLANTICO CENTER;ProdBEBIDAS_LACT;Leche en polvo Purisima 1kg;4
3695537;2026-09-22;PTO04;AUTOMERADDO MODA CHINA;ProdBEBIDAS_LACT;LECHE EN POLVO PURISIMA 900GR;2
3695543;2026-09-22;PTO04;AUTOMERADDO MODA CHINA;ProdBEBIDAS_LACT;LECHE  DESLACTOSADA LIQUIDA PURISIMA;1
3695542;2026-09-22;PTO04;AUTOMERADDO MODA CHINA;ProdBEBIDAS_LACT;LECHE DESCREMADA LIQUIDA PURISIMA;2
3695541;2026-09-22;PTO04;AUTOMERADDO MODA CHINA;ProdBEBIDAS_LACT;LECHE COMPLETA LIQUIDA PURISIMA;5
3695548;2026-09-22;PTO04;AUTOMERADDO MODA CHINA;ProdEMBUTIDOS;MORTADELA CCS DE CARNES 500G;3
3695550;2026-09-22;PTO04;AUTOMERADDO MODA CHINA;ProdEMBUTIDOS;SALCHICHA TIPO VIENA 450GR (22unid) ALIMEX;1
3695536;2026-09-22;PTO04;AUTOMERADDO MODA CHINA;ProdBEBIDAS_LACT;LECHE EN POLVO PURISIMA 400GR;3
3695549;2026-09-22;PTO04;AUTOMERADDO MODA CHINA;ProdEMBUTIDOS;MORTADELA CCS DE CARNES 900G;2
3695551;2026-09-22;PTO04;AUTOMERADDO MODA CHINA;ProdDERIV_LACTEOS;MANTEQUILLA PURISIMA CON SAL 200G PURISIMA;1
3695535;2026-09-22;PTO04;AUTOMERADDO MODA CHINA;ProdBEBIDAS_LACT;LECHE EN POLVO PURISIMA 200GR;3
3690190;2026-09-22;MCY01;AUTOMERCADO CATANIA;ProdEMBUTIDOS;MORTADELA DE POLLO DE 1 KG;1
3690192;2026-09-22;MCY01;AUTOMERCADO CATANIA;ProdEMBUTIDOS;MORTADELA CCS DE CARNES 500G;4
3690201;2026-09-22;MCY01;AUTOMERCADO CATANIA;ProdEMBUTIDOS;CHORIZO DE CERDO PICANTE PARRILLERO ALIMEX;1
3690191;2026-09-22;MCY01;AUTOMERCADO CATANIA;ProdEMBUTIDOS;MORTADELA CCS DE CARNES 900G;1
3690199;2026-09-22;MCY01;AUTOMERCADO CATANIA;ProdEMBUTIDOS;SALCHICHA TIPO VIENA 450GR (22unid) ALIMEX;1
3690198;2026-09-22;MCY01;AUTOMERCADO CATANIA;ProdEMBUTIDOS;SALCHICHA TIPO VIENA 225G (11unid) ALIMEX;1
3693459;2026-09-22;PLC06;AUTOMERCADO MI PUEBLO;ProdBEBIDAS_LACT;LECHE BARISTA PURISIMA;5
3693460;2026-09-22;PLC06;AUTOMERCADO MI PUEBLO;ProdBEBIDAS_LACT;LECHE COMPLETA LIQUIDA PURISIMA;3
3691742;2026-09-22;PTO03;AUTOMERCADO SKYLER;ProdBEBIDAS;NECTAR MANZANA 200 ML TUNAL;3
3691738;2026-09-22;PTO03;AUTOMERCADO SKYLER;ProdBEBIDAS;NECTAR MANZANA 1L TUNAL;2
3691736;2026-09-22;PTO03;AUTOMERCADO SKYLER;ProdBEBIDAS_LACT;LECHE  DESLACTOSADA LIQUIDA PURISIMA;7
3691734;2026-09-22;PTO03;AUTOMERCADO SKYLER;ProdBEBIDAS_LACT;LECHE COMPLETA LIQUIDA PURISIMA;6
3684604;2026-09-22;VLC03;BALYS GUAYOS GUACARA;ProdEMBUTIDOS;TOCINETA AHUMADA SIN CUERO 3.5KG ALIMEX;1
3684602;2026-09-22;VLC03;BALYS GUAYOS GUACARA;ProdJAMONERIA;JAMON PIERNA ALIMEX 98% 5.9kg;1
3684600;2026-09-22;VLC03;BALYS GUAYOS GUACARA;ProdJAMONERIA;JAMON DE ESPALDA ALIMEX 4.4KG;1
3684584;2026-09-22;VLC03;BALYS GUAYOS GUACARA;ProdBEBIDAS;NARANJADA  500 ML TUNAL;2
3690592;2026-09-22;VLC04;BALYS LA CANCHA;ProdBEBIDAS;NECTAR MANZANA 200 ML TUNAL;1
3690593;2026-09-22;VLC04;BALYS LA CANCHA;ProdBEBIDAS;NECTAR PERA 200 ML TUNAL;1
3690591;2026-09-22;VLC04;BALYS LA CANCHA;ProdBEBIDAS;NECTAR DURAZNO 200 ML TUNAL;1
3690590;2026-09-22;VLC04;BALYS LA CANCHA;ProdBEBIDAS;NARANJADA  200 ML TUNAL;1
3689904;2026-09-22;MCY04;CAMPOLLANO 3;ProdBEBIDAS_LACT;LECHE  DESLACTOSADA LIQUIDA PURISIMA;2
3689887;2026-09-22;MCY04;CAMPOLLANO 3;ProdDERIV_LACTEOS;MANTEQUILLA PURISIMA CON SAL 200G PURISIMA;4
3689888;2026-09-22;MCY04;CAMPOLLANO 3;ProdDERIV_LACTEOS;MANTEQUILLA PURISIMA SIN SAL 200G PURISIMA;3
3689909;2026-09-22;MCY04;CAMPOLLANO 3;ProdBEBIDAS;NARANJADA  200 ML TUNAL;2
3689910;2026-09-22;MCY04;CAMPOLLANO 3;ProdBEBIDAS;NECTAR MANZANA 200 ML TUNAL;2
3689911;2026-09-22;MCY04;CAMPOLLANO 3;ProdBEBIDAS;NECTAR PERA 200 ML TUNAL;2
3689912;2026-09-22;MCY04;CAMPOLLANO 3;ProdBEBIDAS;NECTAR DURAZNO 200 ML TUNAL;2
3694666;2026-09-22;VLC04;CATANIA PLAZA DE TOROS;ProdEMBUTIDOS;SALCHICHA TIPO VIENA 450GR (22unid) ALIMEX;1
3691331;2026-09-22;CCS02;CENTRAL MADEIRENSE BELLO CAMPO;ProdBEBIDAS_LACT;LECHE COMPLETA BARISTA LIQUIDA PURISIMA;4
3691338;2026-09-22;CCS02;CENTRAL MADEIRENSE CHACAITO;ProdBEBIDAS_LACT;LECHE COMPLETA LIQUIDA PURISIMA;8
3691359;2026-09-22;CCS02;CENTRAL MADEIRENSE CHACAITO;ProdDERIV_LACTEOS;CREMA DE LECHE DE 500GR PURISIMA;3
3691340;2026-09-22;CCS02;CENTRAL MADEIRENSE CHACAITO;ProdBEBIDAS_LACT;LECHE  DESLACTOSADA LIQUIDA PURISIMA;8
3691360;2026-09-22;CCS02;CENTRAL MADEIRENSE CHACAITO;ProdDERIV_LACTEOS;CREMA DE LECHE DE 250GR PURISIMA;2
3691373;2026-09-22;CCS02;CENTRAL MADEIRENSE CHACAITO;ProdBEBIDAS;NECTAR DURAZNO 1L TUNAL;2
3691367;2026-09-22;CCS02;CENTRAL MADEIRENSE CHACAITO;ProdDERIV_LACTEOS;MANTEQUILLA PURISIMA CON SAL 200G PURISIMA;4
3691341;2026-09-22;CCS02;CENTRAL MADEIRENSE CHACAITO;ProdBEBIDAS_LACT;LECHE COMPLETA BARISTA LIQUIDA PURISIMA;3
3691369;2026-09-22;CCS02;CENTRAL MADEIRENSE CHACAITO;ProdBEBIDAS;TE DURAZNO 500ML TUNAL;6
3691365;2026-09-22;CCS02;CENTRAL MADEIRENSE CHACAITO;ProdEMBUTIDOS;SALCHICHA TIPO VIENA 450GR (22unid) ALIMEX;1
3691368;2026-09-22;CCS02;CENTRAL MADEIRENSE CHACAITO;ProdDERIV_LACTEOS;MANTEQUILLA PURISIMA SIN SAL 200G PURISIMA;2
3691339;2026-09-22;CCS02;CENTRAL MADEIRENSE CHACAITO;ProdBEBIDAS_LACT;LECHE DESCREMADA LIQUIDA PURISIMA;12
3691371;2026-09-22;CCS02;CENTRAL MADEIRENSE CHACAITO;ProdBEBIDAS;NECTAR MANZANA 1L TUNAL;6
3691366;2026-09-22;CCS02;CENTRAL MADEIRENSE CHACAITO;ProdEMBUTIDOS;SALCHICHA TIPO VIENA 225G (11unid) ALIMEX;1
3691364;2026-09-22;CCS02;CENTRAL MADEIRENSE CHACAITO;ProdEMBUTIDOS;SALCHICHA TIPO VIENA 800GR (24unid) ALIMEX;1
3691372;2026-09-22;CCS02;CENTRAL MADEIRENSE CHACAITO;ProdBEBIDAS;NECTAR PERA 1L TUNAL;4
3700912;2026-09-22;CCS11;CENTRAL MADEIRENSE CONCORDIA;ProdEMBUTIDOS;TOCINETA AHUMADA SIN CUERO 3.5KG ALIMEX;1
3698313;2026-09-22;PTO01;CENTRAL SANTO TOME III LOS OLIVOS;ProdBEBIDAS_LACT;LECHE COMPLETA LIQUIDA PURISIMA;14
3698302;2026-09-22;PTO01;CENTRAL SANTO TOME III LOS OLIVOS;ProdEMBUTIDOS;SALCHICHA TIPO VIENA 225G (11unid) ALIMEX;2
3698314;2026-09-22;PTO01;CENTRAL SANTO TOME III LOS OLIVOS;ProdBEBIDAS_LACT;LECHE DESCREMADA LIQUIDA PURISIMA;14
3698307;2026-09-22;PTO01;CENTRAL SANTO TOME III LOS OLIVOS;ProdEMBUTIDOS;MORTADELA CCS DE CARNES 500G;1
3698331;2026-09-22;PTO01;CENTRAL SANTO TOME III LOS OLIVOS;ProdBEBIDAS_LACT;LECHE EN POLVO PURISIMA 400GR;5
3698330;2026-09-22;PTO01;CENTRAL SANTO TOME III LOS OLIVOS;ProdBEBIDAS_LACT;LECHE EN POLVO PURISIMA 900GR;2
3698310;2026-09-22;PTO01;CENTRAL SANTO TOME III LOS OLIVOS;ProdBEBIDAS;NECTAR MANZANA 1L TUNAL;5
3698306;2026-09-22;PTO01;CENTRAL SANTO TOME III LOS OLIVOS;ProdEMBUTIDOS;MORTADELA CCS DE CARNES 900G;1
3698309;2026-09-22;PTO01;CENTRAL SANTO TOME III LOS OLIVOS;ProdBEBIDAS;NECTAR DURAZNO 1L TUNAL;5
3698308;2026-09-22;PTO01;CENTRAL SANTO TOME III LOS OLIVOS;ProdBEBIDAS;NARANJADA 1L TUNAL;5
3698315;2026-09-22;PTO01;CENTRAL SANTO TOME III LOS OLIVOS;ProdBEBIDAS_LACT;LECHE  DESLACTOSADA LIQUIDA PURISIMA;14
3698311;2026-09-22;PTO01;CENTRAL SANTO TOME III LOS OLIVOS;ProdBEBIDAS;NECTAR PERA 1L TUNAL;5
3698304;2026-09-22;PTO01;CENTRAL SANTO TOME III LOS OLIVOS;ProdEMBUTIDOS;SALCHICHA TIPO VIENA 800GR (24unid) ALIMEX;1
3698305;2026-09-22;PTO01;CENTRAL SANTO TOME III LOS OLIVOS;ProdEMBUTIDOS;CHORIZO DE CERDO AHUMADO PARRILLERO ALIMEX;2
3698327;2026-09-22;PTO01;CENTRAL SANTO TOME III LOS OLIVOS;ProdDERIV_LACTEOS;MANTEQUILLA PURISIMA SIN SAL 200G PURISIMA;3
3698303;2026-09-22;PTO01;CENTRAL SANTO TOME III LOS OLIVOS;ProdEMBUTIDOS;SALCHICHA TIPO VIENA 450GR (22unid) ALIMEX;1
3698326;2026-09-22;PTO01;CENTRAL SANTO TOME III LOS OLIVOS;ProdDERIV_LACTEOS;MANTEQUILLA PURISIMA CON SAL 200G PURISIMA;7
3700892;2026-09-22;CCS11;Comercial punto Lecuna;ProdBEBIDAS_LACT;LECHE DESCREMADA LIQUIDA PURISIMA;2
3688246;2026-09-22;PLC08;Contodo Barcelona;ProdEMBUTIDOS;MORTADELA CCS DE CARNES 900G;1
3688234;2026-09-22;PLC08;Contodo Barcelona;ProdDERIV_LACTEOS;CREMA DE LECHE DE 500GR PURISIMA;1
3688224;2026-09-22;PLC08;Contodo Barcelona;ProdBEBIDAS;NECTAR DURAZNO 1L TUNAL;8
3688245;2026-09-22;PLC08;Contodo Barcelona;ProdBEBIDAS;TE FRUTOS ROJOS 1L TUNAL;2
3688225;2026-09-22;PLC08;Contodo Barcelona;ProdBEBIDAS;NECTAR MANZANA 1L TUNAL;8
3688230;2026-09-22;PLC08;Contodo Barcelona;ProdBEBIDAS;NECTAR MANZANA 200 ML TUNAL;4
3688235;2026-09-22;PLC08;Contodo Barcelona;ProdDERIV_LACTEOS;CREMA DE LECHE DE 250GR PURISIMA;1
3688247;2026-09-22;PLC08;Contodo Barcelona;ProdEMBUTIDOS;MORTADELA de Pollo Caracas 900gr;1
3688243;2026-09-22;PLC08;Contodo Barcelona;ProdBEBIDAS;TE LIMON 1L TUNAL;2
3688223;2026-09-22;PLC08;Contodo Barcelona;ProdBEBIDAS;NARANJADA 1L TUNAL;8
3688226;2026-09-22;PLC08;Contodo Barcelona;ProdBEBIDAS;NECTAR PERA 1L TUNAL;8
3688244;2026-09-22;PLC08;Contodo Barcelona;ProdBEBIDAS;TE DURAZNO 1L TUNAL;2
3688227;2026-09-22;PLC08;Contodo Barcelona;ProdBEBIDAS;NARANJADA  500 ML TUNAL;8
3688229;2026-09-22;PLC08;Contodo Barcelona;ProdBEBIDAS;NECTAR PERA 200 ML TUNAL;4
3688228;2026-09-22;PLC08;Contodo Barcelona;ProdBEBIDAS;NECTAR DURAZNO 200 ML TUNAL;4
3691721;2026-09-22;PTO03;ESTRELLA DE LA SUERTE;ProdBEBIDAS_LACT;LECHE DESCREMADA LIQUIDA PURISIMA;2
3691719;2026-09-22;PTO03;ESTRELLA DE LA SUERTE;ProdBEBIDAS_LACT;LECHE COMPLETA LIQUIDA PURISIMA;2
3691723;2026-09-22;PTO03;ESTRELLA DE LA SUERTE;ProdBEBIDAS_LACT;LECHE EN POLVO PURISIMA 200GR;2
3691725;2026-09-22;PTO03;ESTRELLA DE LA SUERTE;ProdBEBIDAS_LACT;LECHE EN POLVO PURISIMA 400GR;2
3696718;2026-09-22;MCY03;EUROMERCADO INTERCOMUNAL;ProdEMBUTIDOS;MORTADELA DE POLLO DE 1 KG;1
3695277;2026-09-22;CCS07;FORUM GUATIRE;ProdDERIV_LACTEOS;Queso amarillo Purisima semimadurado disco 500gr;1
3695276;2026-09-22;CCS07;FORUM GUATIRE;ProdDERIV_LACTEOS;QUESO DE CABRA 500G PURISIMA;1
3691196;2026-09-22;CCS11;FORUM SAN BERBARDINO;ProdEMBUTIDOS;MORTADELA DE POLLO DE 500G;1
3691197;2026-09-22;CCS11;FORUM SAN BERBARDINO;ProdEMBUTIDOS;MORTADELA de Pollo Caracas 900gr;1
3687060;2026-09-22;MCY02;HIPER MODELO;ProdDERIV_LACTEOS;MANTEQUILLA PURISIMA CON SAL 200G PURISIMA;2
3687068;2026-09-22;MCY02;HIPER MODELO;ProdBEBIDAS_LACT;LECHE DESCREMADA LIQUIDA PURISIMA;4
3687059;2026-09-22;MCY02;HIPER MODELO;ProdBEBIDAS_LACT;LECHE EN POLVO PURISIMA 900GR;2
3687063;2026-09-22;MCY02;HIPER MODELO;ProdDERIV_LACTEOS;CREMA DE LECHE DE 250GR PURISIMA;1
3687064;2026-09-22;MCY02;HIPER MODELO;ProdBEBIDAS;NARANJADA 1L TUNAL;3
3687065;2026-09-22;MCY02;HIPER MODELO;ProdBEBIDAS;NECTAR PERA 1L TUNAL;2
3687062;2026-09-22;MCY02;HIPER MODELO;ProdDERIV_LACTEOS;CREMA DE LECHE DE 500GR PURISIMA;2
3687069;2026-09-22;MCY02;HIPER MODELO;ProdBEBIDAS_LACT;LECHE  DESLACTOSADA LIQUIDA PURISIMA;4
3760114;2026-09-22;MCY04;Hiperexito Cagua;ProdDERIV_LACTEOS;MANTEQUILLA PURISIMA SIN SAL 200G PURISIMA;1
3760117;2026-09-22;MCY04;Hiperexito Cagua;ProdDERIV_LACTEOS;MANTEQUILLA PURISIMA CON SAL 200G PURISIMA;1
3693144;2026-09-22;PLC09;IKO FARMA;ProdBEBIDAS;NECTAR MANZANA 1L TUNAL;3
3693145;2026-09-22;PLC09;IKO FARMA;ProdBEBIDAS;NECTAR PERA 1L TUNAL;2
3693149;2026-09-22;PLC09;IKO FARMA;ProdBEBIDAS;NECTAR DURAZNO 200 ML TUNAL;12
3693148;2026-09-22;PLC09;IKO FARMA;ProdBEBIDAS;NECTAR PERA 200 ML TUNAL;6
3700025;2026-09-22;BQTO07;INVERSIONES LA GRAN FAMILIA;ProdEMBUTIDOS;SALCHICHA TIPO VIENA 450GR (22unid) ALIMEX;2
3700021;2026-09-22;BQTO07;INVERSIONES LA GRAN FAMILIA;ProdDERIV_LACTEOS;MANTEQUILLA PURISIMA CON SAL 200G PURISIMA;1
3700020;2026-09-22;BQTO07;INVERSIONES LA GRAN FAMILIA;ProdDERIV_LACTEOS;MANTEQUILLA PURISIMA SIN SAL 200G PURISIMA;1
3700013;2026-09-22;BQTO07;INVERSIONES LA GRAN FAMILIA;ProdBEBIDAS_LACT;LECHE  DESLACTOSADA LIQUIDA PURISIMA;10
3700024;2026-09-22;BQTO07;INVERSIONES LA GRAN FAMILIA;ProdEMBUTIDOS;SALCHICHA TIPO VIENA 225G (11unid) ALIMEX;2
3700018;2026-09-22;BQTO07;INVERSIONES LA GRAN FAMILIA;ProdDERIV_LACTEOS;CREMA DE LECHE DE 500GR PURISIMA;1
3700019;2026-09-22;BQTO07;INVERSIONES LA GRAN FAMILIA;ProdDERIV_LACTEOS;CREMA DE LECHE DE 250GR PURISIMA;2
3700012;2026-09-22;BQTO07;INVERSIONES LA GRAN FAMILIA;ProdBEBIDAS_LACT;LECHE DESCREMADA LIQUIDA PURISIMA;1
3700011;2026-09-22;BQTO07;INVERSIONES LA GRAN FAMILIA;ProdBEBIDAS_LACT;LECHE COMPLETA LIQUIDA PURISIMA;20
3700038;2026-09-22;BQTO07;JOSE ANTONIO RONALD (MEGAPAISA);ProdEMBUTIDOS;SALCHICHA TIPO VIENA 450GR (22unid) ALIMEX;2
3689451;2026-09-22;VLC01;KALEA VALLE;ProdBEBIDAS;NECTAR MANZANA 200 ML TUNAL;1
3689452;2026-09-22;VLC01;KALEA VALLE;ProdBEBIDAS;NARANJADA  200 ML TUNAL;1
3689450;2026-09-22;VLC01;KALEA VALLE;ProdBEBIDAS;NECTAR PERA 200 ML TUNAL;1
3700100;2026-09-22;BQTO07;LOS MOLINOS;ProdBEBIDAS;JUGO NARANJA LIGTH 1 LITRO TUNAL;2
3700102;2026-09-22;BQTO07;LOS MOLINOS;ProdBEBIDAS;NECTAR PERA LIGHT 1 LITRO TUNAL;2
3700101;2026-09-22;BQTO07;LOS MOLINOS;ProdBEBIDAS;NECTAR MANZANA LIGHT 1 LITRO TUNAL;2
3700064;2026-09-22;BQTO07;LOS MOLINOS;ProdDERIV_LACTEOS;CREMA DE LECHE DE 500GR PURISIMA;4
3700103;2026-09-22;BQTO07;LOS MOLINOS;ProdBEBIDAS;TE FRUTOS ROJOS 1L TUNAL;2
3700066;2026-09-22;BQTO07;LOS MOLINOS;ProdDERIV_LACTEOS;CREMA DE LECHE DE 250GR PURISIMA;3
3700078;2026-09-22;BQTO07;LOS MOLINOS;ProdEMBUTIDOS;SALCHICHA TIPO VIENA 800GR (24unid) ALIMEX;1
3700060;2026-09-22;BQTO07;LOS MOLINOS;ProdEMBUTIDOS;MORTADELA CCS DE CARNES 900G;1
3700062;2026-09-22;BQTO07;LOS MOLINOS;ProdEMBUTIDOS;MORTADELA CCS DE CARNES 500G;1
3700083;2026-09-22;BQTO07;LOS MOLINOS;ProdEMBUTIDOS;SALCHICHA TIPO VIENA 225G (11unid) ALIMEX;2
3700098;2026-09-22;BQTO07;LOS MOLINOS;ProdBEBIDAS;NECTAR MANZANA 1L TUNAL;2
3700068;2026-09-22;BQTO07;LOS MOLINOS;ProdDERIV_LACTEOS;MANTEQUILLA PURISIMA SIN SAL 200G PURISIMA;1
3700096;2026-09-22;BQTO07;LOS MOLINOS;ProdBEBIDAS;NARANJADA 1L TUNAL;2
3700097;2026-09-22;BQTO07;LOS MOLINOS;ProdBEBIDAS;NECTAR DURAZNO 1L TUNAL;2
3700070;2026-09-22;BQTO07;LOS MOLINOS;ProdDERIV_LACTEOS;MANTEQUILLA PURISIMA CON SAL 200G PURISIMA;1
3700099;2026-09-22;BQTO07;LOS MOLINOS;ProdBEBIDAS;NECTAR PERA 1L TUNAL;2
3690631;2026-09-22;PTO02;LOTOMARKET;ProdBEBIDAS_LACT;Leche en polvo Purisima 1kg;6
3688744;2026-09-22;PTO02;LOTOMARKET;ProdBEBIDAS_LACT;LECHE COMPLETA LIQUIDA PURISIMA;15
3688756;2026-09-22;PTO02;LOTOMARKET;ProdBEBIDAS_LACT;LECHE DESCREMADA LIQUIDA PURISIMA;10
3688760;2026-09-22;PTO02;LOTOMARKET;ProdBEBIDAS_LACT;LECHE  DESLACTOSADA LIQUIDA PURISIMA;5
3690627;2026-09-22;PTO02;LOTOMARKET;ProdBEBIDAS_LACT;Leche en polvo Purisima 500gr;4
3690087;2026-09-22;PTO02;LOTOMARKET;ProdBEBIDAS;NECTAR DURAZNO 1L TUNAL;8
3689956;2026-09-22;PTO02;LOTOMARKET;ProdBEBIDAS;NECTAR PERA LIGHT 1 LITRO TUNAL;4
3689989;2026-09-22;PTO02;LOTOMARKET;ProdBEBIDAS;NECTAR MANZANA 1L TUNAL;8
3689940;2026-09-22;PTO02;LOTOMARKET;ProdBEBIDAS;JUGO NARANJA LIGTH 1 LITRO TUNAL;5
3688786;2026-09-22;PTO02;LOTOMARKET;ProdBEBIDAS_LACT;LECHE BARISTA PURISIMA;10
3689960;2026-09-22;PTO02;LOTOMARKET;ProdBEBIDAS;NARANJADA 1L TUNAL;4
3703718;2026-09-22;CCS02;LUZ LA CARLOTA;ProdBEBIDAS_LACT;LECHE  DESLACTOSADA LIQUIDA PURISIMA;12
3703720;2026-09-22;CCS02;LUZ LA CARLOTA;ProdDERIV_LACTEOS;CREMA DE LECHE DE 500GR PURISIMA;3
3703740;2026-09-22;CCS02;LUZ LA CARLOTA;ProdBEBIDAS;NECTAR DURAZNO 200 ML TUNAL;5
3703717;2026-09-22;CCS02;LUZ LA CARLOTA;ProdBEBIDAS_LACT;LECHE DESCREMADA LIQUIDA PURISIMA;18
3703716;2026-09-22;CCS02;LUZ LA CARLOTA;ProdBEBIDAS_LACT;LECHE COMPLETA LIQUIDA PURISIMA;18
3703739;2026-09-22;CCS02;LUZ LA CARLOTA;ProdBEBIDAS;NECTAR MANZANA 200 ML TUNAL;1
3703737;2026-09-22;CCS02;LUZ LA CARLOTA;ProdBEBIDAS;TE LIMON 1L TUNAL;1
3703722;2026-09-22;CCS02;LUZ LA CARLOTA;ProdDERIV_LACTEOS;MANTEQUILLA PURISIMA CON SAL 200G PURISIMA;1
3703738;2026-09-22;CCS02;LUZ LA CARLOTA;ProdBEBIDAS;NARANJADA  200 ML TUNAL;3
3703734;2026-09-22;CCS02;LUZ LA CARLOTA;ProdBEBIDAS;NARANJADA 1L TUNAL;2
3703736;2026-09-22;CCS02;LUZ LA CARLOTA;ProdBEBIDAS;TE DURAZNO 1L TUNAL;1
3703735;2026-09-22;CCS02;LUZ LA CARLOTA;ProdBEBIDAS;NECTAR MANZANA 1L TUNAL;12
3703721;2026-09-22;CCS02;LUZ LA CARLOTA;ProdDERIV_LACTEOS;MANTEQUILLA PURISIMA SIN SAL 200G PURISIMA;1
3684334;2026-09-22;PLC07;MAS X MENOS  PETRUCCI;ProdEMBUTIDOS;SALCHICHA TIPO VIENA 225G (11unid) ALIMEX;1
3688647;2026-09-22;PLC02;MAS X MENOS AV.LECHERIA;ProdEMBUTIDOS;TOCINETA AHUMADA SIN CUERO 3.5KG ALIMEX;1
3688631;2026-09-22;PLC02;MAS X MENOS AV.LECHERIA;ProdBEBIDAS;TE DURAZNO 1L TUNAL;2
3688651;2026-09-22;PLC02;MAS X MENOS AV.LECHERIA;ProdDERIV_LACTEOS;CREMA DE LECHE DE 500GR PURISIMA;4
3688625;2026-09-22;PLC02;MAS X MENOS AV.LECHERIA;ProdBEBIDAS_LACT;LECHE BARISTA PURISIMA;1
3688629;2026-09-22;PLC02;MAS X MENOS AV.LECHERIA;ProdBEBIDAS;TE LIMON 1L TUNAL;1
3689643;2026-09-22;PLC07;MAYORCA;ProdBEBIDAS_LACT;LECHE DESCREMADA LIQUIDA PURISIMA;1
3690866;2026-09-22;CCS08;MI NEGOCIO LA FLORIDA;ProdBEBIDAS_LACT;LECHE EN POLVO PURISIMA 900GR;2
3690865;2026-09-22;CCS08;MI NEGOCIO LA FLORIDA;ProdBEBIDAS_LACT;LECHE EN POLVO PURISIMA 400GR;2
3691631;2026-09-22;PLC06;MULTIMARKET LAS AMERICAS;ProdBEBIDAS;NARANJADA 1L TUNAL;1
3691635;2026-09-22;PLC06;MULTIMARKET LAS AMERICAS;ProdBEBIDAS_LACT;LECHE EN POLVO PURISIMA 400GR;2
3686850;2026-09-22;PLC06;MULTIMARKET ORIENTAL;ProdEMBUTIDOS;MORTADELA CCS DE CARNES 500G;6
3686865;2026-09-22;PLC06;MULTIMARKET ORIENTAL;ProdBEBIDAS;TE FRUTOS ROJOS 1L TUNAL;2
3686851;2026-09-22;PLC06;MULTIMARKET ORIENTAL;ProdEMBUTIDOS;TOCINETA AHUMADA SIN CUERO 3.5KG ALIMEX;5
3686864;2026-09-22;PLC06;MULTIMARKET ORIENTAL;ProdBEBIDAS;TE DURAZNO 1L TUNAL;1
3686858;2026-09-22;PLC06;MULTIMARKET ORIENTAL;ProdBEBIDAS_LACT;LECHE COMPLETA LIQUIDA PURISIMA;1
3686863;2026-09-22;PLC06;MULTIMARKET ORIENTAL;ProdBEBIDAS;NECTAR DURAZNO LIGTH 1 LITRO TUNAL;3
3686859;2026-09-22;PLC06;MULTIMARKET ORIENTAL;ProdBEBIDAS_LACT;LECHE DESCREMADA LIQUIDA PURISIMA;2
3687416;2026-09-22;PLC05;NOVA SABANAMAR;ProdBEBIDAS_LACT;LECHE BARISTA PURISIMA;8
3686112;2026-09-22;CCS08;PARAMO AV. LIBERTADOR;ProdEMBUTIDOS;SALCHICHA TIPO VIENA 800GR (24unid) ALIMEX;1
3686082;2026-09-22;CCS08;PARAMO AV. LIBERTADOR;ProdBEBIDAS;NARANJADA 1L TUNAL;4
3686078;2026-09-22;CCS08;PARAMO AV. LIBERTADOR;ProdBEBIDAS;NECTAR DURAZNO 200 ML TUNAL;2
3686083;2026-09-22;CCS08;PARAMO AV. LIBERTADOR;ProdBEBIDAS;NECTAR PERA 1L TUNAL;6
3688354;2026-09-22;CCS05;PARAMO BARUTA;ProdBEBIDAS_LACT;LECHE COMPLETA LIQUIDA PURISIMA;25
3695227;2026-09-22;CCS07;PARAMO GUATIRE;ProdBEBIDAS;NARANJADA 1L TUNAL;12
3695225;2026-09-22;CCS07;PARAMO GUATIRE;ProdBEBIDAS;NECTAR DURAZNO 500 ML TUNAL;28
3695224;2026-09-22;CCS07;PARAMO GUATIRE;ProdBEBIDAS;NARANJADA  500 ML TUNAL;20
3691918;2026-09-22;CCS05;PLAN SUAREZ  TRINIDAD;ProdBEBIDAS_LACT;LECHE EN POLVO PURISIMA 900GR;8
3693566;2026-09-22;CCS10;RIO CANDELARIA;ProdDERIV_LACTEOS;CREMA DE LECHE DE 250GR PURISIMA;2
3693567;2026-09-22;CCS10;RIO CANDELARIA;ProdDERIV_LACTEOS;MANTEQUILLA PURISIMA SIN SAL 200G PURISIMA;2
3693570;2026-09-22;CCS10;RIO CANDELARIA;ProdEMBUTIDOS;SALCHICHA TIPO VIENA 450GR (22unid) ALIMEX;1
3693569;2026-09-22;CCS10;RIO CANDELARIA;ProdDERIV_LACTEOS;Queso amarillo Purisima semimadurado disco 500gr;2
3695341;2026-09-22;CCS07;RIO GUATIRE;ProdBEBIDAS;NECTAR MANZANA 200 ML TUNAL;12
3693235;2026-09-22;PLC01;RIO SUPERMARKET C.C. PLAZA MAYOR;ProdBEBIDAS;NECTAR DURAZNO 200 ML TUNAL;1
3694149;2026-09-22;PLC04;RIO SUPERMARKET JUANGRIEGO;ProdDERIV_LACTEOS;MANTEQUILLA PURISIMA CON SAL 200G PURISIMA;6
3694127;2026-09-22;PLC04;RIO SUPERMARKET JUANGRIEGO;ProdBEBIDAS_LACT;LECHE DESCREMADA LIQUIDA PURISIMA;24
3694126;2026-09-22;PLC04;RIO SUPERMARKET JUANGRIEGO;ProdBEBIDAS_LACT;LECHE COMPLETA LIQUIDA PURISIMA;36
3694128;2026-09-22;PLC04;RIO SUPERMARKET JUANGRIEGO;ProdBEBIDAS_LACT;LECHE  DESLACTOSADA LIQUIDA PURISIMA;14
3694136;2026-09-22;PLC04;RIO SUPERMARKET JUANGRIEGO;ProdBEBIDAS;NECTAR PERA 1L TUNAL;1
3694138;2026-09-22;PLC04;RIO SUPERMARKET JUANGRIEGO;ProdBEBIDAS;TE LIMON 1L TUNAL;2
3694129;2026-09-22;PLC04;RIO SUPERMARKET JUANGRIEGO;ProdBEBIDAS_LACT;LECHE EN POLVO PURISIMA 900GR;79
3694150;2026-09-22;PLC04;RIO SUPERMARKET JUANGRIEGO;ProdDERIV_LACTEOS;MANTEQUILLA PURISIMA SIN SAL 200G PURISIMA;6
3697174;2026-09-22;PTO04;SUP KOBI;ProdBEBIDAS_LACT;LECHE DESCREMADA LIQUIDA PURISIMA;2
3697167;2026-09-22;PTO04;SUP KOBI;ProdBEBIDAS_LACT;LECHE EN POLVO PURISIMA 900GR;1
3697166;2026-09-22;PTO04;SUP KOBI;ProdBEBIDAS_LACT;LECHE EN POLVO PURISIMA 400GR;1
3697165;2026-09-22;PTO04;SUP KOBI;ProdBEBIDAS_LACT;LECHE EN POLVO PURISIMA 200GR;1
3697175;2026-09-22;PTO04;SUP KOBI;ProdBEBIDAS_LACT;LECHE  DESLACTOSADA LIQUIDA PURISIMA;1
3760096;2026-09-22;MCY04;SUPERLIDER CAGUA (CADA 15 DIAS);ProdDERIV_LACTEOS;MANTEQUILLA PURISIMA CON SAL 200G PURISIMA;1
3760090;2026-09-22;MCY04;SUPERLIDER CAGUA (CADA 15 DIAS);ProdDERIV_LACTEOS;CREMA DE LECHE DE 500GR PURISIMA;1
3760092;2026-09-22;MCY04;SUPERLIDER CAGUA (CADA 15 DIAS);ProdDERIV_LACTEOS;CREMA DE LECHE DE 250GR PURISIMA;1
3700301;2026-09-22;PTO03;SUPERMARKET EJERCITO;ProdBEBIDAS_LACT;LECHE  DESLACTOSADA LIQUIDA PURISIMA;3
3700053;2026-09-22;BQTO07;SUPERMERCADO CELESTE;ProdEMBUTIDOS;SALCHICHA TIPO VIENA 450GR (22unid) ALIMEX;1
3700047;2026-09-22;BQTO07;SUPERMERCADO CELESTE;ProdDERIV_LACTEOS;CREMA DE LECHE DE 500GR PURISIMA;1
3700049;2026-09-22;BQTO07;SUPERMERCADO CELESTE;ProdDERIV_LACTEOS;CREMA DE LECHE DE 250GR PURISIMA;1
3700057;2026-09-22;BQTO07;SUPERMERCADO CELESTE;ProdDERIV_LACTEOS;MANTEQUILLA PURISIMA CON SAL 200G PURISIMA;1
3700084;2026-09-22;BQTO07;SUPERMERCADO CELESTE;ProdBEBIDAS;NECTAR MANZANA 200 ML TUNAL;3
3700055;2026-09-22;BQTO07;SUPERMERCADO CELESTE;ProdDERIV_LACTEOS;MANTEQUILLA PURISIMA SIN SAL 200G PURISIMA;1
3700059;2026-09-22;BQTO07;SUPERMERCADO CELESTE;ProdEMBUTIDOS;MORTADELA CCS DE CARNES 900G;1
3700086;2026-09-22;BQTO07;SUPERMERCADO CELESTE;ProdBEBIDAS;NECTAR DURAZNO 200 ML TUNAL;3
3700082;2026-09-22;BQTO07;SUPERMERCADO CELESTE;ProdBEBIDAS;NECTAR PERA 200 ML TUNAL;3
3700051;2026-09-22;BQTO07;SUPERMERCADO CELESTE;ProdEMBUTIDOS;SALCHICHA TIPO VIENA 800GR (24unid) ALIMEX;1
3697351;2026-09-22;MCY05;SUPERMERCADO EL BOSQUE;ProdBEBIDAS_LACT;LECHE BARISTA PURISIMA;6
3697370;2026-09-22;MCY05;SUPERMERCADO MAPKET;ProdDERIV_LACTEOS;MANTEQUILLA PURISIMA SIN SAL 200G PURISIMA;3
3697371;2026-09-22;MCY05;SUPERMERCADO MAPKET;ProdBEBIDAS;NECTAR PERA 200 ML TUNAL;1
3760003;2026-09-22;MCY04;San Diego Turmero;ProdDERIV_LACTEOS;QUESO DE CABRA 500G PURISIMA;1
3760019;2026-09-22;MCY04;San Diego Turmero;ProdBEBIDAS;NECTAR PERA 1L TUNAL;3
3760021;2026-09-22;MCY04;San Diego Turmero;ProdBEBIDAS;NECTAR DURAZNO 1L TUNAL;
3698817;2026-09-22;PLC02;TODOHOGAR AV. LECHERIA;ProdBEBIDAS;NECTAR DURAZNO 1L TUNAL;1
3698799;2026-09-22;PLC02;TODOHOGAR AV. LECHERIA;ProdBEBIDAS;NECTAR MANZANA 500 ML TUNAL;1
3698802;2026-09-22;PLC02;TODOHOGAR AV. LECHERIA;ProdBEBIDAS;NECTAR PERA LIGHT 1 LITRO TUNAL;1
3698808;2026-09-22;PLC02;TODOHOGAR AV. LECHERIA;ProdEMBUTIDOS;MORTADELA CCS DE CARNES 900G;1
3698807;2026-09-22;PLC02;TODOHOGAR AV. LECHERIA;ProdEMBUTIDOS;MORTADELA CCS DE CARNES 500G;1
3720425;2026-09-22;CCS08;UNICASA CANDELARIA;ProdBEBIDAS_LACT;LECHE EN POLVO PURISIMA 400GR;4
3686592;2026-09-22;CCS10;UNICASA MONTALBAN C.C. CARACAS;ProdBEBIDAS;NECTAR DURAZNO 200 ML TUNAL;4
3688735;2026-09-22;CCS10;UNICASA USLAR;ProdBEBIDAS_LACT;LECHE BARISTA PURISIMA;12
3704418;2026-09-23;PLC08;AIKOZ BARCELONA;ProdBEBIDAS;NECTAR MANZANA 200 ML TUNAL;4
3704420;2026-09-23;PLC08;AIKOZ BARCELONA;ProdBEBIDAS;TE LIMON 1L TUNAL;2
3704421;2026-09-23;PLC08;AIKOZ BARCELONA;ProdBEBIDAS;TE FRUTOS ROJOS 1L TUNAL;2
3704422;2026-09-23;PLC08;AIKOZ BARCELONA;ProdBEBIDAS;TE DURAZNO 1L TUNAL;2
3711156;2026-09-23;PLC07;AIKOZ UNIMAL;ProdBEBIDAS;NECTAR MANZANA 200 ML TUNAL;3
3711147;2026-09-23;PLC07;AIKOZ UNIMAL;ProdBEBIDAS;NECTAR PERA 200 ML TUNAL;3
3711151;2026-09-23;PLC07;AIKOZ UNIMAL;ProdBEBIDAS;NECTAR DURAZNO 200 ML TUNAL;3
3717437;2026-09-23;MCY05;ARB CANTA CLARO;ProdBEBIDAS_LACT;LECHE  DESLACTOSADA LIQUIDA PURISIMA;8
3717432;2026-09-23;MCY05;ARB CANTA CLARO;ProdBEBIDAS_LACT;LECHE COMPLETA LIQUIDA PURISIMA;3
3717435;2026-09-23;MCY05;ARB CANTA CLARO;ProdBEBIDAS_LACT;LECHE DESCREMADA LIQUIDA PURISIMA;3
3760039;2026-09-23;MCY04;ARB MARKET REDOMA EL AVION;ProdBEBIDAS_LACT;LECHE EN POLVO PURISIMA 900GR;
3760014;2026-09-23;MCY04;ARB MARKET REDOMA EL AVION;ProdEMBUTIDOS;MORTADELA DE POLLO DE 500G;3
3760029;2026-09-23;MCY04;ARB MARKET REDOMA EL AVION;ProdEMBUTIDOS;Salchicha el tunal de pollo 450gr;3
3760036;2026-09-23;MCY04;ARB MARKET REDOMA EL AVION;ProdBEBIDAS_LACT;LECHE  DESLACTOSADA LIQUIDA PURISIMA;1
3760022;2026-09-23;MCY04;ARB MARKET REDOMA EL AVION;ProdDERIV_LACTEOS;MANTEQUILLA PURISIMA SIN SAL 200G PURISIMA;1
3760020;2026-09-23;MCY04;ARB MARKET REDOMA EL AVION;ProdDERIV_LACTEOS;MANTEQUILLA PURISIMA CON SAL 200G PURISIMA;2
3714410;2026-09-23;PTO01;AUT. MAXICONSUMO;ProdDERIV_LACTEOS;MANTEQUILLA PURISIMA SIN SAL 200G PURISIMA;1
3714402;2026-09-23;PTO01;AUT. MAXICONSUMO;ProdEMBUTIDOS;Salchicha el tunal de pollo 450gr;1
3714404;2026-09-23;PTO01;AUT. MAXICONSUMO;ProdEMBUTIDOS;SALCHICHA TIPO VIENA 450GR (22unid) ALIMEX;1
3714403;2026-09-23;PTO01;AUT. MAXICONSUMO;ProdEMBUTIDOS;Salchicha el tunal de pollo 250gr;1
3714405;2026-09-23;PTO01;AUT. MAXICONSUMO;ProdEMBUTIDOS;SALCHICHA TIPO VIENA 800GR (24unid) ALIMEX;1
3704682;2026-09-23;CCS10;AUTOMERCADO AVILA;ProdDERIV_LACTEOS;MANTEQUILLA PURISIMA SIN SAL 200G PURISIMA;2
3704686;2026-09-23;CCS10;AUTOMERCADO AVILA;ProdBEBIDAS;NECTAR DURAZNO 200 ML TUNAL;20
3704679;2026-09-23;CCS10;AUTOMERCADO AVILA;ProdEMBUTIDOS;SALCHICHA TIPO VIENA 450GR (22unid) ALIMEX;3
3717153;2026-09-23;BQTO07;AUTOMERCADO LOS MOLINOS I;ProdEMBUTIDOS;SALCHICHA TIPO VIENA 800GR (24unid) ALIMEX;1
3717195;2026-09-23;BQTO07;AUTOMERCADO LOS MOLINOS I;ProdDERIV_LACTEOS;MANTEQUILLA PURISIMA SIN SAL 200G PURISIMA;1
3717198;2026-09-23;BQTO07;AUTOMERCADO LOS MOLINOS I;ProdDERIV_LACTEOS;MANTEQUILLA PURISIMA CON SAL 200G PURISIMA;1
3717201;2026-09-23;BQTO07;AUTOMERCADO LOS MOLINOS I;ProdBEBIDAS;NARANJADA 1L TUNAL;1
3717204;2026-09-23;BQTO07;AUTOMERCADO LOS MOLINOS I;ProdBEBIDAS;NECTAR MANZANA 1L TUNAL;1
3717192;2026-09-23;BQTO07;AUTOMERCADO LOS MOLINOS I;ProdDERIV_LACTEOS;CREMA DE LECHE DE 250GR PURISIMA;2
3717189;2026-09-23;BQTO07;AUTOMERCADO LOS MOLINOS I;ProdDERIV_LACTEOS;CREMA DE LECHE DE 500GR PURISIMA;6
3717145;2026-09-23;BQTO07;AUTOMERCADO LOS MOLINOS I;ProdEMBUTIDOS;MORTADELA CCS DE CARNES 900G;1
3717150;2026-09-23;BQTO07;AUTOMERCADO LOS MOLINOS I;ProdEMBUTIDOS;MORTADELA CCS DE CARNES 500G;1
3717156;2026-09-23;BQTO07;AUTOMERCADO LOS MOLINOS I;ProdEMBUTIDOS;SALCHICHA TIPO VIENA 450GR (22unid) ALIMEX;1
3717160;2026-09-23;BQTO07;AUTOMERCADO LOS MOLINOS I;ProdEMBUTIDOS;SALCHICHA TIPO VIENA 225G (11unid) ALIMEX;1
3717207;2026-09-23;BQTO07;AUTOMERCADO LOS MOLINOS I;ProdBEBIDAS;NECTAR DURAZNO 1L TUNAL;1
3717210;2026-09-23;BQTO07;AUTOMERCADO LOS MOLINOS I;ProdBEBIDAS;TE LIMON 1L TUNAL;1
3717236;2026-09-23;BQTO07;AUTOMERCADO LOS MOLINOS I;ProdBEBIDAS;NECTAR MANZANA 500 ML TUNAL;3
3717237;2026-09-23;BQTO07;AUTOMERCADO LOS MOLINOS I;ProdBEBIDAS;NECTAR DURAZNO 500 ML TUNAL;2
3717238;2026-09-23;BQTO07;AUTOMERCADO LOS MOLINOS I;ProdBEBIDAS;NECTAR PERA 500 ML TUNAL;1
3717239;2026-09-23;BQTO07;AUTOMERCADO LOS MOLINOS I;ProdBEBIDAS;TE FRUTOS ROJOS 50OML;1
3717235;2026-09-23;BQTO07;AUTOMERCADO LOS MOLINOS I;ProdBEBIDAS;NECTAR DURAZNO 200 ML TUNAL;1
3717234;2026-09-23;BQTO07;AUTOMERCADO LOS MOLINOS I;ProdBEBIDAS;NECTAR PERA 200 ML TUNAL;1
3717213;2026-09-23;BQTO07;AUTOMERCADO LOS MOLINOS I;ProdBEBIDAS;JUGO NARANJA LIGTH 1 LITRO TUNAL;1
3717232;2026-09-23;BQTO07;AUTOMERCADO LOS MOLINOS I;ProdBEBIDAS;NARANJADA  200 ML TUNAL;1
3717233;2026-09-23;BQTO07;AUTOMERCADO LOS MOLINOS I;ProdBEBIDAS;NECTAR MANZANA 200 ML TUNAL;1
3717241;2026-09-23;BQTO07;AUTOMERCADO LOS MOLINOS I;ProdBEBIDAS_LACT;LECHE COMPLETA LIQUIDA PURISIMA;24
3717107;2026-09-23;BQTO07;AUTOMERCADO LUZ;ProdBEBIDAS_LACT;LECHE  DESLACTOSADA LIQUIDA PURISIMA;1
3717108;2026-09-23;BQTO07;AUTOMERCADO LUZ;ProdBEBIDAS_LACT;LECHE BARISTA PURISIMA;1
3717112;2026-09-23;BQTO07;AUTOMERCADO LUZ;ProdEMBUTIDOS;SALCHICHA TIPO VIENA 225G (11unid) ALIMEX;1
3717111;2026-09-23;BQTO07;AUTOMERCADO LUZ;ProdEMBUTIDOS;SALCHICHA TIPO VIENA 450GR (22unid) ALIMEX;1
3703806;2026-09-23;CCS02;CENTRAL MADEIRENSE LOS RUICES;ProdBEBIDAS_LACT;LECHE DESCREMADA LIQUIDA PURISIMA;12
3703802;2026-09-23;CCS02;CENTRAL MADEIRENSE LOS RUICES;ProdBEBIDAS_LACT;LECHE COMPLETA LIQUIDA PURISIMA;12
3703804;2026-09-23;CCS02;CENTRAL MADEIRENSE LOS RUICES;ProdBEBIDAS_LACT;LECHE  DESLACTOSADA LIQUIDA PURISIMA;8
3703757;2026-09-23;CCS02;CENTRAL MADEIRENSE LOS RUICES;ProdDERIV_LACTEOS;MANTEQUILLA PURISIMA CON SAL 200G PURISIMA;1
3703755;2026-09-23;CCS02;CENTRAL MADEIRENSE LOS RUICES;ProdDERIV_LACTEOS;MANTEQUILLA PURISIMA SIN SAL 200G PURISIMA;1
3703838;2026-09-23;CCS02;CENTRAL MADEIRENSE LOS RUICES;ProdBEBIDAS;TE LIMON 1L TUNAL;6
3703809;2026-09-23;CCS02;CENTRAL MADEIRENSE LOS RUICES;ProdBEBIDAS_LACT;LECHE COMPLETA BARISTA LIQUIDA PURISIMA;3
3703832;2026-09-23;CCS02;CENTRAL MADEIRENSE LOS RUICES;ProdBEBIDAS;NECTAR MANZANA 1L TUNAL;2
3703753;2026-09-23;CCS02;CENTRAL MADEIRENSE LOS RUICES;ProdDERIV_LACTEOS;CREMA DE LECHE DE 250GR PURISIMA;1
3703751;2026-09-23;CCS02;CENTRAL MADEIRENSE LOS RUICES;ProdDERIV_LACTEOS;CREMA DE LECHE DE 500GR PURISIMA;1
3703772;2026-09-23;CCS02;CENTRAL MADEIRENSE LOS RUICES;ProdEMBUTIDOS;SALCHICHA TIPO VIENA 800GR (24unid) ALIMEX;1
3703775;2026-09-23;CCS02;CENTRAL MADEIRENSE LOS RUICES;ProdEMBUTIDOS;SALCHICHA TIPO VIENA 450GR (22unid) ALIMEX;1
3703834;2026-09-23;CCS02;CENTRAL MADEIRENSE LOS RUICES;ProdBEBIDAS;NECTAR DURAZNO 1L TUNAL;7
3703777;2026-09-23;CCS02;CENTRAL MADEIRENSE LOS RUICES;ProdEMBUTIDOS;SALCHICHA TIPO VIENA 225G (11unid) ALIMEX;1
3703836;2026-09-23;CCS02;CENTRAL MADEIRENSE LOS RUICES;ProdBEBIDAS;TE DURAZNO 1L TUNAL;6
3702119;2026-09-23;CCS07;EMPORIUM GUARENAS MIRANDA;ProdBEBIDAS;NECTAR MANZANA LIGHT 1 LITRO TUNAL;1
3702141;2026-09-23;CCS07;EMPORIUM GUARENAS MIRANDA;ProdBEBIDAS_LACT;LECHE DESCREMADA LIQUIDA PURISIMA;24
3702117;2026-09-23;CCS07;EMPORIUM GUARENAS MIRANDA;ProdBEBIDAS;NECTAR PERA 1L TUNAL;8
3702140;2026-09-23;CCS07;EMPORIUM GUARENAS MIRANDA;ProdBEBIDAS_LACT;LECHE COMPLETA LIQUIDA PURISIMA;24
3702116;2026-09-23;CCS07;EMPORIUM GUARENAS MIRANDA;ProdBEBIDAS;NECTAR MANZANA 1L TUNAL;12
3702115;2026-09-23;CCS07;EMPORIUM GUARENAS MIRANDA;ProdBEBIDAS;NARANJADA 1L TUNAL;16
3702112;2026-09-23;CCS07;EMPORIUM GUARENAS MIRANDA;ProdBEBIDAS;NECTAR MANZANA 200 ML TUNAL;6
3702142;2026-09-23;CCS07;EMPORIUM GUARENAS MIRANDA;ProdBEBIDAS_LACT;LECHE  DESLACTOSADA LIQUIDA PURISIMA;8
3702118;2026-09-23;CCS07;EMPORIUM GUARENAS MIRANDA;ProdBEBIDAS;NECTAR DURAZNO 1L TUNAL;8
3702120;2026-09-23;CCS07;EMPORIUM GUARENAS MIRANDA;ProdBEBIDAS;NECTAR PERA LIGHT 1 LITRO TUNAL;1
3702114;2026-09-23;CCS07;EMPORIUM GUARENAS MIRANDA;ProdBEBIDAS;NECTAR DURAZNO 200 ML TUNAL;2
3702113;2026-09-23;CCS07;EMPORIUM GUARENAS MIRANDA;ProdBEBIDAS;NECTAR PERA 200 ML TUNAL;4
3702111;2026-09-23;CCS07;EMPORIUM GUARENAS MIRANDA;ProdBEBIDAS;NARANJADA  200 ML TUNAL;6
3702139;2026-09-23;CCS07;EMPORIUM GUARENAS MIRANDA;ProdBEBIDAS_LACT;LECHE BARISTA PURISIMA;6
3702110;2026-09-23;CCS07;EMPORIUM GUARENAS MIRANDA;ProdBEBIDAS;TE FRUTOS ROJOS 1L TUNAL;4
3702121;2026-09-23;CCS07;EMPORIUM GUARENAS MIRANDA;ProdBEBIDAS;NECTAR DURAZNO LIGTH 1 LITRO TUNAL;2
3702108;2026-09-23;CCS07;EMPORIUM GUARENAS MIRANDA;ProdBEBIDAS;TE DURAZNO 1L TUNAL;8
3702109;2026-09-23;CCS07;EMPORIUM GUARENAS MIRANDA;ProdBEBIDAS;TE LIMON 1L TUNAL;8
3714180;2026-09-23;MCY03;EUROMERCADO INTERCOMUNAL;ProdBEBIDAS;NARANJADA 1L TUNAL;4
3714182;2026-09-23;MCY03;EUROMERCADO INTERCOMUNAL;ProdBEBIDAS;NECTAR MANZANA 1L TUNAL;2
3714181;2026-09-23;MCY03;EUROMERCADO INTERCOMUNAL;ProdBEBIDAS;NECTAR DURAZNO 1L TUNAL;2
3714226;2026-09-23;MCY03;EUROMERCADO INTERCOMUNAL;ProdDERIV_LACTEOS;MANTEQUILLA PURISIMA SIN SAL 200G PURISIMA;2
3714187;2026-09-23;MCY03;EUROMERCADO INTERCOMUNAL;ProdBEBIDAS;NECTAR PERA 500 ML TUNAL;1
3714186;2026-09-23;MCY03;EUROMERCADO INTERCOMUNAL;ProdBEBIDAS;NECTAR MANZANA 500 ML TUNAL;2
3714185;2026-09-23;MCY03;EUROMERCADO INTERCOMUNAL;ProdBEBIDAS;NECTAR DURAZNO 500 ML TUNAL;1
3714227;2026-09-23;MCY03;EUROMERCADO INTERCOMUNAL;ProdDERIV_LACTEOS;MANTEQUILLA PURISIMA CON SAL 200G PURISIMA;2
3714184;2026-09-23;MCY03;EUROMERCADO INTERCOMUNAL;ProdBEBIDAS;NARANJADA  500 ML TUNAL;4
3714183;2026-09-23;MCY03;EUROMERCADO INTERCOMUNAL;ProdBEBIDAS;NECTAR PERA 1L TUNAL;1
3709709;2026-09-23;MCY01;FACIL COMPRA;ProdBEBIDAS;JUGO NARANJA LIGTH 1 LITRO TUNAL;1
3709702;2026-09-23;MCY01;FACIL COMPRA;ProdBEBIDAS;NARANJADA 1L TUNAL;2
3709710;2026-09-23;MCY01;FACIL COMPRA;ProdBEBIDAS;NECTAR PERA LIGHT 1 LITRO TUNAL;1
3709711;2026-09-23;MCY01;FACIL COMPRA;ProdBEBIDAS;TE DURAZNO 1L TUNAL;1
3709705;2026-09-23;MCY01;FACIL COMPRA;ProdBEBIDAS;NECTAR DURAZNO 1L TUNAL;1
3709712;2026-09-23;MCY01;FACIL COMPRA;ProdBEBIDAS;TE LIMON 1L TUNAL;1
3709713;2026-09-23;MCY01;FACIL COMPRA;ProdBEBIDAS;TE FRUTOS ROJOS 1L TUNAL;1
3709741;2026-09-23;MCY01;FACIL COMPRA;ProdEMBUTIDOS;Salchicha el tunal de pollo 450gr;1
3709708;2026-09-23;MCY01;FACIL COMPRA;ProdBEBIDAS;TE DURAZNO 500ML TUNAL;3
3709720;2026-09-23;MCY01;FACIL COMPRA;ProdDERIV_LACTEOS;CREMA DE LECHE DE 500GR PURISIMA;1
3709721;2026-09-23;MCY01;FACIL COMPRA;ProdDERIV_LACTEOS;CREMA DE LECHE DE 250GR PURISIMA;2
3709729;2026-09-23;MCY01;FACIL COMPRA;ProdDERIV_LACTEOS;MANTEQUILLA PURISIMA SIN SAL 200G PURISIMA;1
3709727;2026-09-23;MCY01;FACIL COMPRA;ProdDERIV_LACTEOS;MANTEQUILLA PURISIMA CON SAL 200G PURISIMA;1
3709737;2026-09-23;MCY01;FACIL COMPRA;ProdEMBUTIDOS;SALCHICHA TIPO VIENA 800GR (24unid) ALIMEX;1
3709689;2026-09-23;MCY01;FACIL COMPRA;ProdBEBIDAS_LACT;LECHE  DESLACTOSADA LIQUIDA PURISIMA;3
3709688;2026-09-23;MCY01;FACIL COMPRA;ProdBEBIDAS_LACT;LECHE DESCREMADA LIQUIDA PURISIMA;4
3709703;2026-09-23;MCY01;FACIL COMPRA;ProdBEBIDAS;NECTAR MANZANA 1L TUNAL;1
3709738;2026-09-23;MCY01;FACIL COMPRA;ProdEMBUTIDOS;SALCHICHA TIPO VIENA 225G (11unid) ALIMEX;2
3709706;2026-09-23;MCY01;FACIL COMPRA;ProdBEBIDAS;NARANJADA  500 ML TUNAL;4
3709687;2026-09-23;MCY01;FACIL COMPRA;ProdBEBIDAS_LACT;LECHE COMPLETA LIQUIDA PURISIMA;4
3709704;2026-09-23;MCY01;FACIL COMPRA;ProdBEBIDAS;NECTAR PERA 1L TUNAL;1
3709707;2026-09-23;MCY01;FACIL COMPRA;ProdBEBIDAS;TE LIMON 500ML TUNAL;3
3708150;2026-09-23;CCS07;FORUM GUARENAS;ProdJAMONERIA;JAMON AREPERO AHUMADO;1
3708148;2026-09-23;CCS07;FORUM GUARENAS;ProdDERIV_LACTEOS;Queso amarillo Purisima semimadurado barra;1
3708151;2026-09-23;CCS07;FORUM GUARENAS;ProdEMBUTIDOS;MORTADELA TAPARA Alimex;1
3708152;2026-09-23;CCS07;FORUM GUARENAS;ProdJAMONERIA;JAMON AHUMADO VISKING ITALICO 3.5 KG;1
3708153;2026-09-23;CCS07;FORUM GUARENAS;ProdBEBIDAS_LACT;LECHE COMPLETA LIQUIDA PURISIMA;36
3708147;2026-09-23;CCS07;FORUM GUARENAS;ProdJAMONERIA;JAMON PIERNA ALIMEX 98% 5.9kg;1
3708141;2026-09-23;CCS07;FORUM GUARENAS;ProdEMBUTIDOS;SALCHICHA TIPO VIENA 225G (11unid) ALIMEX;2
3708121;2026-09-23;CCS07;FORUM GUARENAS;ProdDERIV_LACTEOS;CREMA DE LECHE DE 250GR PURISIMA;4
3708120;2026-09-23;CCS07;FORUM GUARENAS;ProdDERIV_LACTEOS;CREMA DE LECHE DE 500GR PURISIMA;6
3708157;2026-09-23;CCS07;FORUM GUARENAS;ProdBEBIDAS_LACT;LECHE EN POLVO PURISIMA 400GR;2
3708156;2026-09-23;CCS07;FORUM GUARENAS;ProdBEBIDAS_LACT;LECHE EN POLVO PURISIMA 900GR;2
3708154;2026-09-23;CCS07;FORUM GUARENAS;ProdBEBIDAS_LACT;LECHE DESCREMADA LIQUIDA PURISIMA;24
3708155;2026-09-23;CCS07;FORUM GUARENAS;ProdBEBIDAS_LACT;LECHE  DESLACTOSADA LIQUIDA PURISIMA;16
3708124;2026-09-23;CCS07;FORUM GUARENAS;ProdBEBIDAS;NECTAR PERA 200 ML TUNAL;1
3708160;2026-09-23;CCS07;FORUM GUARENAS;ProdJAMONERIA;JAMON COCIDO ESTANDAR ITALICO 5.9kg;1
3708125;2026-09-23;CCS07;FORUM GUARENAS;ProdBEBIDAS;NECTAR DURAZNO 200 ML TUNAL;1
3708126;2026-09-23;CCS07;FORUM GUARENAS;ProdBEBIDAS;NARANJADA 1L TUNAL;1
3708128;2026-09-23;CCS07;FORUM GUARENAS;ProdBEBIDAS;NECTAR PERA 1L TUNAL;1
3708127;2026-09-23;CCS07;FORUM GUARENAS;ProdBEBIDAS;NECTAR MANZANA 1L TUNAL;1
3708123;2026-09-23;CCS07;FORUM GUARENAS;ProdBEBIDAS;NECTAR MANZANA 200 ML TUNAL;1
3708135;2026-09-23;CCS07;FORUM GUARENAS;ProdBEBIDAS;TE LIMON 1L TUNAL;2
3708136;2026-09-23;CCS07;FORUM GUARENAS;ProdBEBIDAS;TE FRUTOS ROJOS 1L TUNAL;2
3708122;2026-09-23;CCS07;FORUM GUARENAS;ProdBEBIDAS;NARANJADA  200 ML TUNAL;1
3708129;2026-09-23;CCS07;FORUM GUARENAS;ProdBEBIDAS;NECTAR DURAZNO 1L TUNAL;1
3708116;2026-09-23;CCS07;FORUM GUARENAS;ProdDERIV_LACTEOS;MANTEQUILLA PURISIMA CON SAL 200G PURISIMA;1
3708134;2026-09-23;CCS07;FORUM GUARENAS;ProdBEBIDAS;TE DURAZNO 1L TUNAL;2
3708138;2026-09-23;CCS07;FORUM GUARENAS;ProdEMBUTIDOS;MORTADELA CCS DE CARNES 900G;1
3708119;2026-09-23;CCS07;FORUM GUARENAS;ProdDERIV_LACTEOS;QUESO DE CABRA 500G PURISIMA;1
3708137;2026-09-23;CCS07;FORUM GUARENAS;ProdEMBUTIDOS;MORTADELA CCS DE CARNES 500G;4
3708143;2026-09-23;CCS07;FORUM GUARENAS;ProdEMBUTIDOS;CHORIZO DE CERDO PICANTE PARRILLERO ALIMEX;2
3708140;2026-09-23;CCS07;FORUM GUARENAS;ProdEMBUTIDOS;SALCHICHA TIPO VIENA 450GR (22unid) ALIMEX;1
3708139;2026-09-23;CCS07;FORUM GUARENAS;ProdEMBUTIDOS;SALCHICHA TIPO VIENA 800GR (24unid) ALIMEX;1
3708118;2026-09-23;CCS07;FORUM GUARENAS;ProdDERIV_LACTEOS;Queso amarillo Purisima semimadurado disco 500gr;1
3708142;2026-09-23;CCS07;FORUM GUARENAS;ProdEMBUTIDOS;CHORIZO DE CERDO AHUMADO PARRILLERO ALIMEX;2
3708117;2026-09-23;CCS07;FORUM GUARENAS;ProdDERIV_LACTEOS;MANTEQUILLA PURISIMA SIN SAL 200G PURISIMA;1
3714382;2026-09-23;PTO02;HIP HONG KONG;ProdBEBIDAS_LACT;LECHE COMPLETA LIQUIDA PURISIMA;9
3714451;2026-09-23;PTO02;HIP HONG KONG;ProdBEBIDAS_LACT;LECHE  DESLACTOSADA LIQUIDA PURISIMA;6
3714449;2026-09-23;PTO02;HIP HONG KONG;ProdBEBIDAS_LACT;LECHE DESCREMADA LIQUIDA PURISIMA;6
3717175;2026-09-23;BQTO07;HIPER FUTURO ACARIGUA;ProdBEBIDAS;NECTAR MANZANA 500 ML TUNAL;2
3717171;2026-09-23;BQTO07;HIPER FUTURO ACARIGUA;ProdBEBIDAS;NARANJADA  200 ML TUNAL;4
3717184;2026-09-23;BQTO07;HIPER FUTURO ACARIGUA;ProdBEBIDAS;TE DURAZNO 500ML TUNAL;3
3717178;2026-09-23;BQTO07;HIPER FUTURO ACARIGUA;ProdBEBIDAS;NECTAR PERA 500 ML TUNAL;1
3717188;2026-09-23;BQTO07;HIPER FUTURO ACARIGUA;ProdBEBIDAS;TE LIMON 500ML TUNAL;3
3717226;2026-09-23;BQTO07;HIPER FUTURO ACARIGUA;ProdBEBIDAS_LACT;LECHE DESCREMADA LIQUIDA PURISIMA;9
3717181;2026-09-23;BQTO07;HIPER FUTURO ACARIGUA;ProdBEBIDAS;NECTAR DURAZNO 500 ML TUNAL;2
3705139;2026-09-23;PTO02;HIPER VIP;ProdBEBIDAS_LACT;LECHE COMPLETA BARISTA LIQUIDA PURISIMA;14
3708442;2026-09-23;PTO01;HIPERMERCADO EL GUAMO;ProdEMBUTIDOS;SALCHICHA TIPO VIENA 450GR (22unid) ALIMEX;1
3708438;2026-09-23;PTO01;HIPERMERCADO EL GUAMO;ProdBEBIDAS_LACT;LECHE COMPLETA LIQUIDA PURISIMA;18
3708441;2026-09-23;PTO01;HIPERMERCADO EL GUAMO;ProdEMBUTIDOS;SALCHICHA TIPO VIENA 800GR (24unid) ALIMEX;1
3708440;2026-09-23;PTO01;HIPERMERCADO EL GUAMO;ProdBEBIDAS_LACT;LECHE BARISTA PURISIMA;12
3708439;2026-09-23;PTO01;HIPERMERCADO EL GUAMO;ProdBEBIDAS_LACT;LECHE  DESLACTOSADA LIQUIDA PURISIMA;6
3760127;2026-09-23;MCY04;HIPERVERDURAS CONTINENTE;ProdBEBIDAS;NARANJADA 1L TUNAL;1
3760176;2026-09-23;MCY04;HIPERVERDURAS CONTINENTE;ProdEMBUTIDOS;CHORIZO DE CERDO PICANTE PARRILLERO ALIMEX;2
3760170;2026-09-23;MCY04;HIPERVERDURAS CONTINENTE;ProdBEBIDAS_LACT;LECHE DESCREMADA LIQUIDA PURISIMA;
3760056;2026-09-23;MCY04;HIPERVERDURAS CONTINENTE;ProdDERIV_LACTEOS;MANTEQUILLA PURISIMA SIN SAL 200G PURISIMA;2
3760143;2026-09-23;MCY04;HIPERVERDURAS CONTINENTE;ProdBEBIDAS;NECTAR PERA 1L TUNAL;1
3760158;2026-09-23;MCY04;HIPERVERDURAS CONTINENTE;ProdBEBIDAS;NECTAR MANZANA 1L TUNAL;1
3760155;2026-09-23;MCY04;HIPERVERDURAS CONTINENTE;ProdBEBIDAS;NECTAR DURAZNO 1L TUNAL;4
3760167;2026-09-23;MCY04;HIPERVERDURAS CONTINENTE;ProdBEBIDAS_LACT;LECHE COMPLETA LIQUIDA PURISIMA;12
3717470;2026-09-23;MCY05;Hiper Mercado Metro;ProdEMBUTIDOS;MORTADELA CCS DE CARNES 900G;1
3717462;2026-09-23;MCY05;Hiper Mercado Metro;ProdDERIV_LACTEOS;CREMA DE LECHE DE 250GR PURISIMA;2
3717475;2026-09-23;MCY05;Hiper Mercado Metro;ProdEMBUTIDOS;SALCHICHA TIPO VIENA 225G (11unid) ALIMEX;1
3717460;2026-09-23;MCY05;Hiper Mercado Metro;ProdDERIV_LACTEOS;CREMA DE LECHE DE 500GR PURISIMA;2
3717468;2026-09-23;MCY05;Hiper Mercado Metro;ProdEMBUTIDOS;MORTADELA CCS DE CARNES 500G;1
3717476;2026-09-23;MCY05;Hiper Mercado Metro;ProdEMBUTIDOS;SALCHICHA TIPO VIENA 450GR (22unid) ALIMEX;1
3717477;2026-09-23;MCY05;Hiper Mercado Metro;ProdEMBUTIDOS;SALCHICHA TIPO VIENA 800GR (24unid) ALIMEX;1
3717487;2026-09-23;MCY05;Hiper Mercado Metro;ProdBEBIDAS;NARANJADA 1L TUNAL;5
3706572;2026-09-23;PLC07;IMPORT VCB 1 CASA BLANCA;ProdDERIV_LACTEOS;MANTEQUILLA PURISIMA CON SAL 200G PURISIMA;1
3705580;2026-09-23;PLC07;IMPORT VCB 2 CAMPO OFICINA;ProdBEBIDAS;NECTAR MANZANA 1L TUNAL;1
3705754;2026-09-23;PLC07;IMPORT VCB 2 CAMPO OFICINA;ProdBEBIDAS_LACT;LECHE EN POLVO PURISIMA 200GR;1
3717167;2026-09-23;BQTO07;INVERSIONES SALAS Y VARGAS;ProdEMBUTIDOS;MORTADELA CCS DE CARNES 500G;3
3717161;2026-09-23;BQTO07;INVERSIONES SALAS Y VARGAS;ProdEMBUTIDOS;SALCHICHA TIPO VIENA 225G (11unid) ALIMEX;1
3713617;2026-09-23;VLC02;KALEA  LA GRANJA;ProdBEBIDAS;TE LIMON 1L TUNAL;1
3713622;2026-09-23;VLC02;KALEA  LA GRANJA;ProdBEBIDAS;NECTAR PERA LIGHT 1 LITRO TUNAL;2
3713625;2026-09-23;VLC02;KALEA  LA GRANJA;ProdDERIV_LACTEOS;CREMA DE LECHE DE 500GR PURISIMA;3
3713615;2026-09-23;VLC02;KALEA  LA GRANJA;ProdBEBIDAS;TE FRUTOS ROJOS 1L TUNAL;1
3713629;2026-09-23;VLC02;KALEA  LA GRANJA;ProdDERIV_LACTEOS;MANTEQUILLA PURISIMA CON SAL 200G PURISIMA;1
3713628;2026-09-23;VLC02;KALEA  LA GRANJA;ProdDERIV_LACTEOS;MANTEQUILLA PURISIMA SIN SAL 200G PURISIMA;1
3713633;2026-09-23;VLC02;KALEA  LA GRANJA;ProdBEBIDAS;NECTAR PERA 200 ML TUNAL;1
3713623;2026-09-23;VLC02;KALEA  LA GRANJA;ProdEMBUTIDOS;CHORIZO DE CERDO AHUMADO PARRILLERO ALIMEX;1
3713613;2026-09-23;VLC02;KALEA  LA GRANJA;ProdBEBIDAS_LACT;LECHE DESCREMADA LIQUIDA PURISIMA;2
3713612;2026-09-23;VLC02;KALEA  LA GRANJA;ProdBEBIDAS_LACT;LECHE COMPLETA LIQUIDA PURISIMA;2
3713632;2026-09-23;VLC02;KALEA  LA GRANJA;ProdBEBIDAS;NARANJADA 1L TUNAL;1
3713614;2026-09-23;VLC02;KALEA  LA GRANJA;ProdBEBIDAS_LACT;LECHE  DESLACTOSADA LIQUIDA PURISIMA;2
3713626;2026-09-23;VLC02;KALEA  LA GRANJA;ProdDERIV_LACTEOS;CREMA DE LECHE DE 250GR PURISIMA;1
3713624;2026-09-23;VLC02;KALEA  LA GRANJA;ProdEMBUTIDOS;CHORIZO DE CERDO PICANTE PARRILLERO ALIMEX;1
3713616;2026-09-23;VLC02;KALEA  LA GRANJA;ProdBEBIDAS;TE DURAZNO 1L TUNAL;1
3713619;2026-09-23;VLC02;KALEA  LA GRANJA;ProdBEBIDAS;NECTAR MANZANA 1L TUNAL;2
3713620;2026-09-23;VLC02;KALEA  LA GRANJA;ProdBEBIDAS;NECTAR PERA 1L TUNAL;1
3713631;2026-09-23;VLC02;KALEA  LA GRANJA;ProdBEBIDAS;NECTAR DURAZNO 200 ML TUNAL;1
3713630;2026-09-23;VLC02;KALEA  LA GRANJA;ProdBEBIDAS;NARANJADA  200 ML TUNAL;1
3713618;2026-09-23;VLC02;KALEA  LA GRANJA;ProdBEBIDAS;NECTAR DURAZNO 1L TUNAL;1
3712395;2026-09-23;VLC04;KALEA TRIGALENA;ProdBEBIDAS;NARANJADA  200 ML TUNAL;1
3712396;2026-09-23;VLC04;KALEA TRIGALENA;ProdBEBIDAS;NECTAR DURAZNO 200 ML TUNAL;1
3712398;2026-09-23;VLC04;KALEA TRIGALENA;ProdBEBIDAS;NECTAR PERA 200 ML TUNAL;1
3712397;2026-09-23;VLC04;KALEA TRIGALENA;ProdBEBIDAS;NECTAR MANZANA 200 ML TUNAL;1
3710534;2026-09-23;VLC02;KROMI MANONGO;ProdEMBUTIDOS;SALCHICHA TIPO VIENA 225G (11unid) ALIMEX;2
3710532;2026-09-23;VLC02;KROMI MANONGO;ProdEMBUTIDOS;SALCHICHA TIPO VIENA 800GR (24unid) ALIMEX;1
3710533;2026-09-23;VLC02;KROMI MANONGO;ProdEMBUTIDOS;SALCHICHA TIPO VIENA 450GR (22unid) ALIMEX;1
3710513;2026-09-23;VLC02;KROMI MANONGO;ProdJAMONERIA;JAMON PIERNA ALIMEX 98% 5.9kg;1
3704542;2026-09-23;PTO01;LLOVIZNA MARKET SIERRA PARIMA;ProdDERIV_LACTEOS;CREMA DE LECHE DE 500GR PURISIMA;2
3704541;2026-09-23;PTO01;LLOVIZNA MARKET SIERRA PARIMA;ProdDERIV_LACTEOS;MANTEQUILLA PURISIMA CON SAL 200G PURISIMA;1
3704533;2026-09-23;PTO01;LLOVIZNA MARKET SIERRA PARIMA;ProdEMBUTIDOS;SALCHICHA TIPO VIENA 800GR (24unid) ALIMEX;1
3704550;2026-09-23;PTO01;LLOVIZNA MARKET SIERRA PARIMA;ProdBEBIDAS_LACT;LECHE BARISTA PURISIMA;2
3704549;2026-09-23;PTO01;LLOVIZNA MARKET SIERRA PARIMA;ProdBEBIDAS_LACT;LECHE  DESLACTOSADA LIQUIDA PURISIMA;6
3704547;2026-09-23;PTO01;LLOVIZNA MARKET SIERRA PARIMA;ProdBEBIDAS_LACT;LECHE COMPLETA LIQUIDA PURISIMA;12
3704548;2026-09-23;PTO01;LLOVIZNA MARKET SIERRA PARIMA;ProdBEBIDAS_LACT;LECHE DESCREMADA LIQUIDA PURISIMA;12
3760139;2026-09-23;MCY04;LUXOR MORA DIGA CENTER;ProdBEBIDAS_LACT;LECHE DESCREMADA LIQUIDA PURISIMA;4
3760093;2026-09-23;MCY04;LUXOR MORA DIGA CENTER;ProdBEBIDAS_LACT;LECHE COMPLETA LIQUIDA PURISIMA;16
3760084;2026-09-23;MCY04;LUXOR MORA DIGA CENTER;ProdDERIV_LACTEOS;QUESO DE CABRA 500G PURISIMA;2
3760067;2026-09-23;MCY04;LUXOR MORA DIGA CENTER;ProdDERIV_LACTEOS;CREMA DE LECHE DE 250GR PURISIMA;2
3760061;2026-09-23;MCY04;LUXOR MORA DIGA CENTER;ProdDERIV_LACTEOS;CREMA DE LECHE DE 500GR PURISIMA;3
3760169;2026-09-23;MCY04;LUXOR MORA DIGA CENTER;ProdBEBIDAS;NECTAR MANZANA 1L TUNAL;2
3760175;2026-09-23;MCY04;LUXOR MORA DIGA CENTER;ProdBEBIDAS;NECTAR DURAZNO 1L TUNAL;1
3760172;2026-09-23;MCY04;LUXOR MORA DIGA CENTER;ProdBEBIDAS;NECTAR PERA 1L TUNAL;4
3760157;2026-09-23;MCY04;LUXOR MORA DIGA CENTER;ProdBEBIDAS_LACT;LECHE EN POLVO PURISIMA 900GR;4
3709677;2026-09-23;MCY01;LUXOR SANTA RITA;ProdDERIV_LACTEOS;CREMA DE LECHE DE 250GR PURISIMA;1
3709672;2026-09-23;MCY01;LUXOR SANTA RITA;ProdBEBIDAS;NECTAR PERA 500 ML TUNAL;2
3709671;2026-09-23;MCY01;LUXOR SANTA RITA;ProdBEBIDAS;NARANJADA  500 ML TUNAL;2
3709673;2026-09-23;MCY01;LUXOR SANTA RITA;ProdBEBIDAS;NECTAR DURAZNO 500 ML TUNAL;2
3709676;2026-09-23;MCY01;LUXOR SANTA RITA;ProdDERIV_LACTEOS;CREMA DE LECHE DE 500GR PURISIMA;1
3709681;2026-09-23;MCY01;LUXOR SANTA RITA;ProdDERIV_LACTEOS;MANTEQUILLA PURISIMA CON SAL 200G PURISIMA;1
3709680;2026-09-23;MCY01;LUXOR SANTA RITA;ProdDERIV_LACTEOS;MANTEQUILLA PURISIMA SIN SAL 200G PURISIMA;1
3709667;2026-09-23;MCY01;LUXOR SANTA RITA;ProdBEBIDAS;NECTAR PERA 1L TUNAL;1
3709666;2026-09-23;MCY01;LUXOR SANTA RITA;ProdBEBIDAS;NECTAR MANZANA 1L TUNAL;1
3709657;2026-09-23;MCY01;LUXOR SANTA RITA;ProdBEBIDAS;TE DURAZNO 1L TUNAL;1
3709644;2026-09-23;MCY01;LUXOR SANTA RITA;ProdBEBIDAS_LACT;LECHE  DESLACTOSADA LIQUIDA PURISIMA;3
3709658;2026-09-23;MCY01;LUXOR SANTA RITA;ProdBEBIDAS;TE LIMON 1L TUNAL;1
3709659;2026-09-23;MCY01;LUXOR SANTA RITA;ProdBEBIDAS;TE FRUTOS ROJOS 1L TUNAL;1
3709665;2026-09-23;MCY01;LUXOR SANTA RITA;ProdBEBIDAS;NECTAR DURAZNO 1L TUNAL;1
3709664;2026-09-23;MCY01;LUXOR SANTA RITA;ProdBEBIDAS;NARANJADA 1L TUNAL;3
3709643;2026-09-23;MCY01;LUXOR SANTA RITA;ProdBEBIDAS_LACT;LECHE DESCREMADA LIQUIDA PURISIMA;2
3709640;2026-09-23;MCY01;LUXOR SANTA RITA;ProdBEBIDAS_LACT;LECHE COMPLETA LIQUIDA PURISIMA;10
3705841;2026-09-23;CCS08;MARAPLUS LA FLORIDA;ProdBEBIDAS;NECTAR DURAZNO 1L TUNAL;1
3705824;2026-09-23;CCS08;MARAPLUS LA FLORIDA;ProdEMBUTIDOS;SALCHICHA TIPO VIENA 450GR (22unid) ALIMEX;1
3714496;2026-09-23;PLC06;MAS X MENOS;ProdEMBUTIDOS;MORTADELA de Pollo Caracas 900gr;1
3714492;2026-09-23;PLC06;MAS X MENOS;ProdEMBUTIDOS;Salchicha el tunal de pollo 450gr;2
3708355;2026-09-23;PLC02;MAS X MENOS AV.LECHERIA;ProdJAMONERIA;JAMON AHUMADO VISKING ALIMEX 3.3 KG;1
3714906;2026-09-23;PLC03;MAS X MENOS CALLE BOLIVAR;ProdBEBIDAS;NECTAR PERA 1L TUNAL;1
3714889;2026-09-23;PLC03;MAS X MENOS CALLE BOLIVAR;ProdBEBIDAS_LACT;LECHE  DESLACTOSADA LIQUIDA PURISIMA;4
3714911;2026-09-23;PLC03;MAS X MENOS CALLE BOLIVAR;ProdDERIV_LACTEOS;CREMA DE LECHE DE 250GR PURISIMA;1
3714905;2026-09-23;PLC03;MAS X MENOS CALLE BOLIVAR;ProdBEBIDAS;NECTAR MANZANA 1L TUNAL;1
3714888;2026-09-23;PLC03;MAS X MENOS CALLE BOLIVAR;ProdBEBIDAS_LACT;LECHE DESCREMADA LIQUIDA PURISIMA;4
3714904;2026-09-23;PLC03;MAS X MENOS CALLE BOLIVAR;ProdBEBIDAS;NECTAR DURAZNO 1L TUNAL;1
3714897;2026-09-23;PLC03;MAS X MENOS CALLE BOLIVAR;ProdBEBIDAS;TE DURAZNO 1L TUNAL;3
3714898;2026-09-23;PLC03;MAS X MENOS CALLE BOLIVAR;ProdBEBIDAS;TE LIMON 1L TUNAL;3
3714887;2026-09-23;PLC03;MAS X MENOS CALLE BOLIVAR;ProdBEBIDAS_LACT;LECHE COMPLETA LIQUIDA PURISIMA;4
3714909;2026-09-23;PLC03;MAS X MENOS CALLE BOLIVAR;ProdDERIV_LACTEOS;MANTEQUILLA PURISIMA CON SAL 200G PURISIMA;2
3714908;2026-09-23;PLC03;MAS X MENOS CALLE BOLIVAR;ProdDERIV_LACTEOS;MANTEQUILLA PURISIMA SIN SAL 200G PURISIMA;2
3714896;2026-09-23;PLC03;MAS X MENOS CALLE BOLIVAR;ProdBEBIDAS;TE FRUTOS ROJOS 1L TUNAL;3
3710464;2026-09-23;PLC03;MAS X MENOS GUARAGUAO;ProdEMBUTIDOS;Salchicha el tunal de pollo 450gr;4
3710444;2026-09-23;PLC03;MAS X MENOS GUARAGUAO;ProdBEBIDAS;TE FRUTOS ROJOS 50OML;1
3714145;2026-09-23;PTO04;MAX CENTER MATURIN;ProdEMBUTIDOS;CHORIZO DE CERDO PICANTE PARRILLERO ALIMEX;1
3714114;2026-09-23;PTO04;MAX CENTER MATURIN;ProdBEBIDAS_LACT;LECHE EN POLVO PURISIMA 400GR;3
3714113;2026-09-23;PTO04;MAX CENTER MATURIN;ProdBEBIDAS_LACT;LECHE EN POLVO PURISIMA 200GR;3
3714115;2026-09-23;PTO04;MAX CENTER MATURIN;ProdBEBIDAS_LACT;LECHE EN POLVO PURISIMA 900GR;2
3714136;2026-09-23;PTO04;MAX CENTER MATURIN;ProdEMBUTIDOS;MORTADELA CCS DE CARNES 900G;2
3714125;2026-09-23;PTO04;MAX CENTER MATURIN;ProdBEBIDAS_LACT;LECHE COMPLETA LIQUIDA PURISIMA;3
3714126;2026-09-23;PTO04;MAX CENTER MATURIN;ProdBEBIDAS_LACT;LECHE DESCREMADA LIQUIDA PURISIMA;1
3714127;2026-09-23;PTO04;MAX CENTER MATURIN;ProdBEBIDAS_LACT;LECHE  DESLACTOSADA LIQUIDA PURISIMA;1
3714135;2026-09-23;PTO04;MAX CENTER MATURIN;ProdEMBUTIDOS;MORTADELA CCS DE CARNES 500G;2
3714143;2026-09-23;PTO04;MAX CENTER MATURIN;ProdEMBUTIDOS;SALCHICHA TIPO VIENA 450GR (22unid) ALIMEX;1
3714146;2026-09-23;PTO04;MAX CENTER MATURIN;ProdDERIV_LACTEOS;CREMA DE LECHE DE 250GR PURISIMA;5
3714144;2026-09-23;PTO04;MAX CENTER MATURIN;ProdEMBUTIDOS;CHORIZO DE CERDO AHUMADO PARRILLERO ALIMEX;1
3719244;2026-09-23;MCY01;MERCANOVA;ProdDERIV_LACTEOS;MANTEQUILLA PURISIMA SIN SAL 200G PURISIMA;1
3719241;2026-09-23;MCY01;MERCANOVA;ProdEMBUTIDOS;MORTADELA CCS DE CARNES 900G;1
3719212;2026-09-23;MCY01;MERCANOVA;ProdBEBIDAS_LACT;LECHE COMPLETA LIQUIDA PURISIMA;5
3719245;2026-09-23;MCY01;MERCANOVA;ProdDERIV_LACTEOS;MANTEQUILLA PURISIMA CON SAL 200G PURISIMA;1
3719214;2026-09-23;MCY01;MERCANOVA;ProdBEBIDAS_LACT;LECHE  DESLACTOSADA LIQUIDA PURISIMA;3
3719230;2026-09-23;MCY01;MERCANOVA;ProdBEBIDAS;NECTAR DURAZNO 1L TUNAL;1
3719229;2026-09-23;MCY01;MERCANOVA;ProdBEBIDAS;NECTAR MANZANA 1L TUNAL;1
3719211;2026-09-23;MCY01;MERCANOVA;ProdBEBIDAS_LACT;LECHE EN POLVO PURISIMA 900GR;5
3719235;2026-09-23;MCY01;MERCANOVA;ProdBEBIDAS;TE LIMON 1L TUNAL;1
3719234;2026-09-23;MCY01;MERCANOVA;ProdBEBIDAS;TE DURAZNO 1L TUNAL;1
3719239;2026-09-23;MCY01;MERCANOVA;ProdEMBUTIDOS;MORTADELA DE POLLO DE 1 KG;1
3719231;2026-09-23;MCY01;MERCANOVA;ProdBEBIDAS;NECTAR PERA 1L TUNAL;1
3719240;2026-09-23;MCY01;MERCANOVA;ProdEMBUTIDOS;MORTADELA CCS DE CARNES 500G;1
3719228;2026-09-23;MCY01;MERCANOVA;ProdBEBIDAS;NARANJADA 1L TUNAL;1
3719213;2026-09-23;MCY01;MERCANOVA;ProdBEBIDAS_LACT;LECHE DESCREMADA LIQUIDA PURISIMA;4
3709111;2026-09-23;PTO02;MULTIMARKET CHIRICA;ProdBEBIDAS;NARANJADA 1L TUNAL;5
3708993;2026-09-23;PTO02;MULTIMARKET CHIRICA;ProdBEBIDAS_LACT;LECHE EN POLVO PURISIMA 200GR;1
3709002;2026-09-23;PTO02;MULTIMARKET CHIRICA;ProdBEBIDAS_LACT;LECHE EN POLVO PURISIMA 400GR;8
3709029;2026-09-23;PTO02;MULTIMARKET CHIRICA;ProdBEBIDAS_LACT;LECHE EN POLVO PURISIMA 900GR;6
3714856;2026-09-23;PLC04;NOVA ENCRUCIJADA;ProdBEBIDAS_LACT;LECHE BARISTA PURISIMA;80
3711483;2026-09-23;PTO01;PEKIN EL GUAMO;ProdBEBIDAS;TE LIMON 1L TUNAL;1
3711477;2026-09-23;PTO01;PEKIN EL GUAMO;ProdBEBIDAS;NECTAR MANZANA 1L TUNAL;1
3711476;2026-09-23;PTO01;PEKIN EL GUAMO;ProdBEBIDAS;NARANJADA 1L TUNAL;2
3711473;2026-09-23;PTO01;PEKIN EL GUAMO;ProdBEBIDAS_LACT;LECHE COMPLETA LIQUIDA PURISIMA;8
3711475;2026-09-23;PTO01;PEKIN EL GUAMO;ProdBEBIDAS_LACT;LECHE  DESLACTOSADA LIQUIDA PURISIMA;2
3711482;2026-09-23;PTO01;PEKIN EL GUAMO;ProdBEBIDAS;NECTAR DURAZNO 200 ML TUNAL;1
3711489;2026-09-23;PTO01;PEKIN EL GUAMO;ProdEMBUTIDOS;SALCHICHA TIPO VIENA 800GR (24unid) ALIMEX;1
3711478;2026-09-23;PTO01;PEKIN EL GUAMO;ProdBEBIDAS;NARANJADA  500 ML TUNAL;2
3711480;2026-09-23;PTO01;PEKIN EL GUAMO;ProdBEBIDAS;NECTAR MANZANA 200 ML TUNAL;1
3711474;2026-09-23;PTO01;PEKIN EL GUAMO;ProdBEBIDAS_LACT;LECHE DESCREMADA LIQUIDA PURISIMA;2
3711479;2026-09-23;PTO01;PEKIN EL GUAMO;ProdBEBIDAS;NARANJADA  200 ML TUNAL;1
3711481;2026-09-23;PTO01;PEKIN EL GUAMO;ProdBEBIDAS;NECTAR PERA 200 ML TUNAL;1
3711621;2026-09-23;PLC09;RIO BODEGON SAMBIL;ProdBEBIDAS;NECTAR PERA 1L TUNAL;1
3708048;2026-09-23;CCS07;RIO GUARENAS;ProdJAMONERIA;JAMON AHUMADO VISKING ALIMEX 3.3 KG;1
3708057;2026-09-23;CCS07;RIO GUARENAS;ProdDERIV_LACTEOS;MANTEQUILLA PURISIMA SIN SAL 200G PURISIMA;1
3708043;2026-09-23;CCS07;RIO GUARENAS;ProdBEBIDAS_LACT;LECHE DESCREMADA LIQUIDA PURISIMA;12
3708074;2026-09-23;CCS07;RIO GUARENAS;ProdJAMONERIA;JAMON PIERNA ALIMEX 98% 5.9kg;1
3708058;2026-09-23;CCS07;RIO GUARENAS;ProdDERIV_LACTEOS;MANTEQUILLA PURISIMA CON SAL 200G PURISIMA;2
3708044;2026-09-23;CCS07;RIO GUARENAS;ProdBEBIDAS_LACT;LECHE  DESLACTOSADA LIQUIDA PURISIMA;12
3708049;2026-09-23;CCS07;RIO GUARENAS;ProdJAMONERIA;JAMON AHUMADO VISKING ITALICO 3.5 KG;1
3708050;2026-09-23;CCS07;RIO GUARENAS;ProdJAMONERIA;JAMON AREPERO AHUMADO;2
3708042;2026-09-23;CCS07;RIO GUARENAS;ProdBEBIDAS_LACT;LECHE COMPLETA LIQUIDA PURISIMA;18
3708055;2026-09-23;CCS07;RIO GUARENAS;ProdDERIV_LACTEOS;CREMA DE LECHE DE 500GR PURISIMA;6
3708007;2026-09-23;CCS07;RIO GUARENAS;ProdBEBIDAS;NECTAR MANZANA 1L TUNAL;5
3708008;2026-09-23;CCS07;RIO GUARENAS;ProdBEBIDAS;NECTAR PERA 1L TUNAL;5
3708010;2026-09-23;CCS07;RIO GUARENAS;ProdBEBIDAS;TE DURAZNO 1L TUNAL;5
3708011;2026-09-23;CCS07;RIO GUARENAS;ProdBEBIDAS;TE LIMON 1L TUNAL;5
3708006;2026-09-23;CCS07;RIO GUARENAS;ProdBEBIDAS;NARANJADA 1L TUNAL;5
3708005;2026-09-23;CCS07;RIO GUARENAS;ProdBEBIDAS;NECTAR PERA LIGHT 1 LITRO TUNAL;5
3708001;2026-09-23;CCS07;RIO GUARENAS;ProdBEBIDAS;NARANJADA  200 ML TUNAL;3
3708002;2026-09-23;CCS07;RIO GUARENAS;ProdBEBIDAS;NECTAR MANZANA 200 ML TUNAL;5
3708003;2026-09-23;CCS07;RIO GUARENAS;ProdBEBIDAS;NECTAR PERA 200 ML TUNAL;8
3708004;2026-09-23;CCS07;RIO GUARENAS;ProdBEBIDAS;NECTAR DURAZNO 200 ML TUNAL;8
3708012;2026-09-23;CCS07;RIO GUARENAS;ProdBEBIDAS;TE FRUTOS ROJOS 1L TUNAL;5
3708009;2026-09-23;CCS07;RIO GUARENAS;ProdBEBIDAS;NECTAR DURAZNO 1L TUNAL;5
3708061;2026-09-23;CCS07;RIO GUARENAS;ProdEMBUTIDOS;SALCHICHA TIPO VIENA 225G (11unid) ALIMEX;2
3708056;2026-09-23;CCS07;RIO GUARENAS;ProdDERIV_LACTEOS;CREMA DE LECHE DE 250GR PURISIMA;32
3708062;2026-09-23;CCS07;RIO GUARENAS;ProdEMBUTIDOS;SALCHICHA TIPO VIENA 450GR (22unid) ALIMEX;1
3708063;2026-09-23;CCS07;RIO GUARENAS;ProdEMBUTIDOS;SALCHICHA TIPO VIENA 800GR (24unid) ALIMEX;2
3705771;2026-09-23;CCS11;RIOVIDA BELLO MONTE;ProdDERIV_LACTEOS;CREMA DE LECHE DE 500GR PURISIMA;1
3705772;2026-09-23;CCS11;RIOVIDA BELLO MONTE;ProdDERIV_LACTEOS;CREMA DE LECHE DE 250GR PURISIMA;2
3705774;2026-09-23;CCS11;RIOVIDA BELLO MONTE;ProdEMBUTIDOS;MORTADELA de Pollo Caracas 900gr;1
3705766;2026-09-23;CCS11;RIOVIDA BELLO MONTE;ProdDERIV_LACTEOS;QUESO DE CABRA 500G PURISIMA;1
3705795;2026-09-23;CCS11;RIOVIDA BELLO MONTE;ProdBEBIDAS;TE FRUTOS ROJOS 1L TUNAL;2
3705790;2026-09-23;CCS11;RIOVIDA BELLO MONTE;ProdBEBIDAS;NECTAR MANZANA 1L TUNAL;1
3705780;2026-09-23;CCS11;RIOVIDA BELLO MONTE;ProdBEBIDAS_LACT;LECHE DESCREMADA LIQUIDA PURISIMA;18
3705789;2026-09-23;CCS11;RIOVIDA BELLO MONTE;ProdBEBIDAS;NARANJADA 1L TUNAL;2
3705779;2026-09-23;CCS11;RIOVIDA BELLO MONTE;ProdBEBIDAS_LACT;LECHE COMPLETA LIQUIDA PURISIMA;12
3705793;2026-09-23;CCS11;RIOVIDA BELLO MONTE;ProdBEBIDAS;TE DURAZNO 1L TUNAL;2
3705763;2026-09-23;CCS11;RIOVIDA BELLO MONTE;ProdDERIV_LACTEOS;MANTEQUILLA PURISIMA SIN SAL 200G PURISIMA;1
3705764;2026-09-23;CCS11;RIOVIDA BELLO MONTE;ProdDERIV_LACTEOS;MANTEQUILLA PURISIMA CON SAL 200G PURISIMA;1
3705768;2026-09-23;CCS11;RIOVIDA BELLO MONTE;ProdEMBUTIDOS;Salchicha el tunal de pollo 450gr;2
3705791;2026-09-23;CCS11;RIOVIDA BELLO MONTE;ProdBEBIDAS;NECTAR PERA 1L TUNAL;2
3705792;2026-09-23;CCS11;RIOVIDA BELLO MONTE;ProdBEBIDAS;NECTAR DURAZNO 1L TUNAL;2
3705760;2026-09-23;CCS11;RIOVIDA BELLO MONTE;ProdJAMONERIA;JAMON PIERNA ALIMEX 98% 5.9kg;1
3705794;2026-09-23;CCS11;RIOVIDA BELLO MONTE;ProdBEBIDAS;TE LIMON 1L TUNAL;2
3705781;2026-09-23;CCS11;RIOVIDA BELLO MONTE;ProdBEBIDAS_LACT;LECHE  DESLACTOSADA LIQUIDA PURISIMA;6
3708504;2026-09-23;PLC09;SIGO SAMBIL;ProdBEBIDAS_LACT;LECHE BARISTA PURISIMA;20
3719205;2026-09-23;MCY01;SUPERLIDER PALONEGRO;ProdBEBIDAS;NECTAR PERA 1L TUNAL;5
3719204;2026-09-23;MCY01;SUPERLIDER PALONEGRO;ProdBEBIDAS;NECTAR MANZANA 1L TUNAL;4
3719202;2026-09-23;MCY01;SUPERLIDER PALONEGRO;ProdBEBIDAS;NARANJADA 1L TUNAL;5
3719197;2026-09-23;MCY01;SUPERLIDER PALONEGRO;ProdDERIV_LACTEOS;CREMA DE LECHE DE 250GR PURISIMA;2
3719196;2026-09-23;MCY01;SUPERLIDER PALONEGRO;ProdDERIV_LACTEOS;CREMA DE LECHE DE 500GR PURISIMA;2
3719203;2026-09-23;MCY01;SUPERLIDER PALONEGRO;ProdBEBIDAS;NECTAR DURAZNO 1L TUNAL;10
3760118;2026-09-23;MCY04;SUPERMERCADO CANALETO;ProdDERIV_LACTEOS;MANTEQUILLA PURISIMA SIN SAL 200G PURISIMA;1
3760132;2026-09-23;MCY04;SUPERMERCADO CANALETO;ProdBEBIDAS_LACT;LECHE  DESLACTOSADA LIQUIDA PURISIMA;1
3760060;2026-09-23;MCY04;SUPERMERCADO CANALETO;ProdEMBUTIDOS;SALCHICHA TIPO VIENA 225G (11unid) ALIMEX;1
3760130;2026-09-23;MCY04;SUPERMERCADO CANALETO;ProdBEBIDAS_LACT;LECHE DESCREMADA LIQUIDA PURISIMA;1
3760065;2026-09-23;MCY04;SUPERMERCADO CANALETO;ProdEMBUTIDOS;CHORIZO DE CERDO PICANTE PARRILLERO ALIMEX;1
3760103;2026-09-23;MCY04;SUPERMERCADO CANALETO;ProdEMBUTIDOS;MORTADELA CCS DE CARNES 900G;2
3760074;2026-09-23;MCY04;SUPERMERCADO CANALETO;ProdEMBUTIDOS;MORTADELA DE POLLO DE 1 KG;1
3760128;2026-09-23;MCY04;SUPERMERCADO CANALETO;ProdBEBIDAS_LACT;LECHE COMPLETA LIQUIDA PURISIMA;2
3721254;2026-09-23;MCY02;SUPERMERCADOS LUXOR C.A._EL CASTANO;ProdBEBIDAS;TE FRUTOS ROJOS 1L TUNAL;1
3721272;2026-09-23;MCY02;SUPERMERCADOS LUXOR C.A._EL CASTANO;ProdBEBIDAS_LACT;LECHE BARISTA PURISIMA;5
3721274;2026-09-23;MCY02;SUPERMERCADOS LUXOR C.A._EL CASTANO;ProdBEBIDAS_LACT;LECHE  DESLACTOSADA LIQUIDA PURISIMA;2
3721258;2026-09-23;MCY02;SUPERMERCADOS LUXOR C.A._EL CASTANO;ProdBEBIDAS;NECTAR MANZANA 500 ML TUNAL;2
3721275;2026-09-23;MCY02;SUPERMERCADOS LUXOR C.A._EL CASTANO;ProdBEBIDAS_LACT;LECHE EN POLVO PURISIMA 900GR;1
3721255;2026-09-23;MCY02;SUPERMERCADOS LUXOR C.A._EL CASTANO;ProdBEBIDAS;NARANJADA  200 ML TUNAL;3
3721252;2026-09-23;MCY02;SUPERMERCADOS LUXOR C.A._EL CASTANO;ProdBEBIDAS;NECTAR PERA 1L TUNAL;3
3721253;2026-09-23;MCY02;SUPERMERCADOS LUXOR C.A._EL CASTANO;ProdBEBIDAS;TE LIMON 1L TUNAL;1
3721251;2026-09-23;MCY02;SUPERMERCADOS LUXOR C.A._EL CASTANO;ProdBEBIDAS;NARANJADA 1L TUNAL;2
3721273;2026-09-23;MCY02;SUPERMERCADOS LUXOR C.A._EL CASTANO;ProdBEBIDAS_LACT;LECHE DESCREMADA LIQUIDA PURISIMA;2
3721256;2026-09-23;MCY02;SUPERMERCADOS LUXOR C.A._EL CASTANO;ProdBEBIDAS;NECTAR DURAZNO 200 ML TUNAL;3
3709352;2026-09-23;PLC01;TODO HOGAR AV. INTERCOMUNAL;ProdBEBIDAS;NECTAR MANZANA 200 ML TUNAL;1
3709347;2026-09-23;PLC01;TODO HOGAR AV. INTERCOMUNAL;ProdBEBIDAS;NECTAR PERA LIGHT 1 LITRO TUNAL;2
3709327;2026-09-23;PLC01;TODO HOGAR AV. INTERCOMUNAL;ProdBEBIDAS_LACT;LECHE BARISTA PURISIMA;1
3708273;2026-09-23;PLC03;TODO HOGAR MUNICIPAL;ProdBEBIDAS_LACT;LECHE COMPLETA LIQUIDA PURISIMA;7
3708264;2026-09-23;PLC03;TODO HOGAR MUNICIPAL;ProdBEBIDAS;TE DURAZNO 500ML TUNAL;7
3708263;2026-09-23;PLC03;TODO HOGAR MUNICIPAL;ProdBEBIDAS;TE LIMON 500ML TUNAL;7
3708262;2026-09-23;PLC03;TODO HOGAR MUNICIPAL;ProdBEBIDAS;TE FRUTOS ROJOS 50OML;7
3703798;2026-09-23;CCS02;UNICASA BOLEITA;ProdBEBIDAS;TE FRUTOS ROJOS 1L TUNAL;1
3703796;2026-09-23;CCS02;UNICASA BOLEITA;ProdBEBIDAS;TE LIMON 1L TUNAL;2
3703794;2026-09-23;CCS02;UNICASA BOLEITA;ProdBEBIDAS;TE DURAZNO 1L TUNAL;1
3703813;2026-09-23;CCS02;UNICASA BOLEITA;ProdBEBIDAS;TE LIMON 500ML TUNAL;2
3703811;2026-09-23;CCS02;UNICASA BOLEITA;ProdBEBIDAS;TE DURAZNO 500ML TUNAL;2
3703835;2026-09-23;CCS02;UNICASA BOLEITA;ProdBEBIDAS_LACT;LECHE EN POLVO PURISIMA 400GR;1
3703801;2026-09-23;CCS02;UNICASA BOLEITA;ProdBEBIDAS;NARANJADA  200 ML TUNAL;1
3703808;2026-09-23;CCS02;UNICASA BOLEITA;ProdBEBIDAS;NARANJADA  500 ML TUNAL;2
3703789;2026-09-23;CCS02;UNICASA BOLEITA;ProdBEBIDAS;JUGO NARANJA LIGTH 1 LITRO TUNAL;2
3703785;2026-09-23;CCS02;UNICASA BOLEITA;ProdBEBIDAS;NECTAR MANZANA 1L TUNAL;2
3703833;2026-09-23;CCS02;UNICASA BOLEITA;ProdBEBIDAS_LACT;LECHE  DESLACTOSADA LIQUIDA PURISIMA;2
3703831;2026-09-23;CCS02;UNICASA BOLEITA;ProdBEBIDAS_LACT;LECHE DESCREMADA LIQUIDA PURISIMA;3
3703787;2026-09-23;CCS02;UNICASA BOLEITA;ProdBEBIDAS;NECTAR PERA 1L TUNAL;1
3703829;2026-09-23;CCS02;UNICASA BOLEITA;ProdBEBIDAS_LACT;LECHE COMPLETA LIQUIDA PURISIMA;3
3703783;2026-09-23;CCS02;UNICASA BOLEITA;ProdBEBIDAS;NARANJADA 1L TUNAL;1
3703792;2026-09-23;CCS02;UNICASA BOLEITA;ProdBEBIDAS;NECTAR PERA LIGHT 1 LITRO TUNAL;2
3703803;2026-09-23;CCS02;UNICASA BOLEITA;ProdBEBIDAS;NECTAR MANZANA 200 ML TUNAL;1
3703805;2026-09-23;CCS02;UNICASA BOLEITA;ProdBEBIDAS;NECTAR PERA 200 ML TUNAL;1
3703807;2026-09-23;CCS02;UNICASA BOLEITA;ProdBEBIDAS;NECTAR DURAZNO 200 ML TUNAL;1
3712529;2026-09-23;CCS11;UNICASA COLINAS DE BELLO MONTE;ProdBEBIDAS_LACT;LECHE  DESLACTOSADA LIQUIDA PURISIMA;10
3712527;2026-09-23;CCS11;UNICASA COLINAS DE BELLO MONTE;ProdBEBIDAS_LACT;LECHE COMPLETA LIQUIDA PURISIMA;25
3712532;2026-09-23;CCS11;UNICASA COLINAS DE BELLO MONTE;ProdBEBIDAS_LACT;LECHE EN POLVO PURISIMA 400GR;4
3712528;2026-09-23;CCS11;UNICASA COLINAS DE BELLO MONTE;ProdBEBIDAS_LACT;LECHE DESCREMADA LIQUIDA PURISIMA;30
3737548;2026-09-23;CCS02;UNICASA EL MARQUES;ProdBEBIDAS;NARANJADA  200 ML TUNAL;1
3737535;2026-09-23;CCS02;UNICASA EL MARQUES;ProdBEBIDAS;NARANJADA 1L TUNAL;3
3737476;2026-09-23;CCS02;UNICASA EL MARQUES;ProdBEBIDAS_LACT;LECHE DESCREMADA LIQUIDA PURISIMA;35
3737546;2026-09-23;CCS02;UNICASA EL MARQUES;ProdBEBIDAS;NECTAR MANZANA LIGHT 1 LITRO TUNAL;3
3737544;2026-09-23;CCS02;UNICASA EL MARQUES;ProdBEBIDAS;TE FRUTOS ROJOS 1L TUNAL;3
3737545;2026-09-23;CCS02;UNICASA EL MARQUES;ProdBEBIDAS;JUGO NARANJA LIGTH 1 LITRO TUNAL;3
3737547;2026-09-23;CCS02;UNICASA EL MARQUES;ProdBEBIDAS;NECTAR PERA LIGHT 1 LITRO TUNAL;3
3737550;2026-09-23;CCS02;UNICASA EL MARQUES;ProdBEBIDAS;NECTAR PERA 200 ML TUNAL;1
3737551;2026-09-23;CCS02;UNICASA EL MARQUES;ProdBEBIDAS;NECTAR DURAZNO 200 ML TUNAL;1
3737541;2026-09-23;CCS02;UNICASA EL MARQUES;ProdBEBIDAS;NECTAR DURAZNO 1L TUNAL;3
3737540;2026-09-23;CCS02;UNICASA EL MARQUES;ProdBEBIDAS;NECTAR PERA 1L TUNAL;3
3737542;2026-09-23;CCS02;UNICASA EL MARQUES;ProdBEBIDAS;TE DURAZNO 1L TUNAL;3
3737479;2026-09-23;CCS02;UNICASA EL MARQUES;ProdBEBIDAS_LACT;LECHE  DESLACTOSADA LIQUIDA PURISIMA;18
3737553;2026-09-23;CCS02;UNICASA EL MARQUES;ProdBEBIDAS;TE DURAZNO 500ML TUNAL;1
3737473;2026-09-23;CCS02;UNICASA EL MARQUES;ProdBEBIDAS_LACT;LECHE COMPLETA LIQUIDA PURISIMA;20
3737543;2026-09-23;CCS02;UNICASA EL MARQUES;ProdBEBIDAS;TE LIMON 1L TUNAL;3
3737549;2026-09-23;CCS02;UNICASA EL MARQUES;ProdBEBIDAS;NECTAR MANZANA 200 ML TUNAL;1
3737552;2026-09-23;CCS02;UNICASA EL MARQUES;ProdBEBIDAS;NARANJADA  500 ML TUNAL;2
3737482;2026-09-23;CCS02;UNICASA EL MARQUES;ProdBEBIDAS_LACT;LECHE COMPLETA BARISTA LIQUIDA PURISIMA;2
3737538;2026-09-23;CCS02;UNICASA EL MARQUES;ProdBEBIDAS;NECTAR MANZANA 1L TUNAL;3
3737503;2026-09-23;CCS02;UNICASA EL MARQUES;ProdBEBIDAS_LACT;LECHE EN POLVO PURISIMA 400GR;5
3709431;2026-09-23;CCS11;UNICASA LOMAS DE BELLO MONTE;ProdBEBIDAS_LACT;LECHE EN POLVO PURISIMA 400GR;3
3709443;2026-09-23;CCS11;UNICASA LOMAS DE BELLO MONTE;ProdBEBIDAS;NECTAR PERA 1L TUNAL;4
3709447;2026-09-23;CCS11;UNICASA LOMAS DE BELLO MONTE;ProdBEBIDAS_LACT;LECHE COMPLETA LIQUIDA PURISIMA;4
3709427;2026-09-23;CCS11;UNICASA LOMAS DE BELLO MONTE;ProdBEBIDAS_LACT;LECHE DESCREMADA LIQUIDA PURISIMA;20
3709428;2026-09-23;CCS11;UNICASA LOMAS DE BELLO MONTE;ProdBEBIDAS_LACT;LECHE  DESLACTOSADA LIQUIDA PURISIMA;15
3709441;2026-09-23;CCS11;UNICASA LOMAS DE BELLO MONTE;ProdBEBIDAS;NARANJADA 1L TUNAL;4
3709442;2026-09-23;CCS11;UNICASA LOMAS DE BELLO MONTE;ProdBEBIDAS;NECTAR MANZANA 1L TUNAL;4
3709449;2026-09-23;CCS11;UNICASA LOMAS DE BELLO MONTE;ProdBEBIDAS;TE FRUTOS ROJOS 1L TUNAL;4
3709446;2026-09-23;CCS11;UNICASA LOMAS DE BELLO MONTE;ProdBEBIDAS;NECTAR PERA LIGHT 1 LITRO TUNAL;4
3709448;2026-09-23;CCS11;UNICASA LOMAS DE BELLO MONTE;ProdBEBIDAS;TE LIMON 1L TUNAL;4
3709445;2026-09-23;CCS11;UNICASA LOMAS DE BELLO MONTE;ProdBEBIDAS;JUGO NARANJA LIGTH 1 LITRO TUNAL;4
3709444;2026-09-23;CCS11;UNICASA LOMAS DE BELLO MONTE;ProdBEBIDAS;NECTAR DURAZNO 1L TUNAL;4
3717469;2026-09-23;MCY05;VIVERES CARIBE;ProdBEBIDAS;NECTAR DURAZNO 1L TUNAL;1
3717467;2026-09-23;MCY05;VIVERES CARIBE;ProdBEBIDAS;NECTAR PERA 1L TUNAL;1
3717463;2026-09-23;MCY05;VIVERES CARIBE;ProdBEBIDAS;NARANJADA 1L TUNAL;1
3717465;2026-09-23;MCY05;VIVERES CARIBE;ProdBEBIDAS;NECTAR MANZANA 1L TUNAL;1
3752410;2026-09-24;BQTO07;ABASTO LOS JOSES;ProdDERIV_LACTEOS;MANTEQUILLA PURISIMA CON SAL 200G PURISIMA;1
3752413;2026-09-24;BQTO07;ABASTO LOS JOSES;ProdDERIV_LACTEOS;MANTEQUILLA PURISIMA SIN SAL 200G PURISIMA;1
3752415;2026-09-24;BQTO07;ABASTO LOS JOSES;ProdEMBUTIDOS;MORTADELA CCS DE CARNES 900G;1
3752417;2026-09-24;BQTO07;ABASTO LOS JOSES;ProdEMBUTIDOS;MORTADELA CCS DE CARNES 500G;1
3725098;2026-09-24;PLC06;AIKOZ  ANACO CENTER;ProdBEBIDAS_LACT;LECHE BARISTA PURISIMA;6
3725103;2026-09-24;PLC06;AIKOZ  ANACO CENTER;ProdJAMONERIA;JAMON COCIDO ESTANDAR ITALICO 5.9kg;1
3725102;2026-09-24;PLC06;AIKOZ  ANACO CENTER;ProdJAMONERIA;JAMON PIERNA ALIMEX 98% 5.9kg;1
3739404;2026-09-24;MCY05;ARAGUA MARKET;ProdBEBIDAS;NARANJADA 1L TUNAL;1
3739416;2026-09-24;MCY05;ARAGUA MARKET;ProdBEBIDAS_LACT;LECHE COMPLETA LIQUIDA PURISIMA;4
3739418;2026-09-24;MCY05;ARAGUA MARKET;ProdBEBIDAS_LACT;LECHE BARISTA PURISIMA;6
3739405;2026-09-24;MCY05;ARAGUA MARKET;ProdBEBIDAS;NECTAR MANZANA 1L TUNAL;2
3739408;2026-09-24;MCY05;ARAGUA MARKET;ProdBEBIDAS;NECTAR DURAZNO 1L TUNAL;1
3739406;2026-09-24;MCY05;ARAGUA MARKET;ProdBEBIDAS;NECTAR PERA 1L TUNAL;2
3760184;2026-09-24;MCY04;Arabito Cagua;ProdBEBIDAS_LACT;LECHE COMPLETA LIQUIDA PURISIMA;7
3760168;2026-09-24;MCY04;Arabito Cagua;ProdDERIV_LACTEOS;MANTEQUILLA PURISIMA CON SAL 200G PURISIMA;1
3760174;2026-09-24;MCY04;Arabito Cagua;ProdEMBUTIDOS;SALCHICHA TIPO VIENA 225G (11unid) ALIMEX;3
3760186;2026-09-24;MCY04;Arabito Cagua;ProdBEBIDAS_LACT;LECHE DESCREMADA LIQUIDA PURISIMA;6
3760141;2026-09-24;MCY04;Arabito Cagua;ProdEMBUTIDOS;MORTADELA DE POLLO DE 1 KG;1
3760171;2026-09-24;MCY04;Arabito Cagua;ProdDERIV_LACTEOS;MANTEQUILLA PURISIMA SIN SAL 200G PURISIMA;1
3760146;2026-09-24;MCY04;Arabito Cagua;ProdEMBUTIDOS;MORTADELA DE POLLO DE 500G;2
3760178;2026-09-24;MCY04;Arabito Cagua;ProdEMBUTIDOS;SALCHICHA TIPO VIENA 450GR (22unid) ALIMEX;1
3739386;2026-09-24;MCY05;CAMPOLLANO 2;ProdBEBIDAS_LACT;LECHE  DESLACTOSADA LIQUIDA PURISIMA;2
3739360;2026-09-24;MCY05;CAMPOLLANO 2;ProdEMBUTIDOS;SALCHICHA TIPO VIENA 450GR (22unid) ALIMEX;1
3739385;2026-09-24;MCY05;CAMPOLLANO 2;ProdBEBIDAS_LACT;LECHE DESCREMADA LIQUIDA PURISIMA;2
3739358;2026-09-24;MCY05;CAMPOLLANO 2;ProdEMBUTIDOS;SALCHICHA TIPO VIENA 800GR (24unid) ALIMEX;1
3739362;2026-09-24;MCY05;CAMPOLLANO 2;ProdEMBUTIDOS;SALCHICHA TIPO VIENA 225G (11unid) ALIMEX;1
3739377;2026-09-24;MCY05;CAMPOLLANO 2;ProdDERIV_LACTEOS;CREMA DE LECHE DE 250GR PURISIMA;1
3739371;2026-09-24;MCY05;CAMPOLLANO 2;ProdDERIV_LACTEOS;MANTEQUILLA PURISIMA SIN SAL 200G PURISIMA;1
3739384;2026-09-24;MCY05;CAMPOLLANO 2;ProdBEBIDAS_LACT;LECHE COMPLETA LIQUIDA PURISIMA;2
3725649;2026-09-24;VLC03;CATANIA GUACARA;ProdJAMONERIA;JAMON DE ESPALDA ALIMEX 4.4KG;1
3725675;2026-09-24;VLC03;CATANIA GUACARA;ProdEMBUTIDOS;SALCHICHA TIPO VIENA 450GR (22unid) ALIMEX;1
3722264;2026-09-24;PTO02;CENTRAL SANTO TOME I CASTILLITO;ProdBEBIDAS_LACT;LECHE EN POLVO PURISIMA 900GR;6
3722178;2026-09-24;PTO02;CENTRAL SANTO TOME I CASTILLITO;ProdBEBIDAS_LACT;LECHE EN POLVO PURISIMA 400GR;12
3723162;2026-09-24;PTO01;CENTRAL SANTO TOME II UNARE;ProdDERIV_LACTEOS;MANTEQUILLA PURISIMA SIN SAL 200G PURISIMA;4
3723160;2026-09-24;PTO01;CENTRAL SANTO TOME II UNARE;ProdEMBUTIDOS;SALCHICHA TIPO VIENA 800GR (24unid) ALIMEX;4
3723158;2026-09-24;PTO01;CENTRAL SANTO TOME II UNARE;ProdEMBUTIDOS;SALCHICHA TIPO VIENA 225G (11unid) ALIMEX;1
3723173;2026-09-24;PTO01;CENTRAL SANTO TOME II UNARE;ProdBEBIDAS_LACT;LECHE EN POLVO PURISIMA 400GR;8
3723172;2026-09-24;PTO01;CENTRAL SANTO TOME II UNARE;ProdBEBIDAS_LACT;LECHE BARISTA PURISIMA;4
3723163;2026-09-24;PTO01;CENTRAL SANTO TOME II UNARE;ProdDERIV_LACTEOS;CREMA DE LECHE DE 250GR PURISIMA;3.82
3723164;2026-09-24;PTO01;CENTRAL SANTO TOME II UNARE;ProdEMBUTIDOS;MORTADELA CCS DE CARNES 900G;1
3723159;2026-09-24;PTO01;CENTRAL SANTO TOME II UNARE;ProdEMBUTIDOS;SALCHICHA TIPO VIENA 450GR (22unid) ALIMEX;1
3723167;2026-09-24;PTO01;CENTRAL SANTO TOME II UNARE;ProdBEBIDAS_LACT;LECHE DESCREMADA LIQUIDA PURISIMA;15
3723165;2026-09-24;PTO01;CENTRAL SANTO TOME II UNARE;ProdEMBUTIDOS;MORTADELA CCS DE CARNES 500G;1
3723161;2026-09-24;PTO01;CENTRAL SANTO TOME II UNARE;ProdDERIV_LACTEOS;CREMA DE LECHE DE 500GR PURISIMA;4
3723166;2026-09-24;PTO01;CENTRAL SANTO TOME II UNARE;ProdBEBIDAS_LACT;LECHE COMPLETA LIQUIDA PURISIMA;15
3723168;2026-09-24;PTO01;CENTRAL SANTO TOME II UNARE;ProdBEBIDAS_LACT;LECHE  DESLACTOSADA LIQUIDA PURISIMA;10
3727664;2026-09-24;PLC03;CON TODO CALLE LIBERTAD PLC;ProdBEBIDAS;NARANJADA  200 ML TUNAL;6
3727665;2026-09-24;PLC03;CON TODO CALLE LIBERTAD PLC;ProdBEBIDAS;NECTAR PERA 200 ML TUNAL;6
3724462;2026-09-24;MCY02;DELI PLAZA (A FINAL DE MES);ProdEMBUTIDOS;MORTADELA DE POLLO DE 500G;2
3724433;2026-09-24;MCY02;DELI PLAZA (A FINAL DE MES);ProdBEBIDAS_LACT;LECHE  DESLACTOSADA LIQUIDA PURISIMA;4
3724461;2026-09-24;MCY02;DELI PLAZA (A FINAL DE MES);ProdEMBUTIDOS;MORTADELA DE POLLO DE 1 KG;2
3724437;2026-09-24;MCY02;DELI PLAZA (A FINAL DE MES);ProdBEBIDAS_LACT;LECHE EN POLVO PURISIMA 900GR;6
3724448;2026-09-24;MCY02;DELI PLAZA (A FINAL DE MES);ProdBEBIDAS;NECTAR DURAZNO 1L TUNAL;1
3724453;2026-09-24;MCY02;DELI PLAZA (A FINAL DE MES);ProdBEBIDAS;NECTAR PERA 200 ML TUNAL;3
3724449;2026-09-24;MCY02;DELI PLAZA (A FINAL DE MES);ProdBEBIDAS;NECTAR PERA 1L TUNAL;1
3724443;2026-09-24;MCY02;DELI PLAZA (A FINAL DE MES);ProdBEBIDAS;TE FRUTOS ROJOS 1L TUNAL;1
3724452;2026-09-24;MCY02;DELI PLAZA (A FINAL DE MES);ProdBEBIDAS;NARANJADA  200 ML TUNAL;3
3724447;2026-09-24;MCY02;DELI PLAZA (A FINAL DE MES);ProdBEBIDAS;NARANJADA 1L TUNAL;1
3724432;2026-09-24;MCY02;DELI PLAZA (A FINAL DE MES);ProdBEBIDAS_LACT;LECHE COMPLETA LIQUIDA PURISIMA;11
3724436;2026-09-24;MCY02;DELI PLAZA (A FINAL DE MES);ProdBEBIDAS_LACT;LECHE EN POLVO PURISIMA 400GR;6
3713832;2026-09-24;MCY02;EUROMARKET;ProdBEBIDAS;NECTAR MANZANA 1L TUNAL;3
3730346;2026-09-24;MCY02;EUROMARKET;ProdEMBUTIDOS;SALCHICHA TIPO VIENA 800GR (24unid) ALIMEX;1
3731572;2026-09-24;MCY03;EUROMERCADO INTERCOMUNAL;ProdDERIV_LACTEOS;CREMA DE LECHE DE 500GR PURISIMA;3
3731571;2026-09-24;MCY03;EUROMERCADO INTERCOMUNAL;ProdDERIV_LACTEOS;CREMA DE LECHE DE 250GR PURISIMA;3
3731564;2026-09-24;MCY03;EUROMERCADO INTERCOMUNAL;ProdBEBIDAS;TE DURAZNO 1L TUNAL;1
3731566;2026-09-24;MCY03;EUROMERCADO INTERCOMUNAL;ProdBEBIDAS;TE LIMON 1L TUNAL;1
3731568;2026-09-24;MCY03;EUROMERCADO INTERCOMUNAL;ProdBEBIDAS;TE FRUTOS ROJOS 1L TUNAL;1
3731567;2026-09-24;MCY03;EUROMERCADO INTERCOMUNAL;ProdBEBIDAS;TE DURAZNO 500ML TUNAL;2
3731524;2026-09-24;CCS08;FORUM IPSFA;ProdBEBIDAS;NECTAR PERA 200 ML TUNAL;3
3731523;2026-09-24;CCS08;FORUM IPSFA;ProdBEBIDAS;NECTAR MANZANA 200 ML TUNAL;3
3731525;2026-09-24;CCS08;FORUM IPSFA;ProdBEBIDAS;NECTAR DURAZNO 200 ML TUNAL;3
3731527;2026-09-24;CCS08;FORUM IPSFA;ProdBEBIDAS;TE LIMON 1L TUNAL;1
3731528;2026-09-24;CCS08;FORUM IPSFA;ProdBEBIDAS;TE FRUTOS ROJOS 1L TUNAL;1
3731521;2026-09-24;CCS08;FORUM IPSFA;ProdBEBIDAS;NECTAR DURAZNO 1L TUNAL;3
3731519;2026-09-24;CCS08;FORUM IPSFA;ProdBEBIDAS;NECTAR PERA 1L TUNAL;3
3731522;2026-09-24;CCS08;FORUM IPSFA;ProdBEBIDAS;NARANJADA  200 ML TUNAL;3
3731535;2026-09-24;CCS08;FORUM IPSFA;ProdBEBIDAS_LACT;LECHE  DESLACTOSADA LIQUIDA PURISIMA;15
3731517;2026-09-24;CCS08;FORUM IPSFA;ProdBEBIDAS;NARANJADA 1L TUNAL;3
3731526;2026-09-24;CCS08;FORUM IPSFA;ProdBEBIDAS;TE DURAZNO 1L TUNAL;1
3731534;2026-09-24;CCS08;FORUM IPSFA;ProdBEBIDAS_LACT;LECHE DESCREMADA LIQUIDA PURISIMA;15
3731533;2026-09-24;CCS08;FORUM IPSFA;ProdBEBIDAS_LACT;LECHE COMPLETA LIQUIDA PURISIMA;15
3731518;2026-09-24;CCS08;FORUM IPSFA;ProdBEBIDAS;NECTAR MANZANA 1L TUNAL;3
3760225;2026-09-24;MCY04;GRAN MARISCAL;ProdEMBUTIDOS;MORTADELA CCS DE CARNES 900G;1
3760221;2026-09-24;MCY04;GRAN MARISCAL;ProdEMBUTIDOS;MORTADELA DE POLLO DE 1 KG;1
3760224;2026-09-24;MCY04;GRAN MARISCAL;ProdEMBUTIDOS;MORTADELA DE POLLO DE 500G;1
3760204;2026-09-24;MCY04;GRAN MARISCAL;ProdDERIV_LACTEOS;CREMA DE LECHE DE 500GR PURISIMA;1
3760232;2026-09-24;MCY04;GRAN MARISCAL;ProdBEBIDAS_LACT;LECHE  DESLACTOSADA LIQUIDA PURISIMA;5
3760229;2026-09-24;MCY04;GRAN MARISCAL;ProdBEBIDAS_LACT;LECHE BARISTA PURISIMA;11
3760230;2026-09-24;MCY04;GRAN MARISCAL;ProdBEBIDAS_LACT;LECHE DESCREMADA LIQUIDA PURISIMA;6
3760207;2026-09-24;MCY04;GRAN MARISCAL;ProdDERIV_LACTEOS;CREMA DE LECHE DE 250GR PURISIMA;1
3730808;2026-09-24;VLC02;GRANJA MANONGO;ProdDERIV_LACTEOS;MANTEQUILLA PURISIMA CON SAL 200G PURISIMA;4
3730802;2026-09-24;VLC02;GRANJA MANONGO;ProdBEBIDAS;TE FRUTOS ROJOS 1L TUNAL;1
3730798;2026-09-24;VLC02;GRANJA MANONGO;ProdBEBIDAS;JUGO NARANJA LIGTH 1 LITRO TUNAL;1
3730779;2026-09-24;VLC02;GRANJA MANONGO;ProdBEBIDAS;NARANJADA  200 ML TUNAL;2
3730800;2026-09-24;VLC02;GRANJA MANONGO;ProdBEBIDAS;TE DURAZNO 1L TUNAL;1
3730797;2026-09-24;VLC02;GRANJA MANONGO;ProdBEBIDAS;NECTAR PERA 1L TUNAL;1
3730781;2026-09-24;VLC02;GRANJA MANONGO;ProdBEBIDAS;NECTAR MANZANA 200 ML TUNAL;1
3730795;2026-09-24;VLC02;GRANJA MANONGO;ProdBEBIDAS;NECTAR DURAZNO 1L TUNAL;1
3730796;2026-09-24;VLC02;GRANJA MANONGO;ProdBEBIDAS;NECTAR MANZANA 1L TUNAL;2
3730780;2026-09-24;VLC02;GRANJA MANONGO;ProdBEBIDAS;NECTAR DURAZNO 200 ML TUNAL;2
3730799;2026-09-24;VLC02;GRANJA MANONGO;ProdBEBIDAS;NECTAR PERA LIGHT 1 LITRO TUNAL;1
3730803;2026-09-24;VLC02;GRANJA MANONGO;ProdEMBUTIDOS;MORTADELA CCS DE CARNES 500G;1
3730773;2026-09-24;VLC02;GRANJA MANONGO;ProdBEBIDAS_LACT;LECHE DESCREMADA LIQUIDA PURISIMA;2
3730774;2026-09-24;VLC02;GRANJA MANONGO;ProdBEBIDAS_LACT;LECHE  DESLACTOSADA LIQUIDA PURISIMA;3
3730804;2026-09-24;VLC02;GRANJA MANONGO;ProdEMBUTIDOS;MORTADELA CCS DE CARNES 900G;1
3730794;2026-09-24;VLC02;GRANJA MANONGO;ProdBEBIDAS;NARANJADA 1L TUNAL;1
3730801;2026-09-24;VLC02;GRANJA MANONGO;ProdBEBIDAS;TE LIMON 1L TUNAL;1
3730806;2026-09-24;VLC02;GRANJA MANONGO;ProdDERIV_LACTEOS;CREMA DE LECHE DE 250GR PURISIMA;5
3730782;2026-09-24;VLC02;GRANJA MANONGO;ProdBEBIDAS;NECTAR PERA 200 ML TUNAL;1
3730772;2026-09-24;VLC02;GRANJA MANONGO;ProdBEBIDAS_LACT;LECHE COMPLETA LIQUIDA PURISIMA;2
3732468;2026-09-24;PTO01;HIP GUAYANA;ProdBEBIDAS_LACT;LECHE EN POLVO PURISIMA 400GR;2
3732472;2026-09-24;PTO01;HIP GUAYANA;ProdEMBUTIDOS;MORTADELA CCS DE CARNES 500G;3
3732473;2026-09-24;PTO01;HIP GUAYANA;ProdEMBUTIDOS;MORTADELA CCS DE CARNES 900G;3
3732467;2026-09-24;PTO01;HIP GUAYANA;ProdBEBIDAS_LACT;LECHE EN POLVO PURISIMA 900GR;4
3732469;2026-09-24;PTO01;HIP GUAYANA;ProdBEBIDAS_LACT;LECHE EN POLVO PURISIMA 200GR;2
3724675;2026-09-24;PTO03;"HIPER CALIFORNIA; C.A";ProdBEBIDAS;NECTAR PERA 1L TUNAL;3
3724676;2026-09-24;PTO03;"HIPER CALIFORNIA; C.A";ProdBEBIDAS;NECTAR DURAZNO 1L TUNAL;3
3724678;2026-09-24;PTO03;"HIPER CALIFORNIA; C.A";ProdBEBIDAS;NECTAR PERA 200 ML TUNAL;3
3724681;2026-09-24;PTO03;"HIPER CALIFORNIA; C.A";ProdBEBIDAS;TE LIMON 1L TUNAL;2
3724680;2026-09-24;PTO03;"HIPER CALIFORNIA; C.A";ProdBEBIDAS;TE DURAZNO 1L TUNAL;3
3724679;2026-09-24;PTO03;"HIPER CALIFORNIA; C.A";ProdBEBIDAS;NECTAR DURAZNO 200 ML TUNAL;3
3724677;2026-09-24;PTO03;"HIPER CALIFORNIA; C.A";ProdBEBIDAS;NECTAR MANZANA 200 ML TUNAL;3
3724673;2026-09-24;PTO03;"HIPER CALIFORNIA; C.A";ProdBEBIDAS;NARANJADA 1L TUNAL;2
3724663;2026-09-24;PTO03;"HIPER CALIFORNIA; C.A";ProdBEBIDAS_LACT;LECHE DESCREMADA LIQUIDA PURISIMA;7
3724674;2026-09-24;PTO03;"HIPER CALIFORNIA; C.A";ProdBEBIDAS;NECTAR MANZANA 1L TUNAL;1
3724662;2026-09-24;PTO03;"HIPER CALIFORNIA; C.A";ProdBEBIDAS_LACT;LECHE COMPLETA LIQUIDA PURISIMA;8
3724683;2026-09-24;PTO03;"HIPER CALIFORNIA; C.A";ProdBEBIDAS_LACT;LECHE EN POLVO PURISIMA 400GR;4
3729504;2026-09-24;VLC03;KOSMO GUACARA;ProdDERIV_LACTEOS;CREMA DE LECHE DE 250GR PURISIMA;5
3729526;2026-09-24;VLC03;KOSMO GUACARA;ProdBEBIDAS;NECTAR PERA 200 ML TUNAL;8
3729520;2026-09-24;VLC03;KOSMO GUACARA;ProdBEBIDAS;TE DURAZNO 1L TUNAL;4
3729503;2026-09-24;VLC03;KOSMO GUACARA;ProdDERIV_LACTEOS;CREMA DE LECHE DE 500GR PURISIMA;3
3729532;2026-09-24;VLC03;KOSMO GUACARA;ProdDERIV_LACTEOS;MANTEQUILLA PURISIMA SIN SAL 200G PURISIMA;2
3729500;2026-09-24;VLC03;KOSMO GUACARA;ProdDERIV_LACTEOS;QUESO DE CABRA 500G PURISIMA;1
3729536;2026-09-24;VLC03;KOSMO GUACARA;ProdEMBUTIDOS;CHORIZO DE CERDO PICANTE PARRILLERO ALIMEX;2
3729495;2026-09-24;VLC03;KOSMO GUACARA;ProdEMBUTIDOS;SALCHICHA TIPO VIENA 450GR (22unid) ALIMEX;1
3729478;2026-09-24;VLC03;KOSMO GUACARA;ProdBEBIDAS_LACT;LECHE EN POLVO PURISIMA 900GR;3
3729522;2026-09-24;VLC03;KOSMO GUACARA;ProdBEBIDAS;TE FRUTOS ROJOS 1L TUNAL;4
3729521;2026-09-24;VLC03;KOSMO GUACARA;ProdBEBIDAS;TE LIMON 1L TUNAL;4
3729480;2026-09-24;VLC03;KOSMO GUACARA;ProdBEBIDAS_LACT;LECHE EN POLVO PURISIMA 200GR;2
3729517;2026-09-24;VLC03;KOSMO GUACARA;ProdBEBIDAS;NECTAR DURAZNO 1L TUNAL;4
3729471;2026-09-24;VLC03;KOSMO GUACARA;ProdBEBIDAS_LACT;LECHE DESCREMADA LIQUIDA PURISIMA;2
3729535;2026-09-24;VLC03;KOSMO GUACARA;ProdEMBUTIDOS;CHORIZO DE CERDO AHUMADO PARRILLERO ALIMEX;1
3729524;2026-09-24;VLC03;KOSMO GUACARA;ProdBEBIDAS;NECTAR DURAZNO 200 ML TUNAL;12
3729496;2026-09-24;VLC03;KOSMO GUACARA;ProdEMBUTIDOS;SALCHICHA TIPO VIENA 225G (11unid) ALIMEX;2
3729523;2026-09-24;VLC03;KOSMO GUACARA;ProdBEBIDAS;NARANJADA  200 ML TUNAL;6
3729518;2026-09-24;VLC03;KOSMO GUACARA;ProdBEBIDAS;NECTAR MANZANA 1L TUNAL;7
3729494;2026-09-24;VLC03;KOSMO GUACARA;ProdEMBUTIDOS;SALCHICHA TIPO VIENA 800GR (24unid) ALIMEX;1
3729525;2026-09-24;VLC03;KOSMO GUACARA;ProdBEBIDAS;NECTAR MANZANA 200 ML TUNAL;6
3729472;2026-09-24;VLC03;KOSMO GUACARA;ProdBEBIDAS_LACT;LECHE  DESLACTOSADA LIQUIDA PURISIMA;13
3729489;2026-09-24;VLC03;KOSMO GUACARA;ProdEMBUTIDOS;MORTADELA CCS DE CARNES 900G;6
3729519;2026-09-24;VLC03;KOSMO GUACARA;ProdBEBIDAS;NECTAR PERA 1L TUNAL;4
3734018;2026-09-24;VLC02;KROMI MANONGO;ProdBEBIDAS;TE LIMON 1L TUNAL;3
3734019;2026-09-24;VLC02;KROMI MANONGO;ProdBEBIDAS;TE FRUTOS ROJOS 1L TUNAL;2
3734012;2026-09-24;VLC02;KROMI MANONGO;ProdBEBIDAS;NECTAR PERA LIGHT 1 LITRO TUNAL;2
3734017;2026-09-24;VLC02;KROMI MANONGO;ProdBEBIDAS;TE DURAZNO 1L TUNAL;3
3734007;2026-09-24;VLC02;KROMI MANONGO;ProdBEBIDAS;NARANJADA 1L TUNAL;2
3734008;2026-09-24;VLC02;KROMI MANONGO;ProdBEBIDAS;NECTAR DURAZNO 1L TUNAL;2
3734009;2026-09-24;VLC02;KROMI MANONGO;ProdBEBIDAS;NECTAR MANZANA 1L TUNAL;3
3734010;2026-09-24;VLC02;KROMI MANONGO;ProdBEBIDAS;NECTAR PERA 1L TUNAL;2
3734011;2026-09-24;VLC02;KROMI MANONGO;ProdBEBIDAS;JUGO NARANJA LIGTH 1 LITRO TUNAL;1
3728892;2026-09-24;VLC01;KROMI PORTACHUELA;ProdBEBIDAS_LACT;LECHE EN POLVO PURISIMA 900GR;1
3728893;2026-09-24;VLC01;KROMI PORTACHUELA;ProdBEBIDAS_LACT;LECHE EN POLVO PURISIMA 400GR;1
3728860;2026-09-24;VLC01;KROMI PORTACHUELA;ProdBEBIDAS;NARANJADA 1L TUNAL;2
3728903;2026-09-24;VLC01;KROMI PORTACHUELA;ProdJAMONERIA;JAMON AREPERO AHUMADO;1
3728909;2026-09-24;VLC01;KROMI PORTACHUELA;ProdJAMONERIA;JAMON PIERNA ALIMEX 98% 5.9kg;1
3728910;2026-09-24;VLC01;KROMI PORTACHUELA;ProdJAMONERIA;JAMON AHUMADO VISKING ITALICO 3.5 KG;1
3728888;2026-09-24;VLC01;KROMI PORTACHUELA;ProdHUEVOS;HUEVO EMPACADO- ESTUCHADO 1X12 TUNAL;1
3728887;2026-09-24;VLC01;KROMI PORTACHUELA;ProdHUEVOS;HUEVO EMPACADO- 1X12 PLASTICO TUNAL;1
3728861;2026-09-24;VLC01;KROMI PORTACHUELA;ProdBEBIDAS;NECTAR PERA 1L TUNAL;1
3728889;2026-09-24;VLC01;KROMI PORTACHUELA;ProdHUEVOS;HUEVO EMPACADO- ESTUCHADO 15 und TUNAL;2
3728886;2026-09-24;VLC01;KROMI PORTACHUELA;ProdHUEVOS;HUEVO TIPO  GRANEL 30 UND TUNAL;3
3731709;2026-09-24;VLC01;KROMI PREBO;ProdEMBUTIDOS;CHORIZO DE CERDO AHUMADO PARRILLERO ALIMEX;1
3731708;2026-09-24;VLC01;KROMI PREBO;ProdEMBUTIDOS;CHORIZO DE CERDO PICANTE PARRILLERO ALIMEX;1
3725792;2026-09-24;PTO01;LLOVIZNA MARKET UNARE;ProdEMBUTIDOS;MORTADELA CCS DE CARNES 900G;1
3725793;2026-09-24;PTO01;LLOVIZNA MARKET UNARE;ProdEMBUTIDOS;MORTADELA CCS DE CARNES 500G;1
3725794;2026-09-24;PTO01;LLOVIZNA MARKET UNARE;ProdDERIV_LACTEOS;CREMA DE LECHE DE 500GR PURISIMA;4
3725807;2026-09-24;PTO01;LLOVIZNA MARKET UNARE;ProdBEBIDAS_LACT;LECHE  DESLACTOSADA LIQUIDA PURISIMA;2
3725811;2026-09-24;PTO01;LLOVIZNA MARKET UNARE;ProdBEBIDAS;NECTAR DURAZNO 1L TUNAL;1
3725806;2026-09-24;PTO01;LLOVIZNA MARKET UNARE;ProdBEBIDAS_LACT;LECHE DESCREMADA LIQUIDA PURISIMA;2
3725810;2026-09-24;PTO01;LLOVIZNA MARKET UNARE;ProdBEBIDAS;NARANJADA 1L TUNAL;3
3725795;2026-09-24;PTO01;LLOVIZNA MARKET UNARE;ProdDERIV_LACTEOS;MANTEQUILLA PURISIMA SIN SAL 200G PURISIMA;4
3725797;2026-09-24;PTO01;LLOVIZNA MARKET UNARE;ProdBEBIDAS_LACT;LECHE EN POLVO PURISIMA 200GR;3
3725798;2026-09-24;PTO01;LLOVIZNA MARKET UNARE;ProdBEBIDAS_LACT;LECHE EN POLVO PURISIMA 900GR;1
3725799;2026-09-24;PTO01;LLOVIZNA MARKET UNARE;ProdEMBUTIDOS;CHORIZO DE CERDO PICANTE PARRILLERO ALIMEX;1
3725805;2026-09-24;PTO01;LLOVIZNA MARKET UNARE;ProdBEBIDAS_LACT;LECHE COMPLETA LIQUIDA PURISIMA;3
3725796;2026-09-24;PTO01;LLOVIZNA MARKET UNARE;ProdBEBIDAS_LACT;LECHE EN POLVO PURISIMA 400GR;2
3729086;2026-09-24;VLC01;LUXOR EL BOSQUE;ProdBEBIDAS;JUGO NARANJA LIGTH 1 LITRO TUNAL;2
3729038;2026-09-24;VLC01;LUXOR EL BOSQUE;ProdBEBIDAS;TE LIMON 500ML TUNAL;5
3729041;2026-09-24;VLC01;LUXOR EL BOSQUE;ProdBEBIDAS;TE DURAZNO 500ML TUNAL;8
3729028;2026-09-24;VLC01;LUXOR EL BOSQUE;ProdBEBIDAS;TE DURAZNO 1L TUNAL;4
3728983;2026-09-24;VLC01;LUXOR EL BOSQUE;ProdHUEVOS;HUEVO EMPACADO- ESTUCHADO 1X12 TUNAL;9
3728993;2026-09-24;VLC01;LUXOR EL BOSQUE;ProdDERIV_LACTEOS;CREMA DE LECHE DE 500GR PURISIMA;5
3728996;2026-09-24;VLC01;LUXOR EL BOSQUE;ProdDERIV_LACTEOS;CREMA DE LECHE DE 250GR PURISIMA;4
3729008;2026-09-24;VLC01;LUXOR EL BOSQUE;ProdDERIV_LACTEOS;MANTEQUILLA PURISIMA SIN SAL 200G PURISIMA;1
3729089;2026-09-24;VLC01;LUXOR EL BOSQUE;ProdBEBIDAS;NECTAR PERA LIGHT 1 LITRO TUNAL;2
3728977;2026-09-24;VLC01;LUXOR EL BOSQUE;ProdHUEVOS;HUEVO EMPACADO- ESTUCHADO 1X6 TUNAL;5
3729022;2026-09-24;VLC01;LUXOR EL BOSQUE;ProdBEBIDAS;TE FRUTOS ROJOS 1L TUNAL;4
3728944;2026-09-24;VLC01;LUXOR EL BOSQUE;ProdJAMONERIA;JAMON PIERNA ALIMEX 98% 5.9kg;1
3729025;2026-09-24;VLC01;LUXOR EL BOSQUE;ProdBEBIDAS;TE LIMON 1L TUNAL;5
3729083;2026-09-24;VLC01;LUXOR EL BOSQUE;ProdBEBIDAS;NECTAR DURAZNO 1L TUNAL;2
3728926;2026-09-24;VLC01;LUXOR EL BOSQUE;ProdBEBIDAS_LACT;LECHE DESCREMADA LIQUIDA PURISIMA;11
3728950;2026-09-24;VLC01;LUXOR EL BOSQUE;ProdBEBIDAS_LACT;LECHE COMPLETA LIQUIDA PURISIMA;36
3728920;2026-09-24;VLC01;LUXOR EL BOSQUE;ProdBEBIDAS_LACT;LECHE  DESLACTOSADA LIQUIDA PURISIMA;13
3728971;2026-09-24;VLC01;LUXOR EL BOSQUE;ProdBEBIDAS_LACT;LECHE EN POLVO PURISIMA 900GR;6
3729145;2026-09-24;VLC01;LUXOR EL BOSQUE;ProdBEBIDAS;NARANJADA  200 ML TUNAL;1
3729136;2026-09-24;VLC01;LUXOR EL BOSQUE;ProdBEBIDAS;NECTAR DURAZNO 200 ML TUNAL;1
3729074;2026-09-24;VLC01;LUXOR EL BOSQUE;ProdBEBIDAS;NARANJADA 1L TUNAL;2
3729077;2026-09-24;VLC01;LUXOR EL BOSQUE;ProdBEBIDAS;NECTAR MANZANA 1L TUNAL;2
3729142;2026-09-24;VLC01;LUXOR EL BOSQUE;ProdBEBIDAS;NECTAR MANZANA 200 ML TUNAL;1
3729095;2026-09-24;VLC01;LUXOR EL BOSQUE;ProdBEBIDAS;NECTAR MANZANA 500 ML TUNAL;5
3729098;2026-09-24;VLC01;LUXOR EL BOSQUE;ProdBEBIDAS;NECTAR PERA 500 ML TUNAL;2
3729101;2026-09-24;VLC01;LUXOR EL BOSQUE;ProdBEBIDAS;NECTAR DURAZNO 500 ML TUNAL;1
3729005;2026-09-24;VLC01;LUXOR EL BOSQUE;ProdDERIV_LACTEOS;MANTEQUILLA PURISIMA CON SAL 200G PURISIMA;2
3729080;2026-09-24;VLC01;LUXOR EL BOSQUE;ProdBEBIDAS;NECTAR PERA 1L TUNAL;2
3729092;2026-09-24;VLC01;LUXOR EL BOSQUE;ProdBEBIDAS;NARANJADA  500 ML TUNAL;4
3729139;2026-09-24;VLC01;LUXOR EL BOSQUE;ProdBEBIDAS;NECTAR PERA 200 ML TUNAL;1
3723903;2026-09-24;MCY01;LUXOR IPSFA;ProdBEBIDAS_LACT;LECHE EN POLVO PURISIMA 900GR;4
3723929;2026-09-24;MCY01;LUXOR IPSFA;ProdBEBIDAS;TE LIMON 1L TUNAL;2
3723906;2026-09-24;MCY01;LUXOR IPSFA;ProdDERIV_LACTEOS;MANTEQUILLA PURISIMA SIN SAL 200G PURISIMA;1
3723901;2026-09-24;MCY01;LUXOR IPSFA;ProdBEBIDAS_LACT;LECHE  DESLACTOSADA LIQUIDA PURISIMA;6
3723915;2026-09-24;MCY01;LUXOR IPSFA;ProdEMBUTIDOS;MORTADELA DE POLLO DE 1 KG;1
3723930;2026-09-24;MCY01;LUXOR IPSFA;ProdBEBIDAS;TE FRUTOS ROJOS 1L TUNAL;1
3723928;2026-09-24;MCY01;LUXOR IPSFA;ProdBEBIDAS;TE DURAZNO 1L TUNAL;3
3723893;2026-09-24;MCY01;LUXOR IPSFA;ProdBEBIDAS_LACT;LECHE COMPLETA LIQUIDA PURISIMA;15
3723924;2026-09-24;MCY01;LUXOR IPSFA;ProdBEBIDAS;NARANJADA 1L TUNAL;1
3723907;2026-09-24;MCY01;LUXOR IPSFA;ProdDERIV_LACTEOS;MANTEQUILLA PURISIMA CON SAL 200G PURISIMA;1
3723925;2026-09-24;MCY01;LUXOR IPSFA;ProdBEBIDAS;NECTAR DURAZNO 1L TUNAL;1
3723926;2026-09-24;MCY01;LUXOR IPSFA;ProdBEBIDAS;NECTAR MANZANA 1L TUNAL;1
3723927;2026-09-24;MCY01;LUXOR IPSFA;ProdBEBIDAS;NECTAR PERA 1L TUNAL;1
3745285;2026-09-24;MCY01;LUXOR LAS ACACIAS;ProdBEBIDAS_LACT;LECHE COMPLETA LIQUIDA PURISIMA;9
3745287;2026-09-24;MCY01;LUXOR LAS ACACIAS;ProdBEBIDAS_LACT;LECHE  DESLACTOSADA LIQUIDA PURISIMA;9
3745286;2026-09-24;MCY01;LUXOR LAS ACACIAS;ProdBEBIDAS_LACT;LECHE DESCREMADA LIQUIDA PURISIMA;12
3730310;2026-09-24;VLC04;LUXOR NAGUANAGUA;ProdDERIV_LACTEOS;CREMA DE LECHE DE 500GR PURISIMA;1
3730290;2026-09-24;VLC04;LUXOR NAGUANAGUA;ProdBEBIDAS;NECTAR MANZANA 1L TUNAL;1
3730302;2026-09-24;VLC04;LUXOR NAGUANAGUA;ProdBEBIDAS;NECTAR PERA LIGHT 1 LITRO TUNAL;1
3730292;2026-09-24;VLC04;LUXOR NAGUANAGUA;ProdBEBIDAS;TE DURAZNO 1L TUNAL;1
3730268;2026-09-24;VLC04;LUXOR NAGUANAGUA;ProdBEBIDAS_LACT;LECHE DESCREMADA LIQUIDA PURISIMA;3
3730269;2026-09-24;VLC04;LUXOR NAGUANAGUA;ProdBEBIDAS_LACT;LECHE  DESLACTOSADA LIQUIDA PURISIMA;4
3730301;2026-09-24;VLC04;LUXOR NAGUANAGUA;ProdBEBIDAS;JUGO NARANJA LIGTH 1 LITRO TUNAL;1
3730291;2026-09-24;VLC04;LUXOR NAGUANAGUA;ProdBEBIDAS;NECTAR PERA 1L TUNAL;2
3730300;2026-09-24;VLC04;LUXOR NAGUANAGUA;ProdBEBIDAS;TE LIMON 500ML TUNAL;1
3730272;2026-09-24;VLC04;LUXOR NAGUANAGUA;ProdBEBIDAS_LACT;LECHE EN POLVO PURISIMA 900GR;15
3730293;2026-09-24;VLC04;LUXOR NAGUANAGUA;ProdBEBIDAS;TE LIMON 1L TUNAL;1
3730297;2026-09-24;VLC04;LUXOR NAGUANAGUA;ProdBEBIDAS;NECTAR MANZANA 500 ML TUNAL;1
3730296;2026-09-24;VLC04;LUXOR NAGUANAGUA;ProdBEBIDAS;NECTAR DURAZNO 500 ML TUNAL;1
3730305;2026-09-24;VLC04;LUXOR NAGUANAGUA;ProdDERIV_LACTEOS;MANTEQUILLA PURISIMA CON SAL 200G PURISIMA;2
3730295;2026-09-24;VLC04;LUXOR NAGUANAGUA;ProdBEBIDAS;NARANJADA  500 ML TUNAL;2
3730309;2026-09-24;VLC04;LUXOR NAGUANAGUA;ProdDERIV_LACTEOS;CREMA DE LECHE DE 250GR PURISIMA;2
3730298;2026-09-24;VLC04;LUXOR NAGUANAGUA;ProdBEBIDAS;NECTAR PERA 500 ML TUNAL;1
3730294;2026-09-24;VLC04;LUXOR NAGUANAGUA;ProdBEBIDAS;TE FRUTOS ROJOS 1L TUNAL;1
3730306;2026-09-24;VLC04;LUXOR NAGUANAGUA;ProdDERIV_LACTEOS;MANTEQUILLA PURISIMA SIN SAL 200G PURISIMA;2
3730288;2026-09-24;VLC04;LUXOR NAGUANAGUA;ProdBEBIDAS;NARANJADA 1L TUNAL;1
3730267;2026-09-24;VLC04;LUXOR NAGUANAGUA;ProdBEBIDAS_LACT;LECHE COMPLETA LIQUIDA PURISIMA;44
3730289;2026-09-24;VLC04;LUXOR NAGUANAGUA;ProdBEBIDAS;NECTAR DURAZNO 1L TUNAL;1
3730299;2026-09-24;VLC04;LUXOR NAGUANAGUA;ProdBEBIDAS;TE DURAZNO 500ML TUNAL;1
3752431;2026-09-24;BQTO07;MANGO CENTER C.A;ProdBEBIDAS_LACT;LECHE BARISTA PURISIMA;6
3752430;2026-09-24;BQTO07;MANGO CENTER C.A;ProdBEBIDAS_LACT;LECHE  DESLACTOSADA LIQUIDA PURISIMA;9
3752429;2026-09-24;BQTO07;MANGO CENTER C.A;ProdBEBIDAS_LACT;LECHE DESCREMADA LIQUIDA PURISIMA;15
3752424;2026-09-24;BQTO07;MANGO CENTER C.A;ProdBEBIDAS;TE LIMON 1L TUNAL;3
3752428;2026-09-24;BQTO07;MANGO CENTER C.A;ProdBEBIDAS_LACT;LECHE COMPLETA LIQUIDA PURISIMA;23
3752425;2026-09-24;BQTO07;MANGO CENTER C.A;ProdBEBIDAS;NARANJADA  200 ML TUNAL;1
3752427;2026-09-24;BQTO07;MANGO CENTER C.A;ProdBEBIDAS;NARANJADA  500 ML TUNAL;4
3752420;2026-09-24;BQTO07;MANGO CENTER C.A;ProdBEBIDAS;NARANJADA 1L TUNAL;11
3752423;2026-09-24;BQTO07;MANGO CENTER C.A;ProdBEBIDAS;NECTAR DURAZNO 1L TUNAL;9
3752426;2026-09-24;BQTO07;MANGO CENTER C.A;ProdBEBIDAS;NECTAR DURAZNO 200 ML TUNAL;1
3752422;2026-09-24;BQTO07;MANGO CENTER C.A;ProdBEBIDAS;NECTAR PERA 1L TUNAL;12
3752421;2026-09-24;BQTO07;MANGO CENTER C.A;ProdBEBIDAS;NECTAR MANZANA 1L TUNAL;12
3730133;2026-09-24;PLC01;MAS POR MENOS C.C.  PLAZA MAYOR;ProdBEBIDAS;NECTAR DURAZNO 200 ML TUNAL;1
3730135;2026-09-24;PLC01;MAS POR MENOS C.C.  PLAZA MAYOR;ProdBEBIDAS;NECTAR PERA 200 ML TUNAL;3
3719305;2026-09-24;PLC07;MAS X MENOS  PETRUCCI;ProdBEBIDAS;NECTAR PERA 200 ML TUNAL;1
3719299;2026-09-24;PLC07;MAS X MENOS  PETRUCCI;ProdBEBIDAS;NECTAR DURAZNO 200 ML TUNAL;3
3721200;2026-09-24;PLC02;MAS X MENOS AV.LECHERIA;ProdBEBIDAS;NARANJADA 1L TUNAL;1
3721198;2026-09-24;PLC02;MAS X MENOS AV.LECHERIA;ProdBEBIDAS;NECTAR DURAZNO 1L TUNAL;1
3721196;2026-09-24;PLC02;MAS X MENOS AV.LECHERIA;ProdBEBIDAS;NECTAR MANZANA 1L TUNAL;1
3726493;2026-09-24;PLC03;MAS X MENOS GUARAGUAO;ProdBEBIDAS;NECTAR PERA 200 ML TUNAL;3
3722398;2026-09-24;PLC03;MAS X MENOS JUDIBANA;ProdBEBIDAS;NARANJADA  500 ML TUNAL;2
3722399;2026-09-24;PLC03;MAS X MENOS JUDIBANA;ProdBEBIDAS;NECTAR DURAZNO 200 ML TUNAL;3
3722400;2026-09-24;PLC03;MAS X MENOS JUDIBANA;ProdBEBIDAS;NECTAR PERA 200 ML TUNAL;3
3722379;2026-09-24;PLC03;MAS X MENOS JUDIBANA;ProdEMBUTIDOS;SALCHICHA TIPO VIENA 450GR (22unid) ALIMEX;2
3727498;2026-09-24;PLC07;MAYORCA;ProdBEBIDAS;NECTAR DURAZNO 200 ML TUNAL;2
3730986;2026-09-24;PLC08;MEGA PORTELA;ProdEMBUTIDOS;SALCHICHA TIPO VIENA 225G (11unid) ALIMEX;2
3730985;2026-09-24;PLC08;MEGA PORTELA;ProdEMBUTIDOS;SALCHICHA TIPO VIENA 450GR (22unid) ALIMEX;2
3730983;2026-09-24;PLC08;MEGA PORTELA;ProdDERIV_LACTEOS;MANTEQUILLA PURISIMA CON SAL 200G PURISIMA;2
3730981;2026-09-24;PLC08;MEGA PORTELA;ProdEMBUTIDOS;MORTADELA CCS DE CARNES 500G;3
3730980;2026-09-24;PLC08;MEGA PORTELA;ProdDERIV_LACTEOS;CREMA DE LECHE DE 500GR PURISIMA;1
3730976;2026-09-24;PLC08;MEGA PORTELA;ProdBEBIDAS_LACT;LECHE COMPLETA LIQUIDA PURISIMA;13
3730977;2026-09-24;PLC08;MEGA PORTELA;ProdBEBIDAS_LACT;LECHE DESCREMADA LIQUIDA PURISIMA;13
3730982;2026-09-24;PLC08;MEGA PORTELA;ProdEMBUTIDOS;MORTADELA CCS DE CARNES 900G;3
3730984;2026-09-24;PLC08;MEGA PORTELA;ProdDERIV_LACTEOS;MANTEQUILLA PURISIMA SIN SAL 200G PURISIMA;2
3730978;2026-09-24;PLC08;MEGA PORTELA;ProdBEBIDAS_LACT;LECHE  DESLACTOSADA LIQUIDA PURISIMA;13
3745307;2026-09-24;MCY01;"MERCANOVA EXPRESS; C.A";ProdDERIV_LACTEOS;CREMA DE LECHE DE 250GR PURISIMA;1
3745312;2026-09-24;MCY01;"MERCANOVA EXPRESS; C.A";ProdEMBUTIDOS;SALCHICHA TIPO VIENA 800GR (24unid) ALIMEX;1
3745295;2026-09-24;MCY01;"MERCANOVA EXPRESS; C.A";ProdBEBIDAS_LACT;LECHE  DESLACTOSADA LIQUIDA PURISIMA;2
3745313;2026-09-24;MCY01;"MERCANOVA EXPRESS; C.A";ProdEMBUTIDOS;SALCHICHA TIPO VIENA 450GR (22unid) ALIMEX;1
3745320;2026-09-24;MCY01;"MERCANOVA EXPRESS; C.A";ProdBEBIDAS;NECTAR MANZANA 1L TUNAL;1
3745319;2026-09-24;MCY01;"MERCANOVA EXPRESS; C.A";ProdBEBIDAS;NARANJADA 1L TUNAL;1
3745321;2026-09-24;MCY01;"MERCANOVA EXPRESS; C.A";ProdBEBIDAS;NECTAR DURAZNO 1L TUNAL;1
3745323;2026-09-24;MCY01;"MERCANOVA EXPRESS; C.A";ProdBEBIDAS;TE DURAZNO 1L TUNAL;1
3745324;2026-09-24;MCY01;"MERCANOVA EXPRESS; C.A";ProdBEBIDAS;TE LIMON 1L TUNAL;2
3745294;2026-09-24;MCY01;"MERCANOVA EXPRESS; C.A";ProdBEBIDAS_LACT;LECHE DESCREMADA LIQUIDA PURISIMA;2
3745322;2026-09-24;MCY01;"MERCANOVA EXPRESS; C.A";ProdBEBIDAS;NECTAR PERA 1L TUNAL;1
3745293;2026-09-24;MCY01;"MERCANOVA EXPRESS; C.A";ProdBEBIDAS_LACT;LECHE COMPLETA LIQUIDA PURISIMA;6
3760259;2026-09-24;MCY04;MERCATODO CORINZA;ProdBEBIDAS_LACT;LECHE DESCREMADA LIQUIDA PURISIMA;7
3760233;2026-09-24;MCY04;MERCATODO CORINZA;ProdDERIV_LACTEOS;Queso amarillo Purisima semimadurado disco 500gr;2
3760261;2026-09-24;MCY04;MERCATODO CORINZA;ProdBEBIDAS_LACT;LECHE  DESLACTOSADA LIQUIDA PURISIMA;5
3760213;2026-09-24;MCY04;MERCATODO CORINZA;ProdEMBUTIDOS;SALCHICHA TIPO VIENA 450GR (22unid) ALIMEX;1
3760243;2026-09-24;MCY04;MERCATODO CORINZA;ProdDERIV_LACTEOS;MANTEQUILLA PURISIMA SIN SAL 200G PURISIMA;2
3760265;2026-09-24;MCY04;MERCATODO CORINZA;ProdDERIV_LACTEOS;CREMA DE LECHE DE 250GR PURISIMA;2
3760222;2026-09-24;MCY04;MERCATODO STAR CENTER;ProdDERIV_LACTEOS;MANTEQUILLA PURISIMA SIN SAL 200G PURISIMA;1
3760216;2026-09-24;MCY04;MERCATODO STAR CENTER;ProdDERIV_LACTEOS;MANTEQUILLA PURISIMA CON SAL 200G PURISIMA;1
3760245;2026-09-24;MCY04;MERCATODO STAR CENTER;ProdDERIV_LACTEOS;CREMA DE LECHE DE 250GR PURISIMA;2
3760256;2026-09-24;MCY04;MERCATODO STAR CENTER;ProdBEBIDAS_LACT;LECHE DESCREMADA LIQUIDA PURISIMA;2
3760254;2026-09-24;MCY04;MERCATODO STAR CENTER;ProdBEBIDAS_LACT;LECHE COMPLETA LIQUIDA PURISIMA;3
3760258;2026-09-24;MCY04;MERCATODO STAR CENTER;ProdBEBIDAS_LACT;LECHE  DESLACTOSADA LIQUIDA PURISIMA;2
3728635;2026-09-24;PTO03;"MUNDO MARKET MONAGAS; C.A.";ProdBEBIDAS;NECTAR MANZANA 1L TUNAL;1
3728641;2026-09-24;PTO03;"MUNDO MARKET MONAGAS; C.A.";ProdBEBIDAS_LACT;LECHE EN POLVO PURISIMA 900GR;1
3726628;2026-09-24;MCY01;Mas x Menos Global;ProdDERIV_LACTEOS;MANTEQUILLA PURISIMA CON SAL 200G PURISIMA;2
3726624;2026-09-24;MCY01;Mas x Menos Global;ProdDERIV_LACTEOS;CREMA DE LECHE DE 250GR PURISIMA;1
3726627;2026-09-24;MCY01;Mas x Menos Global;ProdDERIV_LACTEOS;MANTEQUILLA PURISIMA SIN SAL 200G PURISIMA;1
3726621;2026-09-24;MCY01;Mas x Menos Global;ProdBEBIDAS_LACT;LECHE DESCREMADA LIQUIDA PURISIMA;4
3726620;2026-09-24;MCY01;Mas x Menos Global;ProdBEBIDAS_LACT;LECHE COMPLETA LIQUIDA PURISIMA;1
3726622;2026-09-24;MCY01;Mas x Menos Global;ProdBEBIDAS_LACT;LECHE  DESLACTOSADA LIQUIDA PURISIMA;4
3752458;2026-09-24;BQTO07;PANADERIA DINASTIA;ProdBEBIDAS;NECTAR DURAZNO 1L TUNAL;4
3752457;2026-09-24;BQTO07;PANADERIA DINASTIA;ProdBEBIDAS;NECTAR PERA 1L TUNAL;10
3752468;2026-09-24;BQTO07;PANADERIA DINASTIA;ProdEMBUTIDOS;SALCHICHA TIPO VIENA 800GR (24unid) ALIMEX;1
3752461;2026-09-24;BQTO07;PANADERIA DINASTIA;ProdBEBIDAS;TE FRUTOS ROJOS 1L TUNAL;3
3752467;2026-09-24;BQTO07;PANADERIA DINASTIA;ProdEMBUTIDOS;SALCHICHA TIPO VIENA 225G (11unid) ALIMEX;1
3752462;2026-09-24;BQTO07;PANADERIA DINASTIA;ProdBEBIDAS_LACT;LECHE COMPLETA LIQUIDA PURISIMA;3
3752456;2026-09-24;BQTO07;PANADERIA DINASTIA;ProdBEBIDAS;NECTAR MANZANA 1L TUNAL;4
3752470;2026-09-24;BQTO07;PANADERIA DINASTIA;ProdEMBUTIDOS;MORTADELA CCS DE CARNES 500G;1
3752469;2026-09-24;BQTO07;PANADERIA DINASTIA;ProdEMBUTIDOS;MORTADELA CCS DE CARNES 900G;1
3752460;2026-09-24;BQTO07;PANADERIA DINASTIA;ProdBEBIDAS;TE LIMON 1L TUNAL;3
3752459;2026-09-24;BQTO07;PANADERIA DINASTIA;ProdBEBIDAS;TE DURAZNO 1L TUNAL;3
3729984;2026-09-24;CCS10;PARAMO CARICUAO;ProdBEBIDAS;NARANJADA 1L TUNAL;10
3729979;2026-09-24;CCS10;PARAMO CARICUAO;ProdDERIV_LACTEOS;CREMA DE LECHE DE 250GR PURISIMA;2
3729981;2026-09-24;CCS10;PARAMO CARICUAO;ProdEMBUTIDOS;SALCHICHA TIPO VIENA 450GR (22unid) ALIMEX;4
3729983;2026-09-24;CCS10;PARAMO CARICUAO;ProdBEBIDAS_LACT;LECHE BARISTA PURISIMA;4
3731667;2026-09-24;CCS07;PARAMO GUATIRE;ProdBEBIDAS_LACT;LECHE DESCREMADA LIQUIDA PURISIMA;24
3731666;2026-09-24;CCS07;PARAMO GUATIRE;ProdBEBIDAS_LACT;LECHE COMPLETA LIQUIDA PURISIMA;18
3731668;2026-09-24;CCS07;PARAMO GUATIRE;ProdBEBIDAS_LACT;LECHE  DESLACTOSADA LIQUIDA PURISIMA;18
3731673;2026-09-24;CCS07;PARAMO GUATIRE;ProdBEBIDAS_LACT;LECHE EN POLVO PURISIMA 900GR;18
3733729;2026-09-24;CCS11;PARAMO PRADO DE MARIA;ProdBEBIDAS;NARANJADA  200 ML TUNAL;2
3733736;2026-09-24;CCS11;PARAMO PRADO DE MARIA;ProdBEBIDAS;TE LIMON 1L TUNAL;10
3733730;2026-09-24;CCS11;PARAMO PRADO DE MARIA;ProdBEBIDAS;NECTAR PERA 200 ML TUNAL;2
3733757;2026-09-24;CCS11;PARAMO PRADO DE MARIA;ProdDERIV_LACTEOS;MANTEQUILLA PURISIMA CON SAL 200G PURISIMA;1
3733756;2026-09-24;CCS11;PARAMO PRADO DE MARIA;ProdDERIV_LACTEOS;MANTEQUILLA PURISIMA SIN SAL 200G PURISIMA;1
3733735;2026-09-24;CCS11;PARAMO PRADO DE MARIA;ProdBEBIDAS;TE DURAZNO 1L TUNAL;10
3733751;2026-09-24;CCS11;PARAMO PRADO DE MARIA;ProdEMBUTIDOS;SALCHICHA TIPO VIENA 800GR (24unid) ALIMEX;1
3733731;2026-09-24;CCS11;PARAMO PRADO DE MARIA;ProdBEBIDAS;NECTAR DURAZNO 200 ML TUNAL;2
3733737;2026-09-24;CCS11;PARAMO PRADO DE MARIA;ProdBEBIDAS;TE FRUTOS ROJOS 1L TUNAL;10
3728125;2026-09-24;CCS10;PARAMO RUIZ PINEDA;ProdDERIV_LACTEOS;MANTEQUILLA PURISIMA SIN SAL 200G PURISIMA;3
3728127;2026-09-24;CCS10;PARAMO RUIZ PINEDA;ProdDERIV_LACTEOS;CREMA DE LECHE DE 500GR PURISIMA;3
3728130;2026-09-24;CCS10;PARAMO RUIZ PINEDA;ProdBEBIDAS_LACT;LECHE COMPLETA LIQUIDA PURISIMA;16
3723299;2026-09-24;VLC04;REDVITAL NAGUANAGUA;ProdDERIV_LACTEOS;MANTEQUILLA PURISIMA SIN SAL 200G PURISIMA;1
3723318;2026-09-24;VLC04;REDVITAL NAGUANAGUA;ProdBEBIDAS_LACT;LECHE DESCREMADA LIQUIDA PURISIMA;1
3723317;2026-09-24;VLC04;REDVITAL NAGUANAGUA;ProdBEBIDAS_LACT;LECHE COMPLETA LIQUIDA PURISIMA;2
3723290;2026-09-24;VLC04;REDVITAL NAGUANAGUA;ProdBEBIDAS;NARANJADA  200 ML TUNAL;1
3723320;2026-09-24;VLC04;REDVITAL NAGUANAGUA;ProdBEBIDAS_LACT;LECHE BARISTA PURISIMA;1
3723285;2026-09-24;VLC04;REDVITAL NAGUANAGUA;ProdBEBIDAS;NARANJADA 1L TUNAL;2
3723303;2026-09-24;VLC04;REDVITAL NAGUANAGUA;ProdDERIV_LACTEOS;CREMA DE LECHE DE 250GR PURISIMA;1
3723304;2026-09-24;VLC04;REDVITAL NAGUANAGUA;ProdDERIV_LACTEOS;CREMA DE LECHE DE 500GR PURISIMA;1
3723292;2026-09-24;VLC04;REDVITAL NAGUANAGUA;ProdBEBIDAS;NECTAR MANZANA 500 ML TUNAL;1
3723286;2026-09-24;VLC04;REDVITAL NAGUANAGUA;ProdBEBIDAS;NECTAR DURAZNO 1L TUNAL;2
3723298;2026-09-24;VLC04;REDVITAL NAGUANAGUA;ProdDERIV_LACTEOS;MANTEQUILLA PURISIMA CON SAL 200G PURISIMA;1
3723289;2026-09-24;VLC04;REDVITAL NAGUANAGUA;ProdBEBIDAS;NECTAR PERA LIGHT 1 LITRO TUNAL;2
3723288;2026-09-24;VLC04;REDVITAL NAGUANAGUA;ProdBEBIDAS;TE FRUTOS ROJOS 1L TUNAL;2
3723287;2026-09-24;VLC04;REDVITAL NAGUANAGUA;ProdBEBIDAS;NECTAR MANZANA 1L TUNAL;2
3723319;2026-09-24;VLC04;REDVITAL NAGUANAGUA;ProdBEBIDAS_LACT;LECHE  DESLACTOSADA LIQUIDA PURISIMA;1
3723291;2026-09-24;VLC04;REDVITAL NAGUANAGUA;ProdBEBIDAS;NECTAR DURAZNO 500 ML TUNAL;2
3723311;2026-09-24;VLC04;REDVITAL NAGUANAGUA;ProdHUEVOS;HUEVO EMPACADO- ESTUCHADO 1X12 TUNAL;6
3731925;2026-09-24;CCS07;RIO GUATIRE;ProdBEBIDAS;NECTAR PERA 200 ML TUNAL;2
3731982;2026-09-24;CCS07;RIO GUATIRE;ProdEMBUTIDOS;SALCHICHA TIPO VIENA 225G (11unid) ALIMEX;1
3731926;2026-09-24;CCS07;RIO GUATIRE;ProdBEBIDAS;NECTAR DURAZNO 200 ML TUNAL;22
3731861;2026-09-24;PLC04;RIO SUPERMARKET  31 DE JULIO;ProdBEBIDAS_LACT;LECHE BARISTA PURISIMA;21
3731863;2026-09-24;PLC04;RIO SUPERMARKET  31 DE JULIO;ProdBEBIDAS_LACT;LECHE  DESLACTOSADA LIQUIDA PURISIMA;28
3731862;2026-09-24;PLC04;RIO SUPERMARKET  31 DE JULIO;ProdBEBIDAS_LACT;LECHE DESCREMADA LIQUIDA PURISIMA;28
3725282;2026-09-24;PLC01;RIO SUPERMARKET C.C. PLAZA MAYOR;ProdBEBIDAS;NECTAR MANZANA 200 ML TUNAL;1
3725283;2026-09-24;PLC01;RIO SUPERMARKET C.C. PLAZA MAYOR;ProdBEBIDAS;NECTAR PERA 200 ML TUNAL;1
3723397;2026-09-24;PLC05;RIO TERRANOVA;ProdBEBIDAS;NECTAR MANZANA 200 ML TUNAL;3
3739357;2026-09-24;MCY05;SUPERLIDER EL LIMON;ProdBEBIDAS_LACT;LECHE DESCREMADA LIQUIDA PURISIMA;2
3739355;2026-09-24;MCY05;SUPERLIDER EL LIMON;ProdBEBIDAS_LACT;LECHE COMPLETA LIQUIDA PURISIMA;3
3739367;2026-09-24;MCY05;SUPERLIDER EL LIMON;ProdBEBIDAS;NARANJADA 1L TUNAL;3
3739369;2026-09-24;MCY05;SUPERLIDER EL LIMON;ProdBEBIDAS;NECTAR MANZANA 1L TUNAL;1
3739370;2026-09-24;MCY05;SUPERLIDER EL LIMON;ProdBEBIDAS;NECTAR DURAZNO 1L TUNAL;1
3739359;2026-09-24;MCY05;SUPERLIDER EL LIMON;ProdBEBIDAS_LACT;LECHE  DESLACTOSADA LIQUIDA PURISIMA;2
3724305;2026-09-24;PLC07;SUPERMERCADO LA ESTRELA;ProdBEBIDAS;NECTAR DURAZNO 500 ML TUNAL;1
3724266;2026-09-24;PLC07;SUPERMERCADO LA ESTRELA;ProdBEBIDAS;NECTAR DURAZNO 1L TUNAL;2
3724281;2026-09-24;PLC07;SUPERMERCADO LA ESTRELA;ProdBEBIDAS;NECTAR DURAZNO 200 ML TUNAL;2
3724300;2026-09-24;PLC07;SUPERMERCADO LA ESTRELA;ProdBEBIDAS;NECTAR PERA 200 ML TUNAL;2
3724229;2026-09-24;PLC07;SUPERMERCADO LA ESTRELA;ProdBEBIDAS_LACT;LECHE  DESLACTOSADA LIQUIDA PURISIMA;1
3724217;2026-09-24;PLC07;SUPERMERCADO LA ESTRELA;ProdBEBIDAS_LACT;LECHE COMPLETA LIQUIDA PURISIMA;1
3724269;2026-09-24;PLC07;SUPERMERCADO LA ESTRELA;ProdBEBIDAS;NARANJADA  200 ML TUNAL;1
3724232;2026-09-24;PLC07;SUPERMERCADO LA ESTRELA;ProdBEBIDAS_LACT;LECHE COMPLETA BARISTA LIQUIDA PURISIMA;1
3724308;2026-09-24;PLC07;SUPERMERCADO LA ESTRELA;ProdBEBIDAS;NECTAR MANZANA 500 ML TUNAL;1
3724267;2026-09-24;PLC07;SUPERMERCADO LA ESTRELA;ProdBEBIDAS;NECTAR PERA 1L TUNAL;1
3724309;2026-09-24;PLC07;SUPERMERCADO LA ESTRELA;ProdBEBIDAS;NECTAR PERA 500 ML TUNAL;2
3745010;2026-09-24;PLC03;SUPERMERCADO PARAISO 128 C.A;ProdBEBIDAS;NARANJADA  500 ML TUNAL;4
3745015;2026-09-24;PLC03;SUPERMERCADO PARAISO 128 C.A;ProdEMBUTIDOS;MORTADELA CCS DE CARNES 500G;2
3745014;2026-09-24;PLC03;SUPERMERCADO PARAISO 128 C.A;ProdEMBUTIDOS;MORTADELA CCS DE CARNES 1KG;1
3721287;2026-09-24;MCY02;SUPERMERCADOS LUXOR C.A._EL CASTANO;ProdDERIV_LACTEOS;MANTEQUILLA PURISIMA CON SAL 200G PURISIMA;1
3721291;2026-09-24;MCY02;SUPERMERCADOS LUXOR C.A._EL CASTANO;ProdEMBUTIDOS;SALCHICHA TIPO VIENA 450GR (22unid) ALIMEX;2
3721292;2026-09-24;MCY02;SUPERMERCADOS LUXOR C.A._EL CASTANO;ProdEMBUTIDOS;SALCHICHA TIPO VIENA 225G (11unid) ALIMEX;3
3721286;2026-09-24;MCY02;SUPERMERCADOS LUXOR C.A._EL CASTANO;ProdDERIV_LACTEOS;MANTEQUILLA PURISIMA SIN SAL 200G PURISIMA;1
3728656;2026-09-24;PTO01;UNARE CENTER;ProdBEBIDAS_LACT;LECHE BARISTA PURISIMA;3
3731056;2026-09-24;CCS10;UNICASA CARICUAO;ProdBEBIDAS;NARANJADA 1L TUNAL;2
3739097;2026-09-25;PLC06;AIKOZ  ANACO CENTER;ProdEMBUTIDOS;SALCHICHA TIPO VIENA 450GR (22unid) ALIMEX;1
3739100;2026-09-25;PLC06;AIKOZ  ANACO CENTER;ProdEMBUTIDOS;MORTADELA de Pollo Caracas 900gr;1
3739098;2026-09-25;PLC06;AIKOZ  ANACO CENTER;ProdEMBUTIDOS;Salchicha el tunal de pollo 450gr;1
3739096;2026-09-25;PLC06;AIKOZ  ANACO CENTER;ProdEMBUTIDOS;SALCHICHA TIPO VIENA 225G (11unid) ALIMEX;1
3739283;2026-09-25;PLC02;AIKOZ  AV. LECHERIA;ProdBEBIDAS;NECTAR DURAZNO 1L TUNAL;1
3739287;2026-09-25;PLC02;AIKOZ  AV. LECHERIA;ProdBEBIDAS;TE DURAZNO 1L TUNAL;1
3741185;2026-09-25;PLC05;AIKOZ AB. AVENIDA BOLIVAR;ProdBEBIDAS;TE FRUTOS ROJOS 1L TUNAL;2
3741180;2026-09-25;PLC05;AIKOZ AB. AVENIDA BOLIVAR;ProdBEBIDAS;NARANJADA  500 ML TUNAL;4
3741179;2026-09-25;PLC05;AIKOZ AB. AVENIDA BOLIVAR;ProdBEBIDAS;NARANJADA 1L TUNAL;2
3741184;2026-09-25;PLC05;AIKOZ AB. AVENIDA BOLIVAR;ProdBEBIDAS;TE LIMON 1L TUNAL;1
3741181;2026-09-25;PLC05;AIKOZ AB. AVENIDA BOLIVAR;ProdBEBIDAS;NECTAR DURAZNO 1L TUNAL;1
3741183;2026-09-25;PLC05;AIKOZ AB. AVENIDA BOLIVAR;ProdBEBIDAS;TE DURAZNO 1L TUNAL;1
3741182;2026-09-25;PLC05;AIKOZ AB. AVENIDA BOLIVAR;ProdBEBIDAS;NECTAR PERA 1L TUNAL;1
3741476;2026-09-25;PLC08;AIKOZ BARCELONA;ProdBEBIDAS;NECTAR PERA 200 ML TUNAL;4
3741474;2026-09-25;PLC08;AIKOZ BARCELONA;ProdBEBIDAS;NECTAR MANZANA 1L TUNAL;8
3741473;2026-09-25;PLC08;AIKOZ BARCELONA;ProdBEBIDAS;NECTAR DURAZNO 1L TUNAL;8
3741475;2026-09-25;PLC08;AIKOZ BARCELONA;ProdBEBIDAS;NECTAR PERA 1L TUNAL;8
3741477;2026-09-25;PLC08;AIKOZ BARCELONA;ProdBEBIDAS;NECTAR DURAZNO 200 ML TUNAL;4
3741472;2026-09-25;PLC08;AIKOZ BARCELONA;ProdBEBIDAS;NARANJADA 1L TUNAL;8
3741470;2026-09-25;PLC08;AIKOZ BARCELONA;ProdDERIV_LACTEOS;CREMA DE LECHE DE 500GR PURISIMA;1
3738220;2026-09-25;PLC01;AIKOZ SECTOR VENECIA;ProdDERIV_LACTEOS;MANTEQUILLA PURISIMA SIN SAL 200G PURISIMA;1
3738234;2026-09-25;PLC01;AIKOZ SECTOR VENECIA;ProdBEBIDAS;NARANJADA  500 ML TUNAL;1
3738218;2026-09-25;PLC01;AIKOZ SECTOR VENECIA;ProdDERIV_LACTEOS;CREMA DE LECHE DE 500GR PURISIMA;1
3738225;2026-09-25;PLC01;AIKOZ SECTOR VENECIA;ProdEMBUTIDOS;SALCHICHA TIPO VIENA 225G (11unid) ALIMEX;1
3738219;2026-09-25;PLC01;AIKOZ SECTOR VENECIA;ProdDERIV_LACTEOS;CREMA DE LECHE DE 250GR PURISIMA;1
3738240;2026-09-25;PLC01;AIKOZ SECTOR VENECIA;ProdBEBIDAS;TE FRUTOS ROJOS 1L TUNAL;1
3738238;2026-09-25;PLC01;AIKOZ SECTOR VENECIA;ProdBEBIDAS;TE LIMON 1L TUNAL;1
3738221;2026-09-25;PLC01;AIKOZ SECTOR VENECIA;ProdDERIV_LACTEOS;MANTEQUILLA PURISIMA CON SAL 200G PURISIMA;1
3738205;2026-09-25;PLC01;AIKOZ SECTOR VENECIA;ProdBEBIDAS;NECTAR PERA 1L TUNAL;2
3738215;2026-09-25;PLC01;AIKOZ SECTOR VENECIA;ProdBEBIDAS_LACT;LECHE  DESLACTOSADA LIQUIDA PURISIMA;5
3738204;2026-09-25;PLC01;AIKOZ SECTOR VENECIA;ProdBEBIDAS;NECTAR MANZANA 1L TUNAL;2
3738209;2026-09-25;PLC01;AIKOZ SECTOR VENECIA;ProdBEBIDAS;NECTAR PERA 200 ML TUNAL;1
3738237;2026-09-25;PLC01;AIKOZ SECTOR VENECIA;ProdBEBIDAS;NECTAR MANZANA 200 ML TUNAL;1
3738203;2026-09-25;PLC01;AIKOZ SECTOR VENECIA;ProdBEBIDAS;NECTAR DURAZNO 1L TUNAL;3
3738213;2026-09-25;PLC01;AIKOZ SECTOR VENECIA;ProdBEBIDAS_LACT;LECHE COMPLETA LIQUIDA PURISIMA;3
3738202;2026-09-25;PLC01;AIKOZ SECTOR VENECIA;ProdBEBIDAS;NARANJADA 1L TUNAL;3
3738239;2026-09-25;PLC01;AIKOZ SECTOR VENECIA;ProdBEBIDAS;TE DURAZNO 1L TUNAL;1
3738214;2026-09-25;PLC01;AIKOZ SECTOR VENECIA;ProdBEBIDAS_LACT;LECHE DESCREMADA LIQUIDA PURISIMA;7
3738235;2026-09-25;PLC01;AIKOZ SECTOR VENECIA;ProdBEBIDAS;NECTAR DURAZNO 200 ML TUNAL;1
3744605;2026-09-25;PTO02;AUTOMERCADO DIFE;ProdDERIV_LACTEOS;MANTEQUILLA PURISIMA CON SAL 200G PURISIMA;1
3744608;2026-09-25;PTO02;AUTOMERCADO DIFE;ProdDERIV_LACTEOS;MANTEQUILLA PURISIMA SIN SAL 200G PURISIMA;1
3746754;2026-09-25;PTO02;AUTOMERCADO DIFE;ProdBEBIDAS;NECTAR DURAZNO 500 ML TUNAL;2
3746755;2026-09-25;PTO02;AUTOMERCADO DIFE;ProdBEBIDAS;NARANJADA  200 ML TUNAL;6
3745697;2026-09-25;PTO02;AUTOMERCADO DIFE;ProdBEBIDAS_LACT;LECHE  DESLACTOSADA LIQUIDA PURISIMA;4
3746772;2026-09-25;PTO02;AUTOMERCADO DIFE;ProdBEBIDAS;NECTAR MANZANA 200 ML TUNAL;4
3745693;2026-09-25;PTO02;AUTOMERCADO DIFE;ProdBEBIDAS_LACT;LECHE DESCREMADA LIQUIDA PURISIMA;4
3746829;2026-09-25;PTO02;AUTOMERCADO DIFE;ProdBEBIDAS;NARANJADA 1L TUNAL;4
3744370;2026-09-25;PTO02;AUTOMERCADO DIFE;ProdEMBUTIDOS;SALCHICHA TIPO VIENA 225G (11unid) ALIMEX;4
3746828;2026-09-25;PTO02;AUTOMERCADO DIFE;ProdBEBIDAS;TE LIMON 500ML TUNAL;4
3746827;2026-09-25;PTO02;AUTOMERCADO DIFE;ProdBEBIDAS;NECTAR DURAZNO 200 ML TUNAL;4
3744874;2026-09-25;PTO02;AUTOMERCADO DIFE;ProdEMBUTIDOS;MORTADELA CCS DE CARNES 500G;2
3746826;2026-09-25;PTO02;AUTOMERCADO DIFE;ProdBEBIDAS;NECTAR PERA 200 ML TUNAL;6
3746830;2026-09-25;PTO02;AUTOMERCADO DIFE;ProdBEBIDAS;NECTAR MANZANA 1L TUNAL;4
3744899;2026-09-25;PTO02;AUTOMERCADO DIFE;ProdEMBUTIDOS;MORTADELA CCS DE CARNES 900G;2
3746753;2026-09-25;PTO02;AUTOMERCADO DIFE;ProdBEBIDAS;NECTAR MANZANA 500 ML TUNAL;4
3746866;2026-09-25;PTO02;AUTOMERCADO DIFE;ProdBEBIDAS;NECTAR PERA LIGHT 1 LITRO TUNAL;1
3746725;2026-09-25;PTO02;AUTOMERCADO DIFE;ProdBEBIDAS;NARANJADA  500 ML TUNAL;4
3745692;2026-09-25;PTO02;AUTOMERCADO DIFE;ProdBEBIDAS_LACT;LECHE COMPLETA LIQUIDA PURISIMA;4
3746831;2026-09-25;PTO02;AUTOMERCADO DIFE;ProdBEBIDAS;NECTAR PERA 1L TUNAL;2
3746865;2026-09-25;PTO02;AUTOMERCADO DIFE;ProdBEBIDAS;NECTAR DURAZNO 1L TUNAL;3
3744663;2026-09-25;VLC04;BALYS COLORADO;ProdDERIV_LACTEOS;MANTEQUILLA PURISIMA SIN SAL 200G PURISIMA;1
3744670;2026-09-25;VLC04;BALYS COLORADO;ProdEMBUTIDOS;SALCHICHA TIPO VIENA 800GR (24unid) ALIMEX;1
3744669;2026-09-25;VLC04;BALYS COLORADO;ProdEMBUTIDOS;SALCHICHA TIPO VIENA 450GR (22unid) ALIMEX;1
3744668;2026-09-25;VLC04;BALYS COLORADO;ProdEMBUTIDOS;SALCHICHA TIPO VIENA 225G (11unid) ALIMEX;2
3740738;2026-09-25;VLC04;CATANIA PATIO TRIGAL;ProdBEBIDAS;TE LIMON 1L TUNAL;1
3740491;2026-09-25;CCS02;CENTRAL MADEIRENSE BELLO CAMPO;ProdBEBIDAS;TE DURAZNO 1L TUNAL;3
3740472;2026-09-25;CCS02;CENTRAL MADEIRENSE BELLO CAMPO;ProdEMBUTIDOS;SALCHICHA TIPO VIENA 800GR (24unid) ALIMEX;1
3737507;2026-09-25;CCS02;CENTRAL MADEIRENSE BELLO MONTE;ProdEMBUTIDOS;SALCHICHA TIPO VIENA 800GR (24unid) ALIMEX;1
3737534;2026-09-25;CCS02;CENTRAL MADEIRENSE BELLO MONTE;ProdBEBIDAS_LACT;LECHE COMPLETA BARISTA LIQUIDA PURISIMA;8
3737475;2026-09-25;CCS02;CENTRAL MADEIRENSE BELLO MONTE;ProdDERIV_LACTEOS;CREMA DE LECHE DE 250GR PURISIMA;4
3737511;2026-09-25;CCS02;CENTRAL MADEIRENSE BELLO MONTE;ProdEMBUTIDOS;TOCINETA AHUMADA SIN CUERO 3.5KG ALIMEX;1
3737485;2026-09-25;CCS02;CENTRAL MADEIRENSE CHACAITO;ProdBEBIDAS;NARANJADA 1L TUNAL;9
3746789;2026-09-25;CCS11;CENTRAL MADEIRENSE CONCORDIA;ProdEMBUTIDOS;SALCHICHA TIPO VIENA 450GR (22unid) ALIMEX;1
3746797;2026-09-25;CCS11;CENTRAL MADEIRENSE CONCORDIA;ProdDERIV_LACTEOS;CREMA DE LECHE DE 250GR PURISIMA;2
3746801;2026-09-25;CCS11;CENTRAL MADEIRENSE CONCORDIA;ProdJAMONERIA;JAMON PIERNA ALIMEX 98% 5.9kg;1
3746780;2026-09-25;CCS11;CENTRAL MADEIRENSE SAN JOSE;ProdEMBUTIDOS;SALCHICHA TIPO VIENA 800GR (24unid) ALIMEX;2
3746778;2026-09-25;CCS11;CENTRAL MADEIRENSE SAN JOSE;ProdEMBUTIDOS;SALCHICHA TIPO VIENA 225G (11unid) ALIMEX;1
3743221;2026-09-25;PTO02;CORPORACION MAXICONSUMO;ProdBEBIDAS;NECTAR MANZANA 1L TUNAL;4
3743225;2026-09-25;PTO02;CORPORACION MAXICONSUMO;ProdBEBIDAS;NECTAR PERA 1L TUNAL;6
3743214;2026-09-25;PTO02;CORPORACION MAXICONSUMO;ProdBEBIDAS;NARANJADA  500 ML TUNAL;8
3743229;2026-09-25;PTO02;CORPORACION MAXICONSUMO;ProdBEBIDAS;NECTAR DURAZNO 1L TUNAL;4
3743047;2026-09-25;PTO02;CORPORACION MAXICONSUMO;ProdBEBIDAS_LACT;LECHE COMPLETA LIQUIDA PURISIMA;12
3743217;2026-09-25;PTO02;CORPORACION MAXICONSUMO;ProdBEBIDAS;NARANJADA 1L TUNAL;6
3743052;2026-09-25;PTO02;CORPORACION MAXICONSUMO;ProdBEBIDAS_LACT;LECHE DESCREMADA LIQUIDA PURISIMA;4
3743054;2026-09-25;PTO02;CORPORACION MAXICONSUMO;ProdBEBIDAS_LACT;LECHE  DESLACTOSADA LIQUIDA PURISIMA;8
3724466;2026-09-25;MCY02;DELI PLAZA (A FINAL DE MES);ProdDERIV_LACTEOS;CREMA DE LECHE DE 250GR PURISIMA;1
3724465;2026-09-25;MCY02;DELI PLAZA (A FINAL DE MES);ProdDERIV_LACTEOS;CREMA DE LECHE DE 500GR PURISIMA;2
3724471;2026-09-25;MCY02;DELI PLAZA (A FINAL DE MES);ProdEMBUTIDOS;SALCHICHA TIPO VIENA 800GR (24unid) ALIMEX;1
3724472;2026-09-25;MCY02;DELI PLAZA (A FINAL DE MES);ProdEMBUTIDOS;SALCHICHA TIPO VIENA 450GR (22unid) ALIMEX;3
3741560;2026-09-25;CCS07;EMPORIUM GUARENAS NUEVA CASARAPA;ProdHUEVOS;HUEVO TIPO  GRANEL 30 UND TUNAL;4
3741558;2026-09-25;CCS07;EMPORIUM GUARENAS NUEVA CASARAPA;ProdBEBIDAS_LACT;LECHE  DESLACTOSADA LIQUIDA PURISIMA;20
3741544;2026-09-25;CCS07;EMPORIUM GUARENAS NUEVA CASARAPA;ProdBEBIDAS;NECTAR MANZANA 200 ML TUNAL;6
3741543;2026-09-25;CCS07;EMPORIUM GUARENAS NUEVA CASARAPA;ProdBEBIDAS;NARANJADA  200 ML TUNAL;6
3741557;2026-09-25;CCS07;EMPORIUM GUARENAS NUEVA CASARAPA;ProdBEBIDAS_LACT;LECHE DESCREMADA LIQUIDA PURISIMA;2
3741556;2026-09-25;CCS07;EMPORIUM GUARENAS NUEVA CASARAPA;ProdBEBIDAS_LACT;LECHE COMPLETA LIQUIDA PURISIMA;20
3741545;2026-09-25;CCS07;EMPORIUM GUARENAS NUEVA CASARAPA;ProdBEBIDAS;NECTAR PERA 200 ML TUNAL;6
3741546;2026-09-25;CCS07;EMPORIUM GUARENAS NUEVA CASARAPA;ProdBEBIDAS;NECTAR DURAZNO 200 ML TUNAL;6
3741555;2026-09-25;CCS07;EMPORIUM GUARENAS NUEVA CASARAPA;ProdBEBIDAS_LACT;LECHE BARISTA PURISIMA;4
3741550;2026-09-25;CCS07;EMPORIUM GUARENAS NUEVA CASARAPA;ProdBEBIDAS;NECTAR DURAZNO 1L TUNAL;2
3741549;2026-09-25;CCS07;EMPORIUM GUARENAS NUEVA CASARAPA;ProdBEBIDAS;NECTAR PERA 1L TUNAL;5
3741547;2026-09-25;CCS07;EMPORIUM GUARENAS NUEVA CASARAPA;ProdBEBIDAS;NARANJADA 1L TUNAL;9
3741548;2026-09-25;CCS07;EMPORIUM GUARENAS NUEVA CASARAPA;ProdBEBIDAS;NECTAR MANZANA 1L TUNAL;3
3740064;2026-09-25;CCS07;EMPORIUM GUARENAS PALMA REAL;ProdBEBIDAS;NECTAR DURAZNO 200 ML TUNAL;5
3744580;2026-09-25;MCY02;EUROMARKET;ProdBEBIDAS;TE DURAZNO 500ML TUNAL;2
3744535;2026-09-25;MCY02;EUROMARKET;ProdBEBIDAS;NECTAR MANZANA 200 ML TUNAL;3
3744576;2026-09-25;MCY02;EUROMARKET;ProdBEBIDAS_LACT;LECHE EN POLVO PURISIMA 900GR;2
3744575;2026-09-25;MCY02;EUROMARKET;ProdBEBIDAS_LACT;LECHE EN POLVO PURISIMA 400GR;2
3760280;2026-09-25;MCY04;EUROMAXX PLUS;ProdEMBUTIDOS;SALCHICHA TIPO VIENA 450GR (22unid) ALIMEX;2
3760281;2026-09-25;MCY04;EUROMAXX PLUS;ProdEMBUTIDOS;SALCHICHA TIPO VIENA 225G (11unid) ALIMEX;2
3760295;2026-09-25;MCY04;EUROMAXX PLUS;ProdBEBIDAS;NECTAR PERA 1L TUNAL;1
3760284;2026-09-25;MCY04;EUROMAXX PLUS;ProdDERIV_LACTEOS;CREMA DE LECHE DE 250GR PURISIMA;3
3760279;2026-09-25;MCY04;EUROMAXX PLUS;ProdEMBUTIDOS;SALCHICHA TIPO VIENA 800GR (24unid) ALIMEX;2
3760273;2026-09-25;MCY04;EUROMAXX PLUS;ProdBEBIDAS_LACT;LECHE  DESLACTOSADA LIQUIDA PURISIMA;3
3760296;2026-09-25;MCY04;EUROMAXX PLUS;ProdBEBIDAS;NECTAR DURAZNO 1L TUNAL;
3760293;2026-09-25;MCY04;EUROMAXX PLUS;ProdBEBIDAS;NARANJADA 1L TUNAL;2
3760275;2026-09-25;MCY04;EUROMAXX PLUS;ProdBEBIDAS_LACT;LECHE COMPLETA LIQUIDA PURISIMA;32
3760272;2026-09-25;MCY04;EUROMAXX PLUS;ProdBEBIDAS_LACT;LECHE DESCREMADA LIQUIDA PURISIMA;5
3760285;2026-09-25;MCY04;EUROMAXX PLUS;ProdDERIV_LACTEOS;CREMA DE LECHE DE 500GR PURISIMA;5
3760294;2026-09-25;MCY04;EUROMAXX PLUS;ProdBEBIDAS;NECTAR MANZANA 1L TUNAL;1
3741919;2026-09-25;PLC07;IMPORT VCB 2 CAMPO OFICINA;ProdBEBIDAS_LACT;LECHE COMPLETA LIQUIDA PURISIMA;2
3741940;2026-09-25;PLC07;IMPORT VCB 2 CAMPO OFICINA;ProdBEBIDAS_LACT;LECHE DESCREMADA LIQUIDA PURISIMA;2
3737567;2026-09-25;VLC01;KALEA VALLE;ProdBEBIDAS_LACT;LECHE EN POLVO PURISIMA 900GR;1
3737602;2026-09-25;VLC01;KALEA VALLE;ProdBEBIDAS;NARANJADA  500 ML TUNAL;1
3737568;2026-09-25;VLC01;KALEA VALLE;ProdBEBIDAS_LACT;LECHE EN POLVO PURISIMA 400GR;1
3737592;2026-09-25;VLC01;KALEA VALLE;ProdBEBIDAS;JUGO NARANJA LIGTH 1 LITRO TUNAL;1
3752781;2026-09-25;VLC02;KROMI MANONGO;ProdDERIV_LACTEOS;CREMA DE LECHE DE 250GR PURISIMA;1
3752782;2026-09-25;VLC02;KROMI MANONGO;ProdDERIV_LACTEOS;CREMA DE LECHE DE 500GR PURISIMA;1
3752835;2026-09-25;VLC02;KROMI SUR;ProdBEBIDAS;NECTAR PERA 200 ML TUNAL;1
3752827;2026-09-25;VLC02;KROMI SUR;ProdBEBIDAS;TE LIMON 1L TUNAL;1
3752828;2026-09-25;VLC02;KROMI SUR;ProdBEBIDAS;TE FRUTOS ROJOS 1L TUNAL;1
3752834;2026-09-25;VLC02;KROMI SUR;ProdBEBIDAS;NECTAR MANZANA 200 ML TUNAL;1
3752826;2026-09-25;VLC02;KROMI SUR;ProdBEBIDAS;TE DURAZNO 1L TUNAL;1
3752813;2026-09-25;VLC02;KROMI SUR;ProdBEBIDAS_LACT;LECHE EN POLVO PURISIMA 400GR;2
3752833;2026-09-25;VLC02;KROMI SUR;ProdBEBIDAS;NECTAR DURAZNO 200 ML TUNAL;1
3752814;2026-09-25;VLC02;KROMI SUR;ProdBEBIDAS_LACT;LECHE EN POLVO PURISIMA 900GR;2
3752476;2026-09-25;BQTO07;LOS MOLINOS;ProdBEBIDAS_LACT;LECHE COMPLETA LIQUIDA PURISIMA;18
3785641;2026-09-25;MCY05;LUXOR CIRCULO MILITAR;ProdBEBIDAS_LACT;LECHE  DESLACTOSADA LIQUIDA PURISIMA;3
3785639;2026-09-25;MCY05;LUXOR CIRCULO MILITAR;ProdBEBIDAS_LACT;LECHE DESCREMADA LIQUIDA PURISIMA;8
3785636;2026-09-25;MCY05;LUXOR CIRCULO MILITAR;ProdBEBIDAS_LACT;LECHE COMPLETA LIQUIDA PURISIMA;6
3743698;2026-09-25;PTO01;MARKET VIP ALTAVISTA;ProdBEBIDAS_LACT;LECHE COMPLETA BARISTA LIQUIDA PURISIMA;10
3743713;2026-09-25;PTO01;MARKET VIP ALTAVISTA;ProdEMBUTIDOS;MORTADELA CCS DE CARNES 900G;1
3743691;2026-09-25;PTO01;MARKET VIP ALTAVISTA;ProdBEBIDAS;NARANJADA  200 ML TUNAL;6
3736095;2026-09-25;PLC07;MAS POR MENOS EL ROBLE;ProdBEBIDAS;TE LIMON 500ML TUNAL;1
3743000;2026-09-25;PLC06;MAS X MENOS;ProdEMBUTIDOS;MORTADELA DE POLLO DE 1 KG;1
3738065;2026-09-25;PLC07;MAS X MENOS  PETRUCCI;ProdEMBUTIDOS;SALCHICHA TIPO VIENA 800GR (24unid) ALIMEX;1
3736616;2026-09-25;PLC02;MAS X MENOS AV.LECHERIA;ProdBEBIDAS;TE FRUTOS ROJOS 1L TUNAL;1
3738962;2026-09-25;PLC05;MAS X MENOS CARACOLA;ProdBEBIDAS;NECTAR PERA 1L TUNAL;2
3738967;2026-09-25;PLC05;MAS X MENOS CARACOLA;ProdBEBIDAS;TE DURAZNO 1L TUNAL;2
3738964;2026-09-25;PLC05;MAS X MENOS CARACOLA;ProdBEBIDAS;NECTAR MANZANA 1L TUNAL;2
3738965;2026-09-25;PLC05;MAS X MENOS CARACOLA;ProdBEBIDAS;NECTAR DURAZNO 200 ML TUNAL;6
3738968;2026-09-25;PLC05;MAS X MENOS CARACOLA;ProdBEBIDAS;TE LIMON 1L TUNAL;2
3738966;2026-09-25;PLC05;MAS X MENOS CARACOLA;ProdBEBIDAS;NECTAR PERA 200 ML TUNAL;6
3738961;2026-09-25;PLC05;MAS X MENOS CARACOLA;ProdBEBIDAS;NARANJADA 1L TUNAL;2
3738963;2026-09-25;PLC05;MAS X MENOS CARACOLA;ProdBEBIDAS;NECTAR DURAZNO 1L TUNAL;4
3738969;2026-09-25;PLC05;MAS X MENOS CARACOLA;ProdBEBIDAS;NECTAR MANZANA 200 ML TUNAL;6
3738301;2026-09-25;PLC04;MAS X MENOS ECO CENTER;ProdBEBIDAS_LACT;LECHE  DESLACTOSADA LIQUIDA PURISIMA;12
3738310;2026-09-25;PLC04;MAS X MENOS ECO CENTER;ProdBEBIDAS;NECTAR MANZANA 1L TUNAL;8
3738299;2026-09-25;PLC04;MAS X MENOS ECO CENTER;ProdBEBIDAS_LACT;LECHE COMPLETA LIQUIDA PURISIMA;12
3738311;2026-09-25;PLC04;MAS X MENOS ECO CENTER;ProdBEBIDAS;NECTAR PERA 1L TUNAL;8
3738300;2026-09-25;PLC04;MAS X MENOS ECO CENTER;ProdBEBIDAS_LACT;LECHE DESCREMADA LIQUIDA PURISIMA;12
3741761;2026-09-25;PLC01;MAS X MENOS INTERCOMUNAL;ProdBEBIDAS;NECTAR PERA 200 ML TUNAL;1
3741751;2026-09-25;PLC01;MAS X MENOS INTERCOMUNAL;ProdDERIV_LACTEOS;CREMA DE LECHE DE 500GR PURISIMA;1
3736341;2026-09-25;CCS08;MI NEGOCIO LA FLORIDA;ProdDERIV_LACTEOS;CREMA DE LECHE DE 500GR PURISIMA;1
3736336;2026-09-25;CCS08;MI NEGOCIO LA FLORIDA;ProdDERIV_LACTEOS;MANTEQUILLA PURISIMA CON SAL 200G PURISIMA;3
3736342;2026-09-25;CCS08;MI NEGOCIO LA FLORIDA;ProdDERIV_LACTEOS;CREMA DE LECHE DE 250GR PURISIMA;1
3736370;2026-09-25;CCS08;MI NEGOCIO LA FLORIDA;ProdBEBIDAS;NECTAR PERA 1L TUNAL;4
3736371;2026-09-25;CCS08;MI NEGOCIO LA FLORIDA;ProdBEBIDAS;NECTAR DURAZNO 1L TUNAL;2
3736337;2026-09-25;CCS08;MI NEGOCIO LA FLORIDA;ProdDERIV_LACTEOS;MANTEQUILLA PURISIMA SIN SAL 200G PURISIMA;1
3736332;2026-09-25;CCS08;MI NEGOCIO LA FLORIDA;ProdBEBIDAS_LACT;LECHE BARISTA PURISIMA;5
3736369;2026-09-25;CCS08;MI NEGOCIO LA FLORIDA;ProdBEBIDAS;NECTAR MANZANA 1L TUNAL;4
3736349;2026-09-25;CCS08;MI NEGOCIO LA FLORIDA;ProdEMBUTIDOS;SALCHICHA TIPO VIENA 450GR (22unid) ALIMEX;1
3736343;2026-09-25;CCS08;MI NEGOCIO LA FLORIDA;ProdDERIV_LACTEOS;QUESO DE CABRA 500G PURISIMA;1
3736365;2026-09-25;CCS08;MI NEGOCIO LA FLORIDA;ProdBEBIDAS;JUGO NARANJA LIGTH 1 LITRO TUNAL;3
3736330;2026-09-25;CCS08;MI NEGOCIO LA FLORIDA;ProdBEBIDAS_LACT;LECHE DESCREMADA LIQUIDA PURISIMA;16
3736368;2026-09-25;CCS08;MI NEGOCIO LA FLORIDA;ProdBEBIDAS;NARANJADA 1L TUNAL;6
3736361;2026-09-25;CCS08;MI NEGOCIO LA FLORIDA;ProdBEBIDAS;NARANJADA  200 ML TUNAL;1
3736366;2026-09-25;CCS08;MI NEGOCIO LA FLORIDA;ProdBEBIDAS;NECTAR MANZANA LIGHT 1 LITRO TUNAL;3
3736367;2026-09-25;CCS08;MI NEGOCIO LA FLORIDA;ProdBEBIDAS;NECTAR PERA LIGHT 1 LITRO TUNAL;2
3736363;2026-09-25;CCS08;MI NEGOCIO LA FLORIDA;ProdBEBIDAS;NECTAR PERA 200 ML TUNAL;1
3736362;2026-09-25;CCS08;MI NEGOCIO LA FLORIDA;ProdBEBIDAS;NECTAR MANZANA 200 ML TUNAL;1
3736331;2026-09-25;CCS08;MI NEGOCIO LA FLORIDA;ProdBEBIDAS_LACT;LECHE  DESLACTOSADA LIQUIDA PURISIMA;12
3736329;2026-09-25;CCS08;MI NEGOCIO LA FLORIDA;ProdBEBIDAS_LACT;LECHE COMPLETA LIQUIDA PURISIMA;16
3736364;2026-09-25;CCS08;MI NEGOCIO LA FLORIDA;ProdBEBIDAS;NECTAR DURAZNO 200 ML TUNAL;1
3744333;2026-09-25;VLC03;Makro redvital valencia;ProdDERIV_LACTEOS;QUESO DE CABRA 500G PURISIMA;5
3739201;2026-09-25;CCS08;PARAMO AV. LIBERTADOR;ProdDERIV_LACTEOS;MANTEQUILLA PURISIMA CON SAL 200G PURISIMA;2
3739187;2026-09-25;CCS08;PARAMO AV. LIBERTADOR;ProdBEBIDAS;NECTAR PERA 500 ML TUNAL;2
3738383;2026-09-25;CCS07;REDVITAL GUARENAS;ProdDERIV_LACTEOS;QUESO DE CABRA 500G PURISIMA;1
3745439;2026-09-25;PLC09;RIO BODEGON SAMBIL;ProdBEBIDAS_LACT;LECHE  DESLACTOSADA LIQUIDA PURISIMA;12
3748879;2026-09-25;CCS08;RIO CANDELARIA;ProdBEBIDAS;NECTAR DURAZNO 200 ML TUNAL;3
3748881;2026-09-25;CCS08;RIO CANDELARIA;ProdBEBIDAS;NECTAR PERA LIGHT 1 LITRO TUNAL;4
3748880;2026-09-25;CCS08;RIO CANDELARIA;ProdBEBIDAS;JUGO NARANJA LIGTH 1 LITRO TUNAL;3
3748877;2026-09-25;CCS08;RIO CANDELARIA;ProdBEBIDAS;NECTAR MANZANA 200 ML TUNAL;3
3748882;2026-09-25;CCS08;RIO CANDELARIA;ProdBEBIDAS;NARANJADA 1L TUNAL;4
3748883;2026-09-25;CCS08;RIO CANDELARIA;ProdBEBIDAS;NECTAR MANZANA 1L TUNAL;3
3748885;2026-09-25;CCS08;RIO CANDELARIA;ProdBEBIDAS;NECTAR DURAZNO 1L TUNAL;3
3748884;2026-09-25;CCS08;RIO CANDELARIA;ProdBEBIDAS;NECTAR PERA 1L TUNAL;3
3748886;2026-09-25;CCS08;RIO CANDELARIA;ProdBEBIDAS;TE DURAZNO 1L TUNAL;2
3748878;2026-09-25;CCS08;RIO CANDELARIA;ProdBEBIDAS;NECTAR PERA 200 ML TUNAL;3
3748888;2026-09-25;CCS08;RIO CANDELARIA;ProdBEBIDAS;TE FRUTOS ROJOS 1L TUNAL;3
3748887;2026-09-25;CCS08;RIO CANDELARIA;ProdBEBIDAS;TE LIMON 1L TUNAL;2
3748876;2026-09-25;CCS08;RIO CANDELARIA;ProdBEBIDAS;NARANJADA  200 ML TUNAL;3
3743924;2026-09-25;PLC05;RIO PLAYA EL ANGEL;ProdBEBIDAS_LACT;LECHE  DESLACTOSADA LIQUIDA PURISIMA;42
3746815;2026-09-25;CCS11;RIO SUPERMARKET EL RECREO;ProdBEBIDAS_LACT;LECHE  DESLACTOSADA LIQUIDA PURISIMA;12
3746813;2026-09-25;CCS11;RIO SUPERMARKET EL RECREO;ProdBEBIDAS_LACT;LECHE COMPLETA LIQUIDA PURISIMA;24
3746814;2026-09-25;CCS11;RIO SUPERMARKET EL RECREO;ProdBEBIDAS_LACT;LECHE DESCREMADA LIQUIDA PURISIMA;12
3740198;2026-09-25;PTO01;Rio supermarket alta vista;ProdBEBIDAS;NECTAR DURAZNO 200 ML TUNAL;9
3740197;2026-09-25;PTO01;Rio supermarket alta vista;ProdEMBUTIDOS;MORTADELA CCS DE CARNES 500G;1
3740196;2026-09-25;PTO01;Rio supermarket alta vista;ProdEMBUTIDOS;MORTADELA CCS DE CARNES 900G;1
3740191;2026-09-25;PTO01;Rio supermarket alta vista;ProdDERIV_LACTEOS;CREMA DE LECHE DE 250GR PURISIMA;18
3745275;2026-09-25;PTO01;SUP ARA;ProdDERIV_LACTEOS;CREMA DE LECHE DE 250GR PURISIMA;6
3745277;2026-09-25;PTO01;SUP ARA;ProdDERIV_LACTEOS;MANTEQUILLA PURISIMA CON SAL 200G PURISIMA;6
3745274;2026-09-25;PTO01;SUP ARA;ProdDERIV_LACTEOS;CREMA DE LECHE DE 500GR PURISIMA;6
3739419;2026-09-25;MCY05;Supermercado San Onofre;ProdBEBIDAS;NARANJADA 1L TUNAL;1
3739411;2026-09-25;MCY05;Supermercado San Onofre;ProdEMBUTIDOS;SALCHICHA TIPO VIENA 800GR (24unid) ALIMEX;2
3739420;2026-09-25;MCY05;Supermercado San Onofre;ProdBEBIDAS;NECTAR MANZANA 1L TUNAL;1
3739425;2026-09-25;MCY05;Supermercado San Onofre;ProdBEBIDAS;TE FRUTOS ROJOS 1L TUNAL;1
3739417;2026-09-25;MCY05;Supermercado San Onofre;ProdEMBUTIDOS;SALCHICHA TIPO VIENA 450GR (22unid) ALIMEX;2
3739421;2026-09-25;MCY05;Supermercado San Onofre;ProdBEBIDAS;NECTAR PERA 1L TUNAL;1
3739424;2026-09-25;MCY05;Supermercado San Onofre;ProdBEBIDAS;TE LIMON 1L TUNAL;1
3739423;2026-09-25;MCY05;Supermercado San Onofre;ProdBEBIDAS;TE DURAZNO 1L TUNAL;1
3739422;2026-09-25;MCY05;Supermercado San Onofre;ProdBEBIDAS;NECTAR DURAZNO 1L TUNAL;1
3753844;2026-09-25;PLC01;TODO HOGAR AV. INTERCOMUNAL;ProdEMBUTIDOS;SALCHICHA TIPO VIENA 450GR (22unid) ALIMEX;1
3753869;2026-09-25;PLC01;TODO HOGAR AV. INTERCOMUNAL;ProdBEBIDAS;TE DURAZNO 500ML TUNAL;1
3753847;2026-09-25;PLC01;TODO HOGAR AV. INTERCOMUNAL;ProdEMBUTIDOS;CHORIZO DE CERDO PICANTE PARRILLERO ALIMEX;2
3753843;2026-09-25;PLC01;TODO HOGAR AV. INTERCOMUNAL;ProdEMBUTIDOS;SALCHICHA TIPO VIENA 800GR (24unid) ALIMEX;
3753867;2026-09-25;PLC01;TODO HOGAR AV. INTERCOMUNAL;ProdBEBIDAS;NARANJADA  500 ML TUNAL;1
3753846;2026-09-25;PLC01;TODO HOGAR AV. INTERCOMUNAL;ProdEMBUTIDOS;CHORIZO DE CERDO AHUMADO PARRILLERO ALIMEX;1
3753845;2026-09-25;PLC01;TODO HOGAR AV. INTERCOMUNAL;ProdEMBUTIDOS;SALCHICHA TIPO VIENA 225G (11unid) ALIMEX;2
3753865;2026-09-25;PLC01;TODO HOGAR AV. INTERCOMUNAL;ProdBEBIDAS;NARANJADA 1L TUNAL;1
3744788;2026-09-25;PLC08;TODO HOGAR BARCELONA;ProdEMBUTIDOS;SALCHICHA TIPO VIENA 800GR (24unid) ALIMEX;3
3744790;2026-09-25;PLC08;TODO HOGAR BARCELONA;ProdEMBUTIDOS;SALCHICHA TIPO VIENA 225G (11unid) ALIMEX;3
3744798;2026-09-25;PLC08;TODO HOGAR BARCELONA;ProdBEBIDAS_LACT;LECHE COMPLETA BARISTA LIQUIDA PURISIMA;10
3744789;2026-09-25;PLC08;TODO HOGAR BARCELONA;ProdEMBUTIDOS;SALCHICHA TIPO VIENA 450GR (22unid) ALIMEX;3
3744802;2026-09-25;PLC08;TODO HOGAR BARCELONA;ProdDERIV_LACTEOS;MANTEQUILLA PURISIMA SIN SAL 200G PURISIMA;2
3744801;2026-09-25;PLC08;TODO HOGAR BARCELONA;ProdDERIV_LACTEOS;MANTEQUILLA PURISIMA CON SAL 200G PURISIMA;2
3744059;2026-09-25;PLC02;TODOHOGAR AV. LECHERIA;ProdBEBIDAS;NECTAR PERA 500 ML TUNAL;1
3744065;2026-09-25;PLC02;TODOHOGAR AV. LECHERIA;ProdEMBUTIDOS;SALCHICHA TIPO VIENA 800GR (24unid) ALIMEX;1
3744064;2026-09-25;PLC02;TODOHOGAR AV. LECHERIA;ProdEMBUTIDOS;SALCHICHA TIPO VIENA 225G (11unid) ALIMEX;1
3744568;2026-09-26;MCY02;EUROMARKET;ProdDERIV_LACTEOS;Queso amarillo Purisima semimadurado disco 500gr;2
3763396;2026-09-28;PLC02;AIKOZ  AV. LECHERIA;ProdEMBUTIDOS;TOCINETA AHUMADA SIN CUERO 3.5KG ALIMEX;1
3757357;2026-09-28;PLC03;AIKOZ  PUERTO LA CRUZ;ProdBEBIDAS;NECTAR DURAZNO 200 ML TUNAL;6
3757371;2026-09-28;PLC03;AIKOZ  PUERTO LA CRUZ;ProdBEBIDAS;TE LIMON 1L TUNAL;1
3757369;2026-09-28;PLC03;AIKOZ  PUERTO LA CRUZ;ProdBEBIDAS;TE FRUTOS ROJOS 1L TUNAL;1
3757370;2026-09-28;PLC03;AIKOZ  PUERTO LA CRUZ;ProdBEBIDAS;TE DURAZNO 1L TUNAL;1
3757359;2026-09-28;PLC03;AIKOZ  PUERTO LA CRUZ;ProdBEBIDAS;NECTAR PERA 200 ML TUNAL;6
3757358;2026-09-28;PLC03;AIKOZ  PUERTO LA CRUZ;ProdBEBIDAS;NECTAR MANZANA 200 ML TUNAL;6
3757351;2026-09-28;PLC03;AIKOZ  PUERTO LA CRUZ;ProdEMBUTIDOS;MORTADELA CCS DE CARNES 900G;1
3757356;2026-09-28;PLC03;AIKOZ  PUERTO LA CRUZ;ProdBEBIDAS;NARANJADA  200 ML TUNAL;6
3757352;2026-09-28;PLC03;AIKOZ  PUERTO LA CRUZ;ProdEMBUTIDOS;MORTADELA DE POLLO DE 1 KG;1
3757345;2026-09-28;PLC03;AIKOZ  PUERTO LA CRUZ;ProdBEBIDAS_LACT;LECHE DESCREMADA LIQUIDA PURISIMA;5
3757344;2026-09-28;PLC03;AIKOZ  PUERTO LA CRUZ;ProdBEBIDAS_LACT;LECHE COMPLETA LIQUIDA PURISIMA;5
3757363;2026-09-28;PLC03;AIKOZ  PUERTO LA CRUZ;ProdBEBIDAS;NARANJADA 1L TUNAL;1
3757346;2026-09-28;PLC03;AIKOZ  PUERTO LA CRUZ;ProdBEBIDAS_LACT;LECHE  DESLACTOSADA LIQUIDA PURISIMA;5
3757364;2026-09-28;PLC03;AIKOZ  PUERTO LA CRUZ;ProdBEBIDAS;NECTAR MANZANA 1L TUNAL;1
3757350;2026-09-28;PLC03;AIKOZ  PUERTO LA CRUZ;ProdEMBUTIDOS;SALCHICHA TIPO VIENA 225G (11unid) ALIMEX;1
3756373;2026-09-28;PTO01;AMAZON  SUPERMARKET;ProdBEBIDAS_LACT;LECHE EN POLVO PURISIMA 900GR;1
3756376;2026-09-28;PTO01;AMAZON  SUPERMARKET;ProdDERIV_LACTEOS;CREMA DE LECHE DE 500GR PURISIMA;9
3756375;2026-09-28;PTO01;AMAZON  SUPERMARKET;ProdBEBIDAS_LACT;LECHE EN POLVO PURISIMA 200GR;2
3756372;2026-09-28;PTO01;AMAZON  SUPERMARKET;ProdBEBIDAS;NECTAR DURAZNO 1L TUNAL;6
3756374;2026-09-28;PTO01;AMAZON  SUPERMARKET;ProdBEBIDAS_LACT;LECHE EN POLVO PURISIMA 400GR;2
3756368;2026-09-28;PTO01;AMAZON  SUPERMARKET;ProdBEBIDAS_LACT;LECHE  DESLACTOSADA LIQUIDA PURISIMA;7
3756366;2026-09-28;PTO01;AMAZON  SUPERMARKET;ProdBEBIDAS_LACT;LECHE COMPLETA LIQUIDA PURISIMA;14
3756367;2026-09-28;PTO01;AMAZON  SUPERMARKET;ProdBEBIDAS_LACT;LECHE DESCREMADA LIQUIDA PURISIMA;14
3756377;2026-09-28;PTO01;AMAZON  SUPERMARKET;ProdDERIV_LACTEOS;CREMA DE LECHE DE 250GR PURISIMA;16
3756370;2026-09-28;PTO01;AMAZON  SUPERMARKET;ProdBEBIDAS;NECTAR MANZANA 1L TUNAL;7
3756371;2026-09-28;PTO01;AMAZON  SUPERMARKET;ProdBEBIDAS;NECTAR PERA 1L TUNAL;9
3756369;2026-09-28;PTO01;AMAZON  SUPERMARKET;ProdBEBIDAS;NARANJADA 1L TUNAL;6
3756384;2026-09-28;PTO01;AMAZON  SUPERMARKET;ProdEMBUTIDOS;MORTADELA CCS DE CARNES 900G;8
3756386;2026-09-28;PTO01;AMAZON  SUPERMARKET;ProdEMBUTIDOS;MORTADELA CCS DE CARNES 500G;7
3756382;2026-09-28;PTO01;AMAZON  SUPERMARKET;ProdEMBUTIDOS;SALCHICHA TIPO VIENA 800GR (24unid) ALIMEX;1
3756380;2026-09-28;PTO01;AMAZON  SUPERMARKET;ProdEMBUTIDOS;SALCHICHA TIPO VIENA 225G (11unid) ALIMEX;1
3756378;2026-09-28;PTO01;AMAZON  SUPERMARKET;ProdDERIV_LACTEOS;MANTEQUILLA PURISIMA CON SAL 200G PURISIMA;6
3756381;2026-09-28;PTO01;AMAZON  SUPERMARKET;ProdEMBUTIDOS;SALCHICHA TIPO VIENA 450GR (22unid) ALIMEX;2
3756379;2026-09-28;PTO01;AMAZON  SUPERMARKET;ProdDERIV_LACTEOS;MANTEQUILLA PURISIMA SIN SAL 200G PURISIMA;6
3796323;2026-09-28;MCY04;ARB MARKET INTERCOMUNAL;ProdBEBIDAS_LACT;LECHE EN POLVO PURISIMA 400GR;
3796339;2026-09-28;MCY04;ARB MARKET INTERCOMUNAL;ProdEMBUTIDOS;MORTADELA DE POLLO DE 1 KG;2
3796341;2026-09-28;MCY04;ARB MARKET INTERCOMUNAL;ProdEMBUTIDOS;TOCINETA AHUMADA SIN CUERO 3.5KG ALIMEX;1
3796330;2026-09-28;MCY04;ARB MARKET INTERCOMUNAL;ProdBEBIDAS_LACT;LECHE EN POLVO PURISIMA 900GR;1
3796317;2026-09-28;MCY04;ARB MARKET INTERCOMUNAL;ProdBEBIDAS_LACT;LECHE EN POLVO PURISIMA 200GR;1
3796311;2026-09-28;MCY04;ARB MARKET INTERCOMUNAL;ProdBEBIDAS_LACT;LECHE  DESLACTOSADA LIQUIDA PURISIMA;2
3796308;2026-09-28;MCY04;ARB MARKET INTERCOMUNAL;ProdBEBIDAS_LACT;LECHE DESCREMADA LIQUIDA PURISIMA;6
3796305;2026-09-28;MCY04;ARB MARKET INTERCOMUNAL;ProdBEBIDAS_LACT;LECHE COMPLETA LIQUIDA PURISIMA;5
3764996;2026-09-28;PTO03;ASIA CENTRAL;ProdEMBUTIDOS;MORTADELA CCS DE CARNES 500G;4
3764995;2026-09-28;PTO03;ASIA CENTRAL;ProdBEBIDAS;NECTAR DURAZNO 200 ML TUNAL;1
3764997;2026-09-28;PTO03;ASIA CENTRAL;ProdEMBUTIDOS;MORTADELA CCS DE CARNES 900G;4
3764992;2026-09-28;PTO03;ASIA CENTRAL;ProdBEBIDAS_LACT;LECHE COMPLETA LIQUIDA PURISIMA;2
3764994;2026-09-28;PTO03;ASIA CENTRAL;ProdBEBIDAS;NECTAR MANZANA 200 ML TUNAL;3
3764993;2026-09-28;PTO03;ASIA CENTRAL;ProdBEBIDAS;NECTAR PERA 200 ML TUNAL;6
3761686;2026-09-28;CCS10;AUTOMERCADO AVILA;ProdBEBIDAS_LACT;LECHE COMPLETA LIQUIDA PURISIMA;10
3761679;2026-09-28;CCS10;AUTOMERCADO AVILA;ProdEMBUTIDOS;TOCINETA AHUMADA SIN CUERO 3.5KG ALIMEX;3
3761684;2026-09-28;CCS10;AUTOMERCADO AVILA;ProdBEBIDAS_LACT;LECHE BARISTA PURISIMA;4
3756659;2026-09-28;CCS07;AUTOMERCADO ROCA AZUL 1;ProdBEBIDAS_LACT;LECHE EN POLVO PURISIMA 200GR;1
3756702;2026-09-28;CCS07;AUTOMERCADO ROCA AZUL 1;ProdBEBIDAS;TE LIMON 1L TUNAL;4
3756694;2026-09-28;CCS07;AUTOMERCADO ROCA AZUL 1;ProdBEBIDAS;NECTAR MANZANA 1L TUNAL;5
3756692;2026-09-28;CCS07;AUTOMERCADO ROCA AZUL 1;ProdBEBIDAS;NARANJADA 1L TUNAL;5
3756700;2026-09-28;CCS07;AUTOMERCADO ROCA AZUL 1;ProdBEBIDAS;TE DURAZNO 1L TUNAL;4
3756715;2026-09-28;CCS07;AUTOMERCADO ROCA AZUL 1;ProdBEBIDAS;NECTAR DURAZNO 500 ML TUNAL;1
3756703;2026-09-28;CCS07;AUTOMERCADO ROCA AZUL 1;ProdBEBIDAS;TE FRUTOS ROJOS 1L TUNAL;2
3756662;2026-09-28;CCS07;AUTOMERCADO ROCA AZUL 1;ProdBEBIDAS_LACT;LECHE EN POLVO PURISIMA 400GR;1
3756649;2026-09-28;CCS07;AUTOMERCADO ROCA AZUL 1;ProdBEBIDAS_LACT;LECHE DESCREMADA LIQUIDA PURISIMA;14
3756648;2026-09-28;CCS07;AUTOMERCADO ROCA AZUL 1;ProdBEBIDAS_LACT;LECHE COMPLETA LIQUIDA PURISIMA;14
3756707;2026-09-28;CCS07;AUTOMERCADO ROCA AZUL 1;ProdBEBIDAS;JUGO NARANJA LIGTH 1 LITRO TUNAL;2
3756698;2026-09-28;CCS07;AUTOMERCADO ROCA AZUL 1;ProdBEBIDAS;NECTAR DURAZNO 1L TUNAL;5
3756733;2026-09-28;CCS07;AUTOMERCADO ROCA AZUL 1;ProdHUEVOS;HUEVO EMPACADO- 1X12 PLASTICO TUNAL;4
3756605;2026-09-28;CCS07;AUTOMERCADO ROCA AZUL 1;ProdHUEVOS;HUEVO EMPACADO- ESTUCHADO 1X12 TUNAL;1
3756709;2026-09-28;CCS07;AUTOMERCADO ROCA AZUL 1;ProdBEBIDAS;NECTAR PERA LIGHT 1 LITRO TUNAL;3
3756696;2026-09-28;CCS07;AUTOMERCADO ROCA AZUL 1;ProdBEBIDAS;NECTAR PERA 1L TUNAL;5
3756660;2026-09-28;CCS07;AUTOMERCADO ROCA AZUL 1;ProdBEBIDAS_LACT;LECHE EN POLVO PURISIMA 900GR;1
3756714;2026-09-28;CCS07;AUTOMERCADO ROCA AZUL 1;ProdEMBUTIDOS;MORTADELA CCS DE CARNES 900G;1
3756650;2026-09-28;CCS07;AUTOMERCADO ROCA AZUL 1;ProdBEBIDAS_LACT;LECHE  DESLACTOSADA LIQUIDA PURISIMA;7
3756722;2026-09-28;CCS07;AUTOMERCADO ROCA AZUL 1;ProdBEBIDAS;NECTAR DURAZNO 200 ML TUNAL;6
3756636;2026-09-28;CCS07;AUTOMERCADO ROCA AZUL 1;ProdDERIV_LACTEOS;MANTEQUILLA PURISIMA SIN SAL 200G PURISIMA;1
3756713;2026-09-28;CCS07;AUTOMERCADO ROCA AZUL 1;ProdBEBIDAS;NECTAR PERA 500 ML TUNAL;2
3756624;2026-09-28;CCS07;AUTOMERCADO ROCA AZUL 1;ProdEMBUTIDOS;MORTADELA de Pollo Caracas 900gr;1
3756639;2026-09-28;CCS07;AUTOMERCADO ROCA AZUL 1;ProdDERIV_LACTEOS;CREMA DE LECHE DE 500GR PURISIMA;2
3756685;2026-09-28;CCS07;AUTOMERCADO ROCA AZUL 1;ProdDERIV_LACTEOS;QUESO DE CABRA 500G PURISIMA;2
3756615;2026-09-28;CCS07;AUTOMERCADO ROCA AZUL 1;ProdEMBUTIDOS;SALCHICHA TIPO VIENA 450GR (22unid) ALIMEX;1
3756609;2026-09-28;CCS07;AUTOMERCADO ROCA AZUL 1;ProdEMBUTIDOS;CHORIZO DE CERDO PICANTE PARRILLERO ALIMEX;1
3756608;2026-09-28;CCS07;AUTOMERCADO ROCA AZUL 1;ProdEMBUTIDOS;CHORIZO DE CERDO AHUMADO PARRILLERO ALIMEX;1
3756626;2026-09-28;CCS07;AUTOMERCADO ROCA AZUL 1;ProdEMBUTIDOS;MORTADELA CCS DE CARNES 500G;1
3756617;2026-09-28;CCS07;AUTOMERCADO ROCA AZUL 1;ProdEMBUTIDOS;SALCHICHA TIPO VIENA 225G (11unid) ALIMEX;1
3756640;2026-09-28;CCS07;AUTOMERCADO ROCA AZUL 1;ProdDERIV_LACTEOS;CREMA DE LECHE DE 250GR PURISIMA;4
3756638;2026-09-28;CCS07;AUTOMERCADO ROCA AZUL 1;ProdDERIV_LACTEOS;MANTEQUILLA PURISIMA CON SAL 200G PURISIMA;1
3756612;2026-09-28;CCS07;AUTOMERCADO ROCA AZUL 1;ProdEMBUTIDOS;Salchicha el tunal de pollo 450gr;1
3756712;2026-09-28;CCS07;AUTOMERCADO ROCA AZUL 1;ProdEMBUTIDOS;SALCHICHA TIPO VIENA 800GR (24unid) ALIMEX;1
3756717;2026-09-28;CCS07;AUTOMERCADO ROCA AZUL 1;ProdBEBIDAS;NARANJADA  200 ML TUNAL;6
3756705;2026-09-28;CCS07;AUTOMERCADO ROCA AZUL 1;ProdEMBUTIDOS;MORTADELA DE POLLO DE 500G;1
3756750;2026-09-28;CCS07;AUTOMERCADO ROCA AZUL 1;ProdBEBIDAS;NECTAR MANZANA LIGHT 1 LITRO TUNAL;3
3756731;2026-09-28;CCS07;AUTOMERCADO ROCA AZUL 1;ProdHUEVOS;HUEVO EMPACADO- ESTUCHADO 1X6 TUNAL;4
3756720;2026-09-28;CCS07;AUTOMERCADO ROCA AZUL 1;ProdBEBIDAS;NECTAR PERA 200 ML TUNAL;6
3756719;2026-09-28;CCS07;AUTOMERCADO ROCA AZUL 1;ProdBEBIDAS;NECTAR MANZANA 200 ML TUNAL;6
3756711;2026-09-28;CCS07;AUTOMERCADO ROCA AZUL 1;ProdBEBIDAS;NARANJADA  500 ML TUNAL;2
3766533;2026-09-28;VLC03;BALY S  PARQUE VALENCIA;ProdBEBIDAS;NECTAR MANZANA 1L TUNAL;4
3766539;2026-09-28;VLC03;BALY S  PARQUE VALENCIA;ProdBEBIDAS;TE LIMON 1L TUNAL;4
3766535;2026-09-28;VLC03;BALY S  PARQUE VALENCIA;ProdBEBIDAS;NECTAR PERA 1L TUNAL;4
3766537;2026-09-28;VLC03;BALY S  PARQUE VALENCIA;ProdBEBIDAS;TE DURAZNO 1L TUNAL;4
3766505;2026-09-28;VLC03;BALY S  PARQUE VALENCIA;ProdBEBIDAS_LACT;LECHE DESCREMADA LIQUIDA PURISIMA;4
3766542;2026-09-28;VLC03;BALY S  PARQUE VALENCIA;ProdBEBIDAS;TE FRUTOS ROJOS 1L TUNAL;4
3766587;2026-09-28;VLC03;BALY S  PARQUE VALENCIA;ProdDERIV_LACTEOS;CREMA DE LECHE DE 500GR PURISIMA;6
3766503;2026-09-28;VLC03;BALY S  PARQUE VALENCIA;ProdBEBIDAS_LACT;LECHE COMPLETA LIQUIDA PURISIMA;4
3766507;2026-09-28;VLC03;BALY S  PARQUE VALENCIA;ProdBEBIDAS_LACT;LECHE  DESLACTOSADA LIQUIDA PURISIMA;4
3766529;2026-09-28;VLC03;BALY S  PARQUE VALENCIA;ProdBEBIDAS;NARANJADA 1L TUNAL;4
3766531;2026-09-28;VLC03;BALY S  PARQUE VALENCIA;ProdBEBIDAS;NECTAR DURAZNO 1L TUNAL;4
3766577;2026-09-28;VLC03;BALY S  PARQUE VALENCIA;ProdEMBUTIDOS;SALCHICHA TIPO VIENA 450GR (22unid) ALIMEX;1
3766589;2026-09-28;VLC03;BALY S  PARQUE VALENCIA;ProdDERIV_LACTEOS;CREMA DE LECHE DE 250GR PURISIMA;12
3766565;2026-09-28;VLC03;BALY S  PARQUE VALENCIA;ProdBEBIDAS;NARANJADA  200 ML TUNAL;6
3766583;2026-09-28;VLC03;BALY S  PARQUE VALENCIA;ProdDERIV_LACTEOS;MANTEQUILLA PURISIMA SIN SAL 200G PURISIMA;2
3766584;2026-09-28;VLC03;BALY S  PARQUE VALENCIA;ProdDERIV_LACTEOS;MANTEQUILLA PURISIMA CON SAL 200G PURISIMA;2
3766580;2026-09-28;VLC03;BALY S  PARQUE VALENCIA;ProdJAMONERIA;JAMON COCIDO ESTANDAR ITALICO 5.9kg;1
3766576;2026-09-28;VLC03;BALY S  PARQUE VALENCIA;ProdEMBUTIDOS;SALCHICHA TIPO VIENA 800GR (24unid) ALIMEX;2
3766578;2026-09-28;VLC03;BALY S  PARQUE VALENCIA;ProdEMBUTIDOS;SALCHICHA TIPO VIENA 225G (11unid) ALIMEX;1
3766566;2026-09-28;VLC03;BALY S  PARQUE VALENCIA;ProdBEBIDAS;NECTAR DURAZNO 200 ML TUNAL;12
3766568;2026-09-28;VLC03;BALY S  PARQUE VALENCIA;ProdBEBIDAS;NECTAR PERA 200 ML TUNAL;6
3766567;2026-09-28;VLC03;BALY S  PARQUE VALENCIA;ProdBEBIDAS;NECTAR MANZANA 200 ML TUNAL;6
3766559;2026-09-28;VLC03;BALY S  PARQUE VALENCIA;ProdBEBIDAS;NARANJADA  500 ML TUNAL;4
3766560;2026-09-28;VLC03;BALY S  PARQUE VALENCIA;ProdBEBIDAS;NECTAR DURAZNO 500 ML TUNAL;4
3766455;2026-09-28;VLC03;CATANIA LA ISABELICA;ProdBEBIDAS;NECTAR PERA 200 ML TUNAL;18
3766405;2026-09-28;VLC03;CATANIA LA ISABELICA;ProdJAMONERIA;JAMON AHUMADO VISKING ALIMEX 3.3 KG;1
3766404;2026-09-28;VLC03;CATANIA LA ISABELICA;ProdJAMONERIA;JAMON AREPERO AHUMADO;2
3766454;2026-09-28;VLC03;CATANIA LA ISABELICA;ProdBEBIDAS;NECTAR MANZANA 200 ML TUNAL;18
3766383;2026-09-28;VLC03;CATANIA LA ISABELICA;ProdJAMONERIA;JAMON COCIDO ESTANDAR ITALICO 5.9kg;1
3766406;2026-09-28;VLC03;CATANIA LA ISABELICA;ProdJAMONERIA;JAMON AHUMADO VISKING ITALICO 3.5 KG;1
3766467;2026-09-28;VLC03;CATANIA LA ISABELICA;ProdBEBIDAS;NECTAR DURAZNO 1L TUNAL;8
3766477;2026-09-28;VLC03;CATANIA LA ISABELICA;ProdBEBIDAS_LACT;LECHE EN POLVO PURISIMA 200GR;6
3766476;2026-09-28;VLC03;CATANIA LA ISABELICA;ProdBEBIDAS_LACT;LECHE EN POLVO PURISIMA 400GR;4
3766469;2026-09-28;VLC03;CATANIA LA ISABELICA;ProdBEBIDAS;NECTAR PERA 1L TUNAL;10
3766453;2026-09-28;VLC03;CATANIA LA ISABELICA;ProdBEBIDAS;NECTAR DURAZNO 200 ML TUNAL;18
3766407;2026-09-28;VLC03;CATANIA LA ISABELICA;ProdEMBUTIDOS;TOCINETA AHUMADA SIN CUERO 3.5KG ALIMEX;2
3766468;2026-09-28;VLC03;CATANIA LA ISABELICA;ProdBEBIDAS;NECTAR MANZANA 1L TUNAL;6
3766466;2026-09-28;VLC03;CATANIA LA ISABELICA;ProdBEBIDAS;NARANJADA 1L TUNAL;14
3766441;2026-09-28;VLC03;CATANIA LA ISABELICA;ProdHUEVOS;HUEVO EMPACADO- 1X12 PLASTICO TUNAL;110
3766428;2026-09-28;VLC03;CATANIA LA ISABELICA;ProdEMBUTIDOS;MORTADELA CCS DE CARNES 500G;8
3766429;2026-09-28;VLC03;CATANIA LA ISABELICA;ProdEMBUTIDOS;MORTADELA CCS DE CARNES 900G;8
3766426;2026-09-28;VLC03;CATANIA LA ISABELICA;ProdDERIV_LACTEOS;MANTEQUILLA PURISIMA CON SAL 200G PURISIMA;12
3766425;2026-09-28;VLC03;CATANIA LA ISABELICA;ProdDERIV_LACTEOS;MANTEQUILLA PURISIMA SIN SAL 200G PURISIMA;3
3766416;2026-09-28;VLC03;CATANIA LA ISABELICA;ProdDERIV_LACTEOS;CREMA DE LECHE DE 500GR PURISIMA;12
3766417;2026-09-28;VLC03;CATANIA LA ISABELICA;ProdDERIV_LACTEOS;CREMA DE LECHE DE 250GR PURISIMA;12
3766435;2026-09-28;VLC03;CATANIA LA ISABELICA;ProdEMBUTIDOS;SALCHICHA TIPO VIENA 800GR (24unid) ALIMEX;2
3766436;2026-09-28;VLC03;CATANIA LA ISABELICA;ProdEMBUTIDOS;SALCHICHA TIPO VIENA 450GR (22unid) ALIMEX;4
3766447;2026-09-28;VLC03;CATANIA LA ISABELICA;ProdBEBIDAS;TE FRUTOS ROJOS 1L TUNAL;5
3766379;2026-09-28;VLC03;CATANIA LA ISABELICA;ProdJAMONERIA;JAMON PIERNA ALIMEX 98% 5.9kg;1
3766385;2026-09-28;VLC03;CATANIA LA ISABELICA;ProdJAMONERIA;JAMON DE ESPALDA ALIMEX 4.4KG;1
3766430;2026-09-28;VLC03;CATANIA LA ISABELICA;ProdEMBUTIDOS;MORTADELA DE POLLO DE 1 KG;4
3766437;2026-09-28;VLC03;CATANIA LA ISABELICA;ProdEMBUTIDOS;SALCHICHA TIPO VIENA 225G (11unid) ALIMEX;2
3766452;2026-09-28;VLC03;CATANIA LA ISABELICA;ProdBEBIDAS;NARANJADA  200 ML TUNAL;18
3766488;2026-09-28;VLC03;CATANIA LA ISABELICA;ProdBEBIDAS_LACT;LECHE  DESLACTOSADA LIQUIDA PURISIMA;15
3766446;2026-09-28;VLC03;CATANIA LA ISABELICA;ProdBEBIDAS;TE DURAZNO 1L TUNAL;10
3766402;2026-09-28;VLC03;CATANIA LA ISABELICA;ProdDERIV_LACTEOS;QUESO DE CABRA 500G PURISIMA;5
3766410;2026-09-28;VLC03;CATANIA LA ISABELICA;ProdEMBUTIDOS;CHORIZO DE CERDO AHUMADO PARRILLERO ALIMEX;1
3766411;2026-09-28;VLC03;CATANIA LA ISABELICA;ProdEMBUTIDOS;CHORIZO DE CERDO PICANTE PARRILLERO ALIMEX;1
3766489;2026-09-28;VLC03;CATANIA LA ISABELICA;ProdBEBIDAS_LACT;LECHE COMPLETA BARISTA LIQUIDA PURISIMA;5
3766403;2026-09-28;VLC03;CATANIA LA ISABELICA;ProdDERIV_LACTEOS;Queso amarillo Purisima semimadurado disco 500gr;1
3766487;2026-09-28;VLC03;CATANIA LA ISABELICA;ProdBEBIDAS_LACT;LECHE DESCREMADA LIQUIDA PURISIMA;35
3766486;2026-09-28;VLC03;CATANIA LA ISABELICA;ProdBEBIDAS_LACT;LECHE COMPLETA LIQUIDA PURISIMA;25
3756913;2026-09-28;VLC04;CATANIA PATIO TRIGAL;ProdEMBUTIDOS;CHORIZO DE CERDO AHUMADO PARRILLERO ALIMEX;1
3756914;2026-09-28;VLC04;CATANIA PATIO TRIGAL;ProdEMBUTIDOS;CHORIZO DE CERDO PICANTE PARRILLERO ALIMEX;1
3756881;2026-09-28;VLC04;CATANIA PATIO TRIGAL;ProdBEBIDAS;NECTAR PERA 200 ML TUNAL;1
3756910;2026-09-28;VLC04;CATANIA PATIO TRIGAL;ProdEMBUTIDOS;SALCHICHA TIPO VIENA 800GR (24unid) ALIMEX;2
3756900;2026-09-28;VLC04;CATANIA PATIO TRIGAL;ProdDERIV_LACTEOS;MANTEQUILLA PURISIMA SIN SAL 200G PURISIMA;1
3756874;2026-09-28;VLC04;CATANIA PATIO TRIGAL;ProdBEBIDAS;NECTAR MANZANA 1L TUNAL;1
3756909;2026-09-28;VLC04;CATANIA PATIO TRIGAL;ProdEMBUTIDOS;SALCHICHA TIPO VIENA 450GR (22unid) ALIMEX;2
3756872;2026-09-28;VLC04;CATANIA PATIO TRIGAL;ProdBEBIDAS;NARANJADA 1L TUNAL;2
3756873;2026-09-28;VLC04;CATANIA PATIO TRIGAL;ProdBEBIDAS;NECTAR DURAZNO 1L TUNAL;2
3756899;2026-09-28;VLC04;CATANIA PATIO TRIGAL;ProdDERIV_LACTEOS;MANTEQUILLA PURISIMA CON SAL 200G PURISIMA;3
3756876;2026-09-28;VLC04;CATANIA PATIO TRIGAL;ProdBEBIDAS;TE DURAZNO 1L TUNAL;1
3756887;2026-09-28;VLC04;CATANIA PATIO TRIGAL;ProdBEBIDAS_LACT;LECHE COMPLETA LIQUIDA PURISIMA;5
3756890;2026-09-28;VLC04;CATANIA PATIO TRIGAL;ProdBEBIDAS_LACT;LECHE BARISTA PURISIMA;2
3756895;2026-09-28;VLC04;CATANIA PATIO TRIGAL;ProdBEBIDAS_LACT;LECHE EN POLVO PURISIMA 400GR;2
3756896;2026-09-28;VLC04;CATANIA PATIO TRIGAL;ProdBEBIDAS_LACT;LECHE EN POLVO PURISIMA 900GR;2
3756894;2026-09-28;VLC04;CATANIA PATIO TRIGAL;ProdBEBIDAS_LACT;LECHE EN POLVO PURISIMA 200GR;2
3756888;2026-09-28;VLC04;CATANIA PATIO TRIGAL;ProdBEBIDAS_LACT;LECHE DESCREMADA LIQUIDA PURISIMA;4
3756880;2026-09-28;VLC04;CATANIA PATIO TRIGAL;ProdBEBIDAS;NECTAR MANZANA 200 ML TUNAL;1
3756879;2026-09-28;VLC04;CATANIA PATIO TRIGAL;ProdBEBIDAS;NECTAR DURAZNO 200 ML TUNAL;1
3756877;2026-09-28;VLC04;CATANIA PATIO TRIGAL;ProdBEBIDAS;TE FRUTOS ROJOS 1L TUNAL;1
3756889;2026-09-28;VLC04;CATANIA PATIO TRIGAL;ProdBEBIDAS_LACT;LECHE  DESLACTOSADA LIQUIDA PURISIMA;4
3756904;2026-09-28;VLC04;CATANIA PATIO TRIGAL;ProdDERIV_LACTEOS;CREMA DE LECHE DE 500GR PURISIMA;2
3756878;2026-09-28;VLC04;CATANIA PATIO TRIGAL;ProdBEBIDAS;NARANJADA  200 ML TUNAL;1
3756903;2026-09-28;VLC04;CATANIA PATIO TRIGAL;ProdDERIV_LACTEOS;CREMA DE LECHE DE 250GR PURISIMA;2
3756908;2026-09-28;VLC04;CATANIA PATIO TRIGAL;ProdEMBUTIDOS;SALCHICHA TIPO VIENA 225G (11unid) ALIMEX;1
3756875;2026-09-28;VLC04;CATANIA PATIO TRIGAL;ProdBEBIDAS;NECTAR PERA 1L TUNAL;2
3756917;2026-09-28;VLC04;CATANIA PATIO TRIGAL;ProdBEBIDAS;JUGO NARANJA LIGTH 1 LITRO TUNAL;1
3756918;2026-09-28;VLC04;CATANIA PATIO TRIGAL;ProdBEBIDAS;NECTAR PERA LIGHT 1 LITRO TUNAL;2
3769920;2026-09-28;BQTO01;CECOSESOLA RL SUC TRINITARIAS;ProdBEBIDAS;NECTAR PERA 1L TUNAL;6
3769913;2026-09-28;BQTO01;CECOSESOLA RL SUC TRINITARIAS;ProdBEBIDAS_LACT;LECHE  DESLACTOSADA LIQUIDA PURISIMA;14
3769907;2026-09-28;BQTO01;CECOSESOLA RL SUC TRINITARIAS;ProdBEBIDAS_LACT;LECHE DESCREMADA LIQUIDA PURISIMA;24
3769917;2026-09-28;BQTO01;CECOSESOLA RL SUC TRINITARIAS;ProdBEBIDAS;NECTAR MANZANA 1L TUNAL;8
3769901;2026-09-28;BQTO01;CECOSESOLA RL SUC TRINITARIAS;ProdBEBIDAS_LACT;LECHE COMPLETA LIQUIDA PURISIMA;24
3756551;2026-09-28;CCS10;CENTRAL MADEIRENSE CATIA;ProdBEBIDAS_LACT;LECHE COMPLETA LIQUIDA PURISIMA;14
3756552;2026-09-28;CCS10;CENTRAL MADEIRENSE CATIA;ProdBEBIDAS;NARANJADA 1L TUNAL;6
3756556;2026-09-28;CCS10;CENTRAL MADEIRENSE CATIA;ProdEMBUTIDOS;SALCHICHA TIPO VIENA 800GR (24unid) ALIMEX;2
3756554;2026-09-28;CCS10;CENTRAL MADEIRENSE CATIA;ProdDERIV_LACTEOS;CREMA DE LECHE DE 500GR PURISIMA;3
3764980;2026-09-28;PTO03;ECO MARKET;ProdEMBUTIDOS;MORTADELA CCS DE CARNES 900G;4
3764976;2026-09-28;PTO03;ECO MARKET;ProdBEBIDAS_LACT;LECHE COMPLETA LIQUIDA PURISIMA;3
3764979;2026-09-28;PTO03;ECO MARKET;ProdEMBUTIDOS;MORTADELA CCS DE CARNES 500G;8
3764983;2026-09-28;PTO03;ECO MARKET;ProdDERIV_LACTEOS;MANTEQUILLA PURISIMA SIN SAL 200G PURISIMA;2
3764984;2026-09-28;PTO03;ECO MARKET;ProdDERIV_LACTEOS;MANTEQUILLA PURISIMA CON SAL 200G PURISIMA;2
3765712;2026-09-28;MCY03;EUROMERCADO INTERCOMUNAL;ProdBEBIDAS;NARANJADA  200 ML TUNAL;1
3765715;2026-09-28;MCY03;EUROMERCADO INTERCOMUNAL;ProdBEBIDAS;NECTAR PERA 200 ML TUNAL;1
3765713;2026-09-28;MCY03;EUROMERCADO INTERCOMUNAL;ProdBEBIDAS;NECTAR DURAZNO 200 ML TUNAL;1
3765714;2026-09-28;MCY03;EUROMERCADO INTERCOMUNAL;ProdBEBIDAS;NECTAR MANZANA 200 ML TUNAL;1
3762154;2026-09-28;CCS07;FORUM GUATIRE;ProdBEBIDAS;NECTAR MANZANA 200 ML TUNAL;4
3762149;2026-09-28;CCS07;FORUM GUATIRE;ProdBEBIDAS;NARANJADA 1L TUNAL;3
3762155;2026-09-28;CCS07;FORUM GUATIRE;ProdBEBIDAS;NECTAR DURAZNO 200 ML TUNAL;2
3762152;2026-09-28;CCS07;FORUM GUATIRE;ProdBEBIDAS;NECTAR DURAZNO 1L TUNAL;3
3762140;2026-09-28;CCS07;FORUM GUATIRE;ProdBEBIDAS_LACT;LECHE EN POLVO PURISIMA 400GR;3
3762151;2026-09-28;CCS07;FORUM GUATIRE;ProdBEBIDAS;NECTAR PERA 1L TUNAL;4
3762166;2026-09-28;CCS07;FORUM GUATIRE;ProdEMBUTIDOS;SALCHICHA TIPO VIENA 225G (11unid) ALIMEX;3
3762156;2026-09-28;CCS07;FORUM GUATIRE;ProdEMBUTIDOS;MORTADELA CCS DE CARNES 500G;8
3762150;2026-09-28;CCS07;FORUM GUATIRE;ProdBEBIDAS;NECTAR MANZANA 1L TUNAL;3
3762157;2026-09-28;CCS07;FORUM GUATIRE;ProdEMBUTIDOS;MORTADELA CCS DE CARNES 900G;4
3762136;2026-09-28;CCS07;FORUM GUATIRE;ProdBEBIDAS_LACT;LECHE COMPLETA LIQUIDA PURISIMA;21
3762163;2026-09-28;CCS07;FORUM GUATIRE;ProdEMBUTIDOS;CHORIZO DE CERDO AHUMADO PARRILLERO ALIMEX;3
3762148;2026-09-28;CCS07;FORUM GUATIRE;ProdBEBIDAS;TE FRUTOS ROJOS 1L TUNAL;1
3762164;2026-09-28;CCS07;FORUM GUATIRE;ProdEMBUTIDOS;SALCHICHA TIPO VIENA 800GR (24unid) ALIMEX;3
3762162;2026-09-28;CCS07;FORUM GUATIRE;ProdEMBUTIDOS;CHORIZO DE CERDO PICANTE PARRILLERO ALIMEX;3
3762147;2026-09-28;CCS07;FORUM GUATIRE;ProdBEBIDAS;TE LIMON 1L TUNAL;1
3762145;2026-09-28;CCS07;FORUM GUATIRE;ProdJAMONERIA;JAMON AREPERO AHUMADO;3
3762146;2026-09-28;CCS07;FORUM GUATIRE;ProdBEBIDAS;TE DURAZNO 1L TUNAL;1
3762141;2026-09-28;CCS07;FORUM GUATIRE;ProdEMBUTIDOS;MORTADELA TAPARA Alimex;3
3762153;2026-09-28;CCS07;FORUM GUATIRE;ProdBEBIDAS;NARANJADA  200 ML TUNAL;2
3762142;2026-09-28;CCS07;FORUM GUATIRE;ProdJAMONERIA;JAMON AHUMADO VISKING ITALICO 3.5 KG;3
3762137;2026-09-28;CCS07;FORUM GUATIRE;ProdBEBIDAS_LACT;LECHE DESCREMADA LIQUIDA PURISIMA;12
3762165;2026-09-28;CCS07;FORUM GUATIRE;ProdEMBUTIDOS;SALCHICHA TIPO VIENA 450GR (22unid) ALIMEX;3
3762159;2026-09-28;CCS07;FORUM GUATIRE;ProdDERIV_LACTEOS;CREMA DE LECHE DE 250GR PURISIMA;30
3762143;2026-09-28;CCS07;FORUM GUATIRE;ProdDERIV_LACTEOS;Queso amarillo Purisima semimadurado barra;1
3762144;2026-09-28;CCS07;FORUM GUATIRE;ProdJAMONERIA;JAMON COCIDO ESTANDAR ITALICO 5.9kg;1
3762138;2026-09-28;CCS07;FORUM GUATIRE;ProdBEBIDAS_LACT;LECHE  DESLACTOSADA LIQUIDA PURISIMA;17
3762139;2026-09-28;CCS07;FORUM GUATIRE;ProdBEBIDAS_LACT;LECHE EN POLVO PURISIMA 900GR;6
3762158;2026-09-28;CCS07;FORUM GUATIRE;ProdDERIV_LACTEOS;CREMA DE LECHE DE 500GR PURISIMA;10
3762160;2026-09-28;CCS07;FORUM GUATIRE;ProdDERIV_LACTEOS;MANTEQUILLA PURISIMA SIN SAL 200G PURISIMA;3
3762161;2026-09-28;CCS07;FORUM GUATIRE;ProdDERIV_LACTEOS;MANTEQUILLA PURISIMA CON SAL 200G PURISIMA;3
3769881;2026-09-28;BQTO01;FRIGORIFICO LA POLLERA PASEO;ProdBEBIDAS;JUGO NARANJA LIGTH 1 LITRO TUNAL;1
3769884;2026-09-28;BQTO01;FRIGORIFICO LA POLLERA PASEO;ProdBEBIDAS;TE LIMON 1L TUNAL;1
3769878;2026-09-28;BQTO01;FRIGORIFICO LA POLLERA PASEO;ProdBEBIDAS;NECTAR MANZANA 1L TUNAL;2
3769882;2026-09-28;BQTO01;FRIGORIFICO LA POLLERA PASEO;ProdBEBIDAS;NECTAR PERA LIGHT 1 LITRO TUNAL;1
3769880;2026-09-28;BQTO01;FRIGORIFICO LA POLLERA PASEO;ProdBEBIDAS;NECTAR DURAZNO 1L TUNAL;2
3769877;2026-09-28;BQTO01;FRIGORIFICO LA POLLERA PASEO;ProdBEBIDAS;NARANJADA 1L TUNAL;2
3769888;2026-09-28;BQTO01;FRIGORIFICO LA POLLERA PASEO;ProdBEBIDAS_LACT;LECHE COMPLETA LIQUIDA PURISIMA;8
3769889;2026-09-28;BQTO01;FRIGORIFICO LA POLLERA PASEO;ProdBEBIDAS_LACT;LECHE DESCREMADA LIQUIDA PURISIMA;8
3769890;2026-09-28;BQTO01;FRIGORIFICO LA POLLERA PASEO;ProdBEBIDAS_LACT;LECHE  DESLACTOSADA LIQUIDA PURISIMA;6
3769883;2026-09-28;BQTO01;FRIGORIFICO LA POLLERA PASEO;ProdBEBIDAS;TE DURAZNO 1L TUNAL;1
3769887;2026-09-28;BQTO01;FRIGORIFICO LA POLLERA PASEO;ProdBEBIDAS_LACT;LECHE BARISTA PURISIMA;2
3769885;2026-09-28;BQTO01;FRIGORIFICO LA POLLERA PASEO;ProdBEBIDAS;TE FRUTOS ROJOS 1L TUNAL;1
3769879;2026-09-28;BQTO01;FRIGORIFICO LA POLLERA PASEO;ProdBEBIDAS;NECTAR PERA 1L TUNAL;1
3766356;2026-09-28;PTO01;HIP CARONI;ProdBEBIDAS_LACT;LECHE EN POLVO PURISIMA 400GR;6
3766355;2026-09-28;PTO01;HIP CARONI;ProdBEBIDAS_LACT;LECHE EN POLVO PURISIMA 200GR;2
3768974;2026-09-28;BQTO07;HIPER FUTURO ACARIGUA;ProdBEBIDAS_LACT;LECHE BARISTA PURISIMA;5
3768981;2026-09-28;BQTO07;HIPER FUTURO ACARIGUA;ProdBEBIDAS;TE DURAZNO 1L TUNAL;3
3768976;2026-09-28;BQTO07;HIPER FUTURO ACARIGUA;ProdBEBIDAS;NECTAR MANZANA 1L TUNAL;6
3768971;2026-09-28;BQTO07;HIPER FUTURO ACARIGUA;ProdBEBIDAS_LACT;LECHE COMPLETA LIQUIDA PURISIMA;5
3768978;2026-09-28;BQTO07;HIPER FUTURO ACARIGUA;ProdBEBIDAS;NECTAR PERA 1L TUNAL;6
3768980;2026-09-28;BQTO07;HIPER FUTURO ACARIGUA;ProdBEBIDAS;TE LIMON 1L TUNAL;3
3768973;2026-09-28;BQTO07;HIPER FUTURO ACARIGUA;ProdBEBIDAS_LACT;LECHE  DESLACTOSADA LIQUIDA PURISIMA;10
3768979;2026-09-28;BQTO07;HIPER FUTURO ACARIGUA;ProdBEBIDAS;NARANJADA 1L TUNAL;6
3768982;2026-09-28;BQTO07;HIPER FUTURO ACARIGUA;ProdBEBIDAS;TE FRUTOS ROJOS 1L TUNAL;3
3766528;2026-09-28;VLC03;HIPER LIDER FLOR AMARILLO;ProdBEBIDAS;NARANJADA 1L TUNAL;5
3766498;2026-09-28;VLC03;HIPER LIDER FLOR AMARILLO;ProdBEBIDAS_LACT;LECHE EN POLVO PURISIMA 900GR;4
3766534;2026-09-28;VLC03;HIPER LIDER FLOR AMARILLO;ProdBEBIDAS;NECTAR PERA 1L TUNAL;5
3766514;2026-09-28;VLC03;HIPER LIDER FLOR AMARILLO;ProdBEBIDAS_LACT;LECHE DESCREMADA LIQUIDA PURISIMA;3
3766512;2026-09-28;VLC03;HIPER LIDER FLOR AMARILLO;ProdBEBIDAS_LACT;LECHE COMPLETA LIQUIDA PURISIMA;8
3766516;2026-09-28;VLC03;HIPER LIDER FLOR AMARILLO;ProdBEBIDAS_LACT;LECHE  DESLACTOSADA LIQUIDA PURISIMA;4
3766532;2026-09-28;VLC03;HIPER LIDER FLOR AMARILLO;ProdBEBIDAS;NECTAR MANZANA 1L TUNAL;5
3766530;2026-09-28;VLC03;HIPER LIDER FLOR AMARILLO;ProdBEBIDAS;NECTAR DURAZNO 1L TUNAL;5
3766552;2026-09-28;VLC03;HIPER LIDER FLOR AMARILLO;ProdDERIV_LACTEOS;MANTEQUILLA PURISIMA CON SAL 200G PURISIMA;3
3766548;2026-09-28;VLC03;HIPER LIDER FLOR AMARILLO;ProdDERIV_LACTEOS;CREMA DE LECHE DE 250GR PURISIMA;5
3766545;2026-09-28;VLC03;HIPER LIDER FLOR AMARILLO;ProdDERIV_LACTEOS;CREMA DE LECHE DE 500GR PURISIMA;3
3771000;2026-09-28;BQTO08;HIPERMERCADO FRESH MARKET C.A;ProdBEBIDAS_LACT;LECHE DESCREMADA LIQUIDA PURISIMA;43
3770999;2026-09-28;BQTO08;HIPERMERCADO FRESH MARKET C.A;ProdBEBIDAS_LACT;LECHE COMPLETA LIQUIDA PURISIMA;24
3771017;2026-09-28;BQTO08;HIPERMERCADO FRESH MARKET C.A;ProdEMBUTIDOS;MORTADELA CCS DE CARNES 500G;40
3771001;2026-09-28;BQTO08;HIPERMERCADO FRESH MARKET C.A;ProdBEBIDAS_LACT;LECHE BARISTA PURISIMA;6
3771013;2026-09-28;BQTO08;HIPERMERCADO FRESH MARKET C.A;ProdDERIV_LACTEOS;CREMA DE LECHE DE 250GR PURISIMA;24
3771018;2026-09-28;BQTO08;HIPERMERCADO FRESH MARKET C.A;ProdBEBIDAS_LACT;Leche en polvo Purisima 1kg;6
3771015;2026-09-28;BQTO08;HIPERMERCADO FRESH MARKET C.A;ProdDERIV_LACTEOS;CREMA DE LECHE DE 500GR PURISIMA;6
3771011;2026-09-28;BQTO08;HIPERMERCADO FRESH MARKET C.A;ProdEMBUTIDOS;SALCHICHA TIPO VIENA 450GR (22unid) ALIMEX;2
3771009;2026-09-28;BQTO08;HIPERMERCADO FRESH MARKET C.A;ProdBEBIDAS;NECTAR DURAZNO 200 ML TUNAL;4
3771010;2026-09-28;BQTO08;HIPERMERCADO FRESH MARKET C.A;ProdEMBUTIDOS;SALCHICHA TIPO VIENA 800GR (24unid) ALIMEX;4
3771002;2026-09-28;BQTO08;HIPERMERCADO FRESH MARKET C.A;ProdBEBIDAS;NECTAR MANZANA 1L TUNAL;20
3771019;2026-09-28;BQTO08;HIPERMERCADO FRESH MARKET C.A;ProdBEBIDAS_LACT;Leche en polvo Purisima 500gr;12
3771006;2026-09-28;BQTO08;HIPERMERCADO FRESH MARKET C.A;ProdBEBIDAS;TE LIMON 1L TUNAL;2
3771016;2026-09-28;BQTO08;HIPERMERCADO FRESH MARKET C.A;ProdEMBUTIDOS;MORTADELA CCS DE CARNES 900G;32
3771005;2026-09-28;BQTO08;HIPERMERCADO FRESH MARKET C.A;ProdBEBIDAS;TE DURAZNO 1L TUNAL;5
3771014;2026-09-28;BQTO08;HIPERMERCADO FRESH MARKET C.A;ProdDERIV_LACTEOS;MANTEQUILLA PURISIMA SIN SAL 200G PURISIMA;5
3771007;2026-09-28;BQTO08;HIPERMERCADO FRESH MARKET C.A;ProdBEBIDAS;NECTAR MANZANA 200 ML TUNAL;8
3771003;2026-09-28;BQTO08;HIPERMERCADO FRESH MARKET C.A;ProdBEBIDAS;NECTAR PERA 1L TUNAL;14
3771004;2026-09-28;BQTO08;HIPERMERCADO FRESH MARKET C.A;ProdBEBIDAS;NECTAR DURAZNO 1L TUNAL;4
3771008;2026-09-28;BQTO08;HIPERMERCADO FRESH MARKET C.A;ProdBEBIDAS;NECTAR PERA 200 ML TUNAL;8
3787432;2026-09-28;MCY01;Hiper Mercado Metro;ProdBEBIDAS;NECTAR DURAZNO 1L TUNAL;2
3787409;2026-09-28;MCY01;Hiper Mercado Metro;ProdDERIV_LACTEOS;CREMA DE LECHE DE 500GR PURISIMA;2
3787408;2026-09-28;MCY01;Hiper Mercado Metro;ProdEMBUTIDOS;MORTADELA CCS DE CARNES 500G;1
3787413;2026-09-28;MCY01;Hiper Mercado Metro;ProdDERIV_LACTEOS;MANTEQUILLA PURISIMA CON SAL 200G PURISIMA;1
3787410;2026-09-28;MCY01;Hiper Mercado Metro;ProdDERIV_LACTEOS;CREMA DE LECHE DE 250GR PURISIMA;2
3787419;2026-09-28;MCY01;Hiper Mercado Metro;ProdEMBUTIDOS;Salchicha el tunal de pollo 250gr;1
3787415;2026-09-28;MCY01;Hiper Mercado Metro;ProdEMBUTIDOS;SALCHICHA TIPO VIENA 800GR (24unid) ALIMEX;1
3787416;2026-09-28;MCY01;Hiper Mercado Metro;ProdEMBUTIDOS;SALCHICHA TIPO VIENA 450GR (22unid) ALIMEX;1
3787417;2026-09-28;MCY01;Hiper Mercado Metro;ProdEMBUTIDOS;SALCHICHA TIPO VIENA 225G (11unid) ALIMEX;1
3787434;2026-09-28;MCY01;Hiper Mercado Metro;ProdBEBIDAS;NECTAR PERA 1L TUNAL;4
3787418;2026-09-28;MCY01;Hiper Mercado Metro;ProdEMBUTIDOS;Salchicha el tunal de pollo 450gr;1
3787407;2026-09-28;MCY01;Hiper Mercado Metro;ProdEMBUTIDOS;MORTADELA CCS DE CARNES 900G;1
3787423;2026-09-28;MCY01;Hiper Mercado Metro;ProdBEBIDAS_LACT;LECHE EN POLVO PURISIMA 400GR;1
3787422;2026-09-28;MCY01;Hiper Mercado Metro;ProdBEBIDAS_LACT;LECHE EN POLVO PURISIMA 900GR;1
3787433;2026-09-28;MCY01;Hiper Mercado Metro;ProdBEBIDAS;NECTAR MANZANA 1L TUNAL;5
3787425;2026-09-28;MCY01;Hiper Mercado Metro;ProdBEBIDAS_LACT;LECHE COMPLETA LIQUIDA PURISIMA;5
3787412;2026-09-28;MCY01;Hiper Mercado Metro;ProdDERIV_LACTEOS;MANTEQUILLA PURISIMA SIN SAL 200G PURISIMA;1
3787426;2026-09-28;MCY01;Hiper Mercado Metro;ProdBEBIDAS_LACT;LECHE DESCREMADA LIQUIDA PURISIMA;4
3787427;2026-09-28;MCY01;Hiper Mercado Metro;ProdBEBIDAS_LACT;LECHE  DESLACTOSADA LIQUIDA PURISIMA;2
3796203;2026-09-28;MCY04;Hortifresca Guasimal;ProdEMBUTIDOS;MORTADELA CCS DE CARNES 900G;1
3796213;2026-09-28;MCY04;Hortifresca Guasimal;ProdBEBIDAS;NARANJADA 1L TUNAL;4
3796212;2026-09-28;MCY04;Hortifresca Guasimal;ProdBEBIDAS;NECTAR PERA 200 ML TUNAL;4
3796211;2026-09-28;MCY04;Hortifresca Guasimal;ProdBEBIDAS;NECTAR MANZANA 200 ML TUNAL;1
3796210;2026-09-28;MCY04;Hortifresca Guasimal;ProdBEBIDAS;NARANJADA  200 ML TUNAL;4
3796200;2026-09-28;MCY04;Hortifresca Guasimal;ProdDERIV_LACTEOS;MANTEQUILLA PURISIMA SIN SAL 200G PURISIMA;1
3796218;2026-09-28;MCY04;Hortifresca Guasimal;ProdBEBIDAS_LACT;LECHE DESCREMADA LIQUIDA PURISIMA;1
3796217;2026-09-28;MCY04;Hortifresca Guasimal;ProdBEBIDAS_LACT;LECHE COMPLETA LIQUIDA PURISIMA;2
3796219;2026-09-28;MCY04;Hortifresca Guasimal;ProdBEBIDAS_LACT;LECHE  DESLACTOSADA LIQUIDA PURISIMA;2
3796205;2026-09-28;MCY04;Hortifresca Guasimal;ProdDERIV_LACTEOS;CREMA DE LECHE DE 250GR PURISIMA;2
3796201;2026-09-28;MCY04;Hortifresca Guasimal;ProdDERIV_LACTEOS;MANTEQUILLA PURISIMA CON SAL 200G PURISIMA;1
3763663;2026-09-28;BQTO03;KARI TRAKI;ProdBEBIDAS_LACT;LECHE  DESLACTOSADA LIQUIDA PURISIMA;18
3767721;2026-09-28;VLC02;KROMI MANONGO;ProdJAMONERIA;JAMON AREPERO AHUMADO;2
3767723;2026-09-28;VLC02;KROMI MANONGO;ProdEMBUTIDOS;MORTADELA TAPARA Alimex;1
3767727;2026-09-28;VLC02;KROMI MANONGO;ProdJAMONERIA;JAMON AHUMADO VISKING ITALICO 3.5 KG;1
3767725;2026-09-28;VLC02;KROMI MANONGO;ProdEMBUTIDOS;TOCINETA AHUMADA SIN CUERO 3.5KG ALIMEX;2
3767752;2026-09-28;VLC02;KROMI NORTE;ProdDERIV_LACTEOS;MANTEQUILLA PURISIMA SIN SAL 200G PURISIMA;1
3767751;2026-09-28;VLC02;KROMI NORTE;ProdDERIV_LACTEOS;MANTEQUILLA PURISIMA CON SAL 200G PURISIMA;1
3767764;2026-09-28;VLC02;KROMI NORTE;ProdEMBUTIDOS;TOCINETA AHUMADA SIN CUERO 3.5KG ALIMEX;2
3767743;2026-09-28;VLC02;KROMI NORTE;ProdBEBIDAS_LACT;LECHE EN POLVO PURISIMA 900GR;1
3767765;2026-09-28;VLC02;KROMI NORTE;ProdEMBUTIDOS;MORTADELA TAPARA Alimex;1
3767759;2026-09-28;VLC02;KROMI NORTE;ProdJAMONERIA;JAMON AHUMADO VISKING ALIMEX 3.3 KG;2
3767761;2026-09-28;VLC02;KROMI NORTE;ProdJAMONERIA;JAMON AREPERO AHUMADO;1
3767757;2026-09-28;VLC02;KROMI NORTE;ProdJAMONERIA;JAMON PIERNA ALIMEX 98% 5.9kg;1
3767754;2026-09-28;VLC02;KROMI NORTE;ProdEMBUTIDOS;SALCHICHA TIPO VIENA 450GR (22unid) ALIMEX;1
3767744;2026-09-28;VLC02;KROMI NORTE;ProdBEBIDAS_LACT;LECHE EN POLVO PURISIMA 400GR;1
3767748;2026-09-28;VLC02;KROMI NORTE;ProdBEBIDAS_LACT;LECHE  DESLACTOSADA LIQUIDA PURISIMA;4
3767747;2026-09-28;VLC02;KROMI NORTE;ProdBEBIDAS_LACT;LECHE DESCREMADA LIQUIDA PURISIMA;5
3767746;2026-09-28;VLC02;KROMI NORTE;ProdBEBIDAS_LACT;LECHE COMPLETA LIQUIDA PURISIMA;5
3767745;2026-09-28;VLC02;KROMI NORTE;ProdBEBIDAS_LACT;LECHE BARISTA PURISIMA;4
3767750;2026-09-28;VLC02;KROMI NORTE;ProdDERIV_LACTEOS;CREMA DE LECHE DE 500GR PURISIMA;3
3767749;2026-09-28;VLC02;KROMI NORTE;ProdDERIV_LACTEOS;CREMA DE LECHE DE 250GR PURISIMA;2
3767753;2026-09-28;VLC02;KROMI NORTE;ProdEMBUTIDOS;SALCHICHA TIPO VIENA 800GR (24unid) ALIMEX;1
3785623;2026-09-28;MCY05;LUXOR CIRCULO MILITAR;ProdEMBUTIDOS;SALCHICHA TIPO VIENA 225G (11unid) ALIMEX;1
3785625;2026-09-28;MCY05;LUXOR CIRCULO MILITAR;ProdEMBUTIDOS;SALCHICHA TIPO COCTEL 450 GR ALIMEX;1
3785613;2026-09-28;MCY05;LUXOR CIRCULO MILITAR;ProdDERIV_LACTEOS;CREMA DE LECHE DE 500GR PURISIMA;3
3757716;2026-09-28;CCS08;MARAPLUS CANDELARIA;ProdDERIV_LACTEOS;CREMA DE LECHE DE 250GR PURISIMA;4
3757731;2026-09-28;CCS08;MARAPLUS CANDELARIA;ProdBEBIDAS;NARANJADA  200 ML TUNAL;3
3757717;2026-09-28;CCS08;MARAPLUS CANDELARIA;ProdEMBUTIDOS;SALCHICHA TIPO VIENA 800GR (24unid) ALIMEX;1
3757735;2026-09-28;CCS08;MARAPLUS CANDELARIA;ProdBEBIDAS;NECTAR MANZANA 1L TUNAL;2
3757720;2026-09-28;CCS08;MARAPLUS CANDELARIA;ProdDERIV_LACTEOS;MANTEQUILLA PURISIMA CON SAL 200G PURISIMA;1
3757733;2026-09-28;CCS08;MARAPLUS CANDELARIA;ProdBEBIDAS;TE DURAZNO 500ML TUNAL;1
3757737;2026-09-28;CCS08;MARAPLUS CANDELARIA;ProdBEBIDAS;TE DURAZNO 1L TUNAL;2
3757734;2026-09-28;CCS08;MARAPLUS CANDELARIA;ProdBEBIDAS;NARANJADA 1L TUNAL;1
3757736;2026-09-28;CCS08;MARAPLUS CANDELARIA;ProdBEBIDAS;NECTAR DURAZNO 1L TUNAL;1
3757739;2026-09-28;CCS08;MARAPLUS CANDELARIA;ProdBEBIDAS;TE FRUTOS ROJOS 1L TUNAL;2
3757738;2026-09-28;CCS08;MARAPLUS CANDELARIA;ProdBEBIDAS;TE LIMON 1L TUNAL;2
3757732;2026-09-28;CCS08;MARAPLUS CANDELARIA;ProdBEBIDAS;NECTAR MANZANA 200 ML TUNAL;4
3757718;2026-09-28;CCS08;MARAPLUS CANDELARIA;ProdEMBUTIDOS;SALCHICHA TIPO VIENA 450GR (22unid) ALIMEX;1
3757747;2026-09-28;CCS08;MARAPLUS CANDELARIA;ProdBEBIDAS_LACT;LECHE COMPLETA LIQUIDA PURISIMA;4
3757748;2026-09-28;CCS08;MARAPLUS CANDELARIA;ProdBEBIDAS_LACT;LECHE DESCREMADA LIQUIDA PURISIMA;2
3757746;2026-09-28;CCS08;MARAPLUS CANDELARIA;ProdBEBIDAS_LACT;LECHE BARISTA PURISIMA;4
3757749;2026-09-28;CCS08;MARAPLUS CANDELARIA;ProdBEBIDAS_LACT;LECHE  DESLACTOSADA LIQUIDA PURISIMA;2
3757715;2026-09-28;CCS08;MARAPLUS CANDELARIA;ProdDERIV_LACTEOS;CREMA DE LECHE DE 500GR PURISIMA;2
3760971;2026-09-28;PLC01;MAS POR MENOS C.C.  PLAZA MAYOR;ProdBEBIDAS;TE FRUTOS ROJOS 1L TUNAL;1
3769915;2026-09-28;BQTO01;MAS QUE POLLO;ProdBEBIDAS;TE DURAZNO 1L TUNAL;4
3769926;2026-09-28;BQTO01;MAS QUE POLLO;ProdBEBIDAS_LACT;LECHE DESCREMADA LIQUIDA PURISIMA;3
3769904;2026-09-28;BQTO01;MAS QUE POLLO;ProdBEBIDAS;NECTAR DURAZNO 1L TUNAL;3
3769924;2026-09-28;BQTO01;MAS QUE POLLO;ProdBEBIDAS_LACT;LECHE COMPLETA LIQUIDA PURISIMA;2
3769900;2026-09-28;BQTO01;MAS QUE POLLO;ProdBEBIDAS;NARANJADA 1L TUNAL;4
3769911;2026-09-28;BQTO01;MAS QUE POLLO;ProdBEBIDAS;NECTAR PERA LIGHT 1 LITRO TUNAL;2
3769919;2026-09-28;BQTO01;MAS QUE POLLO;ProdBEBIDAS;TE LIMON 1L TUNAL;4
3769908;2026-09-28;BQTO01;MAS QUE POLLO;ProdBEBIDAS;JUGO NARANJA LIGTH 1 LITRO TUNAL;1
3769922;2026-09-28;BQTO01;MAS QUE POLLO;ProdBEBIDAS;TE FRUTOS ROJOS 1L TUNAL;4
3764814;2026-09-28;PLC06;MAS X MENOS;ProdEMBUTIDOS;TOCINETA AHUMADA SIN CUERO 3.5KG ALIMEX;1
3764813;2026-09-28;PLC06;MAS X MENOS;ProdEMBUTIDOS;MORTADELA CCS DE CARNES 900G;1
3764809;2026-09-28;PLC06;MAS X MENOS;ProdEMBUTIDOS;SALCHICHA TIPO VIENA 450GR (22unid) ALIMEX;1
3764808;2026-09-28;PLC06;MAS X MENOS;ProdEMBUTIDOS;SALCHICHA TIPO VIENA 225G (11unid) ALIMEX;1
3769010;2026-09-28;PLC03;MAS X MENOS GUARAGUAO;ProdBEBIDAS;NECTAR DURAZNO 500 ML TUNAL;3
3769017;2026-09-28;PLC03;MAS X MENOS GUARAGUAO;ProdBEBIDAS;TE DURAZNO 1L TUNAL;1
3769027;2026-09-28;PLC03;MAS X MENOS GUARAGUAO;ProdDERIV_LACTEOS;MANTEQUILLA PURISIMA CON SAL 200G PURISIMA;2
3769025;2026-09-28;PLC03;MAS X MENOS GUARAGUAO;ProdEMBUTIDOS;MORTADELA DE POLLO DE 1 KG;1
3769029;2026-09-28;PLC03;MAS X MENOS GUARAGUAO;ProdDERIV_LACTEOS;MANTEQUILLA PURISIMA SIN SAL 200G PURISIMA;2
3766323;2026-09-28;PLC01;MAS X MENOS INTERCOMUNAL;ProdBEBIDAS;TE FRUTOS ROJOS 1L TUNAL;2
3766321;2026-09-28;PLC01;MAS X MENOS INTERCOMUNAL;ProdBEBIDAS;TE LIMON 1L TUNAL;2
3766322;2026-09-28;PLC01;MAS X MENOS INTERCOMUNAL;ProdBEBIDAS;TE DURAZNO 1L TUNAL;2
3761525;2026-09-28;PTO01;MAX ORIENTAL;ProdEMBUTIDOS;MORTADELA CCS DE CARNES 500G;3
3761524;2026-09-28;PTO01;MAX ORIENTAL;ProdEMBUTIDOS;MORTADELA CCS DE CARNES 900G;3
3761522;2026-09-28;PTO01;MAX ORIENTAL;ProdDERIV_LACTEOS;MANTEQUILLA PURISIMA SIN SAL 200G PURISIMA;4
3761526;2026-09-28;PTO01;MAX ORIENTAL;ProdEMBUTIDOS;CHORIZO DE CERDO AHUMADO PARRILLERO ALIMEX;1
3761520;2026-09-28;PTO01;MAX ORIENTAL;ProdDERIV_LACTEOS;CREMA DE LECHE DE 500GR PURISIMA;5
3761528;2026-09-28;PTO01;MAX ORIENTAL;ProdEMBUTIDOS;SALCHICHA TIPO VIENA 225G (11unid) ALIMEX;1
3761527;2026-09-28;PTO01;MAX ORIENTAL;ProdEMBUTIDOS;CHORIZO DE CERDO PICANTE PARRILLERO ALIMEX;1
3761521;2026-09-28;PTO01;MAX ORIENTAL;ProdDERIV_LACTEOS;CREMA DE LECHE DE 250GR PURISIMA;3
3761529;2026-09-28;PTO01;MAX ORIENTAL;ProdEMBUTIDOS;SALCHICHA TIPO VIENA 450GR (22unid) ALIMEX;4
3761534;2026-09-28;PTO01;MAX ORIENTAL;ProdBEBIDAS_LACT;LECHE COMPLETA LIQUIDA PURISIMA;4
3761532;2026-09-28;PTO01;MAX ORIENTAL;ProdBEBIDAS_LACT;LECHE  DESLACTOSADA LIQUIDA PURISIMA;4
3761531;2026-09-28;PTO01;MAX ORIENTAL;ProdBEBIDAS_LACT;LECHE BARISTA PURISIMA;4
3761523;2026-09-28;PTO01;MAX ORIENTAL;ProdDERIV_LACTEOS;MANTEQUILLA PURISIMA CON SAL 200G PURISIMA;4
3761530;2026-09-28;PTO01;MAX ORIENTAL;ProdEMBUTIDOS;SALCHICHA TIPO VIENA 800GR (24unid) ALIMEX;1
3761533;2026-09-28;PTO01;MAX ORIENTAL;ProdBEBIDAS_LACT;LECHE DESCREMADA LIQUIDA PURISIMA;4
3766869;2026-09-28;BQTO06;MAYOR DE VIVERES CANAIMA;ProdBEBIDAS;NECTAR PERA 200 ML TUNAL;5
3766863;2026-09-28;BQTO06;MAYOR DE VIVERES CANAIMA;ProdBEBIDAS_LACT;LECHE  DESLACTOSADA LIQUIDA PURISIMA;11
3766864;2026-09-28;BQTO06;MAYOR DE VIVERES CANAIMA;ProdBEBIDAS;NARANJADA 1L TUNAL;6
3766871;2026-09-28;BQTO06;MAYOR DE VIVERES CANAIMA;ProdBEBIDAS;TE FRUTOS ROJOS 1L TUNAL;3
3766860;2026-09-28;BQTO06;MAYOR DE VIVERES CANAIMA;ProdBEBIDAS_LACT;LECHE BARISTA PURISIMA;5
3766867;2026-09-28;BQTO06;MAYOR DE VIVERES CANAIMA;ProdBEBIDAS;NECTAR DURAZNO 1L TUNAL;3
3766868;2026-09-28;BQTO06;MAYOR DE VIVERES CANAIMA;ProdBEBIDAS;NECTAR MANZANA 200 ML TUNAL;5
3766862;2026-09-28;BQTO06;MAYOR DE VIVERES CANAIMA;ProdBEBIDAS_LACT;LECHE DESCREMADA LIQUIDA PURISIMA;20
3766861;2026-09-28;BQTO06;MAYOR DE VIVERES CANAIMA;ProdBEBIDAS_LACT;LECHE COMPLETA LIQUIDA PURISIMA;20
3766865;2026-09-28;BQTO06;MAYOR DE VIVERES CANAIMA;ProdBEBIDAS;NECTAR MANZANA 1L TUNAL;8
3766866;2026-09-28;BQTO06;MAYOR DE VIVERES CANAIMA;ProdBEBIDAS;NECTAR PERA 1L TUNAL;8
3766872;2026-09-28;BQTO06;MAYOR DE VIVERES CANAIMA;ProdBEBIDAS;TE LIMON 1L TUNAL;3
3759975;2026-09-28;BQTO02;MERKAFURT AV LARA;ProdDERIV_LACTEOS;CREMA DE LECHE DE 500GR PURISIMA;8
3759961;2026-09-28;BQTO02;MERKAFURT AV LARA;ProdBEBIDAS;NECTAR DURAZNO 1L TUNAL;1
3759970;2026-09-28;BQTO02;MERKAFURT AV LARA;ProdEMBUTIDOS;SALCHICHA TIPO VIENA 450GR (22unid) ALIMEX;1
3759965;2026-09-28;BQTO02;MERKAFURT AV LARA;ProdEMBUTIDOS;MORTADELA CCS DE CARNES 900G;5
3759976;2026-09-28;BQTO02;MERKAFURT AV LARA;ProdDERIV_LACTEOS;CREMA DE LECHE DE 250GR PURISIMA;8
3759963;2026-09-28;BQTO02;MERKAFURT AV LARA;ProdBEBIDAS;NECTAR PERA 1L TUNAL;1
3759959;2026-09-28;BQTO02;MERKAFURT AV LARA;ProdBEBIDAS_LACT;LECHE COMPLETA BARISTA LIQUIDA PURISIMA;2
3759956;2026-09-28;BQTO02;MERKAFURT AV LARA;ProdBEBIDAS_LACT;LECHE COMPLETA LIQUIDA PURISIMA;0
3759958;2026-09-28;BQTO02;MERKAFURT AV LARA;ProdBEBIDAS_LACT;LECHE  DESLACTOSADA LIQUIDA PURISIMA;4
3759957;2026-09-28;BQTO02;MERKAFURT AV LARA;ProdBEBIDAS_LACT;LECHE DESCREMADA LIQUIDA PURISIMA;8
3759969;2026-09-28;BQTO02;MERKAFURT AV LARA;ProdEMBUTIDOS;SALCHICHA TIPO VIENA 800GR (24unid) ALIMEX;1
3759962;2026-09-28;BQTO02;MERKAFURT AV LARA;ProdBEBIDAS;NECTAR MANZANA 1L TUNAL;1
3759954;2026-09-28;BQTO02;MERKAFURT AV LARA;ProdDERIV_LACTEOS;MANTEQUILLA PURISIMA CON SAL 200G PURISIMA;6
3759971;2026-09-28;BQTO02;MERKAFURT AV LARA;ProdEMBUTIDOS;SALCHICHA TIPO VIENA 225G (11unid) ALIMEX;2
3759960;2026-09-28;BQTO02;MERKAFURT AV LARA;ProdBEBIDAS;NARANJADA 1L TUNAL;1
3765371;2026-09-28;BQTO02;MI SUPER LUJANO;ProdDERIV_LACTEOS;MANTEQUILLA PURISIMA SIN SAL 200G PURISIMA;3
3765346;2026-09-28;BQTO02;MI SUPER LUJANO;ProdBEBIDAS_LACT;LECHE BARISTA PURISIMA;12
3765369;2026-09-28;BQTO02;MI SUPER LUJANO;ProdDERIV_LACTEOS;MANTEQUILLA PURISIMA CON SAL 200G PURISIMA;3
3765349;2026-09-28;BQTO02;MI SUPER LUJANO;ProdBEBIDAS_LACT;LECHE  DESLACTOSADA LIQUIDA PURISIMA;12
3765354;2026-09-28;BQTO02;MI SUPER LUJANO;ProdBEBIDAS;TE LIMON 1L TUNAL;2
3765355;2026-09-28;BQTO02;MI SUPER LUJANO;ProdBEBIDAS;TE FRUTOS ROJOS 1L TUNAL;2
3765348;2026-09-28;BQTO02;MI SUPER LUJANO;ProdBEBIDAS_LACT;LECHE DESCREMADA LIQUIDA PURISIMA;16
3765359;2026-09-28;BQTO02;MI SUPER LUJANO;ProdEMBUTIDOS;SALCHICHA TIPO VIENA 800GR (24unid) ALIMEX;2
3765347;2026-09-28;BQTO02;MI SUPER LUJANO;ProdBEBIDAS_LACT;LECHE COMPLETA LIQUIDA PURISIMA;16
3765350;2026-09-28;BQTO02;MI SUPER LUJANO;ProdBEBIDAS;NARANJADA 1L TUNAL;8
3765351;2026-09-28;BQTO02;MI SUPER LUJANO;ProdBEBIDAS;NECTAR DURAZNO 1L TUNAL;20
3765353;2026-09-28;BQTO02;MI SUPER LUJANO;ProdBEBIDAS;NECTAR MANZANA 1L TUNAL;4
3765361;2026-09-28;BQTO02;MI SUPER LUJANO;ProdEMBUTIDOS;SALCHICHA TIPO VIENA 225G (11unid) ALIMEX;3
3765360;2026-09-28;BQTO02;MI SUPER LUJANO;ProdEMBUTIDOS;SALCHICHA TIPO VIENA 450GR (22unid) ALIMEX;3
3765367;2026-09-28;BQTO02;MI SUPER LUJANO;ProdDERIV_LACTEOS;CREMA DE LECHE DE 250GR PURISIMA;4
3765368;2026-09-28;BQTO02;MI SUPER LUJANO;ProdDERIV_LACTEOS;CREMA DE LECHE DE 500GR PURISIMA;2
3765370;2026-09-28;BQTO02;MI SUPER LUJANO;ProdEMBUTIDOS;MORTADELA CCS DE CARNES 900G;4
3755793;2026-09-28;BQTO02;MI SUPERMARKERT EL LLANERO;ProdDERIV_LACTEOS;MANTEQUILLA PURISIMA SIN SAL 200G PURISIMA;3
3755786;2026-09-28;BQTO02;MI SUPERMARKERT EL LLANERO;ProdBEBIDAS_LACT;LECHE BARISTA PURISIMA;9
3765027;2026-09-28;PTO03;"MUNDO MARKET MONAGAS; C.A.";ProdDERIV_LACTEOS;MANTEQUILLA PURISIMA CON SAL 200G PURISIMA;4
3765036;2026-09-28;PTO03;"MUNDO MARKET MONAGAS; C.A.";ProdEMBUTIDOS;SALCHICHA TIPO VIENA 450GR (22unid) ALIMEX;1
3765031;2026-09-28;PTO03;"MUNDO MARKET MONAGAS; C.A.";ProdEMBUTIDOS;MORTADELA CCS DE CARNES 900G;12
3765032;2026-09-28;PTO03;"MUNDO MARKET MONAGAS; C.A.";ProdEMBUTIDOS;MORTADELA DE POLLO DE 1 KG;6
3765035;2026-09-28;PTO03;"MUNDO MARKET MONAGAS; C.A.";ProdEMBUTIDOS;SALCHICHA TIPO VIENA 225G (11unid) ALIMEX;1
3765005;2026-09-28;PTO03;"MUNDO MARKET MONAGAS; C.A.";ProdBEBIDAS_LACT;LECHE EN POLVO PURISIMA 200GR;4
3765023;2026-09-28;PTO03;"MUNDO MARKET MONAGAS; C.A.";ProdBEBIDAS;TE DURAZNO 1L TUNAL;1
3765012;2026-09-28;PTO03;"MUNDO MARKET MONAGAS; C.A.";ProdBEBIDAS_LACT;LECHE COMPLETA LIQUIDA PURISIMA;5
3765028;2026-09-28;PTO03;"MUNDO MARKET MONAGAS; C.A.";ProdDERIV_LACTEOS;MANTEQUILLA PURISIMA SIN SAL 200G PURISIMA;4
3765022;2026-09-28;PTO03;"MUNDO MARKET MONAGAS; C.A.";ProdBEBIDAS;TE LIMON 1L TUNAL;5
3765021;2026-09-28;PTO03;"MUNDO MARKET MONAGAS; C.A.";ProdBEBIDAS;NECTAR PERA 1L TUNAL;5
3765013;2026-09-28;PTO03;"MUNDO MARKET MONAGAS; C.A.";ProdBEBIDAS_LACT;LECHE DESCREMADA LIQUIDA PURISIMA;5
3765014;2026-09-28;PTO03;"MUNDO MARKET MONAGAS; C.A.";ProdBEBIDAS_LACT;LECHE  DESLACTOSADA LIQUIDA PURISIMA;6
3765020;2026-09-28;PTO03;"MUNDO MARKET MONAGAS; C.A.";ProdBEBIDAS;NARANJADA 1L TUNAL;1
3765004;2026-09-28;PTO03;"MUNDO MARKET MONAGAS; C.A.";ProdBEBIDAS_LACT;LECHE EN POLVO PURISIMA 400GR;4
3765024;2026-09-28;PTO03;"MUNDO MARKET MONAGAS; C.A.";ProdBEBIDAS;TE FRUTOS ROJOS 1L TUNAL;1
3756220;2026-09-28;PTO03;"MYKASA 2; C.A";ProdBEBIDAS;NECTAR DURAZNO 1L TUNAL;3
3756225;2026-09-28;PTO03;"MYKASA 2; C.A";ProdBEBIDAS_LACT;LECHE EN POLVO PURISIMA 200GR;3
3756227;2026-09-28;PTO03;"MYKASA 2; C.A";ProdBEBIDAS_LACT;LECHE EN POLVO PURISIMA 900GR;2
3756219;2026-09-28;PTO03;"MYKASA 2; C.A";ProdBEBIDAS;NECTAR PERA 1L TUNAL;3
3756212;2026-09-28;PTO03;"MYKASA 2; C.A";ProdBEBIDAS_LACT;LECHE COMPLETA LIQUIDA PURISIMA;5
3756226;2026-09-28;PTO03;"MYKASA 2; C.A";ProdBEBIDAS_LACT;LECHE EN POLVO PURISIMA 400GR;2
3756208;2026-09-28;PTO03;"MYKASA 2; C.A";ProdBEBIDAS_LACT;LECHE COMPLETA BARISTA LIQUIDA PURISIMA;1
3756218;2026-09-28;PTO03;"MYKASA 2; C.A";ProdBEBIDAS;NECTAR MANZANA 1L TUNAL;2
3756214;2026-09-28;PTO03;"MYKASA 2; C.A";ProdBEBIDAS_LACT;LECHE  DESLACTOSADA LIQUIDA PURISIMA;2
3756213;2026-09-28;PTO03;"MYKASA 2; C.A";ProdBEBIDAS_LACT;LECHE DESCREMADA LIQUIDA PURISIMA;4
3764510;2026-09-28;PLC05;NOVA EXPRESSS;ProdBEBIDAS_LACT;LECHE  DESLACTOSADA LIQUIDA PURISIMA;6
3764509;2026-09-28;PLC05;NOVA EXPRESSS;ProdBEBIDAS_LACT;LECHE DESCREMADA LIQUIDA PURISIMA;8
3764511;2026-09-28;PLC05;NOVA EXPRESSS;ProdBEBIDAS_LACT;LECHE EN POLVO PURISIMA 900GR;2
3764512;2026-09-28;PLC05;NOVA EXPRESSS;ProdBEBIDAS_LACT;LECHE EN POLVO PURISIMA 400GR;2
3764513;2026-09-28;PLC05;NOVA EXPRESSS;ProdBEBIDAS_LACT;LECHE EN POLVO PURISIMA 200GR;1
3764508;2026-09-28;PLC05;NOVA EXPRESSS;ProdBEBIDAS_LACT;LECHE COMPLETA LIQUIDA PURISIMA;4
3757065;2026-09-28;BQTO02;PANADERIA TULIPAN;ProdEMBUTIDOS;CHORIZO DE CERDO AHUMADO PARRILLERO ALIMEX;2
3769909;2026-09-28;BQTO01;REDVITAL AV LARA;ProdBEBIDAS_LACT;LECHE DESCREMADA LIQUIDA PURISIMA;12
3769902;2026-09-28;BQTO01;REDVITAL AV LARA;ProdBEBIDAS_LACT;LECHE BARISTA PURISIMA;6
3769905;2026-09-28;BQTO01;REDVITAL AV LARA;ProdBEBIDAS_LACT;LECHE COMPLETA LIQUIDA PURISIMA;15
3769914;2026-09-28;BQTO01;REDVITAL AV LARA;ProdBEBIDAS_LACT;LECHE  DESLACTOSADA LIQUIDA PURISIMA;12
3762999;2026-09-28;PLC09;RIO BODEGON SAMBIL;ProdBEBIDAS;NECTAR DURAZNO 200 ML TUNAL;1
3770475;2026-09-28;CCS08;RIO CANDELARIA;ProdBEBIDAS_LACT;LECHE DESCREMADA LIQUIDA PURISIMA;35
3770474;2026-09-28;CCS08;RIO CANDELARIA;ProdBEBIDAS_LACT;LECHE COMPLETA LIQUIDA PURISIMA;35
3770467;2026-09-28;CCS08;RIO CANDELARIA;ProdBEBIDAS_LACT;LECHE EN POLVO PURISIMA 400GR;24
3770469;2026-09-28;CCS08;RIO CANDELARIA;ProdBEBIDAS_LACT;LECHE EN POLVO PURISIMA 900GR;14
3770476;2026-09-28;CCS08;RIO CANDELARIA;ProdBEBIDAS_LACT;LECHE  DESLACTOSADA LIQUIDA PURISIMA;28
3762193;2026-09-28;CCS07;RIO GUATIRE;ProdBEBIDAS;NECTAR PERA 1L TUNAL;10
3762195;2026-09-28;CCS07;RIO GUATIRE;ProdBEBIDAS;JUGO NARANJA LIGTH 1 LITRO TUNAL;5
3762196;2026-09-28;CCS07;RIO GUATIRE;ProdBEBIDAS;NECTAR PERA LIGHT 1 LITRO TUNAL;5
3762228;2026-09-28;CCS07;RIO GUATIRE;ProdEMBUTIDOS;MORTADELA CCS DE CARNES 900G;1
3762229;2026-09-28;CCS07;RIO GUATIRE;ProdEMBUTIDOS;MORTADELA CCS DE CARNES 500G;1
3762192;2026-09-28;CCS07;RIO GUATIRE;ProdBEBIDAS;NECTAR MANZANA 1L TUNAL;15
3762206;2026-09-28;CCS07;RIO GUATIRE;ProdBEBIDAS_LACT;LECHE COMPLETA LIQUIDA PURISIMA;21
3762233;2026-09-28;CCS07;RIO GUATIRE;ProdDERIV_LACTEOS;CREMA DE LECHE DE 500GR PURISIMA;8
3762207;2026-09-28;CCS07;RIO GUATIRE;ProdBEBIDAS_LACT;LECHE  DESLACTOSADA LIQUIDA PURISIMA;14
3762212;2026-09-28;CCS07;RIO GUATIRE;ProdJAMONERIA;JAMON PIERNA ALIMEX 98% 5.9kg;2
3762225;2026-09-28;CCS07;RIO GUATIRE;ProdDERIV_LACTEOS;MANTEQUILLA PURISIMA CON SAL 200G PURISIMA;1
3762220;2026-09-28;CCS07;RIO GUATIRE;ProdJAMONERIA;JAMON AREPERO AHUMADO;1
3762224;2026-09-28;CCS07;RIO GUATIRE;ProdDERIV_LACTEOS;MANTEQUILLA PURISIMA SIN SAL 200G PURISIMA;1
3762237;2026-09-28;CCS07;RIO GUATIRE;ProdEMBUTIDOS;SALCHICHA TIPO VIENA 450GR (22unid) ALIMEX;3
3762219;2026-09-28;CCS07;RIO GUATIRE;ProdJAMONERIA;JAMON AHUMADO VISKING ALIMEX 3.3 KG;1
3762234;2026-09-28;CCS07;RIO GUATIRE;ProdDERIV_LACTEOS;CREMA DE LECHE DE 250GR PURISIMA;32
3762238;2026-09-28;CCS07;RIO GUATIRE;ProdEMBUTIDOS;SALCHICHA TIPO VIENA 800GR (24unid) ALIMEX;1
3762217;2026-09-28;CCS07;RIO GUATIRE;ProdEMBUTIDOS;MORTADELA TAPARA Alimex;1
3762218;2026-09-28;CCS07;RIO GUATIRE;ProdJAMONERIA;JAMON AHUMADO VISKING ITALICO 3.5 KG;2
3762191;2026-09-28;CCS07;RIO GUATIRE;ProdBEBIDAS;NARANJADA 1L TUNAL;10
3762194;2026-09-28;CCS07;RIO GUATIRE;ProdBEBIDAS;NECTAR DURAZNO 1L TUNAL;15
3762536;2026-09-28;PLC05;RIO PLAYA EL ANGEL;ProdBEBIDAS_LACT;LECHE EN POLVO PURISIMA 200GR;7
3762469;2026-09-28;PTO02;SANTO FELIZ EXPRESS;ProdBEBIDAS_LACT;LECHE COMPLETA LIQUIDA PURISIMA;30
3757527;2026-09-28;PTO02;SUP MANUEL PIAR;ProdBEBIDAS;NECTAR MANZANA 1L TUNAL;1
3757530;2026-09-28;PTO02;SUP MANUEL PIAR;ProdBEBIDAS;NECTAR PERA 1L TUNAL;1
3757535;2026-09-28;PTO02;SUP MANUEL PIAR;ProdBEBIDAS;NECTAR DURAZNO 1L TUNAL;1
3757516;2026-09-28;PTO02;SUP MANUEL PIAR;ProdBEBIDAS;NARANJADA 1L TUNAL;1
3755269;2026-09-28;PTO02;SUP MANUEL PIAR;ProdBEBIDAS_LACT;LECHE EN POLVO PURISIMA 200GR;3
3758017;2026-09-28;PTO02;SUP MANUEL PIAR;ProdBEBIDAS_LACT;LECHE  DESLACTOSADA LIQUIDA PURISIMA;6
3758000;2026-09-28;PTO02;SUP MANUEL PIAR;ProdBEBIDAS_LACT;LECHE COMPLETA LIQUIDA PURISIMA;12
3758009;2026-09-28;PTO02;SUP MANUEL PIAR;ProdBEBIDAS_LACT;LECHE DESCREMADA LIQUIDA PURISIMA;6
3755276;2026-09-28;PTO02;SUP MANUEL PIAR;ProdBEBIDAS_LACT;LECHE EN POLVO PURISIMA 400GR;6
3755300;2026-09-28;PTO02;SUP MANUEL PIAR;ProdBEBIDAS_LACT;LECHE EN POLVO PURISIMA 900GR;4
3768960;2026-09-28;BQTO07;SUPERMERCADO GIRASOL;ProdBEBIDAS;NECTAR MANZANA 200 ML TUNAL;1
3768959;2026-09-28;BQTO07;SUPERMERCADO GIRASOL;ProdBEBIDAS;NECTAR DURAZNO 200 ML TUNAL;1
3768958;2026-09-28;BQTO07;SUPERMERCADO GIRASOL;ProdBEBIDAS;NARANJADA  200 ML TUNAL;1
3768954;2026-09-28;BQTO07;SUPERMERCADO GIRASOL;ProdBEBIDAS;NECTAR PERA 500 ML TUNAL;1
3768961;2026-09-28;BQTO07;SUPERMERCADO GIRASOL;ProdBEBIDAS;NECTAR PERA 200 ML TUNAL;1
3768956;2026-09-28;BQTO07;SUPERMERCADO GIRASOL;ProdBEBIDAS;TE DURAZNO 500ML TUNAL;2
3768957;2026-09-28;BQTO07;SUPERMERCADO GIRASOL;ProdBEBIDAS;TE LIMON 500ML TUNAL;2
3768953;2026-09-28;BQTO07;SUPERMERCADO GIRASOL;ProdBEBIDAS;NARANJADA  500 ML TUNAL;2
3768955;2026-09-28;BQTO07;SUPERMERCADO GIRASOL;ProdBEBIDAS;NECTAR DURAZNO 500 ML TUNAL;2
3763653;2026-09-28;BQTO03;SUPERMERCADO LAS AMAPOLAS;ProdBEBIDAS;TE FRUTOS ROJOS 1L TUNAL;1
3763652;2026-09-28;BQTO03;SUPERMERCADO LAS AMAPOLAS;ProdBEBIDAS;TE LIMON 1L TUNAL;3
3763656;2026-09-28;BQTO03;SUPERMERCADO LAS AMAPOLAS;ProdBEBIDAS;NECTAR MANZANA 200 ML TUNAL;2
3763655;2026-09-28;BQTO03;SUPERMERCADO LAS AMAPOLAS;ProdBEBIDAS;NECTAR PERA 200 ML TUNAL;7
3763657;2026-09-28;BQTO03;SUPERMERCADO LAS AMAPOLAS;ProdBEBIDAS;NECTAR DURAZNO 200 ML TUNAL;4
3763654;2026-09-28;BQTO03;SUPERMERCADO LAS AMAPOLAS;ProdBEBIDAS;NARANJADA  200 ML TUNAL;2
3763649;2026-09-28;BQTO03;SUPERMERCADO LAS AMAPOLAS;ProdBEBIDAS;NARANJADA 1L TUNAL;1
3763648;2026-09-28;BQTO03;SUPERMERCADO LAS AMAPOLAS;ProdBEBIDAS_LACT;LECHE DESCREMADA LIQUIDA PURISIMA;4
3763646;2026-09-28;BQTO03;SUPERMERCADO LAS AMAPOLAS;ProdBEBIDAS_LACT;LECHE COMPLETA LIQUIDA PURISIMA;13
3763651;2026-09-28;BQTO03;SUPERMERCADO LAS AMAPOLAS;ProdBEBIDAS;NECTAR PERA 1L TUNAL;3
3763650;2026-09-28;BQTO03;SUPERMERCADO LAS AMAPOLAS;ProdBEBIDAS;NECTAR MANZANA 1L TUNAL;3
3785600;2026-09-28;MCY05;Supermercado San Onofre;ProdBEBIDAS_LACT;LECHE DESCREMADA LIQUIDA PURISIMA;2
3785601;2026-09-28;MCY05;Supermercado San Onofre;ProdBEBIDAS_LACT;LECHE  DESLACTOSADA LIQUIDA PURISIMA;1
3785599;2026-09-28;MCY05;Supermercado San Onofre;ProdBEBIDAS_LACT;LECHE COMPLETA LIQUIDA PURISIMA;2
3767019;2026-09-28;PLC02;TODOHOGAR AV. LECHERIA;ProdBEBIDAS_LACT;LECHE EN POLVO PURISIMA 900GR;1
3769910;2026-09-28;BQTO01;TORITO EXPRESS;ProdBEBIDAS_LACT;LECHE DESCREMADA LIQUIDA PURISIMA;15
3769927;2026-09-28;BQTO01;TORITO EXPRESS;ProdBEBIDAS;NECTAR PERA LIGHT 1 LITRO TUNAL;2
3769930;2026-09-28;BQTO01;TORITO EXPRESS;ProdBEBIDAS;TE FRUTOS ROJOS 1L TUNAL;2
3769923;2026-09-28;BQTO01;TORITO EXPRESS;ProdBEBIDAS;NECTAR PERA 1L TUNAL;2
3769916;2026-09-28;BQTO01;TORITO EXPRESS;ProdBEBIDAS;NARANJADA 1L TUNAL;2
3769912;2026-09-28;BQTO01;TORITO EXPRESS;ProdBEBIDAS_LACT;LECHE  DESLACTOSADA LIQUIDA PURISIMA;12
3769921;2026-09-28;BQTO01;TORITO EXPRESS;ProdBEBIDAS;NECTAR MANZANA 1L TUNAL;2
3769918;2026-09-28;BQTO01;TORITO EXPRESS;ProdBEBIDAS;NECTAR DURAZNO 1L TUNAL;2
3769928;2026-09-28;BQTO01;TORITO EXPRESS;ProdBEBIDAS;TE DURAZNO 1L TUNAL;3
3769932;2026-09-28;BQTO01;TORITO EXPRESS;ProdBEBIDAS;NECTAR MANZANA 200 ML TUNAL;6
3769903;2026-09-28;BQTO01;TORITO EXPRESS;ProdBEBIDAS_LACT;LECHE BARISTA PURISIMA;9
3769925;2026-09-28;BQTO01;TORITO EXPRESS;ProdBEBIDAS;NECTAR MANZANA LIGHT 1 LITRO TUNAL;2
3769934;2026-09-28;BQTO01;TORITO EXPRESS;ProdBEBIDAS;NECTAR DURAZNO 200 ML TUNAL;6
3769929;2026-09-28;BQTO01;TORITO EXPRESS;ProdBEBIDAS;TE LIMON 1L TUNAL;3
3769931;2026-09-28;BQTO01;TORITO EXPRESS;ProdBEBIDAS;NARANJADA  200 ML TUNAL;6
3769906;2026-09-28;BQTO01;TORITO EXPRESS;ProdBEBIDAS_LACT;LECHE COMPLETA LIQUIDA PURISIMA;15
3767876;2026-09-28;PTO01;UNARE CENTER;ProdEMBUTIDOS;MORTADELA CCS DE CARNES 900G;6
3767877;2026-09-28;PTO01;UNARE CENTER;ProdEMBUTIDOS;MORTADELA CCS DE CARNES 500G;20
3761677;2026-09-28;CCS10;UNICASA AGUA SALUD;ProdBEBIDAS_LACT;LECHE COMPLETA LIQUIDA PURISIMA;5
3761675;2026-09-28;CCS10;UNICASA AGUA SALUD;ProdBEBIDAS;NARANJADA 1L TUNAL;12
3766896;2026-09-28;BQTO06;VENTURA LIANG;ProdBEBIDAS;NECTAR PERA 200 ML TUNAL;2
3766891;2026-09-28;BQTO06;VENTURA LIANG;ProdBEBIDAS;NECTAR MANZANA 1L TUNAL;6
3766892;2026-09-28;BQTO06;VENTURA LIANG;ProdBEBIDAS;NECTAR PERA 1L TUNAL;6
3766893;2026-09-28;BQTO06;VENTURA LIANG;ProdBEBIDAS;NARANJADA  200 ML TUNAL;2
3766895;2026-09-28;BQTO06;VENTURA LIANG;ProdBEBIDAS;NECTAR MANZANA 200 ML TUNAL;2
3766894;2026-09-28;BQTO06;VENTURA LIANG;ProdBEBIDAS;NECTAR DURAZNO 200 ML TUNAL;2
3766879;2026-09-28;BQTO06;VENTURA LIANG;ProdBEBIDAS_LACT;LECHE DESCREMADA LIQUIDA PURISIMA;6
3766908;2026-09-28;BQTO06;VENTURA LIANG;ProdEMBUTIDOS;SALCHICHA TIPO VIENA 225G (11unid) ALIMEX;2
3766909;2026-09-28;BQTO06;VENTURA LIANG;ProdDERIV_LACTEOS;MANTEQUILLA PURISIMA CON SAL 200G PURISIMA;2
3766890;2026-09-28;BQTO06;VENTURA LIANG;ProdBEBIDAS;NECTAR DURAZNO 1L TUNAL;6
3766900;2026-09-28;BQTO06;VENTURA LIANG;ProdEMBUTIDOS;MORTADELA CCS DE CARNES 900G;2
3766907;2026-09-28;BQTO06;VENTURA LIANG;ProdEMBUTIDOS;SALCHICHA TIPO VIENA 450GR (22unid) ALIMEX;2
3766906;2026-09-28;BQTO06;VENTURA LIANG;ProdEMBUTIDOS;SALCHICHA TIPO VIENA 800GR (24unid) ALIMEX;2
3766878;2026-09-28;BQTO06;VENTURA LIANG;ProdBEBIDAS_LACT;LECHE COMPLETA LIQUIDA PURISIMA;6
3766880;2026-09-28;BQTO06;VENTURA LIANG;ProdBEBIDAS_LACT;LECHE  DESLACTOSADA LIQUIDA PURISIMA;6
3766910;2026-09-28;BQTO06;VENTURA LIANG;ProdDERIV_LACTEOS;MANTEQUILLA PURISIMA SIN SAL 200G PURISIMA;2
3766877;2026-09-28;BQTO06;VENTURA LIANG;ProdBEBIDAS_LACT;LECHE BARISTA PURISIMA;3
3766899;2026-09-28;BQTO06;VENTURA LIANG;ProdEMBUTIDOS;MORTADELA CCS DE CARNES 500G;2
3766889;2026-09-28;BQTO06;VENTURA LIANG;ProdBEBIDAS;NARANJADA 1L TUNAL;6
3777059;2026-09-29;PLC02;AIKOZ  AV. LECHERIA;ProdDERIV_LACTEOS;CREMA DE LECHE DE 250GR PURISIMA;1
3777064;2026-09-29;PLC02;AIKOZ  AV. LECHERIA;ProdEMBUTIDOS;SALCHICHA TIPO COCTEL 450 GR ALIMEX;1
3781379;2026-09-29;PLC08;AIKOZ BARCELONA;ProdEMBUTIDOS;MORTADELA CCS DE CARNES 900G;1
3781449;2026-09-29;PLC09;AL COSTO;ProdBEBIDAS;NECTAR MANZANA 200 ML TUNAL;24
3781450;2026-09-29;PLC09;AL COSTO;ProdBEBIDAS;NECTAR PERA 200 ML TUNAL;24
3781435;2026-09-29;PLC09;AL COSTO;ProdBEBIDAS_LACT;LECHE DESCREMADA LIQUIDA PURISIMA;15
3781447;2026-09-29;PLC09;AL COSTO;ProdBEBIDAS;NECTAR DURAZNO LIGTH 1 LITRO TUNAL;3
3781444;2026-09-29;PLC09;AL COSTO;ProdBEBIDAS;NECTAR MANZANA 1L TUNAL;18
3781446;2026-09-29;PLC09;AL COSTO;ProdBEBIDAS;NECTAR DURAZNO 1L TUNAL;10
3781456;2026-09-29;PLC09;AL COSTO;ProdBEBIDAS_LACT;LECHE EN POLVO PURISIMA 900GR;4
3781448;2026-09-29;PLC09;AL COSTO;ProdBEBIDAS;NECTAR DURAZNO 200 ML TUNAL;12
3781454;2026-09-29;PLC09;AL COSTO;ProdBEBIDAS_LACT;LECHE EN POLVO PURISIMA 200GR;8
3781455;2026-09-29;PLC09;AL COSTO;ProdBEBIDAS_LACT;LECHE EN POLVO PURISIMA 400GR;6
3781434;2026-09-29;PLC09;AL COSTO;ProdBEBIDAS_LACT;LECHE COMPLETA LIQUIDA PURISIMA;25
3781436;2026-09-29;PLC09;AL COSTO;ProdBEBIDAS_LACT;LECHE  DESLACTOSADA LIQUIDA PURISIMA;15
3781445;2026-09-29;PLC09;AL COSTO;ProdBEBIDAS;NECTAR PERA 1L TUNAL;15
3787068;2026-09-29;BQTO01;ALL PLUS;ProdBEBIDAS_LACT;LECHE COMPLETA LIQUIDA PURISIMA;21
3787071;2026-09-29;BQTO01;ALL PLUS;ProdBEBIDAS_LACT;LECHE DESCREMADA LIQUIDA PURISIMA;3
3780456;2026-09-29;PTO02;ATLANTICO CENTER;ProdEMBUTIDOS;SALCHICHA TIPO VIENA 225G (11unid) ALIMEX;1
3780818;2026-09-29;PTO02;ATLANTICO CENTER;ProdEMBUTIDOS;MORTADELA CCS DE CARNES 500G;1
3780820;2026-09-29;PTO02;ATLANTICO CENTER;ProdEMBUTIDOS;MORTADELA CCS DE CARNES 900G;1
3780426;2026-09-29;PTO02;ATLANTICO CENTER;ProdEMBUTIDOS;SALCHICHA TIPO VIENA 450GR (22unid) ALIMEX;2
3780357;2026-09-29;PTO02;ATLANTICO CENTER;ProdEMBUTIDOS;CHORIZO DE CERDO PICANTE PARRILLERO ALIMEX;1
3780396;2026-09-29;PTO02;ATLANTICO CENTER;ProdEMBUTIDOS;SALCHICHA TIPO VIENA 800GR (24unid) ALIMEX;1
3780825;2026-09-29;PTO02;ATLANTICO CENTER;ProdEMBUTIDOS;MORTADELA DE POLLO DE 1 KG;1
3775457;2026-09-29;PTO02;ATLANTICO CENTER;ProdBEBIDAS_LACT;LECHE DESCREMADA LIQUIDA PURISIMA;15
3781156;2026-09-29;PTO02;ATLANTICO CENTER;ProdDERIV_LACTEOS;CREMA DE LECHE DE 250GR PURISIMA;2
3777770;2026-09-29;PTO02;ATLANTICO CENTER;ProdBEBIDAS_LACT;LECHE EN POLVO PURISIMA 200GR;3
3775576;2026-09-29;PTO02;ATLANTICO CENTER;ProdBEBIDAS_LACT;LECHE BARISTA PURISIMA;10
3777806;2026-09-29;PTO02;ATLANTICO CENTER;ProdBEBIDAS_LACT;LECHE EN POLVO PURISIMA 400GR;3
3781247;2026-09-29;PTO02;ATLANTICO CENTER;ProdDERIV_LACTEOS;MANTEQUILLA PURISIMA SIN SAL 200G PURISIMA;1
3775492;2026-09-29;PTO02;ATLANTICO CENTER;ProdBEBIDAS_LACT;LECHE  DESLACTOSADA LIQUIDA PURISIMA;10
3781210;2026-09-29;PTO02;ATLANTICO CENTER;ProdDERIV_LACTEOS;MANTEQUILLA PURISIMA CON SAL 200G PURISIMA;1
3781151;2026-09-29;PTO02;ATLANTICO CENTER;ProdDERIV_LACTEOS;CREMA DE LECHE DE 500GR PURISIMA;2
3780349;2026-09-29;PTO02;ATLANTICO CENTER;ProdEMBUTIDOS;CHORIZO DE CERDO AHUMADO PARRILLERO ALIMEX;1
3778688;2026-09-29;PTO02;ATLANTICO CENTER;ProdBEBIDAS;NARANJADA  200 ML TUNAL;4
3778699;2026-09-29;PTO02;ATLANTICO CENTER;ProdBEBIDAS;NECTAR MANZANA 200 ML TUNAL;4
3778744;2026-09-29;PTO02;ATLANTICO CENTER;ProdBEBIDAS;NECTAR PERA 200 ML TUNAL;4
3778642;2026-09-29;PTO02;ATLANTICO CENTER;ProdBEBIDAS;NECTAR DURAZNO 500 ML TUNAL;1
3778612;2026-09-29;PTO02;ATLANTICO CENTER;ProdBEBIDAS;NECTAR PERA 500 ML TUNAL;1
3775372;2026-09-29;PTO02;ATLANTICO CENTER;ProdBEBIDAS_LACT;LECHE COMPLETA LIQUIDA PURISIMA;20
3777823;2026-09-29;PTO02;ATLANTICO CENTER;ProdBEBIDAS_LACT;LECHE EN POLVO PURISIMA 900GR;4
3778588;2026-09-29;PTO02;ATLANTICO CENTER;ProdBEBIDAS;NARANJADA  500 ML TUNAL;2
3778750;2026-09-29;PTO02;ATLANTICO CENTER;ProdBEBIDAS;NECTAR DURAZNO 200 ML TUNAL;6
3778791;2026-09-29;PTO02;ATLANTICO CENTER;ProdBEBIDAS;NARANJADA 1L TUNAL;4
3778864;2026-09-29;PTO02;ATLANTICO CENTER;ProdBEBIDAS;TE DURAZNO 1L TUNAL;1
3778871;2026-09-29;PTO02;ATLANTICO CENTER;ProdBEBIDAS;TE LIMON 1L TUNAL;2
3778882;2026-09-29;PTO02;ATLANTICO CENTER;ProdBEBIDAS;TE FRUTOS ROJOS 1L TUNAL;1
3778859;2026-09-29;PTO02;ATLANTICO CENTER;ProdBEBIDAS;NECTAR DURAZNO 1L TUNAL;8
3778806;2026-09-29;PTO02;ATLANTICO CENTER;ProdBEBIDAS;NECTAR PERA 1L TUNAL;4
3778799;2026-09-29;PTO02;ATLANTICO CENTER;ProdBEBIDAS;NECTAR MANZANA 1L TUNAL;4
3778803;2026-09-29;PLC07;AUTOMERCADO CASA LUXOR;ProdBEBIDAS;NECTAR PERA 1L TUNAL;1
3778693;2026-09-29;PLC07;AUTOMERCADO CASA LUXOR;ProdBEBIDAS_LACT;LECHE EN POLVO PURISIMA 400GR;1
3778689;2026-09-29;PLC07;AUTOMERCADO CASA LUXOR;ProdBEBIDAS_LACT;LECHE EN POLVO PURISIMA 900GR;1
3778651;2026-09-29;PLC07;AUTOMERCADO CASA LUXOR;ProdBEBIDAS_LACT;LECHE  DESLACTOSADA LIQUIDA PURISIMA;2
3778641;2026-09-29;PLC07;AUTOMERCADO CASA LUXOR;ProdBEBIDAS_LACT;LECHE DESCREMADA LIQUIDA PURISIMA;2
3778616;2026-09-29;PLC07;AUTOMERCADO CASA LUXOR;ProdBEBIDAS_LACT;LECHE COMPLETA LIQUIDA PURISIMA;2
3778852;2026-09-29;PLC07;AUTOMERCADO CASA LUXOR;ProdBEBIDAS;NECTAR PERA 200 ML TUNAL;1
3778683;2026-09-29;PLC07;AUTOMERCADO CASA LUXOR;ProdBEBIDAS_LACT;LECHE COMPLETA BARISTA LIQUIDA PURISIMA;2
3787515;2026-09-29;MCY01;AUTOMERCADO CATANIA;ProdBEBIDAS;NECTAR PERA 1L TUNAL;1
3787498;2026-09-29;MCY01;AUTOMERCADO CATANIA;ProdEMBUTIDOS;CHORIZO DE CERDO AHUMADO PARRILLERO ALIMEX;2
3787492;2026-09-29;MCY01;AUTOMERCADO CATANIA;ProdBEBIDAS_LACT;LECHE  DESLACTOSADA LIQUIDA PURISIMA;2
3787502;2026-09-29;MCY01;AUTOMERCADO CATANIA;ProdDERIV_LACTEOS;MANTEQUILLA PURISIMA SIN SAL 200G PURISIMA;2
3787514;2026-09-29;MCY01;AUTOMERCADO CATANIA;ProdBEBIDAS;NECTAR MANZANA 1L TUNAL;2
3787512;2026-09-29;MCY01;AUTOMERCADO CATANIA;ProdBEBIDAS;NARANJADA 1L TUNAL;2
3787501;2026-09-29;MCY01;AUTOMERCADO CATANIA;ProdDERIV_LACTEOS;MANTEQUILLA PURISIMA CON SAL 200G PURISIMA;2
3787494;2026-09-29;MCY01;AUTOMERCADO CATANIA;ProdBEBIDAS_LACT;LECHE EN POLVO PURISIMA 400GR;1
3787495;2026-09-29;MCY01;AUTOMERCADO CATANIA;ProdBEBIDAS_LACT;LECHE EN POLVO PURISIMA 200GR;3
3787507;2026-09-29;MCY01;AUTOMERCADO CATANIA;ProdDERIV_LACTEOS;CREMA DE LECHE DE 250GR PURISIMA;1
3787491;2026-09-29;MCY01;AUTOMERCADO CATANIA;ProdBEBIDAS_LACT;LECHE DESCREMADA LIQUIDA PURISIMA;2
3787493;2026-09-29;MCY01;AUTOMERCADO CATANIA;ProdBEBIDAS_LACT;LECHE BARISTA PURISIMA;1
3787506;2026-09-29;MCY01;AUTOMERCADO CATANIA;ProdDERIV_LACTEOS;CREMA DE LECHE DE 500GR PURISIMA;1
3787513;2026-09-29;MCY01;AUTOMERCADO CATANIA;ProdBEBIDAS;NECTAR DURAZNO 1L TUNAL;1
3787490;2026-09-29;MCY01;AUTOMERCADO CATANIA;ProdBEBIDAS_LACT;LECHE COMPLETA LIQUIDA PURISIMA;2
3793355;2026-09-29;BQTO03;AUTOMERCADO LA 9;ProdBEBIDAS;NARANJADA 1L TUNAL;0
3775673;2026-09-29;PTO03;AUTOMERCADO MAXI CA;ProdEMBUTIDOS;MORTADELA CCS DE CARNES 900G;4
3775645;2026-09-29;PTO03;AUTOMERCADO MAXI CA;ProdBEBIDAS_LACT;LECHE EN POLVO PURISIMA 400GR;2
3775643;2026-09-29;PTO03;AUTOMERCADO MAXI CA;ProdBEBIDAS_LACT;LECHE COMPLETA BARISTA LIQUIDA PURISIMA;2
3775660;2026-09-29;PTO03;AUTOMERCADO MAXI CA;ProdBEBIDAS;NECTAR MANZANA 1L TUNAL;1
3775666;2026-09-29;PTO03;AUTOMERCADO MAXI CA;ProdBEBIDAS;TE LIMON 500ML TUNAL;2
3775674;2026-09-29;PTO03;AUTOMERCADO MAXI CA;ProdEMBUTIDOS;MORTADELA CCS DE CARNES 500G;3
3775665;2026-09-29;PTO03;AUTOMERCADO MAXI CA;ProdBEBIDAS;TE LIMON 1L TUNAL;1
3775664;2026-09-29;PTO03;AUTOMERCADO MAXI CA;ProdBEBIDAS;TE DURAZNO 1L TUNAL;1
3775663;2026-09-29;PTO03;AUTOMERCADO MAXI CA;ProdBEBIDAS;NECTAR PERA LIGHT 1 LITRO TUNAL;1
3775670;2026-09-29;PTO03;AUTOMERCADO MAXI CA;ProdBEBIDAS;NECTAR DURAZNO 200 ML TUNAL;4
3775669;2026-09-29;PTO03;AUTOMERCADO MAXI CA;ProdBEBIDAS;NECTAR PERA 200 ML TUNAL;2
3775661;2026-09-29;PTO03;AUTOMERCADO MAXI CA;ProdBEBIDAS;NECTAR PERA 1L TUNAL;1
3775659;2026-09-29;PTO03;AUTOMERCADO MAXI CA;ProdBEBIDAS;NARANJADA 1L TUNAL;1
3775662;2026-09-29;PTO03;AUTOMERCADO MAXI CA;ProdBEBIDAS;NECTAR DURAZNO 1L TUNAL;1
3775667;2026-09-29;PTO03;AUTOMERCADO MAXI CA;ProdBEBIDAS;NARANJADA  200 ML TUNAL;2
3775668;2026-09-29;PTO03;AUTOMERCADO MAXI CA;ProdBEBIDAS;NECTAR MANZANA 200 ML TUNAL;2
3775644;2026-09-29;PTO03;AUTOMERCADO MAXI CA;ProdBEBIDAS_LACT;LECHE EN POLVO PURISIMA 200GR;2
3775641;2026-09-29;PTO03;AUTOMERCADO MAXI CA;ProdBEBIDAS_LACT;LECHE COMPLETA LIQUIDA PURISIMA;4
3775646;2026-09-29;PTO03;AUTOMERCADO MAXI CA;ProdBEBIDAS_LACT;LECHE EN POLVO PURISIMA 900GR;2
3775642;2026-09-29;PTO03;AUTOMERCADO MAXI CA;ProdBEBIDAS_LACT;LECHE DESCREMADA LIQUIDA PURISIMA;5
3782277;2026-09-29;PTO03;AUTOMERCADO SKYLER;ProdBEBIDAS;NECTAR DURAZNO 1L TUNAL;4
3782278;2026-09-29;PTO03;AUTOMERCADO SKYLER;ProdBEBIDAS;NARANJADA  200 ML TUNAL;12
3782275;2026-09-29;PTO03;AUTOMERCADO SKYLER;ProdBEBIDAS;NECTAR PERA 1L TUNAL;5
3782274;2026-09-29;PTO03;AUTOMERCADO SKYLER;ProdBEBIDAS;NARANJADA 1L TUNAL;2
3782281;2026-09-29;PTO03;AUTOMERCADO SKYLER;ProdBEBIDAS;TE LIMON 500ML TUNAL;4
3782270;2026-09-29;PTO03;AUTOMERCADO SKYLER;ProdBEBIDAS_LACT;LECHE DESCREMADA LIQUIDA PURISIMA;7
3782280;2026-09-29;PTO03;AUTOMERCADO SKYLER;ProdBEBIDAS;NECTAR PERA 200 ML TUNAL;4
3782271;2026-09-29;PTO03;AUTOMERCADO SKYLER;ProdBEBIDAS_LACT;LECHE BARISTA PURISIMA;7
3782264;2026-09-29;PTO03;AUTOMERCADO SKYLER;ProdBEBIDAS_LACT;LECHE EN POLVO PURISIMA 900GR;3
3782284;2026-09-29;PTO03;AUTOMERCADO SKYLER;ProdBEBIDAS;TE LIMON 1L TUNAL;2
3782263;2026-09-29;PTO03;AUTOMERCADO SKYLER;ProdBEBIDAS_LACT;LECHE EN POLVO PURISIMA 400GR;3
3782259;2026-09-29;PTO03;AUTOMERCADO SKYLER;ProdBEBIDAS_LACT;LECHE EN POLVO PURISIMA 200GR;4
3772901;2026-09-29;VLC04;BALYS CAOBOS SUR;ProdDERIV_LACTEOS;CREMA DE LECHE DE 500GR PURISIMA;1
3772900;2026-09-29;VLC04;BALYS CAOBOS SUR;ProdDERIV_LACTEOS;CREMA DE LECHE DE 250GR PURISIMA;4
3772891;2026-09-29;VLC04;BALYS CAOBOS SUR;ProdEMBUTIDOS;SALCHICHA TIPO VIENA 225G (11unid) ALIMEX;2
3772887;2026-09-29;VLC04;BALYS CAOBOS SUR;ProdBEBIDAS;NECTAR PERA 500 ML TUNAL;1
3772885;2026-09-29;VLC04;BALYS CAOBOS SUR;ProdBEBIDAS;NARANJADA  500 ML TUNAL;2
3772886;2026-09-29;VLC04;BALYS CAOBOS SUR;ProdBEBIDAS;NECTAR MANZANA 500 ML TUNAL;3
3772892;2026-09-29;VLC04;BALYS CAOBOS SUR;ProdEMBUTIDOS;SALCHICHA TIPO VIENA 450GR (22unid) ALIMEX;2
3772893;2026-09-29;VLC04;BALYS CAOBOS SUR;ProdEMBUTIDOS;SALCHICHA TIPO VIENA 800GR (24unid) ALIMEX;2
3772876;2026-09-29;VLC04;BALYS CAOBOS SUR;ProdBEBIDAS;NECTAR MANZANA 1L TUNAL;1
3772877;2026-09-29;VLC04;BALYS CAOBOS SUR;ProdBEBIDAS;NECTAR PERA 1L TUNAL;1
3772878;2026-09-29;VLC04;BALYS CAOBOS SUR;ProdBEBIDAS;TE DURAZNO 1L TUNAL;1
3772875;2026-09-29;VLC04;BALYS CAOBOS SUR;ProdBEBIDAS;NECTAR DURAZNO 1L TUNAL;1
3772874;2026-09-29;VLC04;BALYS CAOBOS SUR;ProdBEBIDAS;NARANJADA 1L TUNAL;1
3772884;2026-09-29;VLC04;BALYS CAOBOS SUR;ProdBEBIDAS;NECTAR PERA 200 ML TUNAL;1
3772883;2026-09-29;VLC04;BALYS CAOBOS SUR;ProdBEBIDAS;NECTAR MANZANA 200 ML TUNAL;1
3772882;2026-09-29;VLC04;BALYS CAOBOS SUR;ProdBEBIDAS;NECTAR DURAZNO 200 ML TUNAL;1
3772880;2026-09-29;VLC04;BALYS CAOBOS SUR;ProdBEBIDAS;TE FRUTOS ROJOS 1L TUNAL;1
3772879;2026-09-29;VLC04;BALYS CAOBOS SUR;ProdBEBIDAS;TE LIMON 1L TUNAL;1
3772898;2026-09-29;VLC04;BALYS CAOBOS SUR;ProdDERIV_LACTEOS;MANTEQUILLA PURISIMA CON SAL 200G PURISIMA;1
3772867;2026-09-29;VLC04;BALYS CAOBOS SUR;ProdBEBIDAS_LACT;LECHE COMPLETA LIQUIDA PURISIMA;2
3772881;2026-09-29;VLC04;BALYS CAOBOS SUR;ProdBEBIDAS;NARANJADA  200 ML TUNAL;3
3772899;2026-09-29;VLC04;BALYS CAOBOS SUR;ProdDERIV_LACTEOS;MANTEQUILLA PURISIMA SIN SAL 200G PURISIMA;1
3772869;2026-09-29;VLC04;BALYS CAOBOS SUR;ProdBEBIDAS_LACT;LECHE  DESLACTOSADA LIQUIDA PURISIMA;1
3772868;2026-09-29;VLC04;BALYS CAOBOS SUR;ProdBEBIDAS_LACT;LECHE DESCREMADA LIQUIDA PURISIMA;1
3770660;2026-09-29;VLC03;BALYS GUAYOS GUACARA;ProdBEBIDAS_LACT;LECHE COMPLETA LIQUIDA PURISIMA;4
3770639;2026-09-29;VLC03;BALYS GUAYOS GUACARA;ProdBEBIDAS;TE FRUTOS ROJOS 1L TUNAL;1
3770638;2026-09-29;VLC03;BALYS GUAYOS GUACARA;ProdBEBIDAS;TE LIMON 1L TUNAL;1
3770650;2026-09-29;VLC03;BALYS GUAYOS GUACARA;ProdBEBIDAS;NECTAR DURAZNO 200 ML TUNAL;6
3770661;2026-09-29;VLC03;BALYS GUAYOS GUACARA;ProdBEBIDAS_LACT;LECHE DESCREMADA LIQUIDA PURISIMA;4
3770632;2026-09-29;VLC03;BALYS GUAYOS GUACARA;ProdBEBIDAS;NARANJADA 1L TUNAL;1
3770652;2026-09-29;VLC03;BALYS GUAYOS GUACARA;ProdBEBIDAS;NECTAR PERA 200 ML TUNAL;6
3770649;2026-09-29;VLC03;BALYS GUAYOS GUACARA;ProdBEBIDAS;NARANJADA  200 ML TUNAL;6
3770685;2026-09-29;VLC03;BALYS GUAYOS GUACARA;ProdDERIV_LACTEOS;CREMA DE LECHE DE 500GR PURISIMA;2
3770672;2026-09-29;VLC03;BALYS GUAYOS GUACARA;ProdDERIV_LACTEOS;MANTEQUILLA PURISIMA SIN SAL 200G PURISIMA;3
3770673;2026-09-29;VLC03;BALYS GUAYOS GUACARA;ProdDERIV_LACTEOS;MANTEQUILLA PURISIMA CON SAL 200G PURISIMA;3
3770679;2026-09-29;VLC03;BALYS GUAYOS GUACARA;ProdEMBUTIDOS;SALCHICHA TIPO VIENA 800GR (24unid) ALIMEX;1
3770680;2026-09-29;VLC03;BALYS GUAYOS GUACARA;ProdEMBUTIDOS;SALCHICHA TIPO VIENA 450GR (22unid) ALIMEX;1
3770633;2026-09-29;VLC03;BALYS GUAYOS GUACARA;ProdBEBIDAS;NECTAR DURAZNO 1L TUNAL;1
3770681;2026-09-29;VLC03;BALYS GUAYOS GUACARA;ProdEMBUTIDOS;SALCHICHA TIPO VIENA 225G (11unid) ALIMEX;1
3770686;2026-09-29;VLC03;BALYS GUAYOS GUACARA;ProdDERIV_LACTEOS;CREMA DE LECHE DE 250GR PURISIMA;8
3770635;2026-09-29;VLC03;BALYS GUAYOS GUACARA;ProdBEBIDAS;NECTAR PERA 1L TUNAL;1
3770634;2026-09-29;VLC03;BALYS GUAYOS GUACARA;ProdBEBIDAS;NECTAR MANZANA 1L TUNAL;1
3770662;2026-09-29;VLC03;BALYS GUAYOS GUACARA;ProdBEBIDAS_LACT;LECHE  DESLACTOSADA LIQUIDA PURISIMA;4
3770651;2026-09-29;VLC03;BALYS GUAYOS GUACARA;ProdBEBIDAS;NECTAR MANZANA 200 ML TUNAL;6
3770637;2026-09-29;VLC03;BALYS GUAYOS GUACARA;ProdBEBIDAS;TE DURAZNO 1L TUNAL;1
3777019;2026-09-29;VLC04;BALYS LA CANCHA;ProdEMBUTIDOS;SALCHICHA TIPO VIENA 450GR (22unid) ALIMEX;1
3777018;2026-09-29;VLC04;BALYS LA CANCHA;ProdEMBUTIDOS;SALCHICHA TIPO VIENA 225G (11unid) ALIMEX;1
3776994;2026-09-29;VLC04;BALYS LA CANCHA;ProdBEBIDAS;NECTAR DURAZNO 1L TUNAL;1
3777020;2026-09-29;VLC04;BALYS LA CANCHA;ProdEMBUTIDOS;SALCHICHA TIPO VIENA 800GR (24unid) ALIMEX;1
3776995;2026-09-29;VLC04;BALYS LA CANCHA;ProdBEBIDAS;NECTAR MANZANA 1L TUNAL;1
3776997;2026-09-29;VLC04;BALYS LA CANCHA;ProdBEBIDAS;NARANJADA  500 ML TUNAL;1
3776996;2026-09-29;VLC04;BALYS LA CANCHA;ProdBEBIDAS;NECTAR PERA 1L TUNAL;1
3777014;2026-09-29;VLC04;BALYS LA CANCHA;ProdDERIV_LACTEOS;CREMA DE LECHE DE 500GR PURISIMA;2
3776993;2026-09-29;VLC04;BALYS LA CANCHA;ProdBEBIDAS;NARANJADA 1L TUNAL;1
3777013;2026-09-29;VLC04;BALYS LA CANCHA;ProdDERIV_LACTEOS;CREMA DE LECHE DE 250GR PURISIMA;2
3777005;2026-09-29;VLC04;BALYS LA CANCHA;ProdBEBIDAS;TE FRUTOS ROJOS 1L TUNAL;1
3777004;2026-09-29;VLC04;BALYS LA CANCHA;ProdBEBIDAS;TE LIMON 1L TUNAL;1
3777003;2026-09-29;VLC04;BALYS LA CANCHA;ProdBEBIDAS;TE DURAZNO 1L TUNAL;1
3776982;2026-09-29;VLC04;BALYS LA CANCHA;ProdBEBIDAS_LACT;LECHE COMPLETA LIQUIDA PURISIMA;3
3776984;2026-09-29;VLC04;BALYS LA CANCHA;ProdBEBIDAS_LACT;LECHE DESCREMADA LIQUIDA PURISIMA;2
3777010;2026-09-29;VLC04;BALYS LA CANCHA;ProdDERIV_LACTEOS;MANTEQUILLA PURISIMA SIN SAL 200G PURISIMA;1
3777009;2026-09-29;VLC04;BALYS LA CANCHA;ProdDERIV_LACTEOS;MANTEQUILLA PURISIMA CON SAL 200G PURISIMA;1
3776985;2026-09-29;VLC04;BALYS LA CANCHA;ProdBEBIDAS_LACT;LECHE  DESLACTOSADA LIQUIDA PURISIMA;1
3776999;2026-09-29;VLC04;BALYS LA CANCHA;ProdBEBIDAS;NECTAR DURAZNO 500 ML TUNAL;1
3776998;2026-09-29;VLC04;BALYS LA CANCHA;ProdBEBIDAS;NECTAR MANZANA 500 ML TUNAL;1
3787075;2026-09-29;BQTO01;BAZAR EXTRA;ProdBEBIDAS;NARANJADA 1L TUNAL;2
3787096;2026-09-29;BQTO01;BAZAR EXTRA;ProdBEBIDAS_LACT;LECHE COMPLETA LIQUIDA PURISIMA;8
3787079;2026-09-29;BQTO01;BAZAR EXTRA;ProdBEBIDAS;NECTAR PERA 1L TUNAL;4
3787081;2026-09-29;BQTO01;BAZAR EXTRA;ProdBEBIDAS;NECTAR DURAZNO 1L TUNAL;2
3787086;2026-09-29;BQTO01;BAZAR EXTRA;ProdBEBIDAS;NECTAR MANZANA 200 ML TUNAL;6
3787095;2026-09-29;BQTO01;BAZAR EXTRA;ProdBEBIDAS;TE LIMON 1L TUNAL;3
3787091;2026-09-29;BQTO01;BAZAR EXTRA;ProdBEBIDAS;NECTAR PERA 200 ML TUNAL;6
3787089;2026-09-29;BQTO01;BAZAR EXTRA;ProdBEBIDAS;NECTAR DURAZNO 200 ML TUNAL;6
3787093;2026-09-29;BQTO01;BAZAR EXTRA;ProdBEBIDAS;TE DURAZNO 1L TUNAL;3
3787097;2026-09-29;BQTO01;BAZAR EXTRA;ProdBEBIDAS_LACT;LECHE  DESLACTOSADA LIQUIDA PURISIMA;4
3787077;2026-09-29;BQTO01;BAZAR EXTRA;ProdBEBIDAS;NECTAR MANZANA 1L TUNAL;4
3787098;2026-09-29;BQTO01;BAZAR EXTRA;ProdBEBIDAS_LACT;LECHE BARISTA PURISIMA;8
3796262;2026-09-29;MCY04;CAMPOLLANO 3;ProdDERIV_LACTEOS;CREMA DE LECHE DE 500GR PURISIMA;2
3796251;2026-09-29;MCY04;CAMPOLLANO 3;ProdEMBUTIDOS;SALCHICHA TIPO VIENA 450GR (22unid) ALIMEX;1
3796239;2026-09-29;MCY04;CAMPOLLANO 3;ProdBEBIDAS_LACT;LECHE DESCREMADA LIQUIDA PURISIMA;2
3796265;2026-09-29;MCY04;CAMPOLLANO 3;ProdDERIV_LACTEOS;CREMA DE LECHE DE 250GR PURISIMA;4
3796248;2026-09-29;MCY04;CAMPOLLANO 3;ProdEMBUTIDOS;SALCHICHA TIPO VIENA 800GR (24unid) ALIMEX;2
3796233;2026-09-29;MCY04;CAMPOLLANO 3;ProdBEBIDAS_LACT;LECHE COMPLETA LIQUIDA PURISIMA;4
3787057;2026-09-29;BQTO01;CASA IDEAS LE;ProdBEBIDAS_LACT;LECHE COMPLETA LIQUIDA PURISIMA;28
3787058;2026-09-29;BQTO01;CASA IDEAS LE;ProdBEBIDAS_LACT;LECHE  DESLACTOSADA LIQUIDA PURISIMA;8
3779578;2026-09-29;VLC03;CATANIA GUACARA;ProdEMBUTIDOS;TOCINETA AHUMADA SIN CUERO 3.5KG ALIMEX;2
3779566;2026-09-29;VLC03;CATANIA GUACARA;ProdJAMONERIA;JAMON COCIDO ESTANDAR ITALICO 5.9kg;1
3779614;2026-09-29;VLC03;CATANIA GUACARA;ProdBEBIDAS_LACT;LECHE COMPLETA BARISTA LIQUIDA PURISIMA;4
3779612;2026-09-29;VLC03;CATANIA GUACARA;ProdBEBIDAS_LACT;LECHE DESCREMADA LIQUIDA PURISIMA;12
3779663;2026-09-29;VLC03;CATANIA GUACARA;ProdBEBIDAS;TE FRUTOS ROJOS 1L TUNAL;2
3779657;2026-09-29;VLC03;CATANIA GUACARA;ProdBEBIDAS;NECTAR PERA 200 ML TUNAL;18
3779583;2026-09-29;VLC03;CATANIA GUACARA;ProdEMBUTIDOS;SALCHICHA TIPO VIENA 800GR (24unid) ALIMEX;2
3779603;2026-09-29;VLC03;CATANIA GUACARA;ProdDERIV_LACTEOS;CREMA DE LECHE DE 500GR PURISIMA;12
3779656;2026-09-29;VLC03;CATANIA GUACARA;ProdBEBIDAS;NECTAR MANZANA 200 ML TUNAL;18
3779587;2026-09-29;VLC03;CATANIA GUACARA;ProdEMBUTIDOS;MORTADELA CCS DE CARNES 500G;4
3779630;2026-09-29;VLC03;CATANIA GUACARA;ProdEMBUTIDOS;MORTADELA TAPARA Alimex;1
3779588;2026-09-29;VLC03;CATANIA GUACARA;ProdEMBUTIDOS;MORTADELA CCS DE CARNES 900G;4
3779631;2026-09-29;VLC03;CATANIA GUACARA;ProdJAMONERIA;JAMON AREPERO AHUMADO;1
3779621;2026-09-29;VLC03;CATANIA GUACARA;ProdBEBIDAS_LACT;LECHE EN POLVO PURISIMA 200GR;3
3779613;2026-09-29;VLC03;CATANIA GUACARA;ProdBEBIDAS_LACT;LECHE  DESLACTOSADA LIQUIDA PURISIMA;8
3779620;2026-09-29;VLC03;CATANIA GUACARA;ProdBEBIDAS_LACT;LECHE EN POLVO PURISIMA 400GR;4
3779642;2026-09-29;VLC03;CATANIA GUACARA;ProdBEBIDAS;JUGO NARANJA LIGTH 1 LITRO TUNAL;2
3779643;2026-09-29;VLC03;CATANIA GUACARA;ProdBEBIDAS;NECTAR PERA LIGHT 1 LITRO TUNAL;2
3779655;2026-09-29;VLC03;CATANIA GUACARA;ProdBEBIDAS;NECTAR DURAZNO 200 ML TUNAL;18
3779576;2026-09-29;VLC03;CATANIA GUACARA;ProdJAMONERIA;JAMON AHUMADO VISKING ALIMEX 3.3 KG;1
3779641;2026-09-29;VLC03;CATANIA GUACARA;ProdBEBIDAS;NECTAR PERA 1L TUNAL;4
3779654;2026-09-29;VLC03;CATANIA GUACARA;ProdBEBIDAS;NARANJADA  200 ML TUNAL;18
3779593;2026-09-29;VLC03;CATANIA GUACARA;ProdEMBUTIDOS;MORTADELA DE POLLO DE 1 KG;4
3779569;2026-09-29;VLC03;CATANIA GUACARA;ProdJAMONERIA;JAMON AHUMADO VISKING ITALICO 3.5 KG;1
3779604;2026-09-29;VLC03;CATANIA GUACARA;ProdDERIV_LACTEOS;CREMA DE LECHE DE 250GR PURISIMA;20
3779661;2026-09-29;VLC03;CATANIA GUACARA;ProdBEBIDAS;TE DURAZNO 1L TUNAL;4
3779599;2026-09-29;VLC03;CATANIA GUACARA;ProdDERIV_LACTEOS;MANTEQUILLA PURISIMA CON SAL 200G PURISIMA;6
3779565;2026-09-29;VLC03;CATANIA GUACARA;ProdJAMONERIA;JAMON PIERNA ALIMEX 98% 5.9kg;1
3779584;2026-09-29;VLC03;CATANIA GUACARA;ProdEMBUTIDOS;SALCHICHA TIPO VIENA 225G (11unid) ALIMEX;1
3779598;2026-09-29;VLC03;CATANIA GUACARA;ProdDERIV_LACTEOS;MANTEQUILLA PURISIMA SIN SAL 200G PURISIMA;6
3779640;2026-09-29;VLC03;CATANIA GUACARA;ProdBEBIDAS;NECTAR MANZANA 1L TUNAL;4
3779639;2026-09-29;VLC03;CATANIA GUACARA;ProdBEBIDAS;NECTAR DURAZNO 1L TUNAL;4
3779562;2026-09-29;VLC03;CATANIA GUACARA;ProdEMBUTIDOS;CHORIZO DE CERDO AHUMADO PARRILLERO ALIMEX;1
3779580;2026-09-29;VLC03;CATANIA GUACARA;ProdDERIV_LACTEOS;QUESO DE CABRA 500G PURISIMA;2
3779611;2026-09-29;VLC03;CATANIA GUACARA;ProdBEBIDAS_LACT;LECHE COMPLETA LIQUIDA PURISIMA;15
3779638;2026-09-29;VLC03;CATANIA GUACARA;ProdBEBIDAS;NARANJADA 1L TUNAL;8
3779662;2026-09-29;VLC03;CATANIA GUACARA;ProdBEBIDAS;TE LIMON 1L TUNAL;2
3779626;2026-09-29;VLC03;CATANIA GUACARA;ProdHUEVOS;HUEVO EMPACADO- 1X12 PLASTICO TUNAL;18
3781764;2026-09-29;VLC04;CATANIA PLAZA DE TOROS;ProdBEBIDAS;TE DURAZNO 1L TUNAL;1
3781755;2026-09-29;VLC04;CATANIA PLAZA DE TOROS;ProdBEBIDAS;NECTAR MANZANA 1L TUNAL;2
3781787;2026-09-29;VLC04;CATANIA PLAZA DE TOROS;ProdDERIV_LACTEOS;CREMA DE LECHE DE 500GR PURISIMA;2
3781765;2026-09-29;VLC04;CATANIA PLAZA DE TOROS;ProdBEBIDAS;TE FRUTOS ROJOS 1L TUNAL;1
3781782;2026-09-29;VLC04;CATANIA PLAZA DE TOROS;ProdDERIV_LACTEOS;MANTEQUILLA PURISIMA CON SAL 200G PURISIMA;2
3781777;2026-09-29;VLC04;CATANIA PLAZA DE TOROS;ProdEMBUTIDOS;MORTADELA CCS DE CARNES 900G;1
3781757;2026-09-29;VLC04;CATANIA PLAZA DE TOROS;ProdBEBIDAS;NARANJADA  200 ML TUNAL;1
3781763;2026-09-29;VLC04;CATANIA PLAZA DE TOROS;ProdBEBIDAS;NECTAR PERA 200 ML TUNAL;1
3781756;2026-09-29;VLC04;CATANIA PLAZA DE TOROS;ProdBEBIDAS;NECTAR PERA 1L TUNAL;1
3781759;2026-09-29;VLC04;CATANIA PLAZA DE TOROS;ProdBEBIDAS;NECTAR MANZANA 200 ML TUNAL;1
3781776;2026-09-29;VLC04;CATANIA PLAZA DE TOROS;ProdEMBUTIDOS;SALCHICHA TIPO VIENA 800GR (24unid) ALIMEX;1
3781753;2026-09-29;VLC04;CATANIA PLAZA DE TOROS;ProdBEBIDAS;NARANJADA 1L TUNAL;3
3781754;2026-09-29;VLC04;CATANIA PLAZA DE TOROS;ProdBEBIDAS;NECTAR DURAZNO 1L TUNAL;1
3781770;2026-09-29;VLC04;CATANIA PLAZA DE TOROS;ProdBEBIDAS_LACT;LECHE DESCREMADA LIQUIDA PURISIMA;2
3781786;2026-09-29;VLC04;CATANIA PLAZA DE TOROS;ProdDERIV_LACTEOS;CREMA DE LECHE DE 250GR PURISIMA;2
3781779;2026-09-29;VLC04;CATANIA PLAZA DE TOROS;ProdEMBUTIDOS;MORTADELA CCS DE CARNES 500G;1
3781771;2026-09-29;VLC04;CATANIA PLAZA DE TOROS;ProdBEBIDAS_LACT;LECHE  DESLACTOSADA LIQUIDA PURISIMA;2
3781775;2026-09-29;VLC04;CATANIA PLAZA DE TOROS;ProdEMBUTIDOS;SALCHICHA TIPO VIENA 225G (11unid) ALIMEX;1
3781769;2026-09-29;VLC04;CATANIA PLAZA DE TOROS;ProdBEBIDAS_LACT;LECHE COMPLETA LIQUIDA PURISIMA;3
3781758;2026-09-29;VLC04;CATANIA PLAZA DE TOROS;ProdBEBIDAS;NECTAR DURAZNO 200 ML TUNAL;1
3781783;2026-09-29;VLC04;CATANIA PLAZA DE TOROS;ProdDERIV_LACTEOS;MANTEQUILLA PURISIMA SIN SAL 200G PURISIMA;2
3786858;2026-09-29;CCS11;CENTRAL MADEIRENSE CONCORDIA;ProdBEBIDAS;NARANJADA 1L TUNAL;2
3786860;2026-09-29;CCS11;CENTRAL MADEIRENSE CONCORDIA;ProdBEBIDAS;NECTAR MANZANA 1L TUNAL;2
3786877;2026-09-29;CCS11;CENTRAL MADEIRENSE CONCORDIA;ProdEMBUTIDOS;SALCHICHA TIPO VIENA 225G (11unid) ALIMEX;1
3786888;2026-09-29;CCS11;CENTRAL MADEIRENSE CONCORDIA;ProdDERIV_LACTEOS;CREMA DE LECHE DE 500GR PURISIMA;2
3786886;2026-09-29;CCS11;CENTRAL MADEIRENSE CONCORDIA;ProdDERIV_LACTEOS;MANTEQUILLA PURISIMA SIN SAL 200G PURISIMA;1
3786865;2026-09-29;CCS11;CENTRAL MADEIRENSE CONCORDIA;ProdBEBIDAS;NECTAR DURAZNO 1L TUNAL;2
3786893;2026-09-29;CCS11;CENTRAL MADEIRENSE CONCORDIA;ProdEMBUTIDOS;MORTADELA TAPARA Alimex;1
3786863;2026-09-29;CCS11;CENTRAL MADEIRENSE CONCORDIA;ProdBEBIDAS;NECTAR PERA 1L TUNAL;2
3786849;2026-09-29;CCS11;CENTRAL MADEIRENSE CONCORDIA;ProdBEBIDAS_LACT;LECHE  DESLACTOSADA LIQUIDA PURISIMA;4
3786873;2026-09-29;CCS11;CENTRAL MADEIRENSE CONCORDIA;ProdBEBIDAS;TE LIMON 1L TUNAL;4
3786883;2026-09-29;CCS11;CENTRAL MADEIRENSE CONCORDIA;ProdDERIV_LACTEOS;MANTEQUILLA PURISIMA CON SAL 200G PURISIMA;1
3786846;2026-09-29;CCS11;CENTRAL MADEIRENSE CONCORDIA;ProdBEBIDAS_LACT;LECHE DESCREMADA LIQUIDA PURISIMA;8
3786871;2026-09-29;CCS11;CENTRAL MADEIRENSE CONCORDIA;ProdBEBIDAS;TE DURAZNO 1L TUNAL;4
3786843;2026-09-29;CCS11;CENTRAL MADEIRENSE CONCORDIA;ProdBEBIDAS_LACT;LECHE COMPLETA LIQUIDA PURISIMA;8
3776248;2026-09-29;CCS11;CENTRAL MADEIRENSE SAN JOSE;ProdDERIV_LACTEOS;CREMA DE LECHE DE 250GR PURISIMA;2
3776253;2026-09-29;CCS11;CENTRAL MADEIRENSE SAN JOSE;ProdEMBUTIDOS;MORTADELA TAPARA Alimex;1
3776233;2026-09-29;CCS11;CENTRAL MADEIRENSE SAN JOSE;ProdBEBIDAS_LACT;LECHE COMPLETA LIQUIDA PURISIMA;16
3776249;2026-09-29;CCS11;CENTRAL MADEIRENSE SAN JOSE;ProdDERIV_LACTEOS;CREMA DE LECHE DE 500GR PURISIMA;2
3776234;2026-09-29;CCS11;CENTRAL MADEIRENSE SAN JOSE;ProdBEBIDAS_LACT;LECHE DESCREMADA LIQUIDA PURISIMA;4
3776245;2026-09-29;CCS11;CENTRAL MADEIRENSE SAN JOSE;ProdDERIV_LACTEOS;MANTEQUILLA PURISIMA CON SAL 200G PURISIMA;2
3776252;2026-09-29;CCS11;CENTRAL MADEIRENSE SAN JOSE;ProdJAMONERIA;JAMON PIERNA ALIMEX 98% 5.9kg;1
3776235;2026-09-29;CCS11;CENTRAL MADEIRENSE SAN JOSE;ProdBEBIDAS_LACT;LECHE  DESLACTOSADA LIQUIDA PURISIMA;16
3776244;2026-09-29;CCS11;CENTRAL MADEIRENSE SAN JOSE;ProdDERIV_LACTEOS;MANTEQUILLA PURISIMA SIN SAL 200G PURISIMA;2
3779915;2026-09-29;PLC03;CON TODO CALLE LIBERTAD PLC;ProdBEBIDAS_LACT;LECHE DESCREMADA LIQUIDA PURISIMA;1
3779924;2026-09-29;PLC03;CON TODO CALLE LIBERTAD PLC;ProdBEBIDAS;NECTAR DURAZNO 1L TUNAL;6
3779927;2026-09-29;PLC03;CON TODO CALLE LIBERTAD PLC;ProdBEBIDAS;TE FRUTOS ROJOS 1L TUNAL;6
3779928;2026-09-29;PLC03;CON TODO CALLE LIBERTAD PLC;ProdBEBIDAS;TE LIMON 1L TUNAL;6
3779926;2026-09-29;PLC03;CON TODO CALLE LIBERTAD PLC;ProdBEBIDAS;NECTAR PERA 1L TUNAL;6
3779916;2026-09-29;PLC03;CON TODO CALLE LIBERTAD PLC;ProdBEBIDAS_LACT;LECHE  DESLACTOSADA LIQUIDA PURISIMA;1
3779925;2026-09-29;PLC03;CON TODO CALLE LIBERTAD PLC;ProdBEBIDAS;NECTAR MANZANA 1L TUNAL;6
3779923;2026-09-29;PLC03;CON TODO CALLE LIBERTAD PLC;ProdBEBIDAS;NARANJADA 1L TUNAL;6
3779914;2026-09-29;PLC03;CON TODO CALLE LIBERTAD PLC;ProdBEBIDAS_LACT;LECHE COMPLETA LIQUIDA PURISIMA;1
3786818;2026-09-29;CCS11;Comercial punto Lecuna;ProdBEBIDAS_LACT;LECHE  DESLACTOSADA LIQUIDA PURISIMA;2
3786817;2026-09-29;CCS11;Comercial punto Lecuna;ProdBEBIDAS_LACT;LECHE COMPLETA LIQUIDA PURISIMA;4
3786830;2026-09-29;CCS11;Comercial punto Lecuna;ProdBEBIDAS_LACT;LECHE EN POLVO PURISIMA 200GR;2
3786819;2026-09-29;CCS11;Comercial punto Lecuna;ProdBEBIDAS;NECTAR MANZANA 1L TUNAL;1
3786832;2026-09-29;CCS11;Comercial punto Lecuna;ProdBEBIDAS_LACT;LECHE EN POLVO PURISIMA 900GR;2
3786825;2026-09-29;CCS11;Comercial punto Lecuna;ProdBEBIDAS;NECTAR PERA 200 ML TUNAL;1
3786824;2026-09-29;CCS11;Comercial punto Lecuna;ProdBEBIDAS;NECTAR MANZANA 200 ML TUNAL;1
3786821;2026-09-29;CCS11;Comercial punto Lecuna;ProdBEBIDAS;NECTAR DURAZNO 1L TUNAL;1
3786831;2026-09-29;CCS11;Comercial punto Lecuna;ProdBEBIDAS_LACT;LECHE EN POLVO PURISIMA 400GR;3
3786820;2026-09-29;CCS11;Comercial punto Lecuna;ProdBEBIDAS;NECTAR PERA 1L TUNAL;1
3784565;2026-09-29;PLC08;Contodo Barcelona;ProdEMBUTIDOS;SALCHICHA TIPO VIENA 450GR (22unid) ALIMEX;2
3784563;2026-09-29;PLC08;Contodo Barcelona;ProdEMBUTIDOS;SALCHICHA TIPO VIENA 800GR (24unid) ALIMEX;2
3784567;2026-09-29;PLC08;Contodo Barcelona;ProdEMBUTIDOS;SALCHICHA TIPO VIENA 225G (11unid) ALIMEX;2
3783457;2026-09-29;CCS07;EMPORIUM GUARENAS PALMA REAL;ProdBEBIDAS;NECTAR PERA 1L TUNAL;3
3783472;2026-09-29;CCS07;EMPORIUM GUARENAS PALMA REAL;ProdBEBIDAS_LACT;LECHE  DESLACTOSADA LIQUIDA PURISIMA;35
3783456;2026-09-29;CCS07;EMPORIUM GUARENAS PALMA REAL;ProdBEBIDAS;NECTAR MANZANA 1L TUNAL;6
3783455;2026-09-29;CCS07;EMPORIUM GUARENAS PALMA REAL;ProdBEBIDAS;NECTAR PERA 200 ML TUNAL;6
3783473;2026-09-29;CCS07;EMPORIUM GUARENAS PALMA REAL;ProdBEBIDAS_LACT;LECHE BARISTA PURISIMA;7
3783454;2026-09-29;CCS07;EMPORIUM GUARENAS PALMA REAL;ProdBEBIDAS;NARANJADA  200 ML TUNAL;6
3783471;2026-09-29;CCS07;EMPORIUM GUARENAS PALMA REAL;ProdBEBIDAS_LACT;LECHE DESCREMADA LIQUIDA PURISIMA;42
3783458;2026-09-29;CCS07;EMPORIUM GUARENAS PALMA REAL;ProdBEBIDAS;NECTAR DURAZNO 1L TUNAL;6
3783459;2026-09-29;CCS07;EMPORIUM GUARENAS PALMA REAL;ProdBEBIDAS;TE DURAZNO 1L TUNAL;2
3783460;2026-09-29;CCS07;EMPORIUM GUARENAS PALMA REAL;ProdBEBIDAS;TE LIMON 1L TUNAL;2
3783465;2026-09-29;CCS07;EMPORIUM GUARENAS PALMA REAL;ProdHUEVOS;HUEVO EMPACADO- 1X12 PLASTICO TUNAL;1
3783461;2026-09-29;CCS07;EMPORIUM GUARENAS PALMA REAL;ProdBEBIDAS;TE FRUTOS ROJOS 1L TUNAL;2
3783470;2026-09-29;CCS07;EMPORIUM GUARENAS PALMA REAL;ProdBEBIDAS_LACT;LECHE COMPLETA LIQUIDA PURISIMA;28
3775417;2026-09-29;CCS07;EMPORIUM LA PARADA;ProdBEBIDAS_LACT;LECHE  DESLACTOSADA LIQUIDA PURISIMA;10
3775416;2026-09-29;CCS07;EMPORIUM LA PARADA;ProdBEBIDAS_LACT;LECHE DESCREMADA LIQUIDA PURISIMA;10
3775441;2026-09-29;CCS07;EMPORIUM LA PARADA;ProdBEBIDAS;TE LIMON 1L TUNAL;3
3775432;2026-09-29;CCS07;EMPORIUM LA PARADA;ProdBEBIDAS;NARANJADA 1L TUNAL;3
3775414;2026-09-29;CCS07;EMPORIUM LA PARADA;ProdBEBIDAS_LACT;LECHE BARISTA PURISIMA;2
3775439;2026-09-29;CCS07;EMPORIUM LA PARADA;ProdBEBIDAS;NECTAR DURAZNO 200 ML TUNAL;8
3775433;2026-09-29;CCS07;EMPORIUM LA PARADA;ProdBEBIDAS;NECTAR MANZANA 1L TUNAL;3
3775438;2026-09-29;CCS07;EMPORIUM LA PARADA;ProdBEBIDAS;NECTAR PERA 200 ML TUNAL;4
3775440;2026-09-29;CCS07;EMPORIUM LA PARADA;ProdBEBIDAS;TE DURAZNO 1L TUNAL;3
3775437;2026-09-29;CCS07;EMPORIUM LA PARADA;ProdBEBIDAS;NECTAR MANZANA 200 ML TUNAL;4
3775436;2026-09-29;CCS07;EMPORIUM LA PARADA;ProdBEBIDAS;NARANJADA  200 ML TUNAL;8
3775435;2026-09-29;CCS07;EMPORIUM LA PARADA;ProdBEBIDAS;NECTAR DURAZNO 1L TUNAL;3
3775442;2026-09-29;CCS07;EMPORIUM LA PARADA;ProdBEBIDAS;TE FRUTOS ROJOS 1L TUNAL;3
3775450;2026-09-29;CCS07;EMPORIUM LA PARADA;ProdHUEVOS;HUEVO EMPACADO- ESTUCHADO 1X6 TUNAL;2
3775434;2026-09-29;CCS07;EMPORIUM LA PARADA;ProdBEBIDAS;NECTAR PERA 1L TUNAL;3
3775449;2026-09-29;CCS07;EMPORIUM LA PARADA;ProdHUEVOS;HUEVO EMPACADO- 1X12 PLASTICO TUNAL;1
3775415;2026-09-29;CCS07;EMPORIUM LA PARADA;ProdBEBIDAS_LACT;LECHE COMPLETA LIQUIDA PURISIMA;10
3768147;2026-09-29;MCY02;EUROMARKET;ProdBEBIDAS;TE DURAZNO 1L TUNAL;2
3782800;2026-09-29;MCY02;EUROMARKET;ProdBEBIDAS;NARANJADA  500 ML TUNAL;4
3782795;2026-09-29;MCY02;EUROMARKET;ProdBEBIDAS;NECTAR PERA 1L TUNAL;2
3768153;2026-09-29;MCY02;EUROMARKET;ProdEMBUTIDOS;MORTADELA DE POLLO DE 1 KG;1
3782801;2026-09-29;MCY02;EUROMARKET;ProdBEBIDAS;TE LIMON 500ML TUNAL;2
3768160;2026-09-29;MCY02;EUROMARKET;ProdEMBUTIDOS;CHORIZO DE CERDO PICANTE PARRILLERO ALIMEX;1
3782797;2026-09-29;MCY02;EUROMARKET;ProdBEBIDAS;NECTAR PERA LIGHT 1 LITRO TUNAL;2
3768159;2026-09-29;MCY02;EUROMARKET;ProdEMBUTIDOS;CHORIZO DE CERDO AHUMADO PARRILLERO ALIMEX;1
3768157;2026-09-29;MCY02;EUROMARKET;ProdEMBUTIDOS;Salchicha el tunal de pollo 450gr;1
3782649;2026-09-29;MCY03;EUROMERCADO INTERCOMUNAL;ProdBEBIDAS_LACT;LECHE EN POLVO PURISIMA 900GR;2
3782650;2026-09-29;MCY03;EUROMERCADO INTERCOMUNAL;ProdBEBIDAS_LACT;LECHE EN POLVO PURISIMA 400GR;
3782654;2026-09-29;MCY03;EUROMERCADO INTERCOMUNAL;ProdEMBUTIDOS;TOCINETA AHUMADA SIN CUERO 3.5KG ALIMEX;1
3786911;2026-09-29;CCS11;FORUM SAN BERBARDINO;ProdBEBIDAS;NECTAR MANZANA 1L TUNAL;1
3786912;2026-09-29;CCS11;FORUM SAN BERBARDINO;ProdBEBIDAS;NECTAR PERA 1L TUNAL;1
3786927;2026-09-29;CCS11;FORUM SAN BERBARDINO;ProdBEBIDAS_LACT;LECHE  DESLACTOSADA LIQUIDA PURISIMA;30
3786874;2026-09-29;CCS11;FORUM SAN BERBARDINO;ProdEMBUTIDOS;CHORIZO DE CERDO PICANTE PARRILLERO ALIMEX;2
3786857;2026-09-29;CCS11;FORUM SAN BERBARDINO;ProdEMBUTIDOS;SALCHICHA TIPO VIENA 225G (11unid) ALIMEX;1
3786859;2026-09-29;CCS11;FORUM SAN BERBARDINO;ProdEMBUTIDOS;SALCHICHA TIPO VIENA 450GR (22unid) ALIMEX;2
3786913;2026-09-29;CCS11;FORUM SAN BERBARDINO;ProdBEBIDAS;NECTAR DURAZNO 1L TUNAL;1
3786916;2026-09-29;CCS11;FORUM SAN BERBARDINO;ProdBEBIDAS;NECTAR PERA 200 ML TUNAL;1
3786845;2026-09-29;CCS11;FORUM SAN BERBARDINO;ProdBEBIDAS;TE DURAZNO 1L TUNAL;1
3786901;2026-09-29;CCS11;FORUM SAN BERBARDINO;ProdJAMONERIA;JAMON PIERNA ALIMEX 98% 5.9kg;1
3786847;2026-09-29;CCS11;FORUM SAN BERBARDINO;ProdBEBIDAS;TE LIMON 1L TUNAL;1
3786848;2026-09-29;CCS11;FORUM SAN BERBARDINO;ProdBEBIDAS;TE FRUTOS ROJOS 1L TUNAL;1
3786898;2026-09-29;CCS11;FORUM SAN BERBARDINO;ProdDERIV_LACTEOS;QUESO DE CABRA 500G PURISIMA;1
3786914;2026-09-29;CCS11;FORUM SAN BERBARDINO;ProdBEBIDAS;NARANJADA  200 ML TUNAL;1
3786917;2026-09-29;CCS11;FORUM SAN BERBARDINO;ProdBEBIDAS;NECTAR DURAZNO 200 ML TUNAL;1
3786876;2026-09-29;CCS11;FORUM SAN BERBARDINO;ProdEMBUTIDOS;CHORIZO DE CERDO AHUMADO PARRILLERO ALIMEX;2
3786915;2026-09-29;CCS11;FORUM SAN BERBARDINO;ProdBEBIDAS;NECTAR MANZANA 200 ML TUNAL;1
3786897;2026-09-29;CCS11;FORUM SAN BERBARDINO;ProdDERIV_LACTEOS;CREMA DE LECHE DE 500GR PURISIMA;3
3786910;2026-09-29;CCS11;FORUM SAN BERBARDINO;ProdBEBIDAS;NARANJADA 1L TUNAL;1
3786921;2026-09-29;CCS11;FORUM SAN BERBARDINO;ProdBEBIDAS_LACT;LECHE EN POLVO PURISIMA 900GR;3
3786926;2026-09-29;CCS11;FORUM SAN BERBARDINO;ProdBEBIDAS_LACT;LECHE DESCREMADA LIQUIDA PURISIMA;30
3786925;2026-09-29;CCS11;FORUM SAN BERBARDINO;ProdBEBIDAS_LACT;LECHE COMPLETA LIQUIDA PURISIMA;30
3786868;2026-09-29;CCS11;FORUM SAN BERBARDINO;ProdDERIV_LACTEOS;MANTEQUILLA PURISIMA SIN SAL 200G PURISIMA;3
3786896;2026-09-29;CCS11;FORUM SAN BERBARDINO;ProdDERIV_LACTEOS;CREMA DE LECHE DE 250GR PURISIMA;2
3786861;2026-09-29;CCS11;FORUM SAN BERBARDINO;ProdEMBUTIDOS;SALCHICHA TIPO VIENA 800GR (24unid) ALIMEX;1
3786887;2026-09-29;CCS11;FORUM SAN BERBARDINO;ProdEMBUTIDOS;MORTADELA CCS DE CARNES 500G;2
3786866;2026-09-29;CCS11;FORUM SAN BERBARDINO;ProdDERIV_LACTEOS;MANTEQUILLA PURISIMA CON SAL 200G PURISIMA;3
3786899;2026-09-29;CCS11;FORUM SAN BERBARDINO;ProdDERIV_LACTEOS;Queso amarillo Purisima semimadurado disco 500gr;1
3786889;2026-09-29;CCS11;FORUM SAN BERBARDINO;ProdEMBUTIDOS;MORTADELA CCS DE CARNES 900G;1
3786920;2026-09-29;CCS11;FORUM SAN BERBARDINO;ProdBEBIDAS_LACT;LECHE EN POLVO PURISIMA 400GR;6
3793378;2026-09-29;BQTO03;FRIGORIFICO POLLERA CABUDARE;ProdBEBIDAS;JUGO NARANJA LIGTH 1 LITRO TUNAL;8
3793383;2026-09-29;BQTO03;FRIGORIFICO POLLERA CABUDARE;ProdBEBIDAS;TE FRUTOS ROJOS 1L TUNAL;8
3793349;2026-09-29;BQTO03;FRIGORIFICO POLLERA CABUDARE;ProdBEBIDAS_LACT;LECHE COMPLETA LIQUIDA PURISIMA;24
3793380;2026-09-29;BQTO03;FRIGORIFICO POLLERA CABUDARE;ProdBEBIDAS;TE DURAZNO 1L TUNAL;8
3793382;2026-09-29;BQTO03;FRIGORIFICO POLLERA CABUDARE;ProdBEBIDAS;TE LIMON 1L TUNAL;8
3793376;2026-09-29;BQTO03;FRIGORIFICO POLLERA CABUDARE;ProdBEBIDAS;NECTAR DURAZNO 1L TUNAL;4
3793357;2026-09-29;BQTO03;FRIGORIFICO POLLERA CABUDARE;ProdBEBIDAS_LACT;LECHE DESCREMADA LIQUIDA PURISIMA;20
3793375;2026-09-29;BQTO03;FRIGORIFICO POLLERA CABUDARE;ProdBEBIDAS;NECTAR PERA 1L TUNAL;4
3793363;2026-09-29;BQTO03;FRIGORIFICO POLLERA CABUDARE;ProdBEBIDAS_LACT;LECHE COMPLETA BARISTA LIQUIDA PURISIMA;8
3793371;2026-09-29;BQTO03;FRIGORIFICO POLLERA CABUDARE;ProdBEBIDAS;NECTAR MANZANA 1L TUNAL;4
3793368;2026-09-29;BQTO03;FRIGORIFICO POLLERA CABUDARE;ProdBEBIDAS;NARANJADA 1L TUNAL;7
3793360;2026-09-29;BQTO03;FRIGORIFICO POLLERA CABUDARE;ProdBEBIDAS_LACT;LECHE  DESLACTOSADA LIQUIDA PURISIMA;20
3787087;2026-09-29;BQTO01;FRIGORIFICO POLLERA LA 20;ProdBEBIDAS;TE LIMON 1L TUNAL;1
3787088;2026-09-29;BQTO01;FRIGORIFICO POLLERA LA 20;ProdBEBIDAS;TE FRUTOS ROJOS 1L TUNAL;1
3787085;2026-09-29;BQTO01;FRIGORIFICO POLLERA LA 20;ProdBEBIDAS;TE DURAZNO 1L TUNAL;1
3787083;2026-09-29;BQTO01;FRIGORIFICO POLLERA LA 20;ProdBEBIDAS;NECTAR DURAZNO 200 ML TUNAL;2
3787073;2026-09-29;BQTO01;FRIGORIFICO POLLERA LA 20;ProdBEBIDAS;NECTAR PERA 1L TUNAL;2
3787082;2026-09-29;BQTO01;FRIGORIFICO POLLERA LA 20;ProdBEBIDAS;NARANJADA  200 ML TUNAL;2
3787084;2026-09-29;BQTO01;FRIGORIFICO POLLERA LA 20;ProdBEBIDAS;NECTAR PERA 200 ML TUNAL;2
3787078;2026-09-29;BQTO01;FRIGORIFICO POLLERA LA 20;ProdBEBIDAS;JUGO NARANJA LIGTH 1 LITRO TUNAL;1
3787094;2026-09-29;BQTO01;FRIGORIFICO POLLERA LA 20;ProdBEBIDAS_LACT;LECHE  DESLACTOSADA LIQUIDA PURISIMA;1
3787092;2026-09-29;BQTO01;FRIGORIFICO POLLERA LA 20;ProdBEBIDAS_LACT;LECHE DESCREMADA LIQUIDA PURISIMA;1
3787090;2026-09-29;BQTO01;FRIGORIFICO POLLERA LA 20;ProdBEBIDAS_LACT;LECHE COMPLETA LIQUIDA PURISIMA;2
3787080;2026-09-29;BQTO01;FRIGORIFICO POLLERA LA 20;ProdBEBIDAS;NECTAR PERA LIGHT 1 LITRO TUNAL;1
3787067;2026-09-29;BQTO01;FRIGORIFICO POLLERA LA 20;ProdBEBIDAS;NARANJADA 1L TUNAL;2
3787076;2026-09-29;BQTO01;FRIGORIFICO POLLERA LA 20;ProdBEBIDAS;NECTAR MANZANA 1L TUNAL;1
3787070;2026-09-29;BQTO01;FRIGORIFICO POLLERA LA 20;ProdBEBIDAS;NECTAR DURAZNO 1L TUNAL;1
3772475;2026-09-29;BQTO02;FRIGORIFICO POLLERA NUEVA SEGOVIA;ProdBEBIDAS;TE LIMON 1L TUNAL;1
3772473;2026-09-29;BQTO02;FRIGORIFICO POLLERA NUEVA SEGOVIA;ProdBEBIDAS;JUGO NARANJA LIGTH 1 LITRO TUNAL;1
3772474;2026-09-29;BQTO02;FRIGORIFICO POLLERA NUEVA SEGOVIA;ProdBEBIDAS;TE DURAZNO 1L TUNAL;1
3772466;2026-09-29;BQTO02;FRIGORIFICO POLLERA NUEVA SEGOVIA;ProdBEBIDAS_LACT;LECHE  DESLACTOSADA LIQUIDA PURISIMA;12
3772465;2026-09-29;BQTO02;FRIGORIFICO POLLERA NUEVA SEGOVIA;ProdDERIV_LACTEOS;MANTEQUILLA PURISIMA CON SAL 200G PURISIMA;3
3772471;2026-09-29;BQTO02;FRIGORIFICO POLLERA NUEVA SEGOVIA;ProdBEBIDAS;NECTAR MANZANA 1L TUNAL;4
3772477;2026-09-29;BQTO02;FRIGORIFICO POLLERA NUEVA SEGOVIA;ProdEMBUTIDOS;SALCHICHA TIPO VIENA 800GR (24unid) ALIMEX;1
3772464;2026-09-29;BQTO02;FRIGORIFICO POLLERA NUEVA SEGOVIA;ProdDERIV_LACTEOS;MANTEQUILLA PURISIMA SIN SAL 200G PURISIMA;3
3772480;2026-09-29;BQTO02;FRIGORIFICO POLLERA NUEVA SEGOVIA;ProdDERIV_LACTEOS;CREMA DE LECHE DE 500GR PURISIMA;8
3772481;2026-09-29;BQTO02;FRIGORIFICO POLLERA NUEVA SEGOVIA;ProdDERIV_LACTEOS;CREMA DE LECHE DE 250GR PURISIMA;16
3772467;2026-09-29;BQTO02;FRIGORIFICO POLLERA NUEVA SEGOVIA;ProdBEBIDAS_LACT;LECHE COMPLETA LIQUIDA PURISIMA;18
3772472;2026-09-29;BQTO02;FRIGORIFICO POLLERA NUEVA SEGOVIA;ProdBEBIDAS;NECTAR PERA 1L TUNAL;4
3772479;2026-09-29;BQTO02;FRIGORIFICO POLLERA NUEVA SEGOVIA;ProdEMBUTIDOS;SALCHICHA TIPO VIENA 225G (11unid) ALIMEX;1
3772478;2026-09-29;BQTO02;FRIGORIFICO POLLERA NUEVA SEGOVIA;ProdEMBUTIDOS;SALCHICHA TIPO VIENA 450GR (22unid) ALIMEX;1
3772470;2026-09-29;BQTO02;FRIGORIFICO POLLERA NUEVA SEGOVIA;ProdBEBIDAS;NECTAR DURAZNO 1L TUNAL;4
3772468;2026-09-29;BQTO02;FRIGORIFICO POLLERA NUEVA SEGOVIA;ProdBEBIDAS_LACT;LECHE DESCREMADA LIQUIDA PURISIMA;18
3772476;2026-09-29;BQTO02;FRIGORIFICO POLLERA NUEVA SEGOVIA;ProdBEBIDAS;TE FRUTOS ROJOS 1L TUNAL;1
3772469;2026-09-29;BQTO02;FRIGORIFICO POLLERA NUEVA SEGOVIA;ProdBEBIDAS;NARANJADA 1L TUNAL;4
3796301;2026-09-29;MCY04;Hiperexito Cagua;ProdDERIV_LACTEOS;CREMA DE LECHE DE 500GR PURISIMA;2
3796319;2026-09-29;MCY04;Hiperexito Cagua;ProdEMBUTIDOS;SALCHICHA TIPO VIENA 800GR (24unid) ALIMEX;1
3796344;2026-09-29;MCY04;Hiperexito Cagua;ProdBEBIDAS_LACT;LECHE COMPLETA LIQUIDA PURISIMA;12
3796325;2026-09-29;MCY04;Hiperexito Cagua;ProdEMBUTIDOS;CHORIZO DE CERDO AHUMADO PARRILLERO ALIMEX;1
3796322;2026-09-29;MCY04;Hiperexito Cagua;ProdEMBUTIDOS;SALCHICHA TIPO VIENA 450GR (22unid) ALIMEX;2
3796304;2026-09-29;MCY04;Hiperexito Cagua;ProdDERIV_LACTEOS;CREMA DE LECHE DE 250GR PURISIMA;2
3796328;2026-09-29;MCY04;Hiperexito Cagua;ProdEMBUTIDOS;CHORIZO DE CERDO PICANTE PARRILLERO ALIMEX;2
3796346;2026-09-29;MCY04;Hiperexito Cagua;ProdBEBIDAS_LACT;LECHE DESCREMADA LIQUIDA PURISIMA;6
3796342;2026-09-29;MCY04;Hiperexito Cagua;ProdBEBIDAS_LACT;LECHE  DESLACTOSADA LIQUIDA PURISIMA;1
3787537;2026-09-29;MCY01;Hortifresca Av Bermudez;ProdBEBIDAS_LACT;LECHE EN POLVO PURISIMA 200GR;2
3787539;2026-09-29;MCY01;Hortifresca Av Bermudez;ProdBEBIDAS_LACT;LECHE EN POLVO PURISIMA 400GR;1
3787546;2026-09-29;MCY01;Hortifresca Av Bermudez;ProdDERIV_LACTEOS;MANTEQUILLA PURISIMA SIN SAL 200G PURISIMA;1
3787541;2026-09-29;MCY01;Hortifresca Av Bermudez;ProdBEBIDAS_LACT;LECHE EN POLVO PURISIMA 900GR;1
3787547;2026-09-29;MCY01;Hortifresca Av Bermudez;ProdDERIV_LACTEOS;MANTEQUILLA PURISIMA CON SAL 200G PURISIMA;1
3787550;2026-09-29;MCY01;Hortifresca Av Bermudez;ProdDERIV_LACTEOS;CREMA DE LECHE DE 250GR PURISIMA;1
3787559;2026-09-29;MCY01;Hortifresca Av Bermudez;ProdBEBIDAS;NECTAR MANZANA 1L TUNAL;1
3787556;2026-09-29;MCY01;Hortifresca Av Bermudez;ProdBEBIDAS_LACT;LECHE COMPLETA LIQUIDA PURISIMA;1
3787567;2026-09-29;MCY01;Hortifresca Av Bermudez;ProdJAMONERIA;JAMON PIERNA ALIMEX 98% 5.9kg;1
3787560;2026-09-29;MCY01;Hortifresca Av Bermudez;ProdBEBIDAS;NECTAR PERA 1L TUNAL;1
3787557;2026-09-29;MCY01;Hortifresca Av Bermudez;ProdBEBIDAS_LACT;LECHE DESCREMADA LIQUIDA PURISIMA;1
3787558;2026-09-29;MCY01;Hortifresca Av Bermudez;ProdBEBIDAS_LACT;LECHE  DESLACTOSADA LIQUIDA PURISIMA;2
3779363;2026-09-29;PLC09;IKO FARMA;ProdBEBIDAS;NECTAR DURAZNO 1L TUNAL;11
3779355;2026-09-29;PLC09;IKO FARMA;ProdBEBIDAS_LACT;LECHE COMPLETA LIQUIDA PURISIMA;4
3779358;2026-09-29;PLC09;IKO FARMA;ProdBEBIDAS_LACT;LECHE EN POLVO PURISIMA 200GR;1
3779360;2026-09-29;PLC09;IKO FARMA;ProdBEBIDAS_LACT;LECHE EN POLVO PURISIMA 400GR;1
3779364;2026-09-29;PLC09;IKO FARMA;ProdBEBIDAS;NECTAR PERA LIGHT 1 LITRO TUNAL;7
3779357;2026-09-29;PLC09;IKO FARMA;ProdBEBIDAS_LACT;LECHE  DESLACTOSADA LIQUIDA PURISIMA;2
3779356;2026-09-29;PLC09;IKO FARMA;ProdBEBIDAS_LACT;LECHE DESCREMADA LIQUIDA PURISIMA;2
3785772;2026-09-29;VLC01;KALEA VALLE;ProdBEBIDAS;TE LIMON 1L TUNAL;1
3785773;2026-09-29;VLC01;KALEA VALLE;ProdBEBIDAS;TE FRUTOS ROJOS 1L TUNAL;1
3785771;2026-09-29;VLC01;KALEA VALLE;ProdBEBIDAS;TE DURAZNO 1L TUNAL;1
3785775;2026-09-29;VLC01;KALEA VALLE;ProdBEBIDAS;NECTAR PERA 1L TUNAL;1
3785807;2026-09-29;VLC01;KALEA VALLE;ProdBEBIDAS_LACT;LECHE  DESLACTOSADA LIQUIDA PURISIMA;3
3785821;2026-09-29;VLC01;KALEA VALLE;ProdHUEVOS;HUEVO EMPACADO- ESTUCHADO 15 und TUNAL;4
3785793;2026-09-29;VLC01;KALEA VALLE;ProdEMBUTIDOS;SALCHICHA TIPO VIENA 800GR (24unid) ALIMEX;1
3785788;2026-09-29;VLC01;KALEA VALLE;ProdDERIV_LACTEOS;MANTEQUILLA PURISIMA SIN SAL 200G PURISIMA;1
3785787;2026-09-29;VLC01;KALEA VALLE;ProdDERIV_LACTEOS;MANTEQUILLA PURISIMA CON SAL 200G PURISIMA;2
3785784;2026-09-29;VLC01;KALEA VALLE;ProdDERIV_LACTEOS;QUESO DE CABRA 500G PURISIMA;3
3785792;2026-09-29;VLC01;KALEA VALLE;ProdEMBUTIDOS;SALCHICHA TIPO VIENA 450GR (22unid) ALIMEX;1
3785822;2026-09-29;VLC01;KALEA VALLE;ProdHUEVOS;HUEVO EMPACADO- ESTUCHADO 1X12 TUNAL;4
3785804;2026-09-29;VLC01;KALEA VALLE;ProdBEBIDAS_LACT;LECHE BARISTA PURISIMA;3
3785823;2026-09-29;VLC01;KALEA VALLE;ProdHUEVOS;HUEVO EMPACADO- ESTUCHADO 1X6 TUNAL;7
3785819;2026-09-29;VLC01;KALEA VALLE;ProdHUEVOS;HUEVO TIPO  GRANEL 30 UND TUNAL;4
3785820;2026-09-29;VLC01;KALEA VALLE;ProdHUEVOS;HUEVO EMPACADO- 1X12 PLASTICO TUNAL;4
3785806;2026-09-29;VLC01;KALEA VALLE;ProdBEBIDAS_LACT;LECHE COMPLETA LIQUIDA PURISIMA;3
3785805;2026-09-29;VLC01;KALEA VALLE;ProdBEBIDAS_LACT;LECHE DESCREMADA LIQUIDA PURISIMA;3
3785783;2026-09-29;VLC01;KALEA VALLE;ProdDERIV_LACTEOS;Queso amarillo Purisima semimadurado disco 500gr;1
3785801;2026-09-29;VLC01;KALEA VALLE;ProdEMBUTIDOS;CHORIZO DE CERDO AHUMADO PARRILLERO ALIMEX;2
3785802;2026-09-29;VLC01;KALEA VALLE;ProdEMBUTIDOS;CHORIZO DE CERDO PICANTE PARRILLERO ALIMEX;1
3785777;2026-09-29;VLC01;KALEA VALLE;ProdBEBIDAS;NARANJADA 1L TUNAL;1
3785774;2026-09-29;VLC01;KALEA VALLE;ProdBEBIDAS;NECTAR DURAZNO 1L TUNAL;1
3785825;2026-09-29;VLC01;KALEA VALLE;ProdBEBIDAS;NECTAR DURAZNO 200 ML TUNAL;3
3785797;2026-09-29;VLC01;KALEA VALLE;ProdDERIV_LACTEOS;CREMA DE LECHE DE 500GR PURISIMA;1
3785798;2026-09-29;VLC01;KALEA VALLE;ProdDERIV_LACTEOS;CREMA DE LECHE DE 250GR PURISIMA;1
3785776;2026-09-29;VLC01;KALEA VALLE;ProdBEBIDAS;NECTAR MANZANA 1L TUNAL;1
3782975;2026-09-29;PLC05;KALIMAN 2;ProdBEBIDAS_LACT;LECHE  DESLACTOSADA LIQUIDA PURISIMA;12
3782974;2026-09-29;PLC05;KALIMAN 2;ProdBEBIDAS_LACT;LECHE DESCREMADA LIQUIDA PURISIMA;15
3782973;2026-09-29;PLC05;KALIMAN 2;ProdBEBIDAS_LACT;LECHE COMPLETA LIQUIDA PURISIMA;23
3785577;2026-09-29;VLC02;KROMI MANONGO;ProdDERIV_LACTEOS;Queso amarillo Purisima semimadurado disco 500gr;1
3785589;2026-09-29;VLC02;KROMI MANONGO;ProdBEBIDAS_LACT;LECHE  DESLACTOSADA LIQUIDA PURISIMA;2
3785586;2026-09-29;VLC02;KROMI MANONGO;ProdBEBIDAS_LACT;LECHE BARISTA PURISIMA;1
3785587;2026-09-29;VLC02;KROMI MANONGO;ProdBEBIDAS_LACT;LECHE COMPLETA LIQUIDA PURISIMA;2
3785588;2026-09-29;VLC02;KROMI MANONGO;ProdBEBIDAS_LACT;LECHE DESCREMADA LIQUIDA PURISIMA;2
3785580;2026-09-29;VLC02;KROMI MANONGO;ProdEMBUTIDOS;CHORIZO DE CERDO AHUMADO PARRILLERO ALIMEX;1
3785581;2026-09-29;VLC02;KROMI MANONGO;ProdEMBUTIDOS;CHORIZO DE CERDO PICANTE PARRILLERO ALIMEX;1
3781126;2026-09-29;VLC01;KROMI PREBO;ProdDERIV_LACTEOS;MANTEQUILLA PURISIMA SIN SAL 200G PURISIMA;3
3781103;2026-09-29;VLC01;KROMI PREBO;ProdHUEVOS;HUEVO EMPACADO- ESTUCHADO 15 und TUNAL;6
3781125;2026-09-29;VLC01;KROMI PREBO;ProdDERIV_LACTEOS;MANTEQUILLA PURISIMA CON SAL 200G PURISIMA;3
3781104;2026-09-29;VLC01;KROMI PREBO;ProdHUEVOS;HUEVO TIPO  GRANEL 30 UND TUNAL;3
3786770;2026-09-29;BQTO07;LOS MOLINOS;ProdBEBIDAS_LACT;LECHE DESCREMADA LIQUIDA PURISIMA;12
3786769;2026-09-29;BQTO07;LOS MOLINOS;ProdBEBIDAS_LACT;LECHE BARISTA PURISIMA;86
3786771;2026-09-29;BQTO07;LOS MOLINOS;ProdBEBIDAS_LACT;LECHE  DESLACTOSADA LIQUIDA PURISIMA;12
3771260;2026-09-29;CCS08;LUZ LA FLORIDA;ProdBEBIDAS;NECTAR PERA 200 ML TUNAL;2
3771258;2026-09-29;CCS08;LUZ LA FLORIDA;ProdBEBIDAS;NECTAR MANZANA 200 ML TUNAL;3
3771256;2026-09-29;CCS08;LUZ LA FLORIDA;ProdBEBIDAS;NARANJADA  200 ML TUNAL;5
3771427;2026-09-29;CCS08;LUZ LA FLORIDA;ProdBEBIDAS_LACT;LECHE COMPLETA LIQUIDA PURISIMA;12
3771313;2026-09-29;CCS08;LUZ LA FLORIDA;ProdBEBIDAS;NECTAR DURAZNO 200 ML TUNAL;2
3771316;2026-09-29;CCS08;LUZ LA FLORIDA;ProdBEBIDAS;NARANJADA 1L TUNAL;9
3771369;2026-09-29;CCS08;LUZ LA FLORIDA;ProdBEBIDAS;TE DURAZNO 1L TUNAL;6
3771360;2026-09-29;CCS08;LUZ LA FLORIDA;ProdBEBIDAS;NECTAR PERA 1L TUNAL;6
3771375;2026-09-29;CCS08;LUZ LA FLORIDA;ProdBEBIDAS;TE LIMON 1L TUNAL;6
3771318;2026-09-29;CCS08;LUZ LA FLORIDA;ProdBEBIDAS;NECTAR MANZANA 1L TUNAL;6
3771433;2026-09-29;CCS08;LUZ LA FLORIDA;ProdBEBIDAS_LACT;LECHE  DESLACTOSADA LIQUIDA PURISIMA;12
3771432;2026-09-29;CCS08;LUZ LA FLORIDA;ProdBEBIDAS_LACT;LECHE DESCREMADA LIQUIDA PURISIMA;12
3771235;2026-09-29;CCS08;LUZ LA FLORIDA;ProdDERIV_LACTEOS;CREMA DE LECHE DE 500GR PURISIMA;2
3771241;2026-09-29;CCS08;LUZ LA FLORIDA;ProdDERIV_LACTEOS;MANTEQUILLA PURISIMA SIN SAL 200G PURISIMA;1
3771232;2026-09-29;CCS08;LUZ LA FLORIDA;ProdDERIV_LACTEOS;CREMA DE LECHE DE 250GR PURISIMA;2
3771365;2026-09-29;CCS08;LUZ LA FLORIDA;ProdBEBIDAS;NECTAR DURAZNO 1L TUNAL;6
3782902;2026-09-29;PTO01;MARKET VIP ALTAVISTA;ProdDERIV_LACTEOS;MANTEQUILLA PURISIMA SIN SAL 200G PURISIMA;3
3782896;2026-09-29;PTO01;MARKET VIP ALTAVISTA;ProdBEBIDAS_LACT;LECHE EN POLVO PURISIMA 400GR;6
3782886;2026-09-29;PTO01;MARKET VIP ALTAVISTA;ProdBEBIDAS;NECTAR PERA 200 ML TUNAL;18
3782891;2026-09-29;PTO01;MARKET VIP ALTAVISTA;ProdBEBIDAS_LACT;LECHE BARISTA PURISIMA;7
3782895;2026-09-29;PTO01;MARKET VIP ALTAVISTA;ProdBEBIDAS_LACT;LECHE EN POLVO PURISIMA 900GR;2
3782888;2026-09-29;PTO01;MARKET VIP ALTAVISTA;ProdBEBIDAS;NECTAR MANZANA 1L TUNAL;6
3782889;2026-09-29;PTO01;MARKET VIP ALTAVISTA;ProdBEBIDAS;NECTAR PERA 1L TUNAL;6
3782897;2026-09-29;PTO01;MARKET VIP ALTAVISTA;ProdBEBIDAS_LACT;LECHE EN POLVO PURISIMA 200GR;6
3782904;2026-09-29;PTO01;MARKET VIP ALTAVISTA;ProdEMBUTIDOS;MORTADELA CCS DE CARNES 500G;12
3782900;2026-09-29;PTO01;MARKET VIP ALTAVISTA;ProdDERIV_LACTEOS;CREMA DE LECHE DE 500GR PURISIMA;2
3782890;2026-09-29;PTO01;MARKET VIP ALTAVISTA;ProdBEBIDAS;NECTAR DURAZNO 1L TUNAL;4
3782885;2026-09-29;PTO01;MARKET VIP ALTAVISTA;ProdBEBIDAS;NECTAR MANZANA 200 ML TUNAL;14
3782887;2026-09-29;PTO01;MARKET VIP ALTAVISTA;ProdBEBIDAS;NECTAR DURAZNO 200 ML TUNAL;10
3782892;2026-09-29;PTO01;MARKET VIP ALTAVISTA;ProdBEBIDAS_LACT;LECHE  DESLACTOSADA LIQUIDA PURISIMA;14
3782901;2026-09-29;PTO01;MARKET VIP ALTAVISTA;ProdDERIV_LACTEOS;CREMA DE LECHE DE 250GR PURISIMA;4
3782893;2026-09-29;PTO01;MARKET VIP ALTAVISTA;ProdBEBIDAS_LACT;LECHE DESCREMADA LIQUIDA PURISIMA;28
3782894;2026-09-29;PTO01;MARKET VIP ALTAVISTA;ProdBEBIDAS_LACT;LECHE COMPLETA LIQUIDA PURISIMA;35
3787964;2026-09-29;PLC01;MAS POR MENOS C.C.  PLAZA MAYOR;ProdBEBIDAS;TE DURAZNO 1L TUNAL;1
3787953;2026-09-29;PLC01;MAS POR MENOS C.C.  PLAZA MAYOR;ProdBEBIDAS;NARANJADA  500 ML TUNAL;4
3787951;2026-09-29;PLC01;MAS POR MENOS C.C.  PLAZA MAYOR;ProdBEBIDAS;NECTAR MANZANA 1L TUNAL;1
3787962;2026-09-29;PLC01;MAS POR MENOS C.C.  PLAZA MAYOR;ProdBEBIDAS;NECTAR PERA 1L TUNAL;2
3787963;2026-09-29;PLC01;MAS POR MENOS C.C.  PLAZA MAYOR;ProdBEBIDAS;TE LIMON 1L TUNAL;1
3787967;2026-09-29;PLC01;MAS POR MENOS C.C.  PLAZA MAYOR;ProdBEBIDAS_LACT;LECHE  DESLACTOSADA LIQUIDA PURISIMA;2
3787965;2026-09-29;PLC01;MAS POR MENOS C.C.  PLAZA MAYOR;ProdBEBIDAS_LACT;LECHE COMPLETA LIQUIDA PURISIMA;3
3787942;2026-09-29;PLC01;MAS POR MENOS C.C.  PLAZA MAYOR;ProdDERIV_LACTEOS;MANTEQUILLA PURISIMA SIN SAL 200G PURISIMA;1
3787937;2026-09-29;PLC01;MAS POR MENOS C.C.  PLAZA MAYOR;ProdEMBUTIDOS;SALCHICHA TIPO VIENA 800GR (24unid) ALIMEX;1
3787938;2026-09-29;PLC01;MAS POR MENOS C.C.  PLAZA MAYOR;ProdEMBUTIDOS;SALCHICHA TIPO VIENA 450GR (22unid) ALIMEX;1
3787943;2026-09-29;PLC01;MAS POR MENOS C.C.  PLAZA MAYOR;ProdDERIV_LACTEOS;MANTEQUILLA PURISIMA CON SAL 200G PURISIMA;2
3787971;2026-09-29;PLC01;MAS POR MENOS C.C.  PLAZA MAYOR;ProdDERIV_LACTEOS;CREMA DE LECHE DE 250GR PURISIMA;1
3787960;2026-09-29;PLC01;MAS POR MENOS C.C.  PLAZA MAYOR;ProdBEBIDAS;NARANJADA 1L TUNAL;2
3787939;2026-09-29;PLC01;MAS POR MENOS C.C.  PLAZA MAYOR;ProdEMBUTIDOS;SALCHICHA TIPO VIENA 225G (11unid) ALIMEX;1
3787966;2026-09-29;PLC01;MAS POR MENOS C.C.  PLAZA MAYOR;ProdBEBIDAS_LACT;LECHE DESCREMADA LIQUIDA PURISIMA;3
3787961;2026-09-29;PLC01;MAS POR MENOS C.C.  PLAZA MAYOR;ProdBEBIDAS;NECTAR DURAZNO 1L TUNAL;2
3787970;2026-09-29;PLC01;MAS POR MENOS C.C.  PLAZA MAYOR;ProdDERIV_LACTEOS;CREMA DE LECHE DE 500GR PURISIMA;2
3787445;2026-09-29;MCY01;MAS X MENOS;ProdBEBIDAS_LACT;LECHE DESCREMADA LIQUIDA PURISIMA;2
3787446;2026-09-29;MCY01;MAS X MENOS;ProdBEBIDAS_LACT;LECHE  DESLACTOSADA LIQUIDA PURISIMA;3
3787450;2026-09-29;MCY01;MAS X MENOS;ProdBEBIDAS;NECTAR PERA 500 ML TUNAL;1
3787454;2026-09-29;MCY01;MAS X MENOS;ProdDERIV_LACTEOS;MANTEQUILLA PURISIMA SIN SAL 200G PURISIMA;1
3787455;2026-09-29;MCY01;MAS X MENOS;ProdDERIV_LACTEOS;MANTEQUILLA PURISIMA CON SAL 200G PURISIMA;1
3787447;2026-09-29;MCY01;MAS X MENOS;ProdBEBIDAS_LACT;LECHE COMPLETA LIQUIDA PURISIMA;3
3787451;2026-09-29;MCY01;MAS X MENOS;ProdBEBIDAS;NECTAR DURAZNO 500 ML TUNAL;1
3787461;2026-09-29;MCY01;MAS X MENOS;ProdEMBUTIDOS;SALCHICHA TIPO VIENA 450GR (22unid) ALIMEX;1
3787458;2026-09-29;MCY01;MAS X MENOS;ProdDERIV_LACTEOS;CREMA DE LECHE DE 250GR PURISIMA;4
3771862;2026-09-29;PLC07;MAS X MENOS  PETRUCCI;ProdBEBIDAS;TE DURAZNO 1L TUNAL;1
3771855;2026-09-29;PLC07;MAS X MENOS  PETRUCCI;ProdBEBIDAS;TE FRUTOS ROJOS 1L TUNAL;1
3771858;2026-09-29;PLC07;MAS X MENOS  PETRUCCI;ProdBEBIDAS;TE LIMON 1L TUNAL;1
3771354;2026-09-29;PLC02;MAS X MENOS AV.LECHERIA;ProdEMBUTIDOS;SALCHICHA TIPO VIENA 225G (11unid) ALIMEX;1
3771342;2026-09-29;PLC02;MAS X MENOS AV.LECHERIA;ProdBEBIDAS;NECTAR DURAZNO 500 ML TUNAL;1
3774219;2026-09-29;PLC03;MAS X MENOS JUDIBANA;ProdBEBIDAS;NECTAR DURAZNO 1L TUNAL;2
3774230;2026-09-29;PLC03;MAS X MENOS JUDIBANA;ProdEMBUTIDOS;MORTADELA CCS DE CARNES 900G;1
3774236;2026-09-29;PLC03;MAS X MENOS JUDIBANA;ProdEMBUTIDOS;SALCHICHA TIPO VIENA 225G (11unid) ALIMEX;2
3774212;2026-09-29;PLC03;MAS X MENOS JUDIBANA;ProdBEBIDAS_LACT;LECHE  DESLACTOSADA LIQUIDA PURISIMA;7
3774238;2026-09-29;PLC03;MAS X MENOS JUDIBANA;ProdDERIV_LACTEOS;CREMA DE LECHE DE 250GR PURISIMA;1
3774217;2026-09-29;PLC03;MAS X MENOS JUDIBANA;ProdBEBIDAS;NARANJADA 1L TUNAL;2
3774226;2026-09-29;PLC03;MAS X MENOS JUDIBANA;ProdBEBIDAS;TE DURAZNO 1L TUNAL;1
3774210;2026-09-29;PLC03;MAS X MENOS JUDIBANA;ProdBEBIDAS_LACT;LECHE COMPLETA LIQUIDA PURISIMA;7
3774211;2026-09-29;PLC03;MAS X MENOS JUDIBANA;ProdBEBIDAS_LACT;LECHE DESCREMADA LIQUIDA PURISIMA;7
3774234;2026-09-29;PLC03;MAS X MENOS JUDIBANA;ProdDERIV_LACTEOS;MANTEQUILLA PURISIMA SIN SAL 200G PURISIMA;2
3774233;2026-09-29;PLC03;MAS X MENOS JUDIBANA;ProdDERIV_LACTEOS;MANTEQUILLA PURISIMA CON SAL 200G PURISIMA;2
3774221;2026-09-29;PLC03;MAS X MENOS JUDIBANA;ProdBEBIDAS;NECTAR PERA 1L TUNAL;2
3774229;2026-09-29;PLC03;MAS X MENOS JUDIBANA;ProdEMBUTIDOS;MORTADELA DE POLLO DE 1 KG;1
3774224;2026-09-29;PLC03;MAS X MENOS JUDIBANA;ProdBEBIDAS;TE FRUTOS ROJOS 1L TUNAL;1
3774220;2026-09-29;PLC03;MAS X MENOS JUDIBANA;ProdBEBIDAS;NECTAR MANZANA 1L TUNAL;2
3774225;2026-09-29;PLC03;MAS X MENOS JUDIBANA;ProdBEBIDAS;TE LIMON 1L TUNAL;1
3779769;2026-09-29;PLC07;MAYORCA;ProdBEBIDAS_LACT;LECHE  DESLACTOSADA LIQUIDA PURISIMA;3
3779757;2026-09-29;PLC07;MAYORCA;ProdBEBIDAS_LACT;LECHE COMPLETA LIQUIDA PURISIMA;5
3779687;2026-09-29;PLC07;MAYORCA;ProdBEBIDAS_LACT;LECHE EN POLVO PURISIMA 400GR;1
3779681;2026-09-29;PLC07;MAYORCA;ProdBEBIDAS_LACT;LECHE EN POLVO PURISIMA 200GR;1
3782285;2026-09-29;PTO03;MERCANTIL INNOVO;ProdBEBIDAS;NECTAR PERA 1L TUNAL;4
3782288;2026-09-29;PTO03;MERCANTIL INNOVO;ProdBEBIDAS_LACT;LECHE EN POLVO PURISIMA 900GR;2
3782287;2026-09-29;PTO03;MERCANTIL INNOVO;ProdBEBIDAS_LACT;LECHE EN POLVO PURISIMA 400GR;3
3782286;2026-09-29;PTO03;MERCANTIL INNOVO;ProdBEBIDAS_LACT;LECHE EN POLVO PURISIMA 200GR;2
3782279;2026-09-29;PTO03;MERCANTIL INNOVO;ProdBEBIDAS_LACT;LECHE DESCREMADA LIQUIDA PURISIMA;3
3782276;2026-09-29;PTO03;MERCANTIL INNOVO;ProdBEBIDAS_LACT;LECHE BARISTA PURISIMA;2
3782283;2026-09-29;PTO03;MERCANTIL INNOVO;ProdBEBIDAS;NECTAR MANZANA 1L TUNAL;3
3782272;2026-09-29;PTO03;MERCANTIL INNOVO;ProdBEBIDAS;NECTAR PERA 200 ML TUNAL;4
3782282;2026-09-29;PTO03;MERCANTIL INNOVO;ProdBEBIDAS_LACT;LECHE  DESLACTOSADA LIQUIDA PURISIMA;2
3782269;2026-09-29;PTO03;MERCANTIL INNOVO;ProdBEBIDAS;NECTAR MANZANA 200 ML TUNAL;2
3782268;2026-09-29;PTO03;MERCANTIL INNOVO;ProdBEBIDAS;NARANJADA  200 ML TUNAL;2
3793336;2026-09-29;BQTO03;"MERKAFUR; C.A_CABUDARE";ProdBEBIDAS;NECTAR DURAZNO 1L TUNAL;4
3793338;2026-09-29;BQTO03;"MERKAFUR; C.A_CABUDARE";ProdBEBIDAS;NECTAR MANZANA LIGHT 1 LITRO TUNAL;7
3793333;2026-09-29;BQTO03;"MERKAFUR; C.A_CABUDARE";ProdBEBIDAS;NARANJADA 1L TUNAL;4
3793337;2026-09-29;BQTO03;"MERKAFUR; C.A_CABUDARE";ProdBEBIDAS;JUGO NARANJA LIGTH 1 LITRO TUNAL;10
3793334;2026-09-29;BQTO03;"MERKAFUR; C.A_CABUDARE";ProdBEBIDAS;NECTAR MANZANA 1L TUNAL;6
3793335;2026-09-29;BQTO03;"MERKAFUR; C.A_CABUDARE";ProdBEBIDAS;NECTAR PERA 1L TUNAL;7
3793331;2026-09-29;BQTO03;"MERKAFUR; C.A_CABUDARE";ProdBEBIDAS_LACT;LECHE  DESLACTOSADA LIQUIDA PURISIMA;10
3793339;2026-09-29;BQTO03;"MERKAFUR; C.A_CABUDARE";ProdBEBIDAS;NECTAR PERA LIGHT 1 LITRO TUNAL;9
3793329;2026-09-29;BQTO03;"MERKAFUR; C.A_CABUDARE";ProdBEBIDAS_LACT;LECHE COMPLETA LIQUIDA PURISIMA;30
3793332;2026-09-29;BQTO03;"MERKAFUR; C.A_CABUDARE";ProdBEBIDAS_LACT;LECHE COMPLETA BARISTA LIQUIDA PURISIMA;5
3793330;2026-09-29;BQTO03;"MERKAFUR; C.A_CABUDARE";ProdBEBIDAS_LACT;LECHE DESCREMADA LIQUIDA PURISIMA;25
3782354;2026-09-29;BQTO02;MERKAFURT SAMBIL;ProdBEBIDAS;JUGO NARANJA LIGTH 1 LITRO TUNAL;1
3782349;2026-09-29;BQTO02;MERKAFURT SAMBIL;ProdBEBIDAS;NARANJADA 1L TUNAL;1
3782350;2026-09-29;BQTO02;MERKAFURT SAMBIL;ProdBEBIDAS;NECTAR DURAZNO 1L TUNAL;1
3782353;2026-09-29;BQTO02;MERKAFURT SAMBIL;ProdBEBIDAS;TE LIMON 1L TUNAL;1
3782351;2026-09-29;BQTO02;MERKAFURT SAMBIL;ProdBEBIDAS;NECTAR MANZANA 1L TUNAL;1
3782352;2026-09-29;BQTO02;MERKAFURT SAMBIL;ProdBEBIDAS;TE DURAZNO 1L TUNAL;1
3778727;2026-09-29;BQTO02;MI SUPER  LOS LEONES;ProdBEBIDAS_LACT;LECHE DESCREMADA LIQUIDA PURISIMA;12
3778735;2026-09-29;BQTO02;MI SUPER  LOS LEONES;ProdBEBIDAS;NARANJADA 1L TUNAL;5
3778741;2026-09-29;BQTO02;MI SUPER  LOS LEONES;ProdBEBIDAS;JUGO NARANJA LIGTH 1 LITRO TUNAL;2
3778738;2026-09-29;BQTO02;MI SUPER  LOS LEONES;ProdBEBIDAS;NECTAR PERA 1L TUNAL;4
3778739;2026-09-29;BQTO02;MI SUPER  LOS LEONES;ProdBEBIDAS;TE DURAZNO 1L TUNAL;4
3778743;2026-09-29;BQTO02;MI SUPER  LOS LEONES;ProdBEBIDAS;NECTAR PERA LIGHT 1 LITRO TUNAL;1
3778725;2026-09-29;BQTO02;MI SUPER  LOS LEONES;ProdDERIV_LACTEOS;CREMA DE LECHE DE 250GR PURISIMA;8
3778729;2026-09-29;BQTO02;MI SUPER  LOS LEONES;ProdBEBIDAS_LACT;LECHE BARISTA PURISIMA;6
3778731;2026-09-29;BQTO02;MI SUPER  LOS LEONES;ProdEMBUTIDOS;SALCHICHA TIPO VIENA 450GR (22unid) ALIMEX;1
3778728;2026-09-29;BQTO02;MI SUPER  LOS LEONES;ProdBEBIDAS_LACT;LECHE  DESLACTOSADA LIQUIDA PURISIMA;9
3778726;2026-09-29;BQTO02;MI SUPER  LOS LEONES;ProdBEBIDAS_LACT;LECHE COMPLETA LIQUIDA PURISIMA;12
3778733;2026-09-29;BQTO02;MI SUPER  LOS LEONES;ProdDERIV_LACTEOS;MANTEQUILLA PURISIMA SIN SAL 200G PURISIMA;3
3778737;2026-09-29;BQTO02;MI SUPER  LOS LEONES;ProdBEBIDAS;NECTAR MANZANA 1L TUNAL;4
3778736;2026-09-29;BQTO02;MI SUPER  LOS LEONES;ProdBEBIDAS;NECTAR DURAZNO 1L TUNAL;4
3778740;2026-09-29;BQTO02;MI SUPER  LOS LEONES;ProdBEBIDAS;TE LIMON 1L TUNAL;7
3778724;2026-09-29;BQTO02;MI SUPER  LOS LEONES;ProdDERIV_LACTEOS;CREMA DE LECHE DE 500GR PURISIMA;4
3778742;2026-09-29;BQTO02;MI SUPER  LOS LEONES;ProdBEBIDAS;NECTAR MANZANA LIGHT 1 LITRO TUNAL;1
3778732;2026-09-29;BQTO02;MI SUPER  LOS LEONES;ProdDERIV_LACTEOS;MANTEQUILLA PURISIMA CON SAL 200G PURISIMA;3
3778734;2026-09-29;BQTO02;MI SUPER  LOS LEONES;ProdEMBUTIDOS;MORTADELA CCS DE CARNES 900G;4
3774260;2026-09-29;PLC06;MULTIMARKET LAS AMERICAS;ProdBEBIDAS_LACT;LECHE EN POLVO PURISIMA 900GR;6
3774265;2026-09-29;PLC06;MULTIMARKET LAS AMERICAS;ProdBEBIDAS;NECTAR PERA 1L TUNAL;4
3774263;2026-09-29;PLC06;MULTIMARKET LAS AMERICAS;ProdBEBIDAS;TE LIMON 1L TUNAL;2
3773295;2026-09-29;PLC05;NOVA SABANAMAR;ProdBEBIDAS_LACT;LECHE EN POLVO PURISIMA 400GR;4
3773290;2026-09-29;PLC05;NOVA SABANAMAR;ProdBEBIDAS_LACT;LECHE  DESLACTOSADA LIQUIDA PURISIMA;12
3773289;2026-09-29;PLC05;NOVA SABANAMAR;ProdBEBIDAS_LACT;LECHE DESCREMADA LIQUIDA PURISIMA;12
3773288;2026-09-29;PLC05;NOVA SABANAMAR;ProdBEBIDAS_LACT;LECHE COMPLETA LIQUIDA PURISIMA;12
3773296;2026-09-29;PLC05;NOVA SABANAMAR;ProdBEBIDAS_LACT;LECHE EN POLVO PURISIMA 200GR;3
3773294;2026-09-29;PLC05;NOVA SABANAMAR;ProdBEBIDAS_LACT;LECHE EN POLVO PURISIMA 900GR;6
3777332;2026-09-29;PLC05;NOVA TERRANOVA;ProdBEBIDAS_LACT;LECHE DESCREMADA LIQUIDA PURISIMA;10
3777333;2026-09-29;PLC05;NOVA TERRANOVA;ProdBEBIDAS_LACT;LECHE  DESLACTOSADA LIQUIDA PURISIMA;5
3777339;2026-09-29;PLC05;NOVA TERRANOVA;ProdBEBIDAS_LACT;LECHE EN POLVO PURISIMA 200GR;3
3777342;2026-09-29;PLC05;NOVA TERRANOVA;ProdBEBIDAS;NECTAR DURAZNO 1L TUNAL;8
3777331;2026-09-29;PLC05;NOVA TERRANOVA;ProdBEBIDAS_LACT;LECHE COMPLETA LIQUIDA PURISIMA;10
3777337;2026-09-29;PLC05;NOVA TERRANOVA;ProdBEBIDAS_LACT;LECHE EN POLVO PURISIMA 900GR;3
3777338;2026-09-29;PLC05;NOVA TERRANOVA;ProdBEBIDAS_LACT;LECHE EN POLVO PURISIMA 400GR;3
3775150;2026-09-29;BQTO02;PA TODO LOS LEONES;ProdBEBIDAS_LACT;LECHE  DESLACTOSADA LIQUIDA PURISIMA;10
3775144;2026-09-29;BQTO02;PA TODO LOS LEONES;ProdEMBUTIDOS;SALCHICHA TIPO VIENA 800GR (24unid) ALIMEX;1
3775156;2026-09-29;BQTO02;PA TODO LOS LEONES;ProdBEBIDAS;TE FRUTOS ROJOS 1L TUNAL;3
3775143;2026-09-29;BQTO02;PA TODO LOS LEONES;ProdDERIV_LACTEOS;MANTEQUILLA PURISIMA SIN SAL 200G PURISIMA;2
3775142;2026-09-29;BQTO02;PA TODO LOS LEONES;ProdDERIV_LACTEOS;MANTEQUILLA PURISIMA CON SAL 200G PURISIMA;2
3775140;2026-09-29;BQTO02;PA TODO LOS LEONES;ProdDERIV_LACTEOS;CREMA DE LECHE DE 500GR PURISIMA;2
3775155;2026-09-29;BQTO02;PA TODO LOS LEONES;ProdBEBIDAS;TE DURAZNO 1L TUNAL;10
3775146;2026-09-29;BQTO02;PA TODO LOS LEONES;ProdEMBUTIDOS;TOCINETA AHUMADA SIN CUERO 3.5KG ALIMEX;1
3775148;2026-09-29;BQTO02;PA TODO LOS LEONES;ProdBEBIDAS_LACT;LECHE BARISTA PURISIMA;50
3775152;2026-09-29;BQTO02;PA TODO LOS LEONES;ProdBEBIDAS;NECTAR DURAZNO 1L TUNAL;10
3775153;2026-09-29;BQTO02;PA TODO LOS LEONES;ProdBEBIDAS;NECTAR MANZANA 1L TUNAL;10
3775154;2026-09-29;BQTO02;PA TODO LOS LEONES;ProdBEBIDAS;NECTAR PERA 1L TUNAL;10
3775145;2026-09-29;BQTO02;PA TODO LOS LEONES;ProdEMBUTIDOS;SALCHICHA TIPO VIENA 450GR (22unid) ALIMEX;1
3775151;2026-09-29;BQTO02;PA TODO LOS LEONES;ProdBEBIDAS;NARANJADA 1L TUNAL;10
3775149;2026-09-29;BQTO02;PA TODO LOS LEONES;ProdBEBIDAS_LACT;LECHE DESCREMADA LIQUIDA PURISIMA;50
3775141;2026-09-29;BQTO02;PA TODO LOS LEONES;ProdDERIV_LACTEOS;CREMA DE LECHE DE 250GR PURISIMA;4
3775364;2026-09-29;CCS07;PARAMO GUATIRE;ProdDERIV_LACTEOS;CREMA DE LECHE DE 250GR PURISIMA;8
3775389;2026-09-29;CCS07;PARAMO GUATIRE;ProdDERIV_LACTEOS;Queso amarillo Purisima semimadurado barra;1
3775394;2026-09-29;CCS07;PARAMO GUATIRE;ProdJAMONERIA;JAMON DE ESPALDA ALIMEX 4.4KG;1
3775391;2026-09-29;CCS07;PARAMO GUATIRE;ProdJAMONERIA;JAMON AHUMADO VISKING ALIMEX 3.3 KG;1
3775390;2026-09-29;CCS07;PARAMO GUATIRE;ProdEMBUTIDOS;MORTADELA TAPARA Alimex;1
3775373;2026-09-29;CCS07;PARAMO GUATIRE;ProdDERIV_LACTEOS;Queso amarillo Purisima semimadurado disco 500gr;3
3775395;2026-09-29;CCS07;PARAMO GUATIRE;ProdJAMONERIA;JAMON PIERNA ALIMEX 98% 5.9kg;1
3775374;2026-09-29;CCS07;PARAMO GUATIRE;ProdDERIV_LACTEOS;QUESO DE CABRA 500G PURISIMA;3
3775351;2026-09-29;CCS07;PARAMO GUATIRE;ProdBEBIDAS;TE LIMON 500ML TUNAL;12
3775353;2026-09-29;CCS07;PARAMO GUATIRE;ProdBEBIDAS;NECTAR MANZANA 1L TUNAL;32
3775354;2026-09-29;CCS07;PARAMO GUATIRE;ProdBEBIDAS;NECTAR PERA 1L TUNAL;24
3775355;2026-09-29;CCS07;PARAMO GUATIRE;ProdBEBIDAS;NECTAR DURAZNO 1L TUNAL;8
3775352;2026-09-29;CCS07;PARAMO GUATIRE;ProdBEBIDAS;NECTAR PERA LIGHT 1 LITRO TUNAL;20
3775366;2026-09-29;CCS07;PARAMO GUATIRE;ProdDERIV_LACTEOS;MANTEQUILLA PURISIMA CON SAL 200G PURISIMA;2
3775376;2026-09-29;CCS07;PARAMO GUATIRE;ProdEMBUTIDOS;MORTADELA CCS DE CARNES 900G;1
3775365;2026-09-29;CCS07;PARAMO GUATIRE;ProdDERIV_LACTEOS;MANTEQUILLA PURISIMA SIN SAL 200G PURISIMA;1
3775350;2026-09-29;CCS07;PARAMO GUATIRE;ProdBEBIDAS;TE LIMON 1L TUNAL;28
3775363;2026-09-29;CCS07;PARAMO GUATIRE;ProdDERIV_LACTEOS;CREMA DE LECHE DE 500GR PURISIMA;4
3775381;2026-09-29;CCS07;PARAMO GUATIRE;ProdEMBUTIDOS;SALCHICHA TIPO VIENA 225G (11unid) ALIMEX;1
3775382;2026-09-29;CCS07;PARAMO GUATIRE;ProdEMBUTIDOS;SALCHICHA TIPO VIENA 800GR (24unid) ALIMEX;1
3774100;2026-09-29;CCS11;PARAMO PRADO DE MARIA;ProdDERIV_LACTEOS;CREMA DE LECHE DE 250GR PURISIMA;3
3774094;2026-09-29;CCS11;PARAMO PRADO DE MARIA;ProdBEBIDAS;NECTAR DURAZNO 1L TUNAL;9
3774093;2026-09-29;CCS11;PARAMO PRADO DE MARIA;ProdBEBIDAS;NECTAR PERA 1L TUNAL;9
3774086;2026-09-29;CCS11;PARAMO PRADO DE MARIA;ProdBEBIDAS_LACT;LECHE COMPLETA LIQUIDA PURISIMA;28
3774102;2026-09-29;CCS11;PARAMO PRADO DE MARIA;ProdJAMONERIA;JAMON PIERNA ALIMEX 98% 5.9kg;1
3774092;2026-09-29;CCS11;PARAMO PRADO DE MARIA;ProdBEBIDAS;NECTAR MANZANA 1L TUNAL;9
3774098;2026-09-29;CCS11;PARAMO PRADO DE MARIA;ProdEMBUTIDOS;SALCHICHA TIPO VIENA 450GR (22unid) ALIMEX;1
3774097;2026-09-29;CCS11;PARAMO PRADO DE MARIA;ProdEMBUTIDOS;SALCHICHA TIPO VIENA 225G (11unid) ALIMEX;2
3774087;2026-09-29;CCS11;PARAMO PRADO DE MARIA;ProdBEBIDAS_LACT;LECHE DESCREMADA LIQUIDA PURISIMA;21
3774088;2026-09-29;CCS11;PARAMO PRADO DE MARIA;ProdBEBIDAS_LACT;LECHE  DESLACTOSADA LIQUIDA PURISIMA;28
3793361;2026-09-29;BQTO03;PLAZA CHINA;ProdBEBIDAS_LACT;LECHE DESCREMADA LIQUIDA PURISIMA;20
3793358;2026-09-29;BQTO03;PLAZA CHINA;ProdBEBIDAS_LACT;LECHE COMPLETA LIQUIDA PURISIMA;32
3793373;2026-09-29;BQTO03;PLAZA CHINA;ProdBEBIDAS;NECTAR PERA 1L TUNAL;12
3793381;2026-09-29;BQTO03;PLAZA CHINA;ProdBEBIDAS;NECTAR PERA LIGHT 1 LITRO TUNAL;8
3793364;2026-09-29;BQTO03;PLAZA CHINA;ProdBEBIDAS_LACT;LECHE  DESLACTOSADA LIQUIDA PURISIMA;20
3793377;2026-09-29;BQTO03;PLAZA CHINA;ProdBEBIDAS;NECTAR DURAZNO 1L TUNAL;12
3793369;2026-09-29;BQTO03;PLAZA CHINA;ProdBEBIDAS;NARANJADA 1L TUNAL;8
3793379;2026-09-29;BQTO03;PLAZA CHINA;ProdBEBIDAS;NECTAR MANZANA LIGHT 1 LITRO TUNAL;8
3793372;2026-09-29;BQTO03;PLAZA CHINA;ProdBEBIDAS;NECTAR MANZANA 1L TUNAL;12
3779266;2026-09-29;CCS07;REDVITAL GUARENAS;ProdBEBIDAS_LACT;LECHE EN POLVO PURISIMA 900GR;4
3779239;2026-09-29;CCS07;REDVITAL GUARENAS;ProdBEBIDAS;NECTAR DURAZNO 200 ML TUNAL;12
3779250;2026-09-29;CCS07;REDVITAL GUARENAS;ProdDERIV_LACTEOS;CREMA DE LECHE DE 500GR PURISIMA;8
3779237;2026-09-29;CCS07;REDVITAL GUARENAS;ProdBEBIDAS;NECTAR MANZANA 200 ML TUNAL;12
3779253;2026-09-29;CCS07;REDVITAL GUARENAS;ProdDERIV_LACTEOS;MANTEQUILLA PURISIMA CON SAL 200G PURISIMA;6
3779251;2026-09-29;CCS07;REDVITAL GUARENAS;ProdDERIV_LACTEOS;CREMA DE LECHE DE 250GR PURISIMA;8
3779257;2026-09-29;CCS07;REDVITAL GUARENAS;ProdEMBUTIDOS;MORTADELA de Pollo Caracas 900gr;3
3779227;2026-09-29;CCS07;REDVITAL GUARENAS;ProdBEBIDAS;NECTAR PERA 1L TUNAL;4
3779273;2026-09-29;CCS07;REDVITAL GUARENAS;ProdBEBIDAS_LACT;LECHE BARISTA PURISIMA;8
3779252;2026-09-29;CCS07;REDVITAL GUARENAS;ProdDERIV_LACTEOS;MANTEQUILLA PURISIMA SIN SAL 200G PURISIMA;6
3779236;2026-09-29;CCS07;REDVITAL GUARENAS;ProdBEBIDAS;NARANJADA  200 ML TUNAL;6
3779223;2026-09-29;CCS07;REDVITAL GUARENAS;ProdBEBIDAS;JUGO NARANJA LIGTH 1 LITRO TUNAL;3
3779261;2026-09-29;CCS07;REDVITAL GUARENAS;ProdHUEVOS;HUEVO EMPACADO- ESTUCHADO 1X12 TUNAL;27
3779224;2026-09-29;CCS07;REDVITAL GUARENAS;ProdBEBIDAS;NECTAR PERA LIGHT 1 LITRO TUNAL;11
3779222;2026-09-29;CCS07;REDVITAL GUARENAS;ProdBEBIDAS;NECTAR MANZANA LIGHT 1 LITRO TUNAL;2
3779262;2026-09-29;CCS07;REDVITAL GUARENAS;ProdHUEVOS;HUEVO TIPO  GRANEL 30 UND TUNAL;9
3779267;2026-09-29;CCS07;REDVITAL GUARENAS;ProdBEBIDAS_LACT;LECHE EN POLVO PURISIMA 400GR;2
3779276;2026-09-29;CCS07;REDVITAL GUARENAS;ProdBEBIDAS_LACT;LECHE  DESLACTOSADA LIQUIDA PURISIMA;12
3779275;2026-09-29;CCS07;REDVITAL GUARENAS;ProdBEBIDAS_LACT;LECHE DESCREMADA LIQUIDA PURISIMA;12
3779274;2026-09-29;CCS07;REDVITAL GUARENAS;ProdBEBIDAS_LACT;LECHE COMPLETA LIQUIDA PURISIMA;12
3779228;2026-09-29;CCS07;REDVITAL GUARENAS;ProdBEBIDAS;NECTAR DURAZNO 1L TUNAL;4
3779226;2026-09-29;CCS07;REDVITAL GUARENAS;ProdBEBIDAS;NECTAR MANZANA 1L TUNAL;4
3779244;2026-09-29;CCS07;REDVITAL GUARENAS;ProdBEBIDAS;TE LIMON 1L TUNAL;2
3779258;2026-09-29;CCS07;REDVITAL GUARENAS;ProdEMBUTIDOS;MORTADELA DE POLLO DE 500G;3
3779225;2026-09-29;CCS07;REDVITAL GUARENAS;ProdBEBIDAS;NARANJADA 1L TUNAL;4
3779238;2026-09-29;CCS07;REDVITAL GUARENAS;ProdBEBIDAS;NECTAR PERA 200 ML TUNAL;6
3779243;2026-09-29;CCS07;REDVITAL GUARENAS;ProdBEBIDAS;TE DURAZNO 1L TUNAL;4
3779245;2026-09-29;CCS07;REDVITAL GUARENAS;ProdBEBIDAS;TE FRUTOS ROJOS 1L TUNAL;2
3779268;2026-09-29;CCS07;REDVITAL GUARENAS;ProdBEBIDAS_LACT;LECHE EN POLVO PURISIMA 200GR;2
3789327;2026-09-29;CCS08;RIO CANDELARIA;ProdDERIV_LACTEOS;MANTEQUILLA PURISIMA CON SAL 200G PURISIMA;5
3789328;2026-09-29;CCS08;RIO CANDELARIA;ProdDERIV_LACTEOS;MANTEQUILLA PURISIMA SIN SAL 200G PURISIMA;5
3789329;2026-09-29;CCS08;RIO CANDELARIA;ProdEMBUTIDOS;MORTADELA CCS DE CARNES 500G;2
3789333;2026-09-29;CCS08;RIO CANDELARIA;ProdEMBUTIDOS;SALCHICHA TIPO VIENA 225G (11unid) ALIMEX;1
3789332;2026-09-29;CCS08;RIO CANDELARIA;ProdDERIV_LACTEOS;Queso amarillo Purisima semimadurado disco 500gr;1
3789330;2026-09-29;CCS08;RIO CANDELARIA;ProdDERIV_LACTEOS;CREMA DE LECHE DE 250GR PURISIMA;10
3789331;2026-09-29;CCS08;RIO CANDELARIA;ProdDERIV_LACTEOS;CREMA DE LECHE DE 500GR PURISIMA;10
3789334;2026-09-29;CCS08;RIO CANDELARIA;ProdEMBUTIDOS;SALCHICHA TIPO VIENA 800GR (24unid) ALIMEX;1
3778561;2026-09-29;PLC01;RIO SUPERMARKET C.C. PLAZA MAYOR;ProdBEBIDAS;NECTAR PERA LIGHT 1 LITRO TUNAL;1
3778547;2026-09-29;PLC01;RIO SUPERMARKET C.C. PLAZA MAYOR;ProdBEBIDAS;NECTAR DURAZNO 1L TUNAL;2
3778538;2026-09-29;PLC01;RIO SUPERMARKET C.C. PLAZA MAYOR;ProdBEBIDAS_LACT;LECHE EN POLVO PURISIMA 900GR;1
3778539;2026-09-29;PLC01;RIO SUPERMARKET C.C. PLAZA MAYOR;ProdBEBIDAS_LACT;LECHE EN POLVO PURISIMA 400GR;2
3778579;2026-09-29;PLC01;RIO SUPERMARKET C.C. PLAZA MAYOR;ProdEMBUTIDOS;MORTADELA CCS DE CARNES 900G;3
3778557;2026-09-29;PLC01;RIO SUPERMARKET C.C. PLAZA MAYOR;ProdBEBIDAS;NECTAR PERA 1L TUNAL;1
3778556;2026-09-29;PLC01;RIO SUPERMARKET C.C. PLAZA MAYOR;ProdBEBIDAS;NARANJADA 1L TUNAL;1
3778545;2026-09-29;PLC01;RIO SUPERMARKET C.C. PLAZA MAYOR;ProdBEBIDAS;NECTAR MANZANA 1L TUNAL;2
3778567;2026-09-29;PLC01;RIO SUPERMARKET C.C. PLAZA MAYOR;ProdDERIV_LACTEOS;CREMA DE LECHE DE 250GR PURISIMA;1
3778562;2026-09-29;PLC01;RIO SUPERMARKET C.C. PLAZA MAYOR;ProdBEBIDAS;JUGO NARANJA LIGTH 1 LITRO TUNAL;1
3778534;2026-09-29;PLC01;RIO SUPERMARKET C.C. PLAZA MAYOR;ProdBEBIDAS_LACT;LECHE  DESLACTOSADA LIQUIDA PURISIMA;3
3778571;2026-09-29;PLC01;RIO SUPERMARKET C.C. PLAZA MAYOR;ProdEMBUTIDOS;SALCHICHA TIPO VIENA 800GR (24unid) ALIMEX;1
3778560;2026-09-29;PLC01;RIO SUPERMARKET C.C. PLAZA MAYOR;ProdBEBIDAS;TE LIMON 1L TUNAL;1
3778573;2026-09-29;PLC01;RIO SUPERMARKET C.C. PLAZA MAYOR;ProdEMBUTIDOS;SALCHICHA TIPO VIENA 225G (11unid) ALIMEX;1
3778572;2026-09-29;PLC01;RIO SUPERMARKET C.C. PLAZA MAYOR;ProdEMBUTIDOS;SALCHICHA TIPO VIENA 450GR (22unid) ALIMEX;1
3778533;2026-09-29;PLC01;RIO SUPERMARKET C.C. PLAZA MAYOR;ProdBEBIDAS_LACT;LECHE DESCREMADA LIQUIDA PURISIMA;3
3778584;2026-09-29;PLC01;RIO SUPERMARKET C.C. PLAZA MAYOR;ProdDERIV_LACTEOS;MANTEQUILLA PURISIMA SIN SAL 200G PURISIMA;1
3778578;2026-09-29;PLC01;RIO SUPERMARKET C.C. PLAZA MAYOR;ProdEMBUTIDOS;MORTADELA CCS DE CARNES 500G;2
3778558;2026-09-29;PLC01;RIO SUPERMARKET C.C. PLAZA MAYOR;ProdBEBIDAS;TE DURAZNO 1L TUNAL;1
3778532;2026-09-29;PLC01;RIO SUPERMARKET C.C. PLAZA MAYOR;ProdBEBIDAS_LACT;LECHE COMPLETA LIQUIDA PURISIMA;4
3778566;2026-09-29;PLC01;RIO SUPERMARKET C.C. PLAZA MAYOR;ProdDERIV_LACTEOS;CREMA DE LECHE DE 500GR PURISIMA;1
3778559;2026-09-29;PLC01;RIO SUPERMARKET C.C. PLAZA MAYOR;ProdBEBIDAS;TE FRUTOS ROJOS 1L TUNAL;1
3778563;2026-09-29;PLC01;RIO SUPERMARKET C.C. PLAZA MAYOR;ProdBEBIDAS;NARANJADA  200 ML TUNAL;2
3778585;2026-09-29;PLC01;RIO SUPERMARKET C.C. PLAZA MAYOR;ProdDERIV_LACTEOS;MANTEQUILLA PURISIMA CON SAL 200G PURISIMA;1
3778768;2026-09-29;PLC04;RIO SUPERMARKET JUANGRIEGO;ProdBEBIDAS;JUGO NARANJA LIGTH 1 LITRO TUNAL;3
3778769;2026-09-29;PLC04;RIO SUPERMARKET JUANGRIEGO;ProdBEBIDAS;NARANJADA  200 ML TUNAL;5
3778766;2026-09-29;PLC04;RIO SUPERMARKET JUANGRIEGO;ProdBEBIDAS;NARANJADA 1L TUNAL;3
3778771;2026-09-29;PLC04;RIO SUPERMARKET JUANGRIEGO;ProdBEBIDAS;NECTAR PERA 200 ML TUNAL;5
3778767;2026-09-29;PLC04;RIO SUPERMARKET JUANGRIEGO;ProdBEBIDAS;NECTAR PERA LIGHT 1 LITRO TUNAL;6
3778770;2026-09-29;PLC04;RIO SUPERMARKET JUANGRIEGO;ProdBEBIDAS;NECTAR MANZANA 200 ML TUNAL;5
3781012;2026-09-29;PLC05;RIO TERRANOVA;ProdBEBIDAS_LACT;LECHE EN POLVO PURISIMA 900GR;6
3781006;2026-09-29;PLC05;RIO TERRANOVA;ProdBEBIDAS;NARANJADA  200 ML TUNAL;3
3781009;2026-09-29;PLC05;RIO TERRANOVA;ProdBEBIDAS;TE FRUTOS ROJOS 1L TUNAL;3
3780994;2026-09-29;PLC05;RIO TERRANOVA;ProdBEBIDAS_LACT;LECHE DESCREMADA LIQUIDA PURISIMA;12
3781004;2026-09-29;PLC05;RIO TERRANOVA;ProdBEBIDAS;NECTAR MANZANA 1L TUNAL;3
3781007;2026-09-29;PLC05;RIO TERRANOVA;ProdBEBIDAS;NECTAR PERA 200 ML TUNAL;6
3781008;2026-09-29;PLC05;RIO TERRANOVA;ProdBEBIDAS;TE LIMON 1L TUNAL;3
3781005;2026-09-29;PLC05;RIO TERRANOVA;ProdBEBIDAS;NECTAR PERA 1L TUNAL;3
3780993;2026-09-29;PLC05;RIO TERRANOVA;ProdBEBIDAS_LACT;LECHE COMPLETA LIQUIDA PURISIMA;24
3781003;2026-09-29;PLC05;RIO TERRANOVA;ProdBEBIDAS;NARANJADA 1L TUNAL;3
3780995;2026-09-29;PLC05;RIO TERRANOVA;ProdBEBIDAS_LACT;LECHE  DESLACTOSADA LIQUIDA PURISIMA;18
3778334;2026-09-29;PTO01;Rio supermarket alta vista;ProdDERIV_LACTEOS;CREMA DE LECHE DE 500GR PURISIMA;6
3778329;2026-09-29;PTO01;Rio supermarket alta vista;ProdEMBUTIDOS;SALCHICHA TIPO VIENA 225G (11unid) ALIMEX;2
3778332;2026-09-29;PTO01;Rio supermarket alta vista;ProdDERIV_LACTEOS;MANTEQUILLA PURISIMA CON SAL 200G PURISIMA;19
3778335;2026-09-29;PTO01;Rio supermarket alta vista;ProdBEBIDAS_LACT;LECHE COMPLETA LIQUIDA PURISIMA;18
3778339;2026-09-29;PTO01;Rio supermarket alta vista;ProdBEBIDAS_LACT;LECHE EN POLVO PURISIMA 400GR;8
3778337;2026-09-29;PTO01;Rio supermarket alta vista;ProdBEBIDAS_LACT;LECHE  DESLACTOSADA LIQUIDA PURISIMA;12
3778324;2026-09-29;PTO01;Rio supermarket alta vista;ProdBEBIDAS;NECTAR MANZANA 1L TUNAL;6
3778331;2026-09-29;PTO01;Rio supermarket alta vista;ProdDERIV_LACTEOS;MANTEQUILLA PURISIMA SIN SAL 200G PURISIMA;19
3778323;2026-09-29;PTO01;Rio supermarket alta vista;ProdBEBIDAS;NARANJADA 1L TUNAL;6
3778326;2026-09-29;PTO01;Rio supermarket alta vista;ProdBEBIDAS;NECTAR DURAZNO 1L TUNAL;6
3778330;2026-09-29;PTO01;Rio supermarket alta vista;ProdEMBUTIDOS;SALCHICHA TIPO VIENA 800GR (24unid) ALIMEX;1
3778338;2026-09-29;PTO01;Rio supermarket alta vista;ProdBEBIDAS_LACT;LECHE EN POLVO PURISIMA 900GR;12
3778325;2026-09-29;PTO01;Rio supermarket alta vista;ProdBEBIDAS;NECTAR PERA 1L TUNAL;6
3778328;2026-09-29;PTO01;Rio supermarket alta vista;ProdEMBUTIDOS;SALCHICHA TIPO VIENA 450GR (22unid) ALIMEX;2
3778336;2026-09-29;PTO01;Rio supermarket alta vista;ProdBEBIDAS_LACT;LECHE DESCREMADA LIQUIDA PURISIMA;12
3775523;2026-09-29;PLC09;SIGO COSTA AZUL;ProdBEBIDAS;TE FRUTOS ROJOS 1L TUNAL;3
3775524;2026-09-29;PLC09;SIGO COSTA AZUL;ProdBEBIDAS;TE DURAZNO 1L TUNAL;1
3775520;2026-09-29;PLC09;SIGO COSTA AZUL;ProdBEBIDAS;NECTAR PERA LIGHT 1 LITRO TUNAL;2
3775502;2026-09-29;PLC09;SIGO COSTA AZUL;ProdBEBIDAS_LACT;LECHE COMPLETA BARISTA LIQUIDA PURISIMA;8
3775516;2026-09-29;PLC09;SIGO COSTA AZUL;ProdBEBIDAS;NECTAR MANZANA 1L TUNAL;2
3775515;2026-09-29;PLC09;SIGO COSTA AZUL;ProdBEBIDAS;NARANJADA 1L TUNAL;2
3775518;2026-09-29;PLC09;SIGO COSTA AZUL;ProdBEBIDAS;NECTAR DURAZNO 1L TUNAL;2
3775519;2026-09-29;PLC09;SIGO COSTA AZUL;ProdBEBIDAS;JUGO NARANJA LIGTH 1 LITRO TUNAL;2
3775500;2026-09-29;PLC09;SIGO COSTA AZUL;ProdBEBIDAS_LACT;LECHE DESCREMADA LIQUIDA PURISIMA;40
3775501;2026-09-29;PLC09;SIGO COSTA AZUL;ProdBEBIDAS_LACT;LECHE  DESLACTOSADA LIQUIDA PURISIMA;30
3775499;2026-09-29;PLC09;SIGO COSTA AZUL;ProdBEBIDAS_LACT;LECHE COMPLETA LIQUIDA PURISIMA;40
3775506;2026-09-29;PLC09;SIGO COSTA AZUL;ProdBEBIDAS_LACT;LECHE EN POLVO PURISIMA 200GR;4
3775508;2026-09-29;PLC09;SIGO COSTA AZUL;ProdBEBIDAS_LACT;LECHE EN POLVO PURISIMA 900GR;3
3775507;2026-09-29;PLC09;SIGO COSTA AZUL;ProdBEBIDAS_LACT;LECHE EN POLVO PURISIMA 400GR;6
3775517;2026-09-29;PLC09;SIGO COSTA AZUL;ProdBEBIDAS;NECTAR PERA 1L TUNAL;2
3782204;2026-09-29;PTO02;SUPER COSTA AMERICA;ProdBEBIDAS_LACT;LECHE BARISTA PURISIMA;4
3782202;2026-09-29;PTO02;SUPER COSTA AMERICA;ProdBEBIDAS_LACT;LECHE EN POLVO PURISIMA 200GR;2
3782138;2026-09-29;PTO02;SUPER COSTA AMERICA;ProdBEBIDAS_LACT;LECHE DESCREMADA LIQUIDA PURISIMA;14
3782113;2026-09-29;PTO02;SUPER COSTA AMERICA;ProdBEBIDAS_LACT;LECHE COMPLETA LIQUIDA PURISIMA;14
3782149;2026-09-29;PTO02;SUPER COSTA AMERICA;ProdBEBIDAS_LACT;LECHE  DESLACTOSADA LIQUIDA PURISIMA;14
3773964;2026-09-29;PLC07;SUPERDISTRIBUIDORA LOS LLANOS;ProdBEBIDAS_LACT;LECHE EN POLVO PURISIMA 900GR;1
3773875;2026-09-29;PLC07;SUPERDISTRIBUIDORA LOS LLANOS;ProdBEBIDAS;NECTAR DURAZNO 200 ML TUNAL;1
3773880;2026-09-29;PLC07;SUPERDISTRIBUIDORA LOS LLANOS;ProdBEBIDAS;NECTAR PERA 200 ML TUNAL;1
3774040;2026-09-29;PLC07;SUPERDISTRIBUIDORA LOS LLANOS;ProdBEBIDAS_LACT;LECHE EN POLVO PURISIMA 200GR;2
3773969;2026-09-29;PLC07;SUPERDISTRIBUIDORA LOS LLANOS;ProdBEBIDAS_LACT;LECHE EN POLVO PURISIMA 400GR;1
3773873;2026-09-29;PLC07;SUPERDISTRIBUIDORA LOS LLANOS;ProdBEBIDAS;NARANJADA  200 ML TUNAL;1
3796306;2026-09-29;MCY04;SUPERLIDER CAGUA (CADA 15 DIAS);ProdBEBIDAS_LACT;LECHE COMPLETA LIQUIDA PURISIMA;18
3796318;2026-09-29;MCY04;SUPERLIDER CAGUA (CADA 15 DIAS);ProdBEBIDAS_LACT;LECHE EN POLVO PURISIMA 900GR;4
3796312;2026-09-29;MCY04;SUPERLIDER CAGUA (CADA 15 DIAS);ProdBEBIDAS_LACT;LECHE  DESLACTOSADA LIQUIDA PURISIMA;5
3796309;2026-09-29;MCY04;SUPERLIDER CAGUA (CADA 15 DIAS);ProdBEBIDAS_LACT;LECHE DESCREMADA LIQUIDA PURISIMA;6
3787534;2026-09-29;MCY01;SUPERLIDER LOS SAMANES;ProdBEBIDAS;NECTAR MANZANA 1L TUNAL;1
3787536;2026-09-29;MCY01;SUPERLIDER LOS SAMANES;ProdBEBIDAS;NECTAR PERA 1L TUNAL;2
3787540;2026-09-29;MCY01;SUPERLIDER LOS SAMANES;ProdBEBIDAS_LACT;LECHE EN POLVO PURISIMA 900GR;1
3787525;2026-09-29;MCY01;SUPERLIDER LOS SAMANES;ProdBEBIDAS_LACT;LECHE  DESLACTOSADA LIQUIDA PURISIMA;2
3787523;2026-09-29;MCY01;SUPERLIDER LOS SAMANES;ProdBEBIDAS_LACT;LECHE COMPLETA LIQUIDA PURISIMA;4
3787532;2026-09-29;MCY01;SUPERLIDER LOS SAMANES;ProdBEBIDAS;NARANJADA 1L TUNAL;1
3787524;2026-09-29;MCY01;SUPERLIDER LOS SAMANES;ProdBEBIDAS_LACT;LECHE DESCREMADA LIQUIDA PURISIMA;2
3775627;2026-09-29;PTO03;SUPERMARKET EJERCITO;ProdBEBIDAS;NECTAR PERA 1L TUNAL;2
3775633;2026-09-29;PTO03;SUPERMARKET EJERCITO;ProdEMBUTIDOS;MORTADELA CCS DE CARNES 900G;3
3775628;2026-09-29;PTO03;SUPERMARKET EJERCITO;ProdBEBIDAS;NECTAR DURAZNO 1L TUNAL;2
3775626;2026-09-29;PTO03;SUPERMARKET EJERCITO;ProdBEBIDAS;NECTAR MANZANA 1L TUNAL;1
3775631;2026-09-29;PTO03;SUPERMARKET EJERCITO;ProdEMBUTIDOS;MORTADELA CCS DE CARNES 500G;3
3786799;2026-09-29;BQTO07;SUPERMERCADO CELESTE;ProdBEBIDAS;NECTAR PERA 1L TUNAL;2
3786798;2026-09-29;BQTO07;SUPERMERCADO CELESTE;ProdBEBIDAS;NECTAR MANZANA 1L TUNAL;3
3786787;2026-09-29;BQTO07;SUPERMERCADO CELESTE;ProdBEBIDAS_LACT;LECHE  DESLACTOSADA LIQUIDA PURISIMA;2
3786789;2026-09-29;BQTO07;SUPERMERCADO CELESTE;ProdBEBIDAS_LACT;LECHE COMPLETA BARISTA LIQUIDA PURISIMA;2
3786785;2026-09-29;BQTO07;SUPERMERCADO CELESTE;ProdBEBIDAS_LACT;LECHE DESCREMADA LIQUIDA PURISIMA;2
3786800;2026-09-29;BQTO07;SUPERMERCADO CELESTE;ProdBEBIDAS;NECTAR DURAZNO 1L TUNAL;3
3786801;2026-09-29;BQTO07;SUPERMERCADO CELESTE;ProdBEBIDAS;TE DURAZNO 1L TUNAL;2
3786783;2026-09-29;BQTO07;SUPERMERCADO CELESTE;ProdBEBIDAS_LACT;LECHE COMPLETA LIQUIDA PURISIMA;2
3785663;2026-09-29;MCY05;SUPERMERCADO EL BOSQUE;ProdDERIV_LACTEOS;CREMA DE LECHE DE 250GR PURISIMA;1
3785660;2026-09-29;MCY05;SUPERMERCADO EL BOSQUE;ProdEMBUTIDOS;Salchicha el tunal de pollo 250gr;1
3785650;2026-09-29;MCY05;SUPERMERCADO EL BOSQUE;ProdBEBIDAS;NECTAR PERA 200 ML TUNAL;1
3785649;2026-09-29;MCY05;SUPERMERCADO EL BOSQUE;ProdBEBIDAS;NECTAR DURAZNO 200 ML TUNAL;1
3785648;2026-09-29;MCY05;SUPERMERCADO EL BOSQUE;ProdBEBIDAS;NARANJADA  200 ML TUNAL;1
3785659;2026-09-29;MCY05;SUPERMERCADO EL BOSQUE;ProdEMBUTIDOS;Salchicha el tunal de pollo 450gr;1
3785657;2026-09-29;MCY05;SUPERMERCADO EL BOSQUE;ProdEMBUTIDOS;SALCHICHA TIPO VIENA 450GR (22unid) ALIMEX;1
3785656;2026-09-29;MCY05;SUPERMERCADO EL BOSQUE;ProdEMBUTIDOS;SALCHICHA TIPO VIENA 800GR (24unid) ALIMEX;1
3785658;2026-09-29;MCY05;SUPERMERCADO EL BOSQUE;ProdEMBUTIDOS;SALCHICHA TIPO VIENA 225G (11unid) ALIMEX;1
3785664;2026-09-29;MCY05;SUPERMERCADO EL BOSQUE;ProdDERIV_LACTEOS;CREMA DE LECHE DE 500GR PURISIMA;1
3785642;2026-09-29;MCY05;SUPERMERCADO EL BOSQUE;ProdBEBIDAS_LACT;LECHE  DESLACTOSADA LIQUIDA PURISIMA;7
3785640;2026-09-29;MCY05;SUPERMERCADO EL BOSQUE;ProdBEBIDAS_LACT;LECHE DESCREMADA LIQUIDA PURISIMA;6
3785638;2026-09-29;MCY05;SUPERMERCADO EL BOSQUE;ProdBEBIDAS_LACT;LECHE COMPLETA LIQUIDA PURISIMA;5
3786792;2026-09-29;BQTO07;SUPERMERCADO GIRASOL;ProdBEBIDAS_LACT;LECHE COMPLETA LIQUIDA PURISIMA;12
3786794;2026-09-29;BQTO07;SUPERMERCADO GIRASOL;ProdBEBIDAS_LACT;LECHE DESCREMADA LIQUIDA PURISIMA;6
3786784;2026-09-29;BQTO07;SUPERMERCADO GIRASOL;ProdBEBIDAS;NARANJADA 1L TUNAL;4
3786790;2026-09-29;BQTO07;SUPERMERCADO GIRASOL;ProdBEBIDAS;NECTAR DURAZNO 1L TUNAL;4
3786786;2026-09-29;BQTO07;SUPERMERCADO GIRASOL;ProdBEBIDAS;NECTAR MANZANA 1L TUNAL;4
3786788;2026-09-29;BQTO07;SUPERMERCADO GIRASOL;ProdBEBIDAS;NECTAR PERA 1L TUNAL;4
3786796;2026-09-29;BQTO07;SUPERMERCADO GIRASOL;ProdBEBIDAS_LACT;LECHE  DESLACTOSADA LIQUIDA PURISIMA;6
3793323;2026-09-29;BQTO03;SUPERMERCADO KARI CABUDARE;ProdBEBIDAS;NECTAR MANZANA 200 ML TUNAL;3
3793315;2026-09-29;BQTO03;SUPERMERCADO KARI CABUDARE;ProdBEBIDAS_LACT;LECHE BARISTA PURISIMA;10
3774617;2026-09-29;PLC07;SUPERMERCADO LA ESTRELA;ProdEMBUTIDOS;SALCHICHA TIPO VIENA 225G (11unid) ALIMEX;1
3774735;2026-09-29;PLC07;SUPERMERCADO LA ESTRELA;ProdBEBIDAS_LACT;LECHE EN POLVO PURISIMA 900GR;1
3774614;2026-09-29;PLC07;SUPERMERCADO LA ESTRELA;ProdEMBUTIDOS;SALCHICHA TIPO VIENA 450GR (22unid) ALIMEX;1
3774747;2026-09-29;PLC07;SUPERMERCADO LA ESTRELA;ProdBEBIDAS_LACT;LECHE EN POLVO PURISIMA 400GR;1
3785619;2026-09-29;MCY05;SUPERMERCADO MAPKET;ProdBEBIDAS_LACT;LECHE  DESLACTOSADA LIQUIDA PURISIMA;7
3785616;2026-09-29;MCY05;SUPERMERCADO MAPKET;ProdBEBIDAS_LACT;LECHE COMPLETA LIQUIDA PURISIMA;4
3785614;2026-09-29;MCY05;SUPERMERCADO MAPKET;ProdBEBIDAS_LACT;LECHE EN POLVO PURISIMA 200GR;1
3785628;2026-09-29;MCY05;SUPERMERCADO MAPKET;ProdEMBUTIDOS;SALCHICHA TIPO VIENA 450GR (22unid) ALIMEX;1
3785615;2026-09-29;MCY05;SUPERMERCADO MAPKET;ProdBEBIDAS_LACT;LECHE EN POLVO PURISIMA 400GR;1
3785627;2026-09-29;MCY05;SUPERMERCADO MAPKET;ProdEMBUTIDOS;SALCHICHA TIPO VIENA 800GR (24unid) ALIMEX;1
3785618;2026-09-29;MCY05;SUPERMERCADO MAPKET;ProdBEBIDAS_LACT;LECHE DESCREMADA LIQUIDA PURISIMA;5
3785629;2026-09-29;MCY05;SUPERMERCADO MAPKET;ProdEMBUTIDOS;SALCHICHA TIPO VIENA 225G (11unid) ALIMEX;1
3784574;2026-09-29;PLC03;SUPERMERCADO PARAISO 128 C.A;ProdBEBIDAS;NECTAR MANZANA 500 ML TUNAL;4
3784568;2026-09-29;PLC03;SUPERMERCADO PARAISO 128 C.A;ProdBEBIDAS;NARANJADA 1L TUNAL;7
3784562;2026-09-29;PLC03;SUPERMERCADO PARAISO 128 C.A;ProdBEBIDAS_LACT;LECHE DESCREMADA LIQUIDA PURISIMA;14
3784577;2026-09-29;PLC03;SUPERMERCADO PARAISO 128 C.A;ProdEMBUTIDOS;MORTADELA DE POLLO DE 1 KG;5
3784576;2026-09-29;PLC03;SUPERMERCADO PARAISO 128 C.A;ProdBEBIDAS;NECTAR DURAZNO 500 ML TUNAL;4
3784578;2026-09-29;PLC03;SUPERMERCADO PARAISO 128 C.A;ProdEMBUTIDOS;MORTADELA CCS DE CARNES 900G;5
3784561;2026-09-29;PLC03;SUPERMERCADO PARAISO 128 C.A;ProdBEBIDAS_LACT;LECHE COMPLETA LIQUIDA PURISIMA;14
3784571;2026-09-29;PLC03;SUPERMERCADO PARAISO 128 C.A;ProdBEBIDAS;NECTAR MANZANA 1L TUNAL;7
3784569;2026-09-29;PLC03;SUPERMERCADO PARAISO 128 C.A;ProdBEBIDAS;NECTAR DURAZNO 1L TUNAL;7
3784575;2026-09-29;PLC03;SUPERMERCADO PARAISO 128 C.A;ProdBEBIDAS;NECTAR PERA 500 ML TUNAL;4
3784570;2026-09-29;PLC03;SUPERMERCADO PARAISO 128 C.A;ProdBEBIDAS;NECTAR PERA 1L TUNAL;7
3784566;2026-09-29;PLC03;SUPERMERCADO PARAISO 128 C.A;ProdBEBIDAS_LACT;LECHE BARISTA PURISIMA;14
3784572;2026-09-29;PLC03;SUPERMERCADO PARAISO 128 C.A;ProdBEBIDAS;TE LIMON 1L TUNAL;3
3784564;2026-09-29;PLC03;SUPERMERCADO PARAISO 128 C.A;ProdBEBIDAS_LACT;LECHE  DESLACTOSADA LIQUIDA PURISIMA;14
3784573;2026-09-29;PLC03;SUPERMERCADO PARAISO 128 C.A;ProdBEBIDAS;TE FRUTOS ROJOS 1L TUNAL;3
3796190;2026-09-29;MCY04;San Diego Turmero;ProdDERIV_LACTEOS;CREMA DE LECHE DE 500GR PURISIMA;1
3796191;2026-09-29;MCY04;San Diego Turmero;ProdDERIV_LACTEOS;CREMA DE LECHE DE 250GR PURISIMA;2
3796183;2026-09-29;MCY04;San Diego Turmero;ProdBEBIDAS_LACT;LECHE BARISTA PURISIMA;2
3796180;2026-09-29;MCY04;San Diego Turmero;ProdBEBIDAS_LACT;LECHE COMPLETA LIQUIDA PURISIMA;6
3796182;2026-09-29;MCY04;San Diego Turmero;ProdBEBIDAS_LACT;LECHE  DESLACTOSADA LIQUIDA PURISIMA;2
3796187;2026-09-29;MCY04;San Diego Turmero;ProdBEBIDAS_LACT;LECHE EN POLVO PURISIMA 900GR;2
3796186;2026-09-29;MCY04;San Diego Turmero;ProdBEBIDAS_LACT;LECHE EN POLVO PURISIMA 400GR;2
3796193;2026-09-29;MCY04;San Diego Turmero;ProdDERIV_LACTEOS;MANTEQUILLA PURISIMA SIN SAL 200G PURISIMA;2
3796181;2026-09-29;MCY04;San Diego Turmero;ProdBEBIDAS_LACT;LECHE DESCREMADA LIQUIDA PURISIMA;1
3783219;2026-09-29;PLC02;THE HAO SUPERMARKET;ProdBEBIDAS;NECTAR DURAZNO 1L TUNAL;2
3783202;2026-09-29;PLC02;THE HAO SUPERMARKET;ProdBEBIDAS_LACT;LECHE EN POLVO PURISIMA 900GR;1
3783224;2026-09-29;PLC02;THE HAO SUPERMARKET;ProdDERIV_LACTEOS;MANTEQUILLA PURISIMA CON SAL 200G PURISIMA;2
3783217;2026-09-29;PLC02;THE HAO SUPERMARKET;ProdBEBIDAS;NECTAR MANZANA 1L TUNAL;1
3783218;2026-09-29;PLC02;THE HAO SUPERMARKET;ProdBEBIDAS;NECTAR PERA 1L TUNAL;1
3783212;2026-09-29;PLC02;THE HAO SUPERMARKET;ProdBEBIDAS;NECTAR MANZANA 500 ML TUNAL;1
3783214;2026-09-29;PLC02;THE HAO SUPERMARKET;ProdBEBIDAS;NECTAR DURAZNO 500 ML TUNAL;1
3783227;2026-09-29;PLC02;THE HAO SUPERMARKET;ProdDERIV_LACTEOS;CREMA DE LECHE DE 500GR PURISIMA;2
3783198;2026-09-29;PLC02;THE HAO SUPERMARKET;ProdBEBIDAS_LACT;LECHE BARISTA PURISIMA;1
3783201;2026-09-29;PLC02;THE HAO SUPERMARKET;ProdBEBIDAS_LACT;LECHE EN POLVO PURISIMA 400GR;1
3783216;2026-09-29;PLC02;THE HAO SUPERMARKET;ProdBEBIDAS;NECTAR MANZANA LIGHT 1 LITRO TUNAL;2
3783213;2026-09-29;PLC02;THE HAO SUPERMARKET;ProdBEBIDAS;NECTAR PERA 500 ML TUNAL;1
3783225;2026-09-29;PLC02;THE HAO SUPERMARKET;ProdDERIV_LACTEOS;MANTEQUILLA PURISIMA SIN SAL 200G PURISIMA;1
3783215;2026-09-29;PLC02;THE HAO SUPERMARKET;ProdBEBIDAS;TE FRUTOS ROJOS 50OML;1
3783195;2026-09-29;PLC02;THE HAO SUPERMARKET;ProdBEBIDAS_LACT;LECHE COMPLETA LIQUIDA PURISIMA;1
3783197;2026-09-29;PLC02;THE HAO SUPERMARKET;ProdBEBIDAS_LACT;LECHE  DESLACTOSADA LIQUIDA PURISIMA;1
3783196;2026-09-29;PLC02;THE HAO SUPERMARKET;ProdBEBIDAS_LACT;LECHE DESCREMADA LIQUIDA PURISIMA;1
3783226;2026-09-29;PLC02;THE HAO SUPERMARKET;ProdDERIV_LACTEOS;CREMA DE LECHE DE 250GR PURISIMA;2
3774759;2026-09-29;PLC08;TODO HOGAR BARCELONA;ProdBEBIDAS_LACT;LECHE  DESLACTOSADA LIQUIDA PURISIMA;10
3774758;2026-09-29;PLC08;TODO HOGAR BARCELONA;ProdBEBIDAS_LACT;LECHE DESCREMADA LIQUIDA PURISIMA;10
3774757;2026-09-29;PLC08;TODO HOGAR BARCELONA;ProdBEBIDAS_LACT;LECHE COMPLETA LIQUIDA PURISIMA;10
3777599;2026-09-29;CCS08;UNICASA CANDELARIA;ProdBEBIDAS;NARANJADA  200 ML TUNAL;1
3777612;2026-09-29;CCS08;UNICASA CANDELARIA;ProdBEBIDAS_LACT;LECHE  DESLACTOSADA LIQUIDA PURISIMA;12
3777588;2026-09-29;CCS08;UNICASA CANDELARIA;ProdBEBIDAS;NECTAR DURAZNO 1L TUNAL;10
3777587;2026-09-29;CCS08;UNICASA CANDELARIA;ProdBEBIDAS;NECTAR PERA 1L TUNAL;10
3777590;2026-09-29;CCS08;UNICASA CANDELARIA;ProdBEBIDAS;NECTAR PERA LIGHT 1 LITRO TUNAL;5
3777585;2026-09-29;CCS08;UNICASA CANDELARIA;ProdBEBIDAS;NARANJADA 1L TUNAL;10
3777611;2026-09-29;CCS08;UNICASA CANDELARIA;ProdBEBIDAS_LACT;LECHE DESCREMADA LIQUIDA PURISIMA;18
3777586;2026-09-29;CCS08;UNICASA CANDELARIA;ProdBEBIDAS;NECTAR MANZANA 1L TUNAL;5
3777606;2026-09-29;CCS08;UNICASA CANDELARIA;ProdBEBIDAS;TE LIMON 500ML TUNAL;4
3777610;2026-09-29;CCS08;UNICASA CANDELARIA;ProdBEBIDAS_LACT;LECHE COMPLETA LIQUIDA PURISIMA;23
3777615;2026-09-29;CCS08;UNICASA CANDELARIA;ProdBEBIDAS;TE LIMON 1L TUNAL;4
3777602;2026-09-29;CCS08;UNICASA CANDELARIA;ProdBEBIDAS;NECTAR DURAZNO 200 ML TUNAL;1
3777616;2026-09-29;CCS08;UNICASA CANDELARIA;ProdBEBIDAS;TE FRUTOS ROJOS 1L TUNAL;2
3777603;2026-09-29;CCS08;UNICASA CANDELARIA;ProdBEBIDAS;NARANJADA  500 ML TUNAL;4
3777605;2026-09-29;CCS08;UNICASA CANDELARIA;ProdBEBIDAS;TE DURAZNO 500ML TUNAL;4
3777604;2026-09-29;CCS08;UNICASA CANDELARIA;ProdBEBIDAS;NECTAR DURAZNO 500 ML TUNAL;4
3777601;2026-09-29;CCS08;UNICASA CANDELARIA;ProdBEBIDAS;NECTAR PERA 200 ML TUNAL;1
3777600;2026-09-29;CCS08;UNICASA CANDELARIA;ProdBEBIDAS;NECTAR MANZANA 200 ML TUNAL;1
3777614;2026-09-29;CCS08;UNICASA CANDELARIA;ProdBEBIDAS;TE DURAZNO 1L TUNAL;4
3777589;2026-09-29;CCS08;UNICASA CANDELARIA;ProdBEBIDAS;JUGO NARANJA LIGTH 1 LITRO TUNAL;5
3772706;2026-09-29;CCS10;UNICASA MONTALBAN C.C. CARACAS;ProdBEBIDAS_LACT;Leche en polvo Purisima 500gr;2
3772703;2026-09-29;CCS10;UNICASA MONTALBAN C.C. CARACAS;ProdBEBIDAS_LACT;LECHE COMPLETA LIQUIDA PURISIMA;11
3772707;2026-09-29;CCS10;UNICASA MONTALBAN C.C. CARACAS;ProdBEBIDAS;NARANJADA 1L TUNAL;3
3776806;2026-09-29;CCS10;UNICASA USLAR;ProdBEBIDAS_LACT;LECHE COMPLETA LIQUIDA PURISIMA;14
3776805;2026-09-29;CCS10;UNICASA USLAR;ProdBEBIDAS;NARANJADA 1L TUNAL;12
3792441;2026-09-30;PLC06;AIKOZ  ANACO CENTER;ProdDERIV_LACTEOS;CREMA DE LECHE DE 500GR PURISIMA;1
3792433;2026-09-30;PLC06;AIKOZ  ANACO CENTER;ProdBEBIDAS_LACT;LECHE COMPLETA LIQUIDA PURISIMA;12
3792434;2026-09-30;PLC06;AIKOZ  ANACO CENTER;ProdBEBIDAS_LACT;LECHE DESCREMADA LIQUIDA PURISIMA;12
3792435;2026-09-30;PLC06;AIKOZ  ANACO CENTER;ProdBEBIDAS_LACT;LECHE  DESLACTOSADA LIQUIDA PURISIMA;9
3792438;2026-09-30;PLC06;AIKOZ  ANACO CENTER;ProdDERIV_LACTEOS;MANTEQUILLA PURISIMA SIN SAL 200G PURISIMA;1
3792444;2026-09-30;PLC06;AIKOZ  ANACO CENTER;ProdEMBUTIDOS;MORTADELA DE POLLO DE 1 KG;1
3792439;2026-09-30;PLC06;AIKOZ  ANACO CENTER;ProdDERIV_LACTEOS;MANTEQUILLA PURISIMA CON SAL 200G PURISIMA;1
3791730;2026-09-30;PLC02;AIKOZ  AV. LECHERIA;ProdDERIV_LACTEOS;MANTEQUILLA PURISIMA SIN SAL 200G PURISIMA;1
3791725;2026-09-30;PLC02;AIKOZ  AV. LECHERIA;ProdBEBIDAS;NECTAR DURAZNO 200 ML TUNAL;1
3791726;2026-09-30;PLC02;AIKOZ  AV. LECHERIA;ProdBEBIDAS;NARANJADA  500 ML TUNAL;1
3791718;2026-09-30;PLC02;AIKOZ  AV. LECHERIA;ProdBEBIDAS;TE FRUTOS ROJOS 1L TUNAL;1
3791705;2026-09-30;PLC02;AIKOZ  AV. LECHERIA;ProdBEBIDAS_LACT;LECHE COMPLETA LIQUIDA PURISIMA;1
3791732;2026-09-30;PLC02;AIKOZ  AV. LECHERIA;ProdDERIV_LACTEOS;CREMA DE LECHE DE 500GR PURISIMA;1
3791706;2026-09-30;PLC02;AIKOZ  AV. LECHERIA;ProdBEBIDAS_LACT;LECHE DESCREMADA LIQUIDA PURISIMA;1
3791724;2026-09-30;PLC02;AIKOZ  AV. LECHERIA;ProdBEBIDAS;NECTAR PERA 200 ML TUNAL;1
3791707;2026-09-30;PLC02;AIKOZ  AV. LECHERIA;ProdBEBIDAS_LACT;LECHE  DESLACTOSADA LIQUIDA PURISIMA;1
3791729;2026-09-30;PLC02;AIKOZ  AV. LECHERIA;ProdDERIV_LACTEOS;MANTEQUILLA PURISIMA CON SAL 200G PURISIMA;1
3791738;2026-09-30;PLC02;AIKOZ  AV. LECHERIA;ProdEMBUTIDOS;SALCHICHA TIPO VIENA 800GR (24unid) ALIMEX;1
3791715;2026-09-30;PLC02;AIKOZ  AV. LECHERIA;ProdBEBIDAS;NECTAR MANZANA 1L TUNAL;1
3791716;2026-09-30;PLC02;AIKOZ  AV. LECHERIA;ProdBEBIDAS;NECTAR PERA 1L TUNAL;1
3791717;2026-09-30;PLC02;AIKOZ  AV. LECHERIA;ProdBEBIDAS;TE LIMON 1L TUNAL;1
3791714;2026-09-30;PLC02;AIKOZ  AV. LECHERIA;ProdBEBIDAS;NARANJADA 1L TUNAL;1
3791736;2026-09-30;PLC02;AIKOZ  AV. LECHERIA;ProdEMBUTIDOS;SALCHICHA TIPO VIENA 225G (11unid) ALIMEX;1
3791737;2026-09-30;PLC02;AIKOZ  AV. LECHERIA;ProdEMBUTIDOS;SALCHICHA TIPO VIENA 450GR (22unid) ALIMEX;1
3791723;2026-09-30;PLC02;AIKOZ  AV. LECHERIA;ProdBEBIDAS;NECTAR MANZANA 200 ML TUNAL;1
3790146;2026-09-30;PLC05;AIKOZ AB. AVENIDA BOLIVAR;ProdBEBIDAS_LACT;LECHE  DESLACTOSADA LIQUIDA PURISIMA;6
3790145;2026-09-30;PLC05;AIKOZ AB. AVENIDA BOLIVAR;ProdBEBIDAS_LACT;LECHE DESCREMADA LIQUIDA PURISIMA;18
3790144;2026-09-30;PLC05;AIKOZ AB. AVENIDA BOLIVAR;ProdBEBIDAS_LACT;LECHE COMPLETA LIQUIDA PURISIMA;18
3794470;2026-09-30;PLC08;AIKOZ BARCELONA;ProdEMBUTIDOS;SALCHICHA TIPO VIENA 225G (11unid) ALIMEX;4
3794482;2026-09-30;PLC08;AIKOZ BARCELONA;ProdBEBIDAS_LACT;LECHE DESCREMADA LIQUIDA PURISIMA;8
3794483;2026-09-30;PLC08;AIKOZ BARCELONA;ProdBEBIDAS_LACT;LECHE  DESLACTOSADA LIQUIDA PURISIMA;8
3794481;2026-09-30;PLC08;AIKOZ BARCELONA;ProdBEBIDAS_LACT;LECHE COMPLETA LIQUIDA PURISIMA;8
3794461;2026-09-30;PLC08;AIKOZ BARCELONA;ProdEMBUTIDOS;MORTADELA DE POLLO DE 1 KG;1
3794469;2026-09-30;PLC08;AIKOZ BARCELONA;ProdEMBUTIDOS;SALCHICHA TIPO VIENA 450GR (22unid) ALIMEX;4
3794476;2026-09-30;PLC08;AIKOZ BARCELONA;ProdDERIV_LACTEOS;MANTEQUILLA PURISIMA SIN SAL 200G PURISIMA;2
3794475;2026-09-30;PLC08;AIKOZ BARCELONA;ProdDERIV_LACTEOS;MANTEQUILLA PURISIMA CON SAL 200G PURISIMA;2
3794472;2026-09-30;PLC08;AIKOZ BARCELONA;ProdDERIV_LACTEOS;CREMA DE LECHE DE 250GR PURISIMA;4
3794468;2026-09-30;PLC08;AIKOZ BARCELONA;ProdEMBUTIDOS;SALCHICHA TIPO VIENA 800GR (24unid) ALIMEX;4
3794460;2026-09-30;PLC08;AIKOZ BARCELONA;ProdEMBUTIDOS;MORTADELA de Pollo Caracas 900gr;1
3794177;2026-09-30;PLC07;AIKOZ UNIMAL;ProdEMBUTIDOS;SALCHICHA TIPO VIENA 450GR (22unid) ALIMEX;1
3795424;2026-09-30;PLC07;AIKOZ UNIMAL;ProdBEBIDAS;NARANJADA 1L TUNAL;2
3794065;2026-09-30;PLC07;AIKOZ UNIMAL;ProdDERIV_LACTEOS;MANTEQUILLA PURISIMA SIN SAL 200G PURISIMA;2
3794097;2026-09-30;PLC07;AIKOZ UNIMAL;ProdDERIV_LACTEOS;CREMA DE LECHE DE 500GR PURISIMA;1
3795584;2026-09-30;PLC07;AIKOZ UNIMAL;ProdBEBIDAS_LACT;LECHE BARISTA PURISIMA;1
3794100;2026-09-30;PLC07;AIKOZ UNIMAL;ProdDERIV_LACTEOS;CREMA DE LECHE DE 250GR PURISIMA;1
3795427;2026-09-30;PLC07;AIKOZ UNIMAL;ProdBEBIDAS;NECTAR MANZANA 1L TUNAL;2
3795428;2026-09-30;PLC07;AIKOZ UNIMAL;ProdBEBIDAS;NECTAR PERA 1L TUNAL;2
3795426;2026-09-30;PLC07;AIKOZ UNIMAL;ProdBEBIDAS;NECTAR DURAZNO 1L TUNAL;2
3795468;2026-09-30;PLC07;AIKOZ UNIMAL;ProdBEBIDAS;NARANJADA  500 ML TUNAL;1
3795457;2026-09-30;PLC07;AIKOZ UNIMAL;ProdBEBIDAS;TE FRUTOS ROJOS 1L TUNAL;1
3795586;2026-09-30;PLC07;AIKOZ UNIMAL;ProdBEBIDAS_LACT;LECHE  DESLACTOSADA LIQUIDA PURISIMA;2
3794068;2026-09-30;PLC07;AIKOZ UNIMAL;ProdDERIV_LACTEOS;MANTEQUILLA PURISIMA CON SAL 200G PURISIMA;2
3795580;2026-09-30;PLC07;AIKOZ UNIMAL;ProdBEBIDAS_LACT;LECHE COMPLETA LIQUIDA PURISIMA;3
3795442;2026-09-30;PLC07;AIKOZ UNIMAL;ProdBEBIDAS_LACT;LECHE DESCREMADA LIQUIDA PURISIMA;2
3802477;2026-09-30;MCY05;ARB CANTA CLARO;ProdBEBIDAS;NECTAR DURAZNO 1L TUNAL;1
3802473;2026-09-30;MCY05;ARB CANTA CLARO;ProdBEBIDAS;NECTAR MANZANA 1L TUNAL;1
3802471;2026-09-30;MCY05;ARB CANTA CLARO;ProdBEBIDAS;NARANJADA 1L TUNAL;1
3802485;2026-09-30;MCY05;ARB CANTA CLARO;ProdEMBUTIDOS;SALCHICHA TIPO VIENA 225G (11unid) ALIMEX;1
3802486;2026-09-30;MCY05;ARB CANTA CLARO;ProdEMBUTIDOS;TOCINETA AHUMADA SIN CUERO 3.5KG ALIMEX;1
3802475;2026-09-30;MCY05;ARB CANTA CLARO;ProdBEBIDAS;NECTAR PERA 1L TUNAL;1
3796253;2026-09-30;MCY04;ARB MARKET REDOMA EL AVION;ProdDERIV_LACTEOS;CREMA DE LECHE DE 250GR PURISIMA;2
3796263;2026-09-30;MCY04;ARB MARKET REDOMA EL AVION;ProdEMBUTIDOS;SALCHICHA TIPO VIENA 450GR (22unid) ALIMEX;2
3796234;2026-09-30;MCY04;ARB MARKET REDOMA EL AVION;ProdBEBIDAS_LACT;LECHE COMPLETA LIQUIDA PURISIMA;
3796266;2026-09-30;MCY04;ARB MARKET REDOMA EL AVION;ProdEMBUTIDOS;SALCHICHA TIPO VIENA 225G (11unid) ALIMEX;
3796283;2026-09-30;MCY04;ARB MARKET REDOMA EL AVION;ProdBEBIDAS;NECTAR MANZANA 1L TUNAL;2.2
3796237;2026-09-30;MCY04;ARB MARKET REDOMA EL AVION;ProdBEBIDAS_LACT;LECHE DESCREMADA LIQUIDA PURISIMA;3
3796244;2026-09-30;MCY04;ARB MARKET REDOMA EL AVION;ProdEMBUTIDOS;MORTADELA DE POLLO DE 1 KG;2
3796285;2026-09-30;MCY04;ARB MARKET REDOMA EL AVION;ProdBEBIDAS;NECTAR DURAZNO 1L TUNAL;1
3796256;2026-09-30;MCY04;ARB MARKET REDOMA EL AVION;ProdDERIV_LACTEOS;CREMA DE LECHE DE 500GR PURISIMA;2
3796281;2026-09-30;MCY04;ARB MARKET REDOMA EL AVION;ProdBEBIDAS;NARANJADA 1L TUNAL;1
3796284;2026-09-30;MCY04;ARB MARKET REDOMA EL AVION;ProdBEBIDAS;NECTAR PERA 1L TUNAL;2
3796666;2026-09-30;PTO03;ASIA FORTUNA;ProdBEBIDAS_LACT;LECHE EN POLVO PURISIMA 900GR;2
3796665;2026-09-30;PTO03;ASIA FORTUNA;ProdBEBIDAS_LACT;LECHE EN POLVO PURISIMA 400GR;2
3796664;2026-09-30;PTO03;ASIA FORTUNA;ProdBEBIDAS_LACT;LECHE EN POLVO PURISIMA 200GR;3
3796662;2026-09-30;PTO03;ASIA FORTUNA;ProdEMBUTIDOS;MORTADELA CCS DE CARNES 500G;9
3796656;2026-09-30;PTO03;ASIA FORTUNA;ProdBEBIDAS_LACT;LECHE  DESLACTOSADA LIQUIDA PURISIMA;
3796663;2026-09-30;PTO03;ASIA FORTUNA;ProdEMBUTIDOS;MORTADELA CCS DE CARNES 900G;8
3796655;2026-09-30;PTO03;ASIA FORTUNA;ProdBEBIDAS_LACT;LECHE DESCREMADA LIQUIDA PURISIMA;4
3796653;2026-09-30;PTO03;ASIA FORTUNA;ProdBEBIDAS_LACT;LECHE COMPLETA BARISTA LIQUIDA PURISIMA;1
3796654;2026-09-30;PTO03;ASIA FORTUNA;ProdBEBIDAS_LACT;LECHE COMPLETA LIQUIDA PURISIMA;5
3798555;2026-09-30;PTO01;AUT. MAXICONSUMO;ProdBEBIDAS_LACT;LECHE COMPLETA LIQUIDA PURISIMA;6
3798571;2026-09-30;PTO01;AUT. MAXICONSUMO;ProdBEBIDAS_LACT;LECHE EN POLVO PURISIMA 200GR;2
3798562;2026-09-30;PTO01;AUT. MAXICONSUMO;ProdBEBIDAS;NARANJADA  200 ML TUNAL;4
3798567;2026-09-30;PTO01;AUT. MAXICONSUMO;ProdBEBIDAS;NECTAR PERA 500 ML TUNAL;2
3798560;2026-09-30;PTO01;AUT. MAXICONSUMO;ProdBEBIDAS;NECTAR MANZANA 1L TUNAL;3
3798558;2026-09-30;PTO01;AUT. MAXICONSUMO;ProdBEBIDAS;NECTAR DURAZNO 1L TUNAL;3
3798569;2026-09-30;PTO01;AUT. MAXICONSUMO;ProdBEBIDAS_LACT;LECHE EN POLVO PURISIMA 900GR;2
3798570;2026-09-30;PTO01;AUT. MAXICONSUMO;ProdBEBIDAS_LACT;LECHE EN POLVO PURISIMA 400GR;6
3798576;2026-09-30;PTO01;AUT. MAXICONSUMO;ProdEMBUTIDOS;MORTADELA CCS DE CARNES 500G;4
3798575;2026-09-30;PTO01;AUT. MAXICONSUMO;ProdEMBUTIDOS;MORTADELA CCS DE CARNES 900G;4
3798561;2026-09-30;PTO01;AUT. MAXICONSUMO;ProdBEBIDAS;NARANJADA 1L TUNAL;3
3798568;2026-09-30;PTO01;AUT. MAXICONSUMO;ProdBEBIDAS;NECTAR DURAZNO 500 ML TUNAL;2
3798563;2026-09-30;PTO01;AUT. MAXICONSUMO;ProdBEBIDAS;NECTAR MANZANA 200 ML TUNAL;4
3798565;2026-09-30;PTO01;AUT. MAXICONSUMO;ProdBEBIDAS;NECTAR PERA 200 ML TUNAL;2
3798577;2026-09-30;PTO01;AUT. MAXICONSUMO;ProdDERIV_LACTEOS;CREMA DE LECHE DE 500GR PURISIMA;3
3798564;2026-09-30;PTO01;AUT. MAXICONSUMO;ProdBEBIDAS;NECTAR DURAZNO 200 ML TUNAL;4
3798556;2026-09-30;PTO01;AUT. MAXICONSUMO;ProdBEBIDAS_LACT;LECHE DESCREMADA LIQUIDA PURISIMA;6
3798557;2026-09-30;PTO01;AUT. MAXICONSUMO;ProdBEBIDAS_LACT;LECHE  DESLACTOSADA LIQUIDA PURISIMA;6
3798559;2026-09-30;PTO01;AUT. MAXICONSUMO;ProdBEBIDAS;NECTAR PERA 1L TUNAL;3
3798566;2026-09-30;PTO01;AUT. MAXICONSUMO;ProdBEBIDAS;NARANJADA  500 ML TUNAL;6
3803713;2026-09-30;BQTO07;AUTOMERCADO LUZ;ProdBEBIDAS_LACT;LECHE DESCREMADA LIQUIDA PURISIMA;2
3803703;2026-09-30;BQTO07;AUTOMERCADO LUZ;ProdBEBIDAS;NECTAR MANZANA 1L TUNAL;2
3803714;2026-09-30;BQTO07;AUTOMERCADO LUZ;ProdBEBIDAS_LACT;LECHE COMPLETA BARISTA LIQUIDA PURISIMA;1
3803712;2026-09-30;BQTO07;AUTOMERCADO LUZ;ProdBEBIDAS_LACT;LECHE COMPLETA LIQUIDA PURISIMA;2
3803709;2026-09-30;BQTO07;AUTOMERCADO LUZ;ProdBEBIDAS;TE LIMON 1L TUNAL;1
3803707;2026-09-30;BQTO07;AUTOMERCADO LUZ;ProdBEBIDAS;NECTAR DURAZNO 1L TUNAL;1
3803710;2026-09-30;BQTO07;AUTOMERCADO LUZ;ProdBEBIDAS;TE DURAZNO 1L TUNAL;1
3803689;2026-09-30;BQTO07;AUTOMERCADO LUZ;ProdEMBUTIDOS;MORTADELA CCS DE CARNES 900G;1
3803701;2026-09-30;BQTO07;AUTOMERCADO LUZ;ProdBEBIDAS;NARANJADA 1L TUNAL;1
3803685;2026-09-30;BQTO07;AUTOMERCADO LUZ;ProdDERIV_LACTEOS;CREMA DE LECHE DE 500GR PURISIMA;1
3803705;2026-09-30;BQTO07;AUTOMERCADO LUZ;ProdBEBIDAS;NECTAR PERA 1L TUNAL;1
3803687;2026-09-30;BQTO07;AUTOMERCADO LUZ;ProdDERIV_LACTEOS;CREMA DE LECHE DE 250GR PURISIMA;1
3803691;2026-09-30;BQTO07;AUTOMERCADO LUZ;ProdEMBUTIDOS;MORTADELA CCS DE CARNES 500G;1
3799204;2026-09-30;VLC04;BALYS COLORADO;ProdDERIV_LACTEOS;CREMA DE LECHE DE 500GR PURISIMA;2
3799183;2026-09-30;VLC04;BALYS COLORADO;ProdBEBIDAS;TE DURAZNO 1L TUNAL;2
3799191;2026-09-30;VLC04;BALYS COLORADO;ProdBEBIDAS;NECTAR DURAZNO 500 ML TUNAL;1
3799193;2026-09-30;VLC04;BALYS COLORADO;ProdBEBIDAS;NECTAR MANZANA LIGHT 1 LITRO TUNAL;2
3799185;2026-09-30;VLC04;BALYS COLORADO;ProdBEBIDAS;TE FRUTOS ROJOS 1L TUNAL;2
3799181;2026-09-30;VLC04;BALYS COLORADO;ProdBEBIDAS;NECTAR MANZANA 1L TUNAL;2
3799206;2026-09-30;VLC04;BALYS COLORADO;ProdDERIV_LACTEOS;MANTEQUILLA PURISIMA CON SAL 200G PURISIMA;2
3799180;2026-09-30;VLC04;BALYS COLORADO;ProdBEBIDAS;NECTAR DURAZNO 1L TUNAL;2
3799179;2026-09-30;VLC04;BALYS COLORADO;ProdBEBIDAS;NARANJADA 1L TUNAL;1
3799182;2026-09-30;VLC04;BALYS COLORADO;ProdBEBIDAS;NECTAR PERA 1L TUNAL;1
3799184;2026-09-30;VLC04;BALYS COLORADO;ProdBEBIDAS;TE LIMON 1L TUNAL;2
3799188;2026-09-30;VLC04;BALYS COLORADO;ProdBEBIDAS;NECTAR MANZANA 200 ML TUNAL;1
3799187;2026-09-30;VLC04;BALYS COLORADO;ProdBEBIDAS;NECTAR DURAZNO 200 ML TUNAL;1
3799186;2026-09-30;VLC04;BALYS COLORADO;ProdBEBIDAS;NARANJADA  200 ML TUNAL;1
3799189;2026-09-30;VLC04;BALYS COLORADO;ProdBEBIDAS;NECTAR PERA 200 ML TUNAL;1
3799190;2026-09-30;VLC04;BALYS COLORADO;ProdBEBIDAS;NARANJADA  500 ML TUNAL;1
3799200;2026-09-30;VLC04;BALYS COLORADO;ProdBEBIDAS_LACT;LECHE  DESLACTOSADA LIQUIDA PURISIMA;1
3799198;2026-09-30;VLC04;BALYS COLORADO;ProdBEBIDAS_LACT;LECHE COMPLETA LIQUIDA PURISIMA;1
3799192;2026-09-30;VLC04;BALYS COLORADO;ProdBEBIDAS;NECTAR MANZANA 500 ML TUNAL;1
3799203;2026-09-30;VLC04;BALYS COLORADO;ProdDERIV_LACTEOS;CREMA DE LECHE DE 250GR PURISIMA;2
3799199;2026-09-30;VLC04;BALYS COLORADO;ProdBEBIDAS_LACT;LECHE DESCREMADA LIQUIDA PURISIMA;1
3803115;2026-09-30;BQTO01;BODEGON DELY GOURMET C.A.;ProdBEBIDAS;JUGO NARANJA LIGTH 1 LITRO TUNAL;3
3803116;2026-09-30;BQTO01;BODEGON DELY GOURMET C.A.;ProdBEBIDAS;NECTAR MANZANA LIGHT 1 LITRO TUNAL;2
3803108;2026-09-30;BQTO01;BODEGON DELY GOURMET C.A.;ProdBEBIDAS;NARANJADA 1L TUNAL;8
3803117;2026-09-30;BQTO01;BODEGON DELY GOURMET C.A.;ProdBEBIDAS;NECTAR PERA LIGHT 1 LITRO TUNAL;3
3803110;2026-09-30;BQTO01;BODEGON DELY GOURMET C.A.;ProdBEBIDAS;NECTAR PERA 1L TUNAL;2
3803111;2026-09-30;BQTO01;BODEGON DELY GOURMET C.A.;ProdBEBIDAS;NARANJADA  200 ML TUNAL;6
3803112;2026-09-30;BQTO01;BODEGON DELY GOURMET C.A.;ProdBEBIDAS;NECTAR MANZANA 200 ML TUNAL;4
3803113;2026-09-30;BQTO01;BODEGON DELY GOURMET C.A.;ProdBEBIDAS;NECTAR PERA 200 ML TUNAL;4
3803114;2026-09-30;BQTO01;BODEGON DELY GOURMET C.A.;ProdBEBIDAS;NECTAR DURAZNO 200 ML TUNAL;4
3803119;2026-09-30;BQTO01;BODEGON DELY GOURMET C.A.;ProdBEBIDAS;TE FRUTOS ROJOS 1L TUNAL;4
3803118;2026-09-30;BQTO01;BODEGON DELY GOURMET C.A.;ProdBEBIDAS;TE LIMON 1L TUNAL;4
3803109;2026-09-30;BQTO01;BODEGON DELY GOURMET C.A.;ProdBEBIDAS;NECTAR MANZANA 1L TUNAL;6
3803072;2026-09-30;BQTO01;CECOSESOLA RL SUC BARRIO UNION;ProdBEBIDAS_LACT;LECHE COMPLETA LIQUIDA PURISIMA;35
3803073;2026-09-30;BQTO01;CECOSESOLA RL SUC BARRIO UNION;ProdBEBIDAS_LACT;LECHE DESCREMADA LIQUIDA PURISIMA;25
3803074;2026-09-30;BQTO01;CECOSESOLA RL SUC BARRIO UNION;ProdBEBIDAS_LACT;LECHE  DESLACTOSADA LIQUIDA PURISIMA;15
3791177;2026-09-30;CCS02;CENTRAL MADEIRENSE BELLO CAMPO;ProdBEBIDAS_LACT;LECHE COMPLETA LIQUIDA PURISIMA;20
3791187;2026-09-30;CCS02;CENTRAL MADEIRENSE BELLO CAMPO;ProdBEBIDAS;NECTAR MANZANA 1L TUNAL;3
3791192;2026-09-30;CCS02;CENTRAL MADEIRENSE BELLO CAMPO;ProdDERIV_LACTEOS;CREMA DE LECHE DE 250GR PURISIMA;1
3791191;2026-09-30;CCS02;CENTRAL MADEIRENSE BELLO CAMPO;ProdDERIV_LACTEOS;CREMA DE LECHE DE 500GR PURISIMA;3
3791179;2026-09-30;CCS02;CENTRAL MADEIRENSE BELLO CAMPO;ProdBEBIDAS_LACT;LECHE  DESLACTOSADA LIQUIDA PURISIMA;16
3791188;2026-09-30;CCS02;CENTRAL MADEIRENSE BELLO CAMPO;ProdBEBIDAS;NECTAR PERA 1L TUNAL;3
3791185;2026-09-30;CCS02;CENTRAL MADEIRENSE BELLO CAMPO;ProdBEBIDAS;NARANJADA 1L TUNAL;4
3791193;2026-09-30;CCS02;CENTRAL MADEIRENSE BELLO CAMPO;ProdDERIV_LACTEOS;MANTEQUILLA PURISIMA SIN SAL 200G PURISIMA;1
3791186;2026-09-30;CCS02;CENTRAL MADEIRENSE BELLO CAMPO;ProdBEBIDAS;NECTAR DURAZNO 1L TUNAL;3
3791180;2026-09-30;CCS02;CENTRAL MADEIRENSE BELLO CAMPO;ProdBEBIDAS_LACT;LECHE BARISTA PURISIMA;3
3791194;2026-09-30;CCS02;CENTRAL MADEIRENSE BELLO CAMPO;ProdDERIV_LACTEOS;MANTEQUILLA PURISIMA CON SAL 200G PURISIMA;1
3791190;2026-09-30;CCS02;CENTRAL MADEIRENSE BELLO CAMPO;ProdEMBUTIDOS;SALCHICHA TIPO VIENA 225G (11unid) ALIMEX;1
3791189;2026-09-30;CCS02;CENTRAL MADEIRENSE BELLO CAMPO;ProdEMBUTIDOS;SALCHICHA TIPO VIENA 450GR (22unid) ALIMEX;1
3791178;2026-09-30;CCS02;CENTRAL MADEIRENSE BELLO CAMPO;ProdBEBIDAS_LACT;LECHE DESCREMADA LIQUIDA PURISIMA;20
3800599;2026-09-30;CCS02;CENTRAL MADEIRENSE BELLO MONTE;ProdBEBIDAS;TE LIMON 1L TUNAL;3
3800609;2026-09-30;CCS02;CENTRAL MADEIRENSE BELLO MONTE;ProdDERIV_LACTEOS;CREMA DE LECHE DE 500GR PURISIMA;2
3800603;2026-09-30;CCS02;CENTRAL MADEIRENSE BELLO MONTE;ProdDERIV_LACTEOS;MANTEQUILLA PURISIMA SIN SAL 200G PURISIMA;1
3800598;2026-09-30;CCS02;CENTRAL MADEIRENSE BELLO MONTE;ProdBEBIDAS;TE DURAZNO 1L TUNAL;3
3800602;2026-09-30;CCS02;CENTRAL MADEIRENSE BELLO MONTE;ProdDERIV_LACTEOS;MANTEQUILLA PURISIMA CON SAL 200G PURISIMA;1
3800596;2026-09-30;CCS02;CENTRAL MADEIRENSE BELLO MONTE;ProdBEBIDAS;NECTAR PERA 1L TUNAL;3
3800595;2026-09-30;CCS02;CENTRAL MADEIRENSE BELLO MONTE;ProdBEBIDAS;NECTAR MANZANA 1L TUNAL;3
3800613;2026-09-30;CCS02;CENTRAL MADEIRENSE BELLO MONTE;ProdEMBUTIDOS;SALCHICHA TIPO VIENA 450GR (22unid) ALIMEX;2
3800594;2026-09-30;CCS02;CENTRAL MADEIRENSE BELLO MONTE;ProdBEBIDAS;NARANJADA 1L TUNAL;1
3800597;2026-09-30;CCS02;CENTRAL MADEIRENSE BELLO MONTE;ProdBEBIDAS;NECTAR DURAZNO 1L TUNAL;2
3800579;2026-09-30;CCS02;CENTRAL MADEIRENSE BELLO MONTE;ProdBEBIDAS_LACT;LECHE COMPLETA LIQUIDA PURISIMA;11
3800612;2026-09-30;CCS02;CENTRAL MADEIRENSE BELLO MONTE;ProdEMBUTIDOS;SALCHICHA TIPO VIENA 225G (11unid) ALIMEX;1
3800581;2026-09-30;CCS02;CENTRAL MADEIRENSE BELLO MONTE;ProdBEBIDAS_LACT;LECHE  DESLACTOSADA LIQUIDA PURISIMA;12
3800582;2026-09-30;CCS02;CENTRAL MADEIRENSE BELLO MONTE;ProdBEBIDAS_LACT;LECHE BARISTA PURISIMA;9
3800580;2026-09-30;CCS02;CENTRAL MADEIRENSE BELLO MONTE;ProdBEBIDAS_LACT;LECHE DESCREMADA LIQUIDA PURISIMA;11
3797438;2026-09-30;CCS09;CENTRAL MADEIRENSE MACARACUAY;ProdDERIV_LACTEOS;MANTEQUILLA PURISIMA CON SAL 200G PURISIMA;
3797441;2026-09-30;CCS09;CENTRAL MADEIRENSE MACARACUAY;ProdBEBIDAS;NARANJADA 1L TUNAL;2
3797436;2026-09-30;CCS09;CENTRAL MADEIRENSE MACARACUAY;ProdDERIV_LACTEOS;CREMA DE LECHE DE 500GR PURISIMA;1
3797435;2026-09-30;CCS09;CENTRAL MADEIRENSE MACARACUAY;ProdEMBUTIDOS;SALCHICHA TIPO VIENA 225G (11unid) ALIMEX;1
3803651;2026-09-30;BQTO07;CENTRO ARAURE;ProdEMBUTIDOS;MORTADELA CCS DE CARNES 900G;1
3803658;2026-09-30;BQTO07;CENTRO ARAURE;ProdBEBIDAS_LACT;LECHE  DESLACTOSADA LIQUIDA PURISIMA;10
3803657;2026-09-30;BQTO07;CENTRO ARAURE;ProdBEBIDAS_LACT;LECHE DESCREMADA LIQUIDA PURISIMA;15
3803650;2026-09-30;BQTO07;CENTRO ARAURE;ProdEMBUTIDOS;MORTADELA CCS DE CARNES 500G;1
3803656;2026-09-30;BQTO07;CENTRO ARAURE;ProdBEBIDAS_LACT;LECHE COMPLETA LIQUIDA PURISIMA;20
3803652;2026-09-30;BQTO07;CENTRO ARAURE;ProdDERIV_LACTEOS;CREMA DE LECHE DE 250GR PURISIMA;1
3799595;2026-09-30;PLC08;Contodo Barcelona;ProdDERIV_LACTEOS;MANTEQUILLA PURISIMA SIN SAL 200G PURISIMA;1
3799598;2026-09-30;PLC08;Contodo Barcelona;ProdBEBIDAS_LACT;LECHE  DESLACTOSADA LIQUIDA PURISIMA;3
3799597;2026-09-30;PLC08;Contodo Barcelona;ProdBEBIDAS_LACT;LECHE DESCREMADA LIQUIDA PURISIMA;3
3799596;2026-09-30;PLC08;Contodo Barcelona;ProdBEBIDAS_LACT;LECHE COMPLETA LIQUIDA PURISIMA;3
3799594;2026-09-30;PLC08;Contodo Barcelona;ProdDERIV_LACTEOS;MANTEQUILLA PURISIMA CON SAL 200G PURISIMA;1
3800387;2026-09-30;MCY02;EUROMARKET;ProdBEBIDAS;NARANJADA  200 ML TUNAL;3
3800399;2026-09-30;MCY02;EUROMARKET;ProdBEBIDAS;TE LIMON 1L TUNAL;1
3800404;2026-09-30;MCY02;EUROMARKET;ProdDERIV_LACTEOS;MANTEQUILLA PURISIMA SIN SAL 200G PURISIMA;1
3800378;2026-09-30;MCY02;EUROMARKET;ProdBEBIDAS_LACT;LECHE BARISTA PURISIMA;1
3800380;2026-09-30;MCY02;EUROMARKET;ProdBEBIDAS_LACT;LECHE COMPLETA LIQUIDA PURISIMA;5
3782810;2026-09-30;MCY02;EUROMARKET;ProdEMBUTIDOS;SALCHICHA TIPO VIENA 450GR (22unid) ALIMEX;1
3800401;2026-09-30;MCY02;EUROMARKET;ProdDERIV_LACTEOS;QUESO DE CABRA 500G PURISIMA;2
3800405;2026-09-30;MCY02;EUROMARKET;ProdDERIV_LACTEOS;MANTEQUILLA PURISIMA CON SAL 200G PURISIMA;2
3782808;2026-09-30;MCY02;EUROMARKET;ProdEMBUTIDOS;TOCINETA AHUMADA SIN CUERO 3.5KG ALIMEX;1
3800395;2026-09-30;MCY02;EUROMARKET;ProdBEBIDAS;NECTAR MANZANA LIGHT 1 LITRO TUNAL;1
3800386;2026-09-30;MCY02;EUROMARKET;ProdBEBIDAS;NECTAR PERA 200 ML TUNAL;3
3782807;2026-09-30;MCY02;EUROMARKET;ProdEMBUTIDOS;MORTADELA CCS DE CARNES 900G;1
3782806;2026-09-30;MCY02;EUROMARKET;ProdEMBUTIDOS;MORTADELA CCS DE CARNES 500G;1
3782809;2026-09-30;MCY02;EUROMARKET;ProdEMBUTIDOS;MORTADELA DE POLLO DE 500G;1
3800392;2026-09-30;MCY02;EUROMARKET;ProdBEBIDAS;NARANJADA 1L TUNAL;3
3800394;2026-09-30;MCY02;EUROMARKET;ProdBEBIDAS;JUGO NARANJA LIGTH 1 LITRO TUNAL;1
3800381;2026-09-30;MCY02;EUROMARKET;ProdBEBIDAS_LACT;LECHE  DESLACTOSADA LIQUIDA PURISIMA;3
3782811;2026-09-30;MCY02;EUROMARKET;ProdEMBUTIDOS;Salchicha el tunal de pollo 250gr;1
3800398;2026-09-30;MCY02;EUROMARKET;ProdBEBIDAS;TE FRUTOS ROJOS 1L TUNAL;1
3800393;2026-09-30;MCY02;EUROMARKET;ProdBEBIDAS;NECTAR DURAZNO 1L TUNAL;2
3782803;2026-09-30;MCY02;EUROMARKET;ProdDERIV_LACTEOS;CREMA DE LECHE DE 500GR PURISIMA;7
3800379;2026-09-30;MCY02;EUROMARKET;ProdBEBIDAS_LACT;LECHE DESCREMADA LIQUIDA PURISIMA;9
3800407;2026-09-30;MCY02;EUROMARKET;ProdDERIV_LACTEOS;CREMA DE LECHE DE 250GR PURISIMA;2
3791457;2026-09-30;VLC03;EUROMAXX PLUS;ProdBEBIDAS;TE FRUTOS ROJOS 1L TUNAL;4
3791418;2026-09-30;VLC03;EUROMAXX PLUS;ProdBEBIDAS;NARANJADA  200 ML TUNAL;18
3791470;2026-09-30;VLC03;EUROMAXX PLUS;ProdBEBIDAS_LACT;LECHE EN POLVO PURISIMA 900GR;42
3791436;2026-09-30;VLC03;EUROMAXX PLUS;ProdBEBIDAS;NECTAR PERA 1L TUNAL;12
3791402;2026-09-30;VLC03;EUROMAXX PLUS;ProdEMBUTIDOS;SALCHICHA TIPO VIENA 800GR (24unid) ALIMEX;1
3791439;2026-09-30;VLC03;EUROMAXX PLUS;ProdBEBIDAS;JUGO NARANJA LIGTH 1 LITRO TUNAL;6
3791441;2026-09-30;VLC03;EUROMAXX PLUS;ProdBEBIDAS;NECTAR PERA LIGHT 1 LITRO TUNAL;6
3791438;2026-09-30;VLC03;EUROMAXX PLUS;ProdBEBIDAS;NECTAR DURAZNO 500 ML TUNAL;2
3791413;2026-09-30;VLC03;EUROMAXX PLUS;ProdJAMONERIA;JAMON PIERNA ALIMEX 98% 5.9kg;4
3791463;2026-09-30;VLC03;EUROMAXX PLUS;ProdBEBIDAS_LACT;LECHE DESCREMADA LIQUIDA PURISIMA;216
3791461;2026-09-30;VLC03;EUROMAXX PLUS;ProdBEBIDAS_LACT;LECHE COMPLETA LIQUIDA PURISIMA;168
3791437;2026-09-30;VLC03;EUROMAXX PLUS;ProdBEBIDAS;NARANJADA  500 ML TUNAL;30
3791435;2026-09-30;VLC03;EUROMAXX PLUS;ProdBEBIDAS;NECTAR MANZANA 1L TUNAL;12
3791420;2026-09-30;VLC03;EUROMAXX PLUS;ProdBEBIDAS;NECTAR PERA 200 ML TUNAL;24
3791407;2026-09-30;VLC03;EUROMAXX PLUS;ProdEMBUTIDOS;CHORIZO DE CERDO AHUMADO PARRILLERO ALIMEX;12
3791465;2026-09-30;VLC03;EUROMAXX PLUS;ProdBEBIDAS_LACT;LECHE  DESLACTOSADA LIQUIDA PURISIMA;36
3791389;2026-09-30;VLC03;EUROMAXX PLUS;ProdDERIV_LACTEOS;MANTEQUILLA PURISIMA SIN SAL 200G PURISIMA;12
3791396;2026-09-30;VLC03;EUROMAXX PLUS;ProdDERIV_LACTEOS;CREMA DE LECHE DE 250GR PURISIMA;15
3791395;2026-09-30;VLC03;EUROMAXX PLUS;ProdDERIV_LACTEOS;CREMA DE LECHE DE 500GR PURISIMA;4
3791453;2026-09-30;VLC03;EUROMAXX PLUS;ProdBEBIDAS;TE DURAZNO 1L TUNAL;2
3791442;2026-09-30;VLC03;EUROMAXX PLUS;ProdBEBIDAS;NECTAR MANZANA LIGHT 1 LITRO TUNAL;6
3791408;2026-09-30;VLC03;EUROMAXX PLUS;ProdEMBUTIDOS;CHORIZO DE CERDO PICANTE PARRILLERO ALIMEX;12
3791386;2026-09-30;VLC03;EUROMAXX PLUS;ProdHUEVOS;HUEVO EMPACADO- ESTUCHADO 1X6 TUNAL;64
3791404;2026-09-30;VLC03;EUROMAXX PLUS;ProdEMBUTIDOS;SALCHICHA TIPO VIENA 225G (11unid) ALIMEX;12
3791455;2026-09-30;VLC03;EUROMAXX PLUS;ProdBEBIDAS;TE LIMON 1L TUNAL;4
3791456;2026-09-30;VLC03;EUROMAXX PLUS;ProdBEBIDAS;TE LIMON 500ML TUNAL;16
3791433;2026-09-30;VLC03;EUROMAXX PLUS;ProdBEBIDAS;NARANJADA 1L TUNAL;6
3791419;2026-09-30;VLC03;EUROMAXX PLUS;ProdBEBIDAS;NECTAR DURAZNO 200 ML TUNAL;24
3791434;2026-09-30;VLC03;EUROMAXX PLUS;ProdBEBIDAS;NECTAR DURAZNO 1L TUNAL;6
3791403;2026-09-30;VLC03;EUROMAXX PLUS;ProdEMBUTIDOS;SALCHICHA TIPO VIENA 450GR (22unid) ALIMEX;3
3791454;2026-09-30;VLC03;EUROMAXX PLUS;ProdBEBIDAS;TE DURAZNO 500ML TUNAL;6
3791390;2026-09-30;VLC03;EUROMAXX PLUS;ProdDERIV_LACTEOS;MANTEQUILLA PURISIMA CON SAL 200G PURISIMA;12
3801310;2026-09-30;MCY03;EUROMERCADO INTERCOMUNAL;ProdBEBIDAS_LACT;LECHE BARISTA PURISIMA;2
3801313;2026-09-30;MCY03;EUROMERCADO INTERCOMUNAL;ProdBEBIDAS_LACT;LECHE  DESLACTOSADA LIQUIDA PURISIMA;2
3801311;2026-09-30;MCY03;EUROMERCADO INTERCOMUNAL;ProdBEBIDAS_LACT;LECHE COMPLETA LIQUIDA PURISIMA;8
3801312;2026-09-30;MCY03;EUROMERCADO INTERCOMUNAL;ProdBEBIDAS_LACT;LECHE DESCREMADA LIQUIDA PURISIMA;4
3796405;2026-09-30;CCS07;FORUM GUATIRE;ProdJAMONERIA;JAMON PIERNA ALIMEX 98% 5.9kg;1
3800233;2026-09-30;CCS03;FORUM LA URBINA;ProdEMBUTIDOS;SALCHICHA TIPO VIENA 800GR (24unid) ALIMEX;3
3800234;2026-09-30;CCS03;FORUM LA URBINA;ProdEMBUTIDOS;SALCHICHA TIPO VIENA 450GR (22unid) ALIMEX;3
3800255;2026-09-30;CCS03;FORUM LA URBINA;ProdBEBIDAS;NECTAR PERA 1L TUNAL;1
3800260;2026-09-30;CCS03;FORUM LA URBINA;ProdBEBIDAS;TE DURAZNO 1L TUNAL;2
3800256;2026-09-30;CCS03;FORUM LA URBINA;ProdBEBIDAS;NARANJADA  200 ML TUNAL;2
3800254;2026-09-30;CCS03;FORUM LA URBINA;ProdBEBIDAS;NECTAR MANZANA 1L TUNAL;1
3800242;2026-09-30;CCS03;FORUM LA URBINA;ProdBEBIDAS_LACT;LECHE  DESLACTOSADA LIQUIDA PURISIMA;3
3800241;2026-09-30;CCS03;FORUM LA URBINA;ProdBEBIDAS_LACT;LECHE DESCREMADA LIQUIDA PURISIMA;3
3800253;2026-09-30;CCS03;FORUM LA URBINA;ProdBEBIDAS;NECTAR DURAZNO 1L TUNAL;1
3800243;2026-09-30;CCS03;FORUM LA URBINA;ProdBEBIDAS_LACT;LECHE EN POLVO PURISIMA 400GR;4
3800236;2026-09-30;CCS03;FORUM LA URBINA;ProdEMBUTIDOS;MORTADELA CCS DE CARNES 500G;6
3800262;2026-09-30;CCS03;FORUM LA URBINA;ProdBEBIDAS;TE LIMON 1L TUNAL;2
3800261;2026-09-30;CCS03;FORUM LA URBINA;ProdBEBIDAS;TE FRUTOS ROJOS 1L TUNAL;2
3800240;2026-09-30;CCS03;FORUM LA URBINA;ProdBEBIDAS_LACT;LECHE COMPLETA LIQUIDA PURISIMA;2
3800259;2026-09-30;CCS03;FORUM LA URBINA;ProdBEBIDAS;NECTAR PERA 200 ML TUNAL;2
3800235;2026-09-30;CCS03;FORUM LA URBINA;ProdEMBUTIDOS;SALCHICHA TIPO VIENA 225G (11unid) ALIMEX;3
3800227;2026-09-30;CCS03;FORUM LA URBINA;ProdDERIV_LACTEOS;CREMA DE LECHE DE 500GR PURISIMA;9
3800258;2026-09-30;CCS03;FORUM LA URBINA;ProdBEBIDAS;NECTAR MANZANA 200 ML TUNAL;2
3800232;2026-09-30;CCS03;FORUM LA URBINA;ProdDERIV_LACTEOS;MANTEQUILLA PURISIMA CON SAL 200G PURISIMA;3
3800257;2026-09-30;CCS03;FORUM LA URBINA;ProdBEBIDAS;NECTAR DURAZNO 200 ML TUNAL;2
3800228;2026-09-30;CCS03;FORUM LA URBINA;ProdDERIV_LACTEOS;CREMA DE LECHE DE 250GR PURISIMA;7
3800244;2026-09-30;CCS03;FORUM LA URBINA;ProdBEBIDAS_LACT;LECHE EN POLVO PURISIMA 900GR;2
3800231;2026-09-30;CCS03;FORUM LA URBINA;ProdDERIV_LACTEOS;MANTEQUILLA PURISIMA SIN SAL 200G PURISIMA;3
3800230;2026-09-30;CCS03;FORUM LA URBINA;ProdDERIV_LACTEOS;Queso amarillo Purisima semimadurado disco 500gr;1
3800229;2026-09-30;CCS03;FORUM LA URBINA;ProdDERIV_LACTEOS;QUESO DE CABRA 250 G PURISIMA;2
3803104;2026-09-30;BQTO01;FRIG SANTA ELENA;ProdBEBIDAS;TE DURAZNO 1L TUNAL;2
3803105;2026-09-30;BQTO01;FRIG SANTA ELENA;ProdBEBIDAS;TE LIMON 1L TUNAL;4
3803102;2026-09-30;BQTO01;FRIG SANTA ELENA;ProdBEBIDAS;NECTAR PERA LIGHT 1 LITRO TUNAL;8
3803088;2026-09-30;BQTO01;FRIG SANTA ELENA;ProdBEBIDAS;NARANJADA 1L TUNAL;4
3803091;2026-09-30;BQTO01;FRIG SANTA ELENA;ProdBEBIDAS;NECTAR MANZANA 1L TUNAL;2
3803094;2026-09-30;BQTO01;FRIG SANTA ELENA;ProdBEBIDAS;NECTAR PERA 1L TUNAL;6
3803098;2026-09-30;BQTO01;FRIG SANTA ELENA;ProdBEBIDAS;NECTAR DURAZNO 1L TUNAL;4
3803100;2026-09-30;BQTO01;FRIG SANTA ELENA;ProdBEBIDAS;JUGO NARANJA LIGTH 1 LITRO TUNAL;8
3803106;2026-09-30;BQTO01;FRIG SANTA ELENA;ProdBEBIDAS;TE FRUTOS ROJOS 1L TUNAL;2
3799495;2026-09-30;BQTO03;"GRAN ABASTO GIRASOL; C.A.";ProdBEBIDAS_LACT;LECHE COMPLETA LIQUIDA PURISIMA;36
3799496;2026-09-30;BQTO03;"GRAN ABASTO GIRASOL; C.A.";ProdBEBIDAS_LACT;LECHE DESCREMADA LIQUIDA PURISIMA;18
3799497;2026-09-30;BQTO03;"GRAN ABASTO GIRASOL; C.A.";ProdBEBIDAS_LACT;LECHE  DESLACTOSADA LIQUIDA PURISIMA;24
3802474;2026-09-30;MCY05;GRAN FUTURO 2009;ProdBEBIDAS;NECTAR PERA 1L TUNAL;5
3802462;2026-09-30;MCY05;GRAN FUTURO 2009;ProdBEBIDAS_LACT;LECHE COMPLETA LIQUIDA PURISIMA;8
3802466;2026-09-30;MCY05;GRAN FUTURO 2009;ProdBEBIDAS_LACT;LECHE DESCREMADA LIQUIDA PURISIMA;9
3802472;2026-09-30;MCY05;GRAN FUTURO 2009;ProdBEBIDAS;NECTAR MANZANA 1L TUNAL;4
3802476;2026-09-30;MCY05;GRAN FUTURO 2009;ProdBEBIDAS;NECTAR DURAZNO 1L TUNAL;5
3792315;2026-09-30;VLC03;HIPER LIDER SAN DIEGO;ProdDERIV_LACTEOS;CREMA DE LECHE DE 250GR PURISIMA;6
3792306;2026-09-30;VLC03;HIPER LIDER SAN DIEGO;ProdBEBIDAS;NARANJADA 1L TUNAL;6
3792308;2026-09-30;VLC03;HIPER LIDER SAN DIEGO;ProdBEBIDAS;NECTAR MANZANA 1L TUNAL;6
3792324;2026-09-30;VLC03;HIPER LIDER SAN DIEGO;ProdBEBIDAS_LACT;LECHE DESCREMADA LIQUIDA PURISIMA;18
3792314;2026-09-30;VLC03;HIPER LIDER SAN DIEGO;ProdDERIV_LACTEOS;CREMA DE LECHE DE 500GR PURISIMA;1
3792307;2026-09-30;VLC03;HIPER LIDER SAN DIEGO;ProdBEBIDAS;NECTAR DURAZNO 1L TUNAL;6
3792319;2026-09-30;VLC03;HIPER LIDER SAN DIEGO;ProdBEBIDAS_LACT;LECHE EN POLVO PURISIMA 900GR;5
3792325;2026-09-30;VLC03;HIPER LIDER SAN DIEGO;ProdBEBIDAS_LACT;LECHE  DESLACTOSADA LIQUIDA PURISIMA;38
3792316;2026-09-30;VLC03;HIPER LIDER SAN DIEGO;ProdDERIV_LACTEOS;MANTEQUILLA PURISIMA CON SAL 200G PURISIMA;4
3792323;2026-09-30;VLC03;HIPER LIDER SAN DIEGO;ProdBEBIDAS_LACT;LECHE COMPLETA LIQUIDA PURISIMA;28
3791341;2026-09-30;PTO02;HIPER VIP;ProdDERIV_LACTEOS;CREMA DE LECHE DE 250GR PURISIMA;2
3791020;2026-09-30;PTO02;HIPER VIP;ProdBEBIDAS;NECTAR PERA 1L TUNAL;3
3788918;2026-09-30;PTO02;HIPER VIP;ProdBEBIDAS_LACT;LECHE EN POLVO PURISIMA 200GR;6
3791349;2026-09-30;PTO02;HIPER VIP;ProdDERIV_LACTEOS;CREMA DE LECHE DE 500GR PURISIMA;2
3790939;2026-09-30;PTO02;HIPER VIP;ProdBEBIDAS;NECTAR MANZANA 200 ML TUNAL;2
3790918;2026-09-30;PTO02;HIPER VIP;ProdBEBIDAS;NECTAR DURAZNO 500 ML TUNAL;2
3793432;2026-09-30;PTO02;HIPER VIP;ProdDERIV_LACTEOS;MANTEQUILLA PURISIMA SIN SAL 200G PURISIMA;1
3790907;2026-09-30;PTO02;HIPER VIP;ProdBEBIDAS;NECTAR PERA 500 ML TUNAL;2
3789058;2026-09-30;PTO02;HIPER VIP;ProdBEBIDAS_LACT;LECHE COMPLETA LIQUIDA PURISIMA;28
3789061;2026-09-30;PTO02;HIPER VIP;ProdBEBIDAS_LACT;LECHE DESCREMADA LIQUIDA PURISIMA;6
3791047;2026-09-30;PTO02;HIPER VIP;ProdBEBIDAS;TE DURAZNO 1L TUNAL;1
3789081;2026-09-30;PTO02;HIPER VIP;ProdBEBIDAS_LACT;LECHE BARISTA PURISIMA;14
3791011;2026-09-30;PTO02;HIPER VIP;ProdBEBIDAS;NECTAR MANZANA 1L TUNAL;1
3791025;2026-09-30;PTO02;HIPER VIP;ProdBEBIDAS;NECTAR DURAZNO 1L TUNAL;2
3791003;2026-09-30;PTO02;HIPER VIP;ProdBEBIDAS;NARANJADA 1L TUNAL;2
3791055;2026-09-30;PTO02;HIPER VIP;ProdBEBIDAS;TE LIMON 1L TUNAL;2
3791064;2026-09-30;PTO02;HIPER VIP;ProdBEBIDAS;TE FRUTOS ROJOS 1L TUNAL;2
3790952;2026-09-30;PTO02;HIPER VIP;ProdBEBIDAS;NECTAR DURAZNO 200 ML TUNAL;2
3788922;2026-09-30;PTO02;HIPER VIP;ProdBEBIDAS_LACT;LECHE EN POLVO PURISIMA 400GR;2
3790948;2026-09-30;PTO02;HIPER VIP;ProdBEBIDAS;NECTAR PERA 200 ML TUNAL;2
3790860;2026-09-30;PTO02;HIPER VIP;ProdBEBIDAS;NARANJADA  500 ML TUNAL;2
3789075;2026-09-30;PTO02;HIPER VIP;ProdBEBIDAS_LACT;LECHE  DESLACTOSADA LIQUIDA PURISIMA;14
3790871;2026-09-30;PTO02;HIPER VIP;ProdBEBIDAS;NECTAR MANZANA 500 ML TUNAL;4
3790933;2026-09-30;PTO02;HIPER VIP;ProdBEBIDAS;NARANJADA  200 ML TUNAL;2
3793428;2026-09-30;PTO02;HIPER VIP;ProdDERIV_LACTEOS;MANTEQUILLA PURISIMA CON SAL 200G PURISIMA;1
3788928;2026-09-30;PTO02;HIPER VIP;ProdBEBIDAS_LACT;LECHE EN POLVO PURISIMA 900GR;6
3802505;2026-09-30;MCY05;Hiper Mercado Metro;ProdBEBIDAS;NECTAR DURAZNO 1L TUNAL;2
3802503;2026-09-30;MCY05;Hiper Mercado Metro;ProdBEBIDAS;NECTAR MANZANA 1L TUNAL;5
3802499;2026-09-30;MCY05;Hiper Mercado Metro;ProdBEBIDAS_LACT;LECHE  DESLACTOSADA LIQUIDA PURISIMA;2
3802504;2026-09-30;MCY05;Hiper Mercado Metro;ProdBEBIDAS;NECTAR PERA 1L TUNAL;4
3802497;2026-09-30;MCY05;Hiper Mercado Metro;ProdBEBIDAS_LACT;LECHE COMPLETA LIQUIDA PURISIMA;5
3802498;2026-09-30;MCY05;Hiper Mercado Metro;ProdBEBIDAS_LACT;LECHE DESCREMADA LIQUIDA PURISIMA;4
3793201;2026-09-30;PLC07;IMPORT VCB 1 CASA BLANCA;ProdEMBUTIDOS;SALCHICHA TIPO VIENA 225G (11unid) ALIMEX;2
3792925;2026-09-30;PLC07;IMPORT VCB 1 CASA BLANCA;ProdBEBIDAS;NARANJADA 1L TUNAL;1
3792992;2026-09-30;PLC07;IMPORT VCB 1 CASA BLANCA;ProdBEBIDAS;NECTAR MANZANA 1L TUNAL;1
3792982;2026-09-30;PLC07;IMPORT VCB 1 CASA BLANCA;ProdBEBIDAS;NECTAR DURAZNO 1L TUNAL;1
3792942;2026-09-30;PLC07;IMPORT VCB 1 CASA BLANCA;ProdBEBIDAS;NECTAR PERA 1L TUNAL;1
3793075;2026-09-30;PLC07;IMPORT VCB 1 CASA BLANCA;ProdDERIV_LACTEOS;MANTEQUILLA PURISIMA SIN SAL 200G PURISIMA;1
3792805;2026-09-30;PLC07;IMPORT VCB 1 CASA BLANCA;ProdBEBIDAS;NECTAR DURAZNO 200 ML TUNAL;1
3792803;2026-09-30;PLC07;IMPORT VCB 1 CASA BLANCA;ProdBEBIDAS;NARANJADA  200 ML TUNAL;2
3792811;2026-09-30;PLC07;IMPORT VCB 1 CASA BLANCA;ProdBEBIDAS;NECTAR MANZANA 200 ML TUNAL;1
3792885;2026-09-30;PLC07;IMPORT VCB 1 CASA BLANCA;ProdBEBIDAS_LACT;LECHE  DESLACTOSADA LIQUIDA PURISIMA;1
3792861;2026-09-30;PLC07;IMPORT VCB 1 CASA BLANCA;ProdBEBIDAS_LACT;LECHE DESCREMADA LIQUIDA PURISIMA;1
3793305;2026-09-30;PLC07;IMPORT VCB 1 CASA BLANCA;ProdBEBIDAS_LACT;LECHE EN POLVO PURISIMA 200GR;2
3792856;2026-09-30;PLC07;IMPORT VCB 1 CASA BLANCA;ProdBEBIDAS_LACT;LECHE COMPLETA LIQUIDA PURISIMA;1
3792849;2026-09-30;PLC07;IMPORT VCB 1 CASA BLANCA;ProdBEBIDAS;NECTAR PERA 200 ML TUNAL;1
3793195;2026-09-30;PLC07;IMPORT VCB 1 CASA BLANCA;ProdEMBUTIDOS;SALCHICHA TIPO VIENA 450GR (22unid) ALIMEX;1
3790637;2026-09-30;PLC07;IMPORT VCB 2 CAMPO OFICINA;ProdBEBIDAS_LACT;LECHE EN POLVO PURISIMA 400GR;1
3790630;2026-09-30;PLC07;IMPORT VCB 2 CAMPO OFICINA;ProdBEBIDAS_LACT;LECHE EN POLVO PURISIMA 900GR;1
3790693;2026-09-30;PLC07;IMPORT VCB 2 CAMPO OFICINA;ProdBEBIDAS_LACT;LECHE  DESLACTOSADA LIQUIDA PURISIMA;1
3803702;2026-09-30;BQTO07;INVERSIONES SALAS Y VARGAS;ProdBEBIDAS;NECTAR PERA 1L TUNAL;2
3803704;2026-09-30;BQTO07;INVERSIONES SALAS Y VARGAS;ProdBEBIDAS;NECTAR DURAZNO 1L TUNAL;1
3803676;2026-09-30;BQTO07;INVERSIONES SALAS Y VARGAS;ProdEMBUTIDOS;SALCHICHA TIPO VIENA 800GR (24unid) ALIMEX;1
3803711;2026-09-30;BQTO07;INVERSIONES SALAS Y VARGAS;ProdBEBIDAS_LACT;LECHE  DESLACTOSADA LIQUIDA PURISIMA;3
3803682;2026-09-30;BQTO07;INVERSIONES SALAS Y VARGAS;ProdDERIV_LACTEOS;CREMA DE LECHE DE 250GR PURISIMA;2
3803700;2026-09-30;BQTO07;INVERSIONES SALAS Y VARGAS;ProdBEBIDAS;NECTAR MANZANA 1L TUNAL;2
3803698;2026-09-30;BQTO07;INVERSIONES SALAS Y VARGAS;ProdBEBIDAS;NARANJADA 1L TUNAL;6
3803708;2026-09-30;BQTO07;INVERSIONES SALAS Y VARGAS;ProdBEBIDAS_LACT;LECHE DESCREMADA LIQUIDA PURISIMA;3
3803706;2026-09-30;BQTO07;INVERSIONES SALAS Y VARGAS;ProdBEBIDAS_LACT;LECHE COMPLETA LIQUIDA PURISIMA;2
3803678;2026-09-30;BQTO07;INVERSIONES SALAS Y VARGAS;ProdEMBUTIDOS;MORTADELA CCS DE CARNES 900G;1
3803680;2026-09-30;BQTO07;INVERSIONES SALAS Y VARGAS;ProdDERIV_LACTEOS;MANTEQUILLA PURISIMA CON SAL 200G PURISIMA;3
3803674;2026-09-30;BQTO07;INVERSIONES SALAS Y VARGAS;ProdEMBUTIDOS;SALCHICHA TIPO VIENA 450GR (22unid) ALIMEX;2
3803095;2026-09-30;BQTO01;Inversiones Union Center;ProdBEBIDAS;NECTAR PERA 1L TUNAL;3
3803080;2026-09-30;BQTO01;Inversiones Union Center;ProdBEBIDAS_LACT;LECHE COMPLETA LIQUIDA PURISIMA;15
3803084;2026-09-30;BQTO01;Inversiones Union Center;ProdBEBIDAS_LACT;LECHE DESCREMADA LIQUIDA PURISIMA;9
3803087;2026-09-30;BQTO01;Inversiones Union Center;ProdBEBIDAS_LACT;LECHE  DESLACTOSADA LIQUIDA PURISIMA;12
3803103;2026-09-30;BQTO01;Inversiones Union Center;ProdBEBIDAS;TE LIMON 500ML TUNAL;6
3803101;2026-09-30;BQTO01;Inversiones Union Center;ProdBEBIDAS;TE DURAZNO 500ML TUNAL;4
3803097;2026-09-30;BQTO01;Inversiones Union Center;ProdBEBIDAS;TE DURAZNO 1L TUNAL;3
3803099;2026-09-30;BQTO01;Inversiones Union Center;ProdBEBIDAS;TE LIMON 1L TUNAL;2
3803092;2026-09-30;BQTO01;Inversiones Union Center;ProdBEBIDAS;NECTAR MANZANA 1L TUNAL;2
3796055;2026-09-30;VLC04;KALEA TRIGALENA;ProdDERIV_LACTEOS;CREMA DE LECHE DE 250GR PURISIMA;2
3796059;2026-09-30;VLC04;KALEA TRIGALENA;ProdEMBUTIDOS;SALCHICHA TIPO VIENA 450GR (22unid) ALIMEX;1
3796079;2026-09-30;VLC04;KALEA TRIGALENA;ProdHUEVOS;HUEVO EMPACADO- ESTUCHADO 1X6 TUNAL;20
3796082;2026-09-30;VLC04;KALEA TRIGALENA;ProdHUEVOS;HUEVO EMPACADO- 1X12 PLASTICO TUNAL;10
3796084;2026-09-30;VLC04;KALEA TRIGALENA;ProdHUEVOS;HUEVO TIPO  GRANEL 30 UND TUNAL;2
3796068;2026-09-30;VLC04;KALEA TRIGALENA;ProdBEBIDAS;TE FRUTOS ROJOS 1L TUNAL;1
3796066;2026-09-30;VLC04;KALEA TRIGALENA;ProdBEBIDAS;TE DURAZNO 1L TUNAL;3
3796067;2026-09-30;VLC04;KALEA TRIGALENA;ProdBEBIDAS;TE LIMON 1L TUNAL;1
3796081;2026-09-30;VLC04;KALEA TRIGALENA;ProdHUEVOS;HUEVO EMPACADO- ESTUCHADO 15 und TUNAL;13
3796072;2026-09-30;VLC04;KALEA TRIGALENA;ProdBEBIDAS;NECTAR MANZANA 500 ML TUNAL;2
3796060;2026-09-30;VLC04;KALEA TRIGALENA;ProdEMBUTIDOS;SALCHICHA TIPO VIENA 800GR (24unid) ALIMEX;1
3796080;2026-09-30;VLC04;KALEA TRIGALENA;ProdHUEVOS;HUEVO EMPACADO- ESTUCHADO 1X12 TUNAL;10
3796086;2026-09-30;VLC04;KALEA TRIGALENA;ProdDERIV_LACTEOS;Queso amarillo Purisima semimadurado disco 500gr;1
3796085;2026-09-30;VLC04;KALEA TRIGALENA;ProdDERIV_LACTEOS;QUESO DE CABRA 500G PURISIMA;5
3796073;2026-09-30;VLC04;KALEA TRIGALENA;ProdBEBIDAS;NECTAR PERA 500 ML TUNAL;1
3796071;2026-09-30;VLC04;KALEA TRIGALENA;ProdBEBIDAS;NARANJADA  500 ML TUNAL;2
3796070;2026-09-30;VLC04;KALEA TRIGALENA;ProdBEBIDAS;NECTAR PERA LIGHT 1 LITRO TUNAL;2
3796069;2026-09-30;VLC04;KALEA TRIGALENA;ProdBEBIDAS;JUGO NARANJA LIGTH 1 LITRO TUNAL;3
3796047;2026-09-30;VLC04;KALEA TRIGALENA;ProdBEBIDAS_LACT;LECHE EN POLVO PURISIMA 400GR;3
3796056;2026-09-30;VLC04;KALEA TRIGALENA;ProdDERIV_LACTEOS;CREMA DE LECHE DE 500GR PURISIMA;2
3796052;2026-09-30;VLC04;KALEA TRIGALENA;ProdDERIV_LACTEOS;MANTEQUILLA PURISIMA SIN SAL 200G PURISIMA;3
3796051;2026-09-30;VLC04;KALEA TRIGALENA;ProdDERIV_LACTEOS;MANTEQUILLA PURISIMA CON SAL 200G PURISIMA;3
3796031;2026-09-30;VLC04;KALEA TRIGALENA;ProdBEBIDAS_LACT;LECHE COMPLETA LIQUIDA PURISIMA;1
3796048;2026-09-30;VLC04;KALEA TRIGALENA;ProdBEBIDAS_LACT;LECHE EN POLVO PURISIMA 900GR;2
3796032;2026-09-30;VLC04;KALEA TRIGALENA;ProdBEBIDAS_LACT;LECHE DESCREMADA LIQUIDA PURISIMA;1
3796065;2026-09-30;VLC04;KALEA TRIGALENA;ProdBEBIDAS;NECTAR PERA 1L TUNAL;2
3796063;2026-09-30;VLC04;KALEA TRIGALENA;ProdBEBIDAS;NARANJADA 1L TUNAL;3
3796064;2026-09-30;VLC04;KALEA TRIGALENA;ProdBEBIDAS;NECTAR MANZANA 1L TUNAL;1
3796033;2026-09-30;VLC04;KALEA TRIGALENA;ProdBEBIDAS_LACT;LECHE  DESLACTOSADA LIQUIDA PURISIMA;1
3799604;2026-09-30;PLC09;KALIMAN I;ProdBEBIDAS_LACT;LECHE  DESLACTOSADA LIQUIDA PURISIMA;8
3799609;2026-09-30;PLC09;KALIMAN I;ProdBEBIDAS_LACT;LECHE EN POLVO PURISIMA 400GR;6
3799608;2026-09-30;PLC09;KALIMAN I;ProdBEBIDAS_LACT;LECHE EN POLVO PURISIMA 900GR;6
3799603;2026-09-30;PLC09;KALIMAN I;ProdBEBIDAS_LACT;LECHE COMPLETA LIQUIDA PURISIMA;20
3799610;2026-09-30;PLC09;KALIMAN I;ProdBEBIDAS_LACT;LECHE EN POLVO PURISIMA 200GR;2
3799511;2026-09-30;BQTO03;KARI TRAKI;ProdBEBIDAS;NECTAR DURAZNO 200 ML TUNAL;5
3799510;2026-09-30;BQTO03;KARI TRAKI;ProdBEBIDAS;NECTAR PERA 200 ML TUNAL;4
3799504;2026-09-30;BQTO03;KARI TRAKI;ProdBEBIDAS_LACT;LECHE COMPLETA BARISTA LIQUIDA PURISIMA;6
3799505;2026-09-30;BQTO03;KARI TRAKI;ProdBEBIDAS;NECTAR MANZANA 1L TUNAL;8
3799506;2026-09-30;BQTO03;KARI TRAKI;ProdBEBIDAS;NECTAR PERA 1L TUNAL;8
3799512;2026-09-30;BQTO03;KARI TRAKI;ProdBEBIDAS;NECTAR PERA 500 ML TUNAL;7
3799508;2026-09-30;BQTO03;KARI TRAKI;ProdBEBIDAS;NARANJADA  200 ML TUNAL;4
3799501;2026-09-30;BQTO03;KARI TRAKI;ProdBEBIDAS_LACT;LECHE COMPLETA LIQUIDA PURISIMA;36
3799507;2026-09-30;BQTO03;KARI TRAKI;ProdBEBIDAS;NECTAR DURAZNO 1L TUNAL;7
3799509;2026-09-30;BQTO03;KARI TRAKI;ProdBEBIDAS;NECTAR MANZANA 200 ML TUNAL;3
3799503;2026-09-30;BQTO03;KARI TRAKI;ProdBEBIDAS_LACT;LECHE DESCREMADA LIQUIDA PURISIMA;18
3799513;2026-09-30;BQTO03;KARI TRAKI;ProdBEBIDAS;NECTAR DURAZNO 500 ML TUNAL;5
3799502;2026-09-30;BQTO03;KARI TRAKI;ProdBEBIDAS_LACT;LECHE BARISTA PURISIMA;24
3792239;2026-09-30;VLC01;KOSMO NISPERO;ProdBEBIDAS_LACT;LECHE COMPLETA LIQUIDA PURISIMA;6
3792240;2026-09-30;VLC01;KOSMO NISPERO;ProdBEBIDAS_LACT;LECHE DESCREMADA LIQUIDA PURISIMA;6
3792197;2026-09-30;VLC01;KOSMO NISPERO;ProdBEBIDAS_LACT;LECHE EN POLVO PURISIMA 200GR;1
3792195;2026-09-30;VLC01;KOSMO NISPERO;ProdBEBIDAS_LACT;LECHE EN POLVO PURISIMA 900GR;1
3792241;2026-09-30;VLC01;KOSMO NISPERO;ProdBEBIDAS_LACT;LECHE  DESLACTOSADA LIQUIDA PURISIMA;6
3792189;2026-09-30;VLC01;KOSMO NISPERO;ProdDERIV_LACTEOS;CREMA DE LECHE DE 500GR PURISIMA;1
3792207;2026-09-30;VLC01;KOSMO NISPERO;ProdBEBIDAS;NECTAR DURAZNO 200 ML TUNAL;1
3792230;2026-09-30;VLC01;KOSMO NISPERO;ProdHUEVOS;HUEVO TIPO  GRANEL 30 UND TUNAL;3
3792193;2026-09-30;VLC01;KOSMO NISPERO;ProdDERIV_LACTEOS;MANTEQUILLA PURISIMA SIN SAL 200G PURISIMA;1
3792190;2026-09-30;VLC01;KOSMO NISPERO;ProdDERIV_LACTEOS;CREMA DE LECHE DE 250GR PURISIMA;1
3792215;2026-09-30;VLC01;KOSMO NISPERO;ProdBEBIDAS;TE DURAZNO 1L TUNAL;2
3792234;2026-09-30;VLC01;KOSMO NISPERO;ProdEMBUTIDOS;SALCHICHA TIPO VIENA 225G (11unid) ALIMEX;2
3792227;2026-09-30;VLC01;KOSMO NISPERO;ProdEMBUTIDOS;CHORIZO DE CERDO AHUMADO PARRILLERO ALIMEX;4
3792206;2026-09-30;VLC01;KOSMO NISPERO;ProdBEBIDAS;NECTAR MANZANA 200 ML TUNAL;2
3792214;2026-09-30;VLC01;KOSMO NISPERO;ProdBEBIDAS;TE LIMON 1L TUNAL;2
3792233;2026-09-30;VLC01;KOSMO NISPERO;ProdEMBUTIDOS;SALCHICHA TIPO VIENA 800GR (24unid) ALIMEX;1
3792226;2026-09-30;VLC01;KOSMO NISPERO;ProdEMBUTIDOS;CHORIZO DE CERDO PICANTE PARRILLERO ALIMEX;3
3792219;2026-09-30;VLC01;KOSMO NISPERO;ProdBEBIDAS;NECTAR MANZANA 1L TUNAL;5
3792205;2026-09-30;VLC01;KOSMO NISPERO;ProdBEBIDAS;NARANJADA  200 ML TUNAL;2
3792220;2026-09-30;VLC01;KOSMO NISPERO;ProdBEBIDAS;NECTAR PERA 1L TUNAL;4
3792221;2026-09-30;VLC01;KOSMO NISPERO;ProdBEBIDAS;NECTAR DURAZNO 1L TUNAL;2
3789985;2026-09-30;VLC01;KROMI PORTACHUELA;ProdDERIV_LACTEOS;CREMA DE LECHE DE 500GR PURISIMA;2
3789984;2026-09-30;VLC01;KROMI PORTACHUELA;ProdDERIV_LACTEOS;CREMA DE LECHE DE 250GR PURISIMA;2
3789981;2026-09-30;VLC01;KROMI PORTACHUELA;ProdEMBUTIDOS;SALCHICHA TIPO VIENA 800GR (24unid) ALIMEX;1
3789979;2026-09-30;VLC01;KROMI PORTACHUELA;ProdEMBUTIDOS;SALCHICHA TIPO VIENA 225G (11unid) ALIMEX;1
3789943;2026-09-30;VLC01;KROMI PORTACHUELA;ProdJAMONERIA;JAMON AHUMADO VISKING ALIMEX 3.3 KG;1
3789940;2026-09-30;VLC01;KROMI PORTACHUELA;ProdDERIV_LACTEOS;Queso amarillo Purisima semimadurado disco 500gr;3
3789980;2026-09-30;VLC01;KROMI PORTACHUELA;ProdEMBUTIDOS;SALCHICHA TIPO VIENA 450GR (22unid) ALIMEX;1
3789952;2026-09-30;VLC01;KROMI PORTACHUELA;ProdBEBIDAS_LACT;LECHE COMPLETA LIQUIDA PURISIMA;5
3789951;2026-09-30;VLC01;KROMI PORTACHUELA;ProdBEBIDAS_LACT;LECHE DESCREMADA LIQUIDA PURISIMA;1
3789950;2026-09-30;VLC01;KROMI PORTACHUELA;ProdBEBIDAS_LACT;LECHE  DESLACTOSADA LIQUIDA PURISIMA;4
3789949;2026-09-30;VLC01;KROMI PORTACHUELA;ProdBEBIDAS_LACT;LECHE BARISTA PURISIMA;2
3789960;2026-09-30;VLC01;KROMI PORTACHUELA;ProdDERIV_LACTEOS;MANTEQUILLA PURISIMA CON SAL 200G PURISIMA;2
3789959;2026-09-30;VLC01;KROMI PORTACHUELA;ProdDERIV_LACTEOS;MANTEQUILLA PURISIMA SIN SAL 200G PURISIMA;2
3789967;2026-09-30;VLC01;KROMI PORTACHUELA;ProdBEBIDAS;NARANJADA  200 ML TUNAL;1
3789969;2026-09-30;VLC01;KROMI PORTACHUELA;ProdBEBIDAS;NECTAR DURAZNO 200 ML TUNAL;2
3789968;2026-09-30;VLC01;KROMI PORTACHUELA;ProdBEBIDAS;NECTAR PERA 200 ML TUNAL;1
3789970;2026-09-30;VLC01;KROMI PORTACHUELA;ProdBEBIDAS;TE LIMON 1L TUNAL;3
3789944;2026-09-30;VLC01;KROMI PORTACHUELA;ProdEMBUTIDOS;MORTADELA TAPARA Alimex;1
3799943;2026-09-30;VLC01;KROMI PREBO;ProdBEBIDAS;TE FRUTOS ROJOS 1L TUNAL;1
3799941;2026-09-30;VLC01;KROMI PREBO;ProdBEBIDAS;TE DURAZNO 1L TUNAL;2
3799899;2026-09-30;VLC01;KROMI PREBO;ProdEMBUTIDOS;MORTADELA TAPARA Alimex;1
3799921;2026-09-30;VLC01;KROMI PREBO;ProdEMBUTIDOS;SALCHICHA TIPO VIENA 800GR (24unid) ALIMEX;2
3799900;2026-09-30;VLC01;KROMI PREBO;ProdEMBUTIDOS;TOCINETA AHUMADA SIN CUERO 3.5KG ALIMEX;1
3799961;2026-09-30;VLC01;KROMI PREBO;ProdBEBIDAS_LACT;LECHE  DESLACTOSADA LIQUIDA PURISIMA;7
3799928;2026-09-30;VLC01;KROMI PREBO;ProdBEBIDAS_LACT;LECHE EN POLVO PURISIMA 400GR;1
3799962;2026-09-30;VLC01;KROMI PREBO;ProdBEBIDAS_LACT;LECHE BARISTA PURISIMA;3
3799942;2026-09-30;VLC01;KROMI PREBO;ProdBEBIDAS;TE LIMON 1L TUNAL;1
3799950;2026-09-30;VLC01;KROMI PREBO;ProdBEBIDAS;NARANJADA 1L TUNAL;4
3799925;2026-09-30;VLC01;KROMI PREBO;ProdEMBUTIDOS;MORTADELA CCS DE CARNES 900G;1
3799952;2026-09-30;VLC01;KROMI PREBO;ProdBEBIDAS;NECTAR PERA 1L TUNAL;2
3799913;2026-09-30;VLC01;KROMI PREBO;ProdDERIV_LACTEOS;Queso amarillo Purisima semimadurado disco 500gr;4
3799898;2026-09-30;VLC01;KROMI PREBO;ProdEMBUTIDOS;MORTADELA ECONOMICA ITALICO 1KG;1
3799951;2026-09-30;VLC01;KROMI PREBO;ProdBEBIDAS;NECTAR MANZANA 1L TUNAL;2
3799953;2026-09-30;VLC01;KROMI PREBO;ProdBEBIDAS;NECTAR DURAZNO 1L TUNAL;2
3799954;2026-09-30;VLC01;KROMI PREBO;ProdBEBIDAS;JUGO NARANJA LIGTH 1 LITRO TUNAL;2
3799922;2026-09-30;VLC01;KROMI PREBO;ProdEMBUTIDOS;SALCHICHA TIPO VIENA 450GR (22unid) ALIMEX;2
3799916;2026-09-30;VLC01;KROMI PREBO;ProdDERIV_LACTEOS;CREMA DE LECHE DE 500GR PURISIMA;7
3799917;2026-09-30;VLC01;KROMI PREBO;ProdDERIV_LACTEOS;CREMA DE LECHE DE 250GR PURISIMA;7
3799955;2026-09-30;VLC01;KROMI PREBO;ProdBEBIDAS;NECTAR PERA LIGHT 1 LITRO TUNAL;3
3799929;2026-09-30;VLC01;KROMI PREBO;ProdBEBIDAS_LACT;LECHE EN POLVO PURISIMA 900GR;1
3799923;2026-09-30;VLC01;KROMI PREBO;ProdEMBUTIDOS;SALCHICHA TIPO VIENA 225G (11unid) ALIMEX;2
3799960;2026-09-30;VLC01;KROMI PREBO;ProdBEBIDAS_LACT;LECHE DESCREMADA LIQUIDA PURISIMA;14
3799936;2026-09-30;VLC01;KROMI PREBO;ProdBEBIDAS;NECTAR PERA 200 ML TUNAL;1
3799963;2026-09-30;VLC01;KROMI PREBO;ProdBEBIDAS_LACT;LECHE COMPLETA LIQUIDA PURISIMA;10
3799934;2026-09-30;VLC01;KROMI PREBO;ProdBEBIDAS;NARANJADA  200 ML TUNAL;2
3799904;2026-09-30;VLC01;KROMI PREBO;ProdJAMONERIA;JAMON AHUMADO VISKING ITALICO 3.5 KG;1
3799937;2026-09-30;VLC01;KROMI PREBO;ProdBEBIDAS;NECTAR DURAZNO 200 ML TUNAL;1
3799935;2026-09-30;VLC01;KROMI PREBO;ProdBEBIDAS;NECTAR MANZANA 200 ML TUNAL;1
3799906;2026-09-30;VLC01;KROMI PREBO;ProdJAMONERIA;JAMON PIERNA ALIMEX 98% 5.9kg;1
3799905;2026-09-30;VLC01;KROMI PREBO;ProdJAMONERIA;JAMON AREPERO AHUMADO;1
3801618;2026-09-30;VLC02;KROMI SUR;ProdEMBUTIDOS;TOCINETA AHUMADA SIN CUERO 3.5KG ALIMEX;1
3801624;2026-09-30;VLC02;KROMI SUR;ProdJAMONERIA;JAMON AREPERO AHUMADO;1
3801627;2026-09-30;VLC02;KROMI SUR;ProdBEBIDAS_LACT;LECHE COMPLETA LIQUIDA PURISIMA;6
3801631;2026-09-30;VLC02;KROMI SUR;ProdDERIV_LACTEOS;CREMA DE LECHE DE 500GR PURISIMA;3
3801623;2026-09-30;VLC02;KROMI SUR;ProdJAMONERIA;JAMON PIERNA ALIMEX 98% 5.9kg;1
3801633;2026-09-30;VLC02;KROMI SUR;ProdDERIV_LACTEOS;MANTEQUILLA PURISIMA CON SAL 200G PURISIMA;1
3801630;2026-09-30;VLC02;KROMI SUR;ProdDERIV_LACTEOS;CREMA DE LECHE DE 250GR PURISIMA;2
3801632;2026-09-30;VLC02;KROMI SUR;ProdDERIV_LACTEOS;MANTEQUILLA PURISIMA SIN SAL 200G PURISIMA;1
3801625;2026-09-30;VLC02;KROMI SUR;ProdJAMONERIA;JAMON AHUMADO VISKING ITALICO 3.5 KG;1
3801629;2026-09-30;VLC02;KROMI SUR;ProdBEBIDAS_LACT;LECHE  DESLACTOSADA LIQUIDA PURISIMA;3
3801635;2026-09-30;VLC02;KROMI SUR;ProdEMBUTIDOS;SALCHICHA TIPO VIENA 225G (11unid) ALIMEX;1
3801634;2026-09-30;VLC02;KROMI SUR;ProdEMBUTIDOS;SALCHICHA TIPO VIENA 450GR (22unid) ALIMEX;1
3801626;2026-09-30;VLC02;KROMI SUR;ProdBEBIDAS_LACT;LECHE BARISTA PURISIMA;1
3801636;2026-09-30;VLC02;KROMI SUR;ProdEMBUTIDOS;SALCHICHA TIPO VIENA 800GR (24unid) ALIMEX;1
3801637;2026-09-30;VLC02;KROMI SUR;ProdEMBUTIDOS;MORTADELA TAPARA Alimex;1
3801628;2026-09-30;VLC02;KROMI SUR;ProdBEBIDAS_LACT;LECHE DESCREMADA LIQUIDA PURISIMA;4
3793934;2026-09-30;PTO01;LLOVIZNA MARKET SIERRA PARIMA;ProdEMBUTIDOS;MORTADELA CCS DE CARNES 500G;3
3793932;2026-09-30;PTO01;LLOVIZNA MARKET SIERRA PARIMA;ProdEMBUTIDOS;SALCHICHA TIPO VIENA 450GR (22unid) ALIMEX;1
3793933;2026-09-30;PTO01;LLOVIZNA MARKET SIERRA PARIMA;ProdEMBUTIDOS;SALCHICHA TIPO VIENA 225G (11unid) ALIMEX;1
3793935;2026-09-30;PTO01;LLOVIZNA MARKET SIERRA PARIMA;ProdEMBUTIDOS;MORTADELA CCS DE CARNES 900G;3
3793925;2026-09-30;PTO01;LLOVIZNA MARKET SIERRA PARIMA;ProdBEBIDAS_LACT;LECHE EN POLVO PURISIMA 900GR;2
3793927;2026-09-30;PTO01;LLOVIZNA MARKET SIERRA PARIMA;ProdBEBIDAS_LACT;LECHE EN POLVO PURISIMA 200GR;4
3793926;2026-09-30;PTO01;LLOVIZNA MARKET SIERRA PARIMA;ProdBEBIDAS_LACT;LECHE EN POLVO PURISIMA 400GR;4
3792102;2026-09-30;CCS08;MARAPLUS LA FLORIDA;ProdBEBIDAS_LACT;LECHE DESCREMADA LIQUIDA PURISIMA;10
3792103;2026-09-30;CCS08;MARAPLUS LA FLORIDA;ProdBEBIDAS_LACT;LECHE  DESLACTOSADA LIQUIDA PURISIMA;13
3792107;2026-09-30;CCS08;MARAPLUS LA FLORIDA;ProdBEBIDAS;NECTAR PERA 1L TUNAL;1
3792101;2026-09-30;CCS08;MARAPLUS LA FLORIDA;ProdBEBIDAS_LACT;LECHE COMPLETA LIQUIDA PURISIMA;12
3792100;2026-09-30;CCS08;MARAPLUS LA FLORIDA;ProdBEBIDAS_LACT;LECHE BARISTA PURISIMA;2
3792105;2026-09-30;CCS08;MARAPLUS LA FLORIDA;ProdBEBIDAS;NARANJADA 1L TUNAL;3
3792106;2026-09-30;CCS08;MARAPLUS LA FLORIDA;ProdBEBIDAS;NECTAR MANZANA 1L TUNAL;2
3792088;2026-09-30;CCS08;MARAPLUS LA FLORIDA;ProdEMBUTIDOS;MORTADELA CCS DE CARNES 500G;1
3792109;2026-09-30;CCS08;MARAPLUS LA FLORIDA;ProdBEBIDAS;NECTAR PERA 200 ML TUNAL;1
3792083;2026-09-30;CCS08;MARAPLUS LA FLORIDA;ProdDERIV_LACTEOS;MANTEQUILLA PURISIMA SIN SAL 200G PURISIMA;2
3792108;2026-09-30;CCS08;MARAPLUS LA FLORIDA;ProdBEBIDAS;NECTAR MANZANA 200 ML TUNAL;1
3792081;2026-09-30;CCS08;MARAPLUS LA FLORIDA;ProdDERIV_LACTEOS;CREMA DE LECHE DE 500GR PURISIMA;16
3792087;2026-09-30;CCS08;MARAPLUS LA FLORIDA;ProdEMBUTIDOS;SALCHICHA TIPO VIENA 800GR (24unid) ALIMEX;1
3792082;2026-09-30;CCS08;MARAPLUS LA FLORIDA;ProdDERIV_LACTEOS;MANTEQUILLA PURISIMA CON SAL 200G PURISIMA;2
3792104;2026-09-30;CCS08;MARAPLUS LA FLORIDA;ProdBEBIDAS;NECTAR PERA LIGHT 1 LITRO TUNAL;3
3792080;2026-09-30;CCS08;MARAPLUS LA FLORIDA;ProdDERIV_LACTEOS;CREMA DE LECHE DE 250GR PURISIMA;2
3789225;2026-09-30;PLC07;MAS POR MENOS EL ROBLE;ProdBEBIDAS_LACT;LECHE DESCREMADA LIQUIDA PURISIMA;3
3787994;2026-09-30;PLC07;MAS POR MENOS EL ROBLE;ProdEMBUTIDOS;SALCHICHA TIPO VIENA 450GR (22unid) ALIMEX;2
3789229;2026-09-30;PLC07;MAS POR MENOS EL ROBLE;ProdBEBIDAS_LACT;LECHE  DESLACTOSADA LIQUIDA PURISIMA;3
3788369;2026-09-30;PLC07;MAS POR MENOS EL ROBLE;ProdBEBIDAS;NECTAR MANZANA 1L TUNAL;1
3788367;2026-09-30;PLC07;MAS POR MENOS EL ROBLE;ProdBEBIDAS;NECTAR DURAZNO 1L TUNAL;1
3787883;2026-09-30;PLC07;MAS POR MENOS EL ROBLE;ProdDERIV_LACTEOS;MANTEQUILLA PURISIMA CON SAL 200G PURISIMA;1
3787725;2026-09-30;PLC07;MAS POR MENOS EL ROBLE;ProdBEBIDAS;NECTAR PERA 1L TUNAL;1
3789212;2026-09-30;PLC07;MAS POR MENOS EL ROBLE;ProdBEBIDAS_LACT;LECHE COMPLETA LIQUIDA PURISIMA;3
3787882;2026-09-30;PLC07;MAS POR MENOS EL ROBLE;ProdDERIV_LACTEOS;MANTEQUILLA PURISIMA SIN SAL 200G PURISIMA;1
3788437;2026-09-30;PLC07;MAS POR MENOS EL ROBLE;ProdBEBIDAS;TE FRUTOS ROJOS 1L TUNAL;1
3788468;2026-09-30;PLC07;MAS POR MENOS EL ROBLE;ProdBEBIDAS;TE DURAZNO 1L TUNAL;2
3787719;2026-09-30;PLC07;MAS POR MENOS EL ROBLE;ProdBEBIDAS;NARANJADA 1L TUNAL;1
3788363;2026-09-30;PLC07;MAS POR MENOS EL ROBLE;ProdBEBIDAS;NARANJADA  500 ML TUNAL;2
3787993;2026-09-30;PLC07;MAS POR MENOS EL ROBLE;ProdEMBUTIDOS;SALCHICHA TIPO VIENA 225G (11unid) ALIMEX;1
3788433;2026-09-30;PLC07;MAS POR MENOS EL ROBLE;ProdBEBIDAS;TE LIMON 1L TUNAL;1
3787927;2026-09-30;PLC07;MAS POR MENOS EL ROBLE;ProdDERIV_LACTEOS;CREMA DE LECHE DE 250GR PURISIMA;2
3788525;2026-09-30;PLC09;MAS X MENOS;ProdBEBIDAS_LACT;LECHE COMPLETA LIQUIDA PURISIMA;23
3788557;2026-09-30;PLC09;MAS X MENOS;ProdBEBIDAS;NECTAR DURAZNO 1L TUNAL;4
3798011;2026-09-30;PLC06;MAS X MENOS;ProdDERIV_LACTEOS;CREMA DE LECHE DE 250GR PURISIMA;2
3788564;2026-09-30;PLC09;MAS X MENOS;ProdBEBIDAS;NECTAR PERA 200 ML TUNAL;2
3788526;2026-09-30;PLC09;MAS X MENOS;ProdBEBIDAS_LACT;LECHE DESCREMADA LIQUIDA PURISIMA;15
3798009;2026-09-30;PLC06;MAS X MENOS;ProdBEBIDAS_LACT;LECHE DESCREMADA LIQUIDA PURISIMA;6
3788556;2026-09-30;PLC09;MAS X MENOS;ProdBEBIDAS;NARANJADA 1L TUNAL;4
3798015;2026-09-30;PLC06;MAS X MENOS;ProdDERIV_LACTEOS;MANTEQUILLA PURISIMA CON SAL 200G PURISIMA;5.9
3798014;2026-09-30;PLC06;MAS X MENOS;ProdDERIV_LACTEOS;MANTEQUILLA PURISIMA SIN SAL 200G PURISIMA;3
3788558;2026-09-30;PLC09;MAS X MENOS;ProdBEBIDAS;NECTAR MANZANA 1L TUNAL;4
3788559;2026-09-30;PLC09;MAS X MENOS;ProdBEBIDAS;NECTAR PERA 1L TUNAL;4
3788565;2026-09-30;PLC09;MAS X MENOS;ProdBEBIDAS;NECTAR DURAZNO 200 ML TUNAL;2
3798007;2026-09-30;PLC06;MAS X MENOS;ProdBEBIDAS_LACT;LECHE COMPLETA LIQUIDA PURISIMA;12
3798008;2026-09-30;PLC06;MAS X MENOS;ProdBEBIDAS_LACT;LECHE  DESLACTOSADA LIQUIDA PURISIMA;6
3788563;2026-09-30;PLC09;MAS X MENOS;ProdBEBIDAS;NECTAR MANZANA 200 ML TUNAL;2
3788527;2026-09-30;PLC09;MAS X MENOS;ProdBEBIDAS_LACT;LECHE  DESLACTOSADA LIQUIDA PURISIMA;15
3798417;2026-09-30;PLC07;MAS X MENOS  PETRUCCI;ProdBEBIDAS;NECTAR MANZANA 1L TUNAL;1
3798526;2026-09-30;PLC07;MAS X MENOS  PETRUCCI;ProdDERIV_LACTEOS;MANTEQUILLA PURISIMA CON SAL 200G PURISIMA;1
3798400;2026-09-30;PLC07;MAS X MENOS  PETRUCCI;ProdBEBIDAS;NARANJADA 1L TUNAL;1
3798448;2026-09-30;PLC07;MAS X MENOS  PETRUCCI;ProdBEBIDAS;NECTAR PERA 1L TUNAL;1
3798451;2026-09-30;PLC07;MAS X MENOS  PETRUCCI;ProdBEBIDAS;NARANJADA  500 ML TUNAL;3
3799018;2026-09-30;PLC07;MAS X MENOS  PETRUCCI;ProdBEBIDAS_LACT;LECHE  DESLACTOSADA LIQUIDA PURISIMA;1
3799015;2026-09-30;PLC07;MAS X MENOS  PETRUCCI;ProdBEBIDAS_LACT;LECHE DESCREMADA LIQUIDA PURISIMA;1
3798989;2026-09-30;PLC07;MAS X MENOS  PETRUCCI;ProdBEBIDAS_LACT;LECHE COMPLETA LIQUIDA PURISIMA;1
3798412;2026-09-30;PLC07;MAS X MENOS  PETRUCCI;ProdBEBIDAS;NECTAR DURAZNO 1L TUNAL;1
3798533;2026-09-30;PLC07;MAS X MENOS  PETRUCCI;ProdEMBUTIDOS;SALCHICHA TIPO VIENA 450GR (22unid) ALIMEX;3
3797828;2026-09-30;PLC07;MAS X MENOS  PETRUCCI;ProdDERIV_LACTEOS;CREMA DE LECHE DE 500GR PURISIMA;1
3797830;2026-09-30;PLC07;MAS X MENOS  PETRUCCI;ProdDERIV_LACTEOS;CREMA DE LECHE DE 250GR PURISIMA;1
3798523;2026-09-30;PLC07;MAS X MENOS  PETRUCCI;ProdDERIV_LACTEOS;MANTEQUILLA PURISIMA SIN SAL 200G PURISIMA;1
3788712;2026-09-30;PLC02;MAS X MENOS AV.LECHERIA;ProdEMBUTIDOS;SALCHICHA TIPO VIENA 450GR (22unid) ALIMEX;1
3788702;2026-09-30;PLC02;MAS X MENOS AV.LECHERIA;ProdBEBIDAS;NECTAR PERA 1L TUNAL;1
3788687;2026-09-30;PLC02;MAS X MENOS AV.LECHERIA;ProdBEBIDAS_LACT;LECHE COMPLETA LIQUIDA PURISIMA;1
3788710;2026-09-30;PLC02;MAS X MENOS AV.LECHERIA;ProdEMBUTIDOS;SALCHICHA TIPO VIENA 800GR (24unid) ALIMEX;1
3788689;2026-09-30;PLC02;MAS X MENOS AV.LECHERIA;ProdBEBIDAS_LACT;LECHE  DESLACTOSADA LIQUIDA PURISIMA;1
3788688;2026-09-30;PLC02;MAS X MENOS AV.LECHERIA;ProdBEBIDAS_LACT;LECHE DESCREMADA LIQUIDA PURISIMA;1
3788698;2026-09-30;PLC02;MAS X MENOS AV.LECHERIA;ProdBEBIDAS;NECTAR DURAZNO 200 ML TUNAL;1
3788705;2026-09-30;PLC02;MAS X MENOS AV.LECHERIA;ProdDERIV_LACTEOS;MANTEQUILLA PURISIMA SIN SAL 200G PURISIMA;1
3788700;2026-09-30;PLC02;MAS X MENOS AV.LECHERIA;ProdBEBIDAS;NARANJADA  500 ML TUNAL;1
3788706;2026-09-30;PLC02;MAS X MENOS AV.LECHERIA;ProdDERIV_LACTEOS;MANTEQUILLA PURISIMA CON SAL 200G PURISIMA;1
3788696;2026-09-30;PLC02;MAS X MENOS AV.LECHERIA;ProdBEBIDAS;NECTAR MANZANA 200 ML TUNAL;1
3788697;2026-09-30;PLC02;MAS X MENOS AV.LECHERIA;ProdBEBIDAS;NECTAR PERA 200 ML TUNAL;1
3799660;2026-09-30;PLC05;MAS X MENOS CARACOLA;ProdBEBIDAS_LACT;LECHE DESCREMADA LIQUIDA PURISIMA;20
3799659;2026-09-30;PLC05;MAS X MENOS CARACOLA;ProdBEBIDAS_LACT;LECHE COMPLETA LIQUIDA PURISIMA;15
3799661;2026-09-30;PLC05;MAS X MENOS CARACOLA;ProdBEBIDAS_LACT;LECHE  DESLACTOSADA LIQUIDA PURISIMA;15
3799438;2026-09-30;PLC03;MAS X MENOS GUARAGUAO;ProdEMBUTIDOS;SALCHICHA TIPO VIENA 225G (11unid) ALIMEX;4
3799425;2026-09-30;PLC03;MAS X MENOS GUARAGUAO;ProdBEBIDAS;NARANJADA  200 ML TUNAL;3
3799410;2026-09-30;PLC03;MAS X MENOS GUARAGUAO;ProdBEBIDAS_LACT;LECHE COMPLETA LIQUIDA PURISIMA;6
3799440;2026-09-30;PLC03;MAS X MENOS GUARAGUAO;ProdEMBUTIDOS;SALCHICHA TIPO VIENA 800GR (24unid) ALIMEX;4
3799439;2026-09-30;PLC03;MAS X MENOS GUARAGUAO;ProdEMBUTIDOS;SALCHICHA TIPO VIENA 450GR (22unid) ALIMEX;4
3799433;2026-09-30;PLC03;MAS X MENOS GUARAGUAO;ProdBEBIDAS;NECTAR DURAZNO 1L TUNAL;1
3799442;2026-09-30;PLC03;MAS X MENOS GUARAGUAO;ProdDERIV_LACTEOS;CREMA DE LECHE DE 250GR PURISIMA;1
3799426;2026-09-30;PLC03;MAS X MENOS GUARAGUAO;ProdBEBIDAS;NECTAR DURAZNO 200 ML TUNAL;3
3799421;2026-09-30;PLC03;MAS X MENOS GUARAGUAO;ProdBEBIDAS;NECTAR PERA 1L TUNAL;1
3799412;2026-09-30;PLC03;MAS X MENOS GUARAGUAO;ProdBEBIDAS_LACT;LECHE  DESLACTOSADA LIQUIDA PURISIMA;6
3799418;2026-09-30;PLC03;MAS X MENOS GUARAGUAO;ProdBEBIDAS;NARANJADA 1L TUNAL;1
3799420;2026-09-30;PLC03;MAS X MENOS GUARAGUAO;ProdBEBIDAS;NECTAR MANZANA 1L TUNAL;1
3799427;2026-09-30;PLC03;MAS X MENOS GUARAGUAO;ProdBEBIDAS;NARANJADA  500 ML TUNAL;2
3799432;2026-09-30;PLC03;MAS X MENOS GUARAGUAO;ProdBEBIDAS;TE FRUTOS ROJOS 1L TUNAL;1
3799431;2026-09-30;PLC03;MAS X MENOS GUARAGUAO;ProdBEBIDAS;TE LIMON 1L TUNAL;1
3799411;2026-09-30;PLC03;MAS X MENOS GUARAGUAO;ProdBEBIDAS_LACT;LECHE DESCREMADA LIQUIDA PURISIMA;6
3800763;2026-09-30;PLC01;MAS X MENOS INTERCOMUNAL;ProdBEBIDAS;NECTAR DURAZNO 1L TUNAL;5
3800745;2026-09-30;PLC01;MAS X MENOS INTERCOMUNAL;ProdBEBIDAS_LACT;LECHE  DESLACTOSADA LIQUIDA PURISIMA;2
3800744;2026-09-30;PLC01;MAS X MENOS INTERCOMUNAL;ProdBEBIDAS_LACT;LECHE DESCREMADA LIQUIDA PURISIMA;2
3800772;2026-09-30;PLC01;MAS X MENOS INTERCOMUNAL;ProdEMBUTIDOS;SALCHICHA TIPO VIENA 225G (11unid) ALIMEX;1
3800767;2026-09-30;PLC01;MAS X MENOS INTERCOMUNAL;ProdDERIV_LACTEOS;MANTEQUILLA PURISIMA CON SAL 200G PURISIMA;1
3800743;2026-09-30;PLC01;MAS X MENOS INTERCOMUNAL;ProdBEBIDAS_LACT;LECHE COMPLETA LIQUIDA PURISIMA;2
3800761;2026-09-30;PLC01;MAS X MENOS INTERCOMUNAL;ProdBEBIDAS;NECTAR MANZANA 1L TUNAL;3
3800779;2026-09-30;PLC01;MAS X MENOS INTERCOMUNAL;ProdBEBIDAS;NECTAR DURAZNO 200 ML TUNAL;1
3800766;2026-09-30;PLC01;MAS X MENOS INTERCOMUNAL;ProdDERIV_LACTEOS;MANTEQUILLA PURISIMA SIN SAL 200G PURISIMA;1
3800760;2026-09-30;PLC01;MAS X MENOS INTERCOMUNAL;ProdBEBIDAS;NARANJADA 1L TUNAL;2
3800781;2026-09-30;PLC01;MAS X MENOS INTERCOMUNAL;ProdDERIV_LACTEOS;CREMA DE LECHE DE 250GR PURISIMA;2
3800773;2026-09-30;PLC01;MAS X MENOS INTERCOMUNAL;ProdEMBUTIDOS;MORTADELA CCS DE CARNES 900G;1
3800762;2026-09-30;PLC01;MAS X MENOS INTERCOMUNAL;ProdBEBIDAS;NECTAR PERA 1L TUNAL;3
3800771;2026-09-30;PLC01;MAS X MENOS INTERCOMUNAL;ProdEMBUTIDOS;SALCHICHA TIPO VIENA 450GR (22unid) ALIMEX;1
3800778;2026-09-30;PLC01;MAS X MENOS INTERCOMUNAL;ProdBEBIDAS;NECTAR MANZANA 200 ML TUNAL;3
3796633;2026-09-30;PTO03;MAXI LIBERTADOR;ProdEMBUTIDOS;MORTADELA CCS DE CARNES 900G;18
3796636;2026-09-30;PTO03;MAXI LIBERTADOR;ProdEMBUTIDOS;SALCHICHA TIPO VIENA 450GR (22unid) ALIMEX;2
3796628;2026-09-30;PTO03;MAXI LIBERTADOR;ProdBEBIDAS_LACT;LECHE COMPLETA LIQUIDA PURISIMA;11
3796632;2026-09-30;PTO03;MAXI LIBERTADOR;ProdEMBUTIDOS;MORTADELA CCS DE CARNES 500G;12
3796637;2026-09-30;PTO03;MAXI LIBERTADOR;ProdEMBUTIDOS;SALCHICHA TIPO VIENA 225G (11unid) ALIMEX;2
3796629;2026-09-30;PTO03;MAXI LIBERTADOR;ProdBEBIDAS_LACT;LECHE DESCREMADA LIQUIDA PURISIMA;7
3795321;2026-09-30;BQTO02;MI SUPERMARKERT EL LLANERO;ProdBEBIDAS;TE LIMON 1L TUNAL;6
3795320;2026-09-30;BQTO02;MI SUPERMARKERT EL LLANERO;ProdBEBIDAS;NECTAR PERA 1L TUNAL;6
3795310;2026-09-30;BQTO02;MI SUPERMARKERT EL LLANERO;ProdDERIV_LACTEOS;CREMA DE LECHE DE 500GR PURISIMA;3
3795309;2026-09-30;BQTO02;MI SUPERMARKERT EL LLANERO;ProdDERIV_LACTEOS;CREMA DE LECHE DE 250GR PURISIMA;10
3795312;2026-09-30;BQTO02;MI SUPERMARKERT EL LLANERO;ProdEMBUTIDOS;SALCHICHA TIPO VIENA 800GR (24unid) ALIMEX;1
3795313;2026-09-30;BQTO02;MI SUPERMARKERT EL LLANERO;ProdEMBUTIDOS;SALCHICHA TIPO VIENA 450GR (22unid) ALIMEX;1
3795311;2026-09-30;BQTO02;MI SUPERMARKERT EL LLANERO;ProdDERIV_LACTEOS;MANTEQUILLA PURISIMA CON SAL 200G PURISIMA;3
3795318;2026-09-30;BQTO02;MI SUPERMARKERT EL LLANERO;ProdBEBIDAS;NARANJADA 1L TUNAL;3
3795319;2026-09-30;BQTO02;MI SUPERMARKERT EL LLANERO;ProdBEBIDAS;NECTAR MANZANA 1L TUNAL;6
3795315;2026-09-30;BQTO02;MI SUPERMARKERT EL LLANERO;ProdBEBIDAS_LACT;LECHE COMPLETA LIQUIDA PURISIMA;12
3795316;2026-09-30;BQTO02;MI SUPERMARKERT EL LLANERO;ProdBEBIDAS_LACT;LECHE DESCREMADA LIQUIDA PURISIMA;12
3795322;2026-09-30;BQTO02;MI SUPERMARKERT EL LLANERO;ProdBEBIDAS;TE FRUTOS ROJOS 1L TUNAL;3
3795317;2026-09-30;BQTO02;MI SUPERMARKERT EL LLANERO;ProdBEBIDAS_LACT;LECHE  DESLACTOSADA LIQUIDA PURISIMA;12
3796446;2026-09-30;PTO02;MULTIMARKET CHIRICA;ProdEMBUTIDOS;MORTADELA CCS DE CARNES 900G;2
3796443;2026-09-30;PTO02;MULTIMARKET CHIRICA;ProdEMBUTIDOS;MORTADELA CCS DE CARNES 500G;1
3796592;2026-09-30;PTO02;MULTIMARKET CHIRICA;ProdEMBUTIDOS;SALCHICHA TIPO VIENA 225G (11unid) ALIMEX;1
3798152;2026-09-30;PTO02;MULTIMARKET CHIRICA;ProdBEBIDAS_LACT;LECHE DESCREMADA LIQUIDA PURISIMA;7
3798156;2026-09-30;PTO02;MULTIMARKET CHIRICA;ProdBEBIDAS_LACT;LECHE  DESLACTOSADA LIQUIDA PURISIMA;7
3798148;2026-09-30;PTO02;MULTIMARKET CHIRICA;ProdBEBIDAS_LACT;LECHE COMPLETA LIQUIDA PURISIMA;1
3796597;2026-09-30;PTO02;MULTIMARKET CHIRICA;ProdEMBUTIDOS;SALCHICHA TIPO VIENA 800GR (24unid) ALIMEX;1
3796595;2026-09-30;PTO02;MULTIMARKET CHIRICA;ProdEMBUTIDOS;SALCHICHA TIPO VIENA 450GR (22unid) ALIMEX;1
3796836;2026-09-30;PTO02;MULTIMARKET CHIRICA;ProdDERIV_LACTEOS;CREMA DE LECHE DE 250GR PURISIMA;1
3796852;2026-09-30;PTO02;MULTIMARKET CHIRICA;ProdDERIV_LACTEOS;CREMA DE LECHE DE 500GR PURISIMA;2
3796856;2026-09-30;PTO02;MULTIMARKET CHIRICA;ProdDERIV_LACTEOS;MANTEQUILLA PURISIMA CON SAL 200G PURISIMA;1
3796857;2026-09-30;PTO02;MULTIMARKET CHIRICA;ProdDERIV_LACTEOS;MANTEQUILLA PURISIMA SIN SAL 200G PURISIMA;1
3796919;2026-09-30;CCS05;MURALLA;ProdBEBIDAS;TE LIMON 500ML TUNAL;2
3796920;2026-09-30;CCS05;MURALLA;ProdBEBIDAS;NECTAR MANZANA LIGHT 1 LITRO TUNAL;1
3796878;2026-09-30;CCS05;MURALLA;ProdDERIV_LACTEOS;QUESO DE CABRA 250 G PURISIMA;1
3796879;2026-09-30;CCS05;MURALLA;ProdDERIV_LACTEOS;QUESO DE CABRA 500G PURISIMA;1
3796875;2026-09-30;CCS05;MURALLA;ProdDERIV_LACTEOS;MANTEQUILLA PURISIMA SIN SAL 200G PURISIMA;2
3796918;2026-09-30;CCS05;MURALLA;ProdBEBIDAS;TE DURAZNO 500ML TUNAL;1
3796921;2026-09-30;CCS05;MURALLA;ProdBEBIDAS;NECTAR PERA LIGHT 1 LITRO TUNAL;1
3796946;2026-09-30;CCS05;MURALLA;ProdBEBIDAS_LACT;LECHE COMPLETA LIQUIDA PURISIMA;11
3796947;2026-09-30;CCS05;MURALLA;ProdBEBIDAS_LACT;LECHE DESCREMADA LIQUIDA PURISIMA;11
3796948;2026-09-30;CCS05;MURALLA;ProdBEBIDAS_LACT;LECHE  DESLACTOSADA LIQUIDA PURISIMA;9
3796910;2026-09-30;CCS05;MURALLA;ProdBEBIDAS;NECTAR MANZANA 1L TUNAL;1
3796924;2026-09-30;CCS05;MURALLA;ProdBEBIDAS;TE FRUTOS ROJOS 1L TUNAL;2
3796923;2026-09-30;CCS05;MURALLA;ProdBEBIDAS;TE LIMON 1L TUNAL;4
3796922;2026-09-30;CCS05;MURALLA;ProdBEBIDAS;JUGO NARANJA LIGTH 1 LITRO TUNAL;2
3796911;2026-09-30;CCS05;MURALLA;ProdBEBIDAS;NECTAR PERA 1L TUNAL;1
3796909;2026-09-30;CCS05;MURALLA;ProdBEBIDAS;NECTAR DURAZNO 1L TUNAL;1
3796945;2026-09-30;CCS05;MURALLA;ProdBEBIDAS_LACT;LECHE BARISTA PURISIMA;4
3796877;2026-09-30;CCS05;MURALLA;ProdDERIV_LACTEOS;MANTEQUILLA PURISIMA CON SAL 200G PURISIMA;2
3796912;2026-09-30;CCS05;MURALLA;ProdBEBIDAS;NARANJADA  200 ML TUNAL;1
3796880;2026-09-30;CCS05;MURALLA;ProdDERIV_LACTEOS;Queso amarillo Purisima semimadurado disco 500gr;1
3796954;2026-09-30;CCS05;MURALLA;ProdEMBUTIDOS;CHORIZO DE CERDO PICANTE PARRILLERO ALIMEX;1
3796876;2026-09-30;CCS05;MURALLA;ProdDERIV_LACTEOS;CREMA DE LECHE DE 500GR PURISIMA;1
3796908;2026-09-30;CCS05;MURALLA;ProdBEBIDAS;NARANJADA 1L TUNAL;1
3796953;2026-09-30;CCS05;MURALLA;ProdEMBUTIDOS;CHORIZO DE CERDO AHUMADO PARRILLERO ALIMEX;1
3796887;2026-09-30;CCS05;MURALLA;ProdEMBUTIDOS;SALCHICHA TIPO VIENA 225G (11unid) ALIMEX;2
3796888;2026-09-30;CCS05;MURALLA;ProdEMBUTIDOS;Salchicha el tunal de pollo 250gr;2
3796916;2026-09-30;CCS05;MURALLA;ProdBEBIDAS;NARANJADA  500 ML TUNAL;1
3796917;2026-09-30;CCS05;MURALLA;ProdBEBIDAS;NECTAR DURAZNO 500 ML TUNAL;2
3796913;2026-09-30;CCS05;MURALLA;ProdBEBIDAS;NECTAR MANZANA 200 ML TUNAL;1
3796915;2026-09-30;CCS05;MURALLA;ProdBEBIDAS;NECTAR PERA 200 ML TUNAL;1
3796950;2026-09-30;CCS05;MURALLA;ProdBEBIDAS_LACT;LECHE EN POLVO PURISIMA 900GR;4
3798085;2026-09-30;VLC03;Makro redvital valencia;ProdBEBIDAS;TE DURAZNO 1L TUNAL;2
3798083;2026-09-30;VLC03;Makro redvital valencia;ProdBEBIDAS;TE LIMON 1L TUNAL;2
3798082;2026-09-30;VLC03;Makro redvital valencia;ProdBEBIDAS;NECTAR PERA LIGHT 1 LITRO TUNAL;2
3798081;2026-09-30;VLC03;Makro redvital valencia;ProdBEBIDAS;JUGO NARANJA LIGTH 1 LITRO TUNAL;2
3798084;2026-09-30;VLC03;Makro redvital valencia;ProdBEBIDAS;TE FRUTOS ROJOS 1L TUNAL;1
3798087;2026-09-30;VLC03;Makro redvital valencia;ProdBEBIDAS;NARANJADA  200 ML TUNAL;6
3798139;2026-09-30;VLC03;Makro redvital valencia;ProdHUEVOS;HUEVO TIPO  GRANEL 30 UND TUNAL;70
3798110;2026-09-30;VLC03;Makro redvital valencia;ProdDERIV_LACTEOS;Queso amarillo Purisima semimadurado barra;1
3798141;2026-09-30;VLC03;Makro redvital valencia;ProdHUEVOS;HUEVO EMPACADO- ESTUCHADO 1X12 TUNAL;25
3798075;2026-09-30;VLC03;Makro redvital valencia;ProdBEBIDAS;NARANJADA 1L TUNAL;2
3798076;2026-09-30;VLC03;Makro redvital valencia;ProdBEBIDAS;NECTAR DURAZNO 1L TUNAL;2
3798077;2026-09-30;VLC03;Makro redvital valencia;ProdBEBIDAS;NECTAR MANZANA 1L TUNAL;2
3798078;2026-09-30;VLC03;Makro redvital valencia;ProdBEBIDAS;NECTAR PERA 1L TUNAL;1
3798119;2026-09-30;VLC03;Makro redvital valencia;ProdBEBIDAS_LACT;LECHE COMPLETA LIQUIDA PURISIMA;15
3798120;2026-09-30;VLC03;Makro redvital valencia;ProdBEBIDAS_LACT;LECHE DESCREMADA LIQUIDA PURISIMA;12
3798121;2026-09-30;VLC03;Makro redvital valencia;ProdBEBIDAS_LACT;LECHE  DESLACTOSADA LIQUIDA PURISIMA;6
3798122;2026-09-30;VLC03;Makro redvital valencia;ProdBEBIDAS_LACT;LECHE COMPLETA BARISTA LIQUIDA PURISIMA;6
3798114;2026-09-30;VLC03;Makro redvital valencia;ProdEMBUTIDOS;MORTADELA DE POLLO DE 500G;12
3798098;2026-09-30;VLC03;Makro redvital valencia;ProdBEBIDAS_LACT;LECHE EN POLVO PURISIMA 400GR;2
3798088;2026-09-30;VLC03;Makro redvital valencia;ProdBEBIDAS;NECTAR DURAZNO 200 ML TUNAL;6
3798099;2026-09-30;VLC03;Makro redvital valencia;ProdBEBIDAS_LACT;LECHE EN POLVO PURISIMA 200GR;3
3798113;2026-09-30;VLC03;Makro redvital valencia;ProdEMBUTIDOS;MORTADELA DE POLLO DE 1 KG;8
3798135;2026-09-30;VLC03;Makro redvital valencia;ProdDERIV_LACTEOS;CREMA DE LECHE DE 250GR PURISIMA;30
3798129;2026-09-30;VLC03;Makro redvital valencia;ProdDERIV_LACTEOS;MANTEQUILLA PURISIMA CON SAL 200G PURISIMA;18
3798134;2026-09-30;VLC03;Makro redvital valencia;ProdDERIV_LACTEOS;CREMA DE LECHE DE 500GR PURISIMA;25
3798079;2026-09-30;VLC03;Makro redvital valencia;ProdBEBIDAS;NECTAR DURAZNO 500 ML TUNAL;2
3798089;2026-09-30;VLC03;Makro redvital valencia;ProdBEBIDAS;NECTAR MANZANA 200 ML TUNAL;12
3798090;2026-09-30;VLC03;Makro redvital valencia;ProdBEBIDAS;NECTAR PERA 200 ML TUNAL;6
3798097;2026-09-30;VLC03;Makro redvital valencia;ProdBEBIDAS_LACT;LECHE EN POLVO PURISIMA 900GR;2
3798080;2026-09-30;VLC03;Makro redvital valencia;ProdBEBIDAS;NECTAR PERA 500 ML TUNAL;2
3798106;2026-09-30;VLC03;Makro redvital valencia;ProdDERIV_LACTEOS;Queso amarillo Purisima semimadurado disco 500gr;9
3798128;2026-09-30;VLC03;Makro redvital valencia;ProdDERIV_LACTEOS;MANTEQUILLA PURISIMA SIN SAL 200G PURISIMA;12
3798091;2026-09-30;VLC03;Makro redvital valencia;ProdBEBIDAS;NARANJADA  500 ML TUNAL;2
3798086;2026-09-30;VLC03;Makro redvital valencia;ProdBEBIDAS;NECTAR MANZANA LIGHT 1 LITRO TUNAL;1
3798108;2026-09-30;VLC03;Makro redvital valencia;ProdDERIV_LACTEOS;QUESO DE CABRA EN BARRA 3.3 KG PURISIMA;1
3799102;2026-09-30;PLC04;NOVA ENCRUCIJADA;ProdBEBIDAS_LACT;LECHE  DESLACTOSADA LIQUIDA PURISIMA;0
3799108;2026-09-30;PLC04;NOVA ENCRUCIJADA;ProdBEBIDAS_LACT;LECHE EN POLVO PURISIMA 200GR;10
3799101;2026-09-30;PLC04;NOVA ENCRUCIJADA;ProdBEBIDAS_LACT;LECHE DESCREMADA LIQUIDA PURISIMA;0
3799100;2026-09-30;PLC04;NOVA ENCRUCIJADA;ProdBEBIDAS_LACT;LECHE COMPLETA LIQUIDA PURISIMA;115
3799106;2026-09-30;PLC04;NOVA ENCRUCIJADA;ProdBEBIDAS_LACT;LECHE EN POLVO PURISIMA 900GR;15
3799107;2026-09-30;PLC04;NOVA ENCRUCIJADA;ProdBEBIDAS_LACT;LECHE EN POLVO PURISIMA 400GR;10
3796684;2026-09-30;BQTO02;PANADERIA LA ORQUIDEA;ProdEMBUTIDOS;SALCHICHA TIPO VIENA 450GR (22unid) ALIMEX;1
3796685;2026-09-30;BQTO02;PANADERIA LA ORQUIDEA;ProdDERIV_LACTEOS;MANTEQUILLA PURISIMA SIN SAL 200G PURISIMA;2
3796686;2026-09-30;BQTO02;PANADERIA LA ORQUIDEA;ProdDERIV_LACTEOS;MANTEQUILLA PURISIMA CON SAL 200G PURISIMA;2
3796683;2026-09-30;BQTO02;PANADERIA LA ORQUIDEA;ProdEMBUTIDOS;SALCHICHA TIPO VIENA 800GR (24unid) ALIMEX;1
3796682;2026-09-30;BQTO02;PANADERIA LA ORQUIDEA;ProdEMBUTIDOS;MORTADELA CCS DE CARNES 900G;3
3796680;2026-09-30;BQTO02;PANADERIA LA ORQUIDEA;ProdDERIV_LACTEOS;CREMA DE LECHE DE 500GR PURISIMA;4
3796681;2026-09-30;BQTO02;PANADERIA LA ORQUIDEA;ProdDERIV_LACTEOS;CREMA DE LECHE DE 250GR PURISIMA;7
3795339;2026-09-30;BQTO02;PANADERIA TULIPAN;ProdDERIV_LACTEOS;Queso amarillo Purisima semimadurado disco 500gr;1
3795341;2026-09-30;BQTO02;PANADERIA TULIPAN;ProdEMBUTIDOS;SALCHICHA TIPO VIENA 225G (11unid) ALIMEX;1
3795336;2026-09-30;BQTO02;PANADERIA TULIPAN;ProdDERIV_LACTEOS;CREMA DE LECHE DE 500GR PURISIMA;3
3795337;2026-09-30;BQTO02;PANADERIA TULIPAN;ProdDERIV_LACTEOS;CREMA DE LECHE DE 250GR PURISIMA;5
3795338;2026-09-30;BQTO02;PANADERIA TULIPAN;ProdDERIV_LACTEOS;QUESO DE CABRA 500G PURISIMA;1
3795340;2026-09-30;BQTO02;PANADERIA TULIPAN;ProdEMBUTIDOS;SALCHICHA TIPO VIENA 800GR (24unid) ALIMEX;1
3795342;2026-09-30;BQTO02;PANADERIA TULIPAN;ProdDERIV_LACTEOS;MANTEQUILLA PURISIMA CON SAL 200G PURISIMA;4
3797262;2026-09-30;CCS08;PARAMO AV. LIBERTADOR;ProdEMBUTIDOS;SALCHICHA TIPO VIENA 225G (11unid) ALIMEX;2
3797263;2026-09-30;CCS08;PARAMO AV. LIBERTADOR;ProdEMBUTIDOS;SALCHICHA TIPO VIENA 450GR (22unid) ALIMEX;1
3797256;2026-09-30;CCS08;PARAMO AV. LIBERTADOR;ProdBEBIDAS;NECTAR PERA LIGHT 1 LITRO TUNAL;14
3797274;2026-09-30;CCS08;PARAMO AV. LIBERTADOR;ProdBEBIDAS_LACT;LECHE  DESLACTOSADA LIQUIDA PURISIMA;10
3797272;2026-09-30;CCS08;PARAMO AV. LIBERTADOR;ProdBEBIDAS_LACT;LECHE COMPLETA LIQUIDA PURISIMA;10
3797273;2026-09-30;CCS08;PARAMO AV. LIBERTADOR;ProdBEBIDAS_LACT;LECHE DESCREMADA LIQUIDA PURISIMA;10
3797265;2026-09-30;CCS08;PARAMO AV. LIBERTADOR;ProdDERIV_LACTEOS;MANTEQUILLA PURISIMA SIN SAL 200G PURISIMA;4
3797270;2026-09-30;CCS08;PARAMO AV. LIBERTADOR;ProdDERIV_LACTEOS;CREMA DE LECHE DE 500GR PURISIMA;1
3797271;2026-09-30;CCS08;PARAMO AV. LIBERTADOR;ProdDERIV_LACTEOS;CREMA DE LECHE DE 250GR PURISIMA;1
3800133;2026-09-30;PTO01;PEKIN EL GUAMO;ProdDERIV_LACTEOS;MANTEQUILLA PURISIMA SIN SAL 200G PURISIMA;2
3800130;2026-09-30;PTO01;PEKIN EL GUAMO;ProdEMBUTIDOS;Salchicha el tunal de pollo 450gr;1
3800135;2026-09-30;PTO01;PEKIN EL GUAMO;ProdEMBUTIDOS;MORTADELA CCS DE CARNES 900G;3
3800131;2026-09-30;PTO01;PEKIN EL GUAMO;ProdDERIV_LACTEOS;CREMA DE LECHE DE 500GR PURISIMA;2
3800139;2026-09-30;PTO01;PEKIN EL GUAMO;ProdBEBIDAS_LACT;LECHE EN POLVO PURISIMA 900GR;2
3800128;2026-09-30;PTO01;PEKIN EL GUAMO;ProdEMBUTIDOS;SALCHICHA TIPO VIENA 450GR (22unid) ALIMEX;1
3800134;2026-09-30;PTO01;PEKIN EL GUAMO;ProdEMBUTIDOS;MORTADELA CCS DE CARNES 500G;6
3800129;2026-09-30;PTO01;PEKIN EL GUAMO;ProdEMBUTIDOS;Salchicha el tunal de pollo 250gr;1
3800141;2026-09-30;PTO01;PEKIN EL GUAMO;ProdBEBIDAS_LACT;LECHE EN POLVO PURISIMA 200GR;4
3800132;2026-09-30;PTO01;PEKIN EL GUAMO;ProdDERIV_LACTEOS;CREMA DE LECHE DE 250GR PURISIMA;4
3800140;2026-09-30;PTO01;PEKIN EL GUAMO;ProdBEBIDAS_LACT;LECHE EN POLVO PURISIMA 400GR;2
3800278;2026-09-30;CCS03;REDVITAL LA URBINA;ProdBEBIDAS;TE DURAZNO 1L TUNAL;2
3800290;2026-09-30;CCS03;REDVITAL LA URBINA;ProdBEBIDAS_LACT;LECHE  DESLACTOSADA LIQUIDA PURISIMA;12
3800281;2026-09-30;CCS03;REDVITAL LA URBINA;ProdBEBIDAS_LACT;LECHE EN POLVO PURISIMA 200GR;3
3800282;2026-09-30;CCS03;REDVITAL LA URBINA;ProdBEBIDAS_LACT;LECHE EN POLVO PURISIMA 400GR;3
3800283;2026-09-30;CCS03;REDVITAL LA URBINA;ProdBEBIDAS_LACT;LECHE EN POLVO PURISIMA 900GR;2
3800288;2026-09-30;CCS03;REDVITAL LA URBINA;ProdBEBIDAS_LACT;LECHE COMPLETA LIQUIDA PURISIMA;15
3800277;2026-09-30;CCS03;REDVITAL LA URBINA;ProdBEBIDAS;JUGO NARANJA LIGTH 1 LITRO TUNAL;3
3800291;2026-09-30;CCS03;REDVITAL LA URBINA;ProdBEBIDAS_LACT;LECHE COMPLETA BARISTA LIQUIDA PURISIMA;9
3800289;2026-09-30;CCS03;REDVITAL LA URBINA;ProdBEBIDAS_LACT;LECHE BARISTA PURISIMA;12
3800276;2026-09-30;CCS03;REDVITAL LA URBINA;ProdBEBIDAS;NECTAR PERA LIGHT 1 LITRO TUNAL;3
3800272;2026-09-30;CCS03;REDVITAL LA URBINA;ProdBEBIDAS;NARANJADA 1L TUNAL;3
3800298;2026-09-30;CCS03;REDVITAL LA URBINA;ProdDERIV_LACTEOS;CREMA DE LECHE DE 500GR PURISIMA;5
3800280;2026-09-30;CCS03;REDVITAL LA URBINA;ProdBEBIDAS;TE FRUTOS ROJOS 1L TUNAL;2
3800273;2026-09-30;CCS03;REDVITAL LA URBINA;ProdBEBIDAS;NECTAR DURAZNO 1L TUNAL;4
3800274;2026-09-30;CCS03;REDVITAL LA URBINA;ProdBEBIDAS;NECTAR MANZANA 1L TUNAL;9
3800297;2026-09-30;CCS03;REDVITAL LA URBINA;ProdDERIV_LACTEOS;MANTEQUILLA PURISIMA CON SAL 200G PURISIMA;4
3800275;2026-09-30;CCS03;REDVITAL LA URBINA;ProdBEBIDAS;NECTAR PERA 1L TUNAL;4
3800279;2026-09-30;CCS03;REDVITAL LA URBINA;ProdBEBIDAS;TE LIMON 1L TUNAL;2
3800299;2026-09-30;CCS03;REDVITAL LA URBINA;ProdDERIV_LACTEOS;CREMA DE LECHE DE 250GR PURISIMA;10
3797593;2026-09-30;PLC09;RIO BODEGON SAMBIL;ProdBEBIDAS;NECTAR PERA 200 ML TUNAL;2
3797601;2026-09-30;PLC09;RIO BODEGON SAMBIL;ProdBEBIDAS;NECTAR MANZANA 1L TUNAL;3
3797600;2026-09-30;PLC09;RIO BODEGON SAMBIL;ProdBEBIDAS;NARANJADA 1L TUNAL;6
3797604;2026-09-30;PLC09;RIO BODEGON SAMBIL;ProdBEBIDAS_LACT;LECHE DESCREMADA LIQUIDA PURISIMA;4
3797603;2026-09-30;PLC09;RIO BODEGON SAMBIL;ProdBEBIDAS_LACT;LECHE COMPLETA LIQUIDA PURISIMA;36
3797606;2026-09-30;PLC09;RIO BODEGON SAMBIL;ProdBEBIDAS_LACT;LECHE EN POLVO PURISIMA 900GR;12
3797602;2026-09-30;PLC09;RIO BODEGON SAMBIL;ProdBEBIDAS;NECTAR PERA LIGHT 1 LITRO TUNAL;3
3797596;2026-09-30;PLC09;RIO BODEGON SAMBIL;ProdBEBIDAS;TE FRUTOS ROJOS 1L TUNAL;2
3797595;2026-09-30;PLC09;RIO BODEGON SAMBIL;ProdBEBIDAS;TE LIMON 1L TUNAL;2
3797594;2026-09-30;PLC09;RIO BODEGON SAMBIL;ProdBEBIDAS;TE DURAZNO 1L TUNAL;1
3797591;2026-09-30;PLC09;RIO BODEGON SAMBIL;ProdBEBIDAS;NARANJADA  200 ML TUNAL;3
3797592;2026-09-30;PLC09;RIO BODEGON SAMBIL;ProdBEBIDAS;NECTAR MANZANA 200 ML TUNAL;3
3796433;2026-09-30;CCS07;RIO GUATIRE;ProdBEBIDAS;TE LIMON 1L TUNAL;2
3796432;2026-09-30;CCS07;RIO GUATIRE;ProdBEBIDAS;TE DURAZNO 1L TUNAL;2
3796434;2026-09-30;CCS07;RIO GUATIRE;ProdBEBIDAS;TE FRUTOS ROJOS 1L TUNAL;4
3797710;2026-09-30;PLC05;RIO PLAYA EL ANGEL;ProdBEBIDAS_LACT;LECHE COMPLETA LIQUIDA PURISIMA;133
3797706;2026-09-30;PLC05;RIO PLAYA EL ANGEL;ProdBEBIDAS_LACT;LECHE EN POLVO PURISIMA 400GR;7
3797705;2026-09-30;PLC05;RIO PLAYA EL ANGEL;ProdBEBIDAS_LACT;LECHE EN POLVO PURISIMA 900GR;7
3797718;2026-09-30;PLC05;RIO PLAYA EL ANGEL;ProdBEBIDAS;NECTAR PERA 200 ML TUNAL;10
3797717;2026-09-30;PLC05;RIO PLAYA EL ANGEL;ProdBEBIDAS;NECTAR MANZANA 200 ML TUNAL;5
3797711;2026-09-30;PLC05;RIO PLAYA EL ANGEL;ProdBEBIDAS_LACT;LECHE DESCREMADA LIQUIDA PURISIMA;84
3797716;2026-09-30;PLC05;RIO PLAYA EL ANGEL;ProdBEBIDAS;NARANJADA  200 ML TUNAL;15
3799568;2026-09-30;PLC08;RIO PUENTE REAL;ProdEMBUTIDOS;SALCHICHA TIPO VIENA 450GR (22unid) ALIMEX;1
3799569;2026-09-30;PLC08;RIO PUENTE REAL;ProdEMBUTIDOS;SALCHICHA TIPO VIENA 225G (11unid) ALIMEX;1
3799573;2026-09-30;PLC08;RIO PUENTE REAL;ProdDERIV_LACTEOS;MANTEQUILLA PURISIMA SIN SAL 200G PURISIMA;1
3799585;2026-09-30;PLC08;RIO PUENTE REAL;ProdBEBIDAS_LACT;LECHE  DESLACTOSADA LIQUIDA PURISIMA;12
3799583;2026-09-30;PLC08;RIO PUENTE REAL;ProdBEBIDAS_LACT;LECHE COMPLETA LIQUIDA PURISIMA;12
3799584;2026-09-30;PLC08;RIO PUENTE REAL;ProdBEBIDAS_LACT;LECHE DESCREMADA LIQUIDA PURISIMA;12
3799575;2026-09-30;PLC08;RIO PUENTE REAL;ProdDERIV_LACTEOS;CREMA DE LECHE DE 250GR PURISIMA;1
3799567;2026-09-30;PLC08;RIO PUENTE REAL;ProdEMBUTIDOS;SALCHICHA TIPO VIENA 800GR (24unid) ALIMEX;1
3799572;2026-09-30;PLC08;RIO PUENTE REAL;ProdDERIV_LACTEOS;MANTEQUILLA PURISIMA CON SAL 200G PURISIMA;1
3799578;2026-09-30;PLC08;RIO PUENTE REAL;ProdBEBIDAS_LACT;LECHE EN POLVO PURISIMA 400GR;3
3799579;2026-09-30;PLC08;RIO PUENTE REAL;ProdBEBIDAS_LACT;LECHE EN POLVO PURISIMA 900GR;2
3801159;2026-09-30;BQTO02;RIO SUPERMARKET  CC ARENA PLAZA;ProdBEBIDAS;NARANJADA 1L TUNAL;4
3801149;2026-09-30;BQTO02;RIO SUPERMARKET  CC ARENA PLAZA;ProdBEBIDAS_LACT;LECHE  DESLACTOSADA LIQUIDA PURISIMA;36
3801147;2026-09-30;BQTO02;RIO SUPERMARKET  CC ARENA PLAZA;ProdBEBIDAS_LACT;LECHE COMPLETA LIQUIDA PURISIMA;24
3801148;2026-09-30;BQTO02;RIO SUPERMARKET  CC ARENA PLAZA;ProdBEBIDAS_LACT;LECHE DESCREMADA LIQUIDA PURISIMA;24
3800634;2026-09-30;CCS11;RIO SUPERMARKET EL RECREO;ProdEMBUTIDOS;SALCHICHA TIPO VIENA 450GR (22unid) ALIMEX;1
3800627;2026-09-30;CCS11;RIO SUPERMARKET EL RECREO;ProdEMBUTIDOS;MORTADELA CCS DE CARNES 900G;1
3800632;2026-09-30;CCS11;RIO SUPERMARKET EL RECREO;ProdEMBUTIDOS;SALCHICHA TIPO VIENA 225G (11unid) ALIMEX;3
3800624;2026-09-30;CCS11;RIO SUPERMARKET EL RECREO;ProdDERIV_LACTEOS;CREMA DE LECHE DE 250GR PURISIMA;6
3800623;2026-09-30;CCS11;RIO SUPERMARKET EL RECREO;ProdDERIV_LACTEOS;CREMA DE LECHE DE 500GR PURISIMA;6
3800633;2026-09-30;CCS11;RIO SUPERMARKET EL RECREO;ProdEMBUTIDOS;SALCHICHA TIPO VIENA 800GR (24unid) ALIMEX;6
3800628;2026-09-30;CCS11;RIO SUPERMARKET EL RECREO;ProdEMBUTIDOS;MORTADELA CCS DE CARNES 500G;1
3800638;2026-09-30;CCS11;RIO SUPERMARKET EL RECREO;ProdBEBIDAS_LACT;LECHE EN POLVO PURISIMA 900GR;10
3800637;2026-09-30;CCS11;RIO SUPERMARKET EL RECREO;ProdBEBIDAS_LACT;LECHE EN POLVO PURISIMA 400GR;3
3800619;2026-09-30;CCS11;RIO SUPERMARKET EL RECREO;ProdDERIV_LACTEOS;MANTEQUILLA PURISIMA SIN SAL 200G PURISIMA;2
3800618;2026-09-30;CCS11;RIO SUPERMARKET EL RECREO;ProdDERIV_LACTEOS;MANTEQUILLA PURISIMA CON SAL 200G PURISIMA;2
3803805;2026-09-30;PTO03;RIO SUPERMARKET MATURIN;ProdBEBIDAS;NECTAR PERA 1L TUNAL;1
3803796;2026-09-30;PTO03;RIO SUPERMARKET MATURIN;ProdBEBIDAS_LACT;LECHE COMPLETA LIQUIDA PURISIMA;5
3803814;2026-09-30;PTO03;RIO SUPERMARKET MATURIN;ProdEMBUTIDOS;SALCHICHA TIPO VIENA 225G (11unid) ALIMEX;2
3803813;2026-09-30;PTO03;RIO SUPERMARKET MATURIN;ProdEMBUTIDOS;SALCHICHA TIPO VIENA 800GR (24unid) ALIMEX;2
3803804;2026-09-30;PTO03;RIO SUPERMARKET MATURIN;ProdBEBIDAS;NECTAR MANZANA 1L TUNAL;1
3803806;2026-09-30;PTO03;RIO SUPERMARKET MATURIN;ProdBEBIDAS;NECTAR DURAZNO 1L TUNAL;6
3803792;2026-09-30;PTO03;RIO SUPERMARKET MATURIN;ProdBEBIDAS_LACT;LECHE EN POLVO PURISIMA 900GR;1
3803797;2026-09-30;PTO03;RIO SUPERMARKET MATURIN;ProdBEBIDAS_LACT;LECHE DESCREMADA LIQUIDA PURISIMA;4
3803809;2026-09-30;PTO03;RIO SUPERMARKET MATURIN;ProdDERIV_LACTEOS;MANTEQUILLA PURISIMA SIN SAL 200G PURISIMA;4
3803803;2026-09-30;PTO03;RIO SUPERMARKET MATURIN;ProdBEBIDAS;NARANJADA 1L TUNAL;1
3803798;2026-09-30;PTO03;RIO SUPERMARKET MATURIN;ProdBEBIDAS_LACT;LECHE  DESLACTOSADA LIQUIDA PURISIMA;4
3803810;2026-09-30;PTO03;RIO SUPERMARKET MATURIN;ProdDERIV_LACTEOS;MANTEQUILLA PURISIMA CON SAL 200G PURISIMA;4
3803791;2026-09-30;PTO03;RIO SUPERMARKET MATURIN;ProdBEBIDAS_LACT;LECHE EN POLVO PURISIMA 400GR;1
3797442;2026-09-30;CCS09;RIOVIDA MARQUES;ProdBEBIDAS_LACT;LECHE BARISTA PURISIMA;3
3797439;2026-09-30;CCS09;RIOVIDA MARQUES;ProdEMBUTIDOS;SALCHICHA TIPO VIENA 450GR (22unid) ALIMEX;3
3797437;2026-09-30;CCS09;RIOVIDA MARQUES;ProdDERIV_LACTEOS;CREMA DE LECHE DE 250GR PURISIMA;1
3794676;2026-09-30;PLC09;SIGO SAMBIL;ProdBEBIDAS;NECTAR PERA LIGHT 1 LITRO TUNAL;1
3794690;2026-09-30;PLC09;SIGO SAMBIL;ProdBEBIDAS;TE DURAZNO 1L TUNAL;4
3794674;2026-09-30;PLC09;SIGO SAMBIL;ProdBEBIDAS;JUGO NARANJA LIGTH 1 LITRO TUNAL;1
3794677;2026-09-30;PLC09;SIGO SAMBIL;ProdBEBIDAS;NECTAR MANZANA 200 ML TUNAL;4
3794692;2026-09-30;PLC09;SIGO SAMBIL;ProdBEBIDAS;TE FRUTOS ROJOS 1L TUNAL;6
3794679;2026-09-30;PLC09;SIGO SAMBIL;ProdBEBIDAS;NECTAR DURAZNO 200 ML TUNAL;4
3794675;2026-09-30;PLC09;SIGO SAMBIL;ProdBEBIDAS;NECTAR MANZANA LIGHT 1 LITRO TUNAL;2
3794678;2026-09-30;PLC09;SIGO SAMBIL;ProdBEBIDAS;NECTAR PERA 200 ML TUNAL;4
3794684;2026-09-30;PLC09;SIGO SAMBIL;ProdBEBIDAS_LACT;LECHE EN POLVO PURISIMA 900GR;3
3794691;2026-09-30;PLC09;SIGO SAMBIL;ProdBEBIDAS;TE LIMON 1L TUNAL;2
3794671;2026-09-30;PLC09;SIGO SAMBIL;ProdBEBIDAS;NECTAR DURAZNO 1L TUNAL;1
3794670;2026-09-30;PLC09;SIGO SAMBIL;ProdBEBIDAS;NARANJADA 1L TUNAL;1
3794683;2026-09-30;PLC09;SIGO SAMBIL;ProdBEBIDAS_LACT;LECHE COMPLETA BARISTA LIQUIDA PURISIMA;9
3794682;2026-09-30;PLC09;SIGO SAMBIL;ProdBEBIDAS_LACT;LECHE  DESLACTOSADA LIQUIDA PURISIMA;20
3794680;2026-09-30;PLC09;SIGO SAMBIL;ProdBEBIDAS_LACT;LECHE COMPLETA LIQUIDA PURISIMA;20
3794672;2026-09-30;PLC09;SIGO SAMBIL;ProdBEBIDAS;NECTAR MANZANA 1L TUNAL;1
3794686;2026-09-30;PLC09;SIGO SAMBIL;ProdBEBIDAS_LACT;LECHE EN POLVO PURISIMA 200GR;4
3794673;2026-09-30;PLC09;SIGO SAMBIL;ProdBEBIDAS;NECTAR PERA 1L TUNAL;1
3794681;2026-09-30;PLC09;SIGO SAMBIL;ProdBEBIDAS_LACT;LECHE DESCREMADA LIQUIDA PURISIMA;20
3794685;2026-09-30;PLC09;SIGO SAMBIL;ProdBEBIDAS_LACT;LECHE EN POLVO PURISIMA 400GR;3
3796243;2026-09-30;MCY04;SUPERMERCADO CANALETO;ProdDERIV_LACTEOS;MANTEQUILLA PURISIMA CON SAL 200G PURISIMA;1
3796249;2026-09-30;MCY04;SUPERMERCADO CANALETO;ProdDERIV_LACTEOS;CREMA DE LECHE DE 250GR PURISIMA;1
3796260;2026-09-30;MCY04;SUPERMERCADO CANALETO;ProdEMBUTIDOS;MORTADELA CCS DE CARNES 1KG;2
3796246;2026-09-30;MCY04;SUPERMERCADO CANALETO;ProdDERIV_LACTEOS;CREMA DE LECHE DE 500GR PURISIMA;1
3796274;2026-09-30;MCY04;SUPERMERCADO CANALETO;ProdJAMONERIA;JAMON AREPERO AHUMADO;1
3796257;2026-09-30;MCY04;SUPERMERCADO CANALETO;ProdEMBUTIDOS;MORTADELA CCS DE CARNES 500G;1
3793367;2026-09-30;BQTO03;SUPERMERCADO KARI CABUDARE;ProdBEBIDAS;NARANJADA  200 ML TUNAL;3
3793366;2026-09-30;BQTO03;SUPERMERCADO KARI CABUDARE;ProdBEBIDAS;NECTAR PERA LIGHT 1 LITRO TUNAL;2
3793351;2026-09-30;BQTO03;SUPERMERCADO KARI CABUDARE;ProdBEBIDAS_LACT;LECHE COMPLETA LIQUIDA PURISIMA;20
3793365;2026-09-30;BQTO03;SUPERMERCADO KARI CABUDARE;ProdBEBIDAS;JUGO NARANJA LIGTH 1 LITRO TUNAL;4
3793370;2026-09-30;BQTO03;SUPERMERCADO KARI CABUDARE;ProdBEBIDAS;NECTAR PERA 200 ML TUNAL;3
3793362;2026-09-30;BQTO03;SUPERMERCADO KARI CABUDARE;ProdBEBIDAS;NECTAR PERA 1L TUNAL;2
3793374;2026-09-30;BQTO03;SUPERMERCADO KARI CABUDARE;ProdBEBIDAS;NECTAR DURAZNO 200 ML TUNAL;6
3793354;2026-09-30;BQTO03;SUPERMERCADO KARI CABUDARE;ProdBEBIDAS_LACT;LECHE COMPLETA BARISTA LIQUIDA PURISIMA;5
3793359;2026-09-30;BQTO03;SUPERMERCADO KARI CABUDARE;ProdBEBIDAS;NECTAR MANZANA 1L TUNAL;2
3793353;2026-09-30;BQTO03;SUPERMERCADO KARI CABUDARE;ProdBEBIDAS_LACT;LECHE  DESLACTOSADA LIQUIDA PURISIMA;10
3793356;2026-09-30;BQTO03;SUPERMERCADO KARI CABUDARE;ProdBEBIDAS;NECTAR DURAZNO 1L TUNAL;2
3793352;2026-09-30;BQTO03;SUPERMERCADO KARI CABUDARE;ProdBEBIDAS_LACT;LECHE DESCREMADA LIQUIDA PURISIMA;15
3803089;2026-09-30;BQTO01;SUPERMERCADO LUXOR;ProdBEBIDAS_LACT;LECHE DESCREMADA LIQUIDA PURISIMA;12
3803093;2026-09-30;BQTO01;SUPERMERCADO LUXOR;ProdBEBIDAS_LACT;LECHE  DESLACTOSADA LIQUIDA PURISIMA;12
3803085;2026-09-30;BQTO01;SUPERMERCADO LUXOR;ProdBEBIDAS_LACT;LECHE BARISTA PURISIMA;12
3796775;2026-09-30;PLC01;TODO HOGAR AV. INTERCOMUNAL;ProdBEBIDAS;NECTAR DURAZNO 500 ML TUNAL;1
3796769;2026-09-30;PLC01;TODO HOGAR AV. INTERCOMUNAL;ProdBEBIDAS;TE LIMON 1L TUNAL;1
3796772;2026-09-30;PLC01;TODO HOGAR AV. INTERCOMUNAL;ProdBEBIDAS;NECTAR MANZANA 1L TUNAL;1
3796753;2026-09-30;PLC01;TODO HOGAR AV. INTERCOMUNAL;ProdBEBIDAS_LACT;LECHE COMPLETA LIQUIDA PURISIMA;2
3796783;2026-09-30;PLC01;TODO HOGAR AV. INTERCOMUNAL;ProdDERIV_LACTEOS;MANTEQUILLA PURISIMA CON SAL 200G PURISIMA;2
3796754;2026-09-30;PLC01;TODO HOGAR AV. INTERCOMUNAL;ProdBEBIDAS_LACT;LECHE DESCREMADA LIQUIDA PURISIMA;3
3796755;2026-09-30;PLC01;TODO HOGAR AV. INTERCOMUNAL;ProdBEBIDAS_LACT;LECHE  DESLACTOSADA LIQUIDA PURISIMA;2
3796773;2026-09-30;PLC01;TODO HOGAR AV. INTERCOMUNAL;ProdBEBIDAS;NECTAR DURAZNO 1L TUNAL;1
3796774;2026-09-30;PLC01;TODO HOGAR AV. INTERCOMUNAL;ProdBEBIDAS;NECTAR PERA 1L TUNAL;2
3796771;2026-09-30;PLC01;TODO HOGAR AV. INTERCOMUNAL;ProdBEBIDAS;NECTAR MANZANA LIGHT 1 LITRO TUNAL;1
3796756;2026-09-30;PLC01;TODO HOGAR AV. INTERCOMUNAL;ProdBEBIDAS_LACT;LECHE COMPLETA BARISTA LIQUIDA PURISIMA;1
3796760;2026-09-30;PLC01;TODO HOGAR AV. INTERCOMUNAL;ProdBEBIDAS_LACT;LECHE EN POLVO PURISIMA 900GR;1
3796776;2026-09-30;PLC01;TODO HOGAR AV. INTERCOMUNAL;ProdBEBIDAS;TE DURAZNO 1L TUNAL;1
3796770;2026-09-30;PLC01;TODO HOGAR AV. INTERCOMUNAL;ProdBEBIDAS;JUGO NARANJA LIGTH 1 LITRO TUNAL;1
3796777;2026-09-30;PLC01;TODO HOGAR AV. INTERCOMUNAL;ProdBEBIDAS;TE LIMON 500ML TUNAL;1
3796761;2026-09-30;PLC01;TODO HOGAR AV. INTERCOMUNAL;ProdBEBIDAS_LACT;LECHE EN POLVO PURISIMA 400GR;1
3796781;2026-09-30;PLC01;TODO HOGAR AV. INTERCOMUNAL;ProdBEBIDAS;NECTAR PERA 200 ML TUNAL;1
3796780;2026-09-30;PLC01;TODO HOGAR AV. INTERCOMUNAL;ProdBEBIDAS;NARANJADA  200 ML TUNAL;4
3796762;2026-09-30;PLC01;TODO HOGAR AV. INTERCOMUNAL;ProdBEBIDAS_LACT;LECHE EN POLVO PURISIMA 200GR;1
3800026;2026-09-30;PLC02;TODO HOGAR COLINAS;ProdBEBIDAS;NARANJADA 1L TUNAL;1
3800029;2026-09-30;PLC02;TODO HOGAR COLINAS;ProdBEBIDAS;NECTAR PERA 1L TUNAL;1
3800030;2026-09-30;PLC02;TODO HOGAR COLINAS;ProdBEBIDAS;JUGO NARANJA LIGTH 1 LITRO TUNAL;1
3800008;2026-09-30;PLC02;TODO HOGAR COLINAS;ProdBEBIDAS_LACT;LECHE COMPLETA LIQUIDA PURISIMA;2
3800011;2026-09-30;PLC02;TODO HOGAR COLINAS;ProdBEBIDAS_LACT;LECHE BARISTA PURISIMA;1
3800009;2026-09-30;PLC02;TODO HOGAR COLINAS;ProdBEBIDAS_LACT;LECHE DESCREMADA LIQUIDA PURISIMA;3
3800010;2026-09-30;PLC02;TODO HOGAR COLINAS;ProdBEBIDAS_LACT;LECHE  DESLACTOSADA LIQUIDA PURISIMA;2
3800028;2026-09-30;PLC02;TODO HOGAR COLINAS;ProdBEBIDAS;NECTAR DURAZNO 1L TUNAL;1
3800031;2026-09-30;PLC02;TODO HOGAR COLINAS;ProdBEBIDAS;NECTAR PERA LIGHT 1 LITRO TUNAL;1
3800027;2026-09-30;PLC02;TODO HOGAR COLINAS;ProdBEBIDAS;NECTAR MANZANA 1L TUNAL;1
3795557;2026-09-30;PLC03;TODO HOGAR MUNICIPAL;ProdEMBUTIDOS;SALCHICHA TIPO VIENA 800GR (24unid) ALIMEX;3
3795537;2026-09-30;PLC03;TODO HOGAR MUNICIPAL;ProdBEBIDAS;TE FRUTOS ROJOS 1L TUNAL;3
3795555;2026-09-30;PLC03;TODO HOGAR MUNICIPAL;ProdEMBUTIDOS;SALCHICHA TIPO VIENA 225G (11unid) ALIMEX;3
3795558;2026-09-30;PLC03;TODO HOGAR MUNICIPAL;ProdEMBUTIDOS;MORTADELA de Pollo Caracas 900gr;3
3795559;2026-09-30;PLC03;TODO HOGAR MUNICIPAL;ProdEMBUTIDOS;MORTADELA CCS DE CARNES 900G;3
3795539;2026-09-30;PLC03;TODO HOGAR MUNICIPAL;ProdBEBIDAS;NARANJADA  500 ML TUNAL;3
3795532;2026-09-30;PLC03;TODO HOGAR MUNICIPAL;ProdBEBIDAS;NECTAR DURAZNO 1L TUNAL;10
3795547;2026-09-30;PLC03;TODO HOGAR MUNICIPAL;ProdBEBIDAS_LACT;LECHE BARISTA PURISIMA;8
3795556;2026-09-30;PLC03;TODO HOGAR MUNICIPAL;ProdEMBUTIDOS;SALCHICHA TIPO VIENA 450GR (22unid) ALIMEX;3
3795538;2026-09-30;PLC03;TODO HOGAR MUNICIPAL;ProdBEBIDAS;TE LIMON 1L TUNAL;3
3795546;2026-09-30;PLC03;TODO HOGAR MUNICIPAL;ProdBEBIDAS_LACT;LECHE  DESLACTOSADA LIQUIDA PURISIMA;8
3795561;2026-09-30;PLC03;TODO HOGAR MUNICIPAL;ProdBEBIDAS;NARANJADA 1L TUNAL;4
3795545;2026-09-30;PLC03;TODO HOGAR MUNICIPAL;ProdBEBIDAS_LACT;LECHE DESCREMADA LIQUIDA PURISIMA;8
3795534;2026-09-30;PLC03;TODO HOGAR MUNICIPAL;ProdBEBIDAS;NECTAR MANZANA 1L TUNAL;10
3795533;2026-09-30;PLC03;TODO HOGAR MUNICIPAL;ProdBEBIDAS;NECTAR PERA 1L TUNAL;10
3797973;2026-09-30;PLC01;TODO HOGAR SECTOR LAS GARZAS;ProdBEBIDAS_LACT;LECHE DESCREMADA LIQUIDA PURISIMA;2
3797972;2026-09-30;PLC01;TODO HOGAR SECTOR LAS GARZAS;ProdBEBIDAS_LACT;LECHE COMPLETA LIQUIDA PURISIMA;4
3797974;2026-09-30;PLC01;TODO HOGAR SECTOR LAS GARZAS;ProdBEBIDAS_LACT;LECHE  DESLACTOSADA LIQUIDA PURISIMA;3
3797978;2026-09-30;PLC01;TODO HOGAR SECTOR LAS GARZAS;ProdBEBIDAS;NECTAR PERA 1L TUNAL;1
3797977;2026-09-30;PLC01;TODO HOGAR SECTOR LAS GARZAS;ProdBEBIDAS;NECTAR MANZANA 1L TUNAL;1
3797093;2026-09-30;PLC02;TODOHOGAR AV. LECHERIA;ProdEMBUTIDOS;SALCHICHA TIPO VIENA 450GR (22unid) ALIMEX;1
3797094;2026-09-30;PLC02;TODOHOGAR AV. LECHERIA;ProdEMBUTIDOS;CHORIZO DE CERDO PICANTE PARRILLERO ALIMEX;1
3797095;2026-09-30;PLC02;TODOHOGAR AV. LECHERIA;ProdEMBUTIDOS;CHORIZO DE CERDO AHUMADO PARRILLERO ALIMEX;1
3797062;2026-09-30;PLC02;TODOHOGAR AV. LECHERIA;ProdDERIV_LACTEOS;MANTEQUILLA PURISIMA CON SAL 200G PURISIMA;1
3797051;2026-09-30;PLC02;TODOHOGAR AV. LECHERIA;ProdBEBIDAS_LACT;LECHE EN POLVO PURISIMA 200GR;1
3797052;2026-09-30;PLC02;TODOHOGAR AV. LECHERIA;ProdBEBIDAS_LACT;LECHE EN POLVO PURISIMA 400GR;1
3797108;2026-09-30;PLC02;TODOHOGAR AV. LECHERIA;ProdBEBIDAS;JUGO NARANJA LIGTH 1 LITRO TUNAL;4
3797106;2026-09-30;PLC02;TODOHOGAR AV. LECHERIA;ProdBEBIDAS;TE LIMON 1L TUNAL;2
3797092;2026-09-30;PLC02;TODOHOGAR AV. LECHERIA;ProdEMBUTIDOS;MORTADELA de Pollo Caracas 900gr;1
3797080;2026-09-30;PLC02;TODOHOGAR AV. LECHERIA;ProdBEBIDAS;NECTAR PERA 200 ML TUNAL;1
3797082;2026-09-30;PLC02;TODOHOGAR AV. LECHERIA;ProdBEBIDAS;NARANJADA  500 ML TUNAL;1
3797091;2026-09-30;PLC02;TODOHOGAR AV. LECHERIA;ProdEMBUTIDOS;MORTADELA DE POLLO DE 500G;1
3797083;2026-09-30;PLC02;TODOHOGAR AV. LECHERIA;ProdBEBIDAS;TE LIMON 500ML TUNAL;1
3797105;2026-09-30;PLC02;TODOHOGAR AV. LECHERIA;ProdBEBIDAS;TE FRUTOS ROJOS 1L TUNAL;1
3797078;2026-09-30;PLC02;TODOHOGAR AV. LECHERIA;ProdBEBIDAS;NARANJADA  200 ML TUNAL;1
3797081;2026-09-30;PLC02;TODOHOGAR AV. LECHERIA;ProdBEBIDAS;NECTAR DURAZNO 200 ML TUNAL;1
3797110;2026-09-30;PLC02;TODOHOGAR AV. LECHERIA;ProdBEBIDAS;TE DURAZNO 1L TUNAL;1
3797109;2026-09-30;PLC02;TODOHOGAR AV. LECHERIA;ProdBEBIDAS;NECTAR MANZANA LIGHT 1 LITRO TUNAL;4
3797113;2026-09-30;PLC02;TODOHOGAR AV. LECHERIA;ProdBEBIDAS;NARANJADA 1L TUNAL;1
3797111;2026-09-30;PLC02;TODOHOGAR AV. LECHERIA;ProdBEBIDAS;NECTAR PERA 1L TUNAL;1
3797112;2026-09-30;PLC02;TODOHOGAR AV. LECHERIA;ProdBEBIDAS;NECTAR MANZANA 1L TUNAL;1
3797077;2026-09-30;PLC02;TODOHOGAR AV. LECHERIA;ProdBEBIDAS_LACT;LECHE  DESLACTOSADA LIQUIDA PURISIMA;1
3797076;2026-09-30;PLC02;TODOHOGAR AV. LECHERIA;ProdBEBIDAS_LACT;LECHE DESCREMADA LIQUIDA PURISIMA;1
3797064;2026-09-30;PLC02;TODOHOGAR AV. LECHERIA;ProdDERIV_LACTEOS;CREMA DE LECHE DE 500GR PURISIMA;1
3797079;2026-09-30;PLC02;TODOHOGAR AV. LECHERIA;ProdBEBIDAS;NECTAR MANZANA 200 ML TUNAL;1
3797075;2026-09-30;PLC02;TODOHOGAR AV. LECHERIA;ProdBEBIDAS_LACT;LECHE COMPLETA LIQUIDA PURISIMA;1
3797063;2026-09-30;PLC02;TODOHOGAR AV. LECHERIA;ProdDERIV_LACTEOS;MANTEQUILLA PURISIMA SIN SAL 200G PURISIMA;1
