idDC;Fecha_DC;RutaPromotor;SucCliente;Segmento;Productos;NroCaras
3708407;2026-09-23;PLC06;AIKOZ  ANACO CENTER;Comp_DERIV_LACTEOS;CREMA DE LECHE DE PAISA 500GR;1
3643088;2026-09-17;PLC06;AIKOZ  ANACO CENTER;Comp_BEBIDAS;DURAZNO KAITO 200ML;3
3643090;2026-09-17;PLC06;AIKOZ  ANACO CENTER;Comp_BEBIDAS;DURAZNO NATULAC 1L;4
3622153;2026-09-16;PLC06;AIKOZ  ANACO CENTER;Comp_BEBIDAS_LACT;LECHE COMPLETA NATULAC;3
3590975;2026-09-14;PLC06;AIKOZ  ANACO CENTER;Comp_BEBIDAS_LACT;LECHE DESLACTOSADA NATULAC;3
3708403;2026-09-23;PLC06;AIKOZ  ANACO CENTER;Comp_DERIV_LACTEOS;MANTEQUILLA PAISA;1
3708404;2026-09-23;PLC06;AIKOZ  ANACO CENTER;Comp_DERIV_LACTEOS;MANTEQUILLA PAISA SIN SAL;1
3643089;2026-09-17;PLC06;AIKOZ  ANACO CENTER;Comp_BEBIDAS;MANZANA KAITO 200ML;3
3643091;2026-09-17;PLC06;AIKOZ  ANACO CENTER;Comp_BEBIDAS;MANZANA NATULAC 1L;3
3567270;2026-09-10;PLC02;AIKOZ  AV. LECHERIA;Comp_LECHE_EN_POLVO;LECHE EN POLVO 400 GR LA CAMPINA;1
3567276;2026-09-10;PLC02;AIKOZ  AV. LECHERIA;Comp_LECHE_EN_POLVO;LECHE EN POLVO 400 GR SAN SIMON;1
3567273;2026-09-10;PLC02;AIKOZ  AV. LECHERIA;Comp_LECHE_EN_POLVO;LECHE EN POLVO 900 GR LA CAMPINA;1
3750948;2026-09-27;PLC02;AIKOZ  AV. LECHERIA;;NARANJA FRICA;0
3744988;2026-09-25;PLC03;AIKOZ  PUERTO LA CRUZ;Comp_BEBIDAS_LACT;LECHE COMPLETA NATULAC;4
3744991;2026-09-25;PLC03;AIKOZ  PUERTO LA CRUZ;Comp_BEBIDAS_LACT;LECHE COMPLETA SAN SIMON;2
3744989;2026-09-25;PLC03;AIKOZ  PUERTO LA CRUZ;Comp_BEBIDAS_LACT;LECHE DESCREMADA NATULAC;4
3744992;2026-09-25;PLC03;AIKOZ  PUERTO LA CRUZ;Comp_BEBIDAS_LACT;LECHE DESCREMADA SAN SIMON;2
3744990;2026-09-25;PLC03;AIKOZ  PUERTO LA CRUZ;Comp_BEBIDAS_LACT;LECHE DESLACTOSADA NATULAC;4
3575261;2026-09-11;PLC05;AIKOZ AB. AVENIDA BOLIVAR;Comp_LECHE_EN_POLVO;LECHE EN POLVO 400 GR LA CAMPINA;2
3575259;2026-09-11;PLC05;AIKOZ AB. AVENIDA BOLIVAR;Comp_LECHE_EN_POLVO;LECHE EN POLVO 400 GR SAN SIMON;1
3575260;2026-09-11;PLC05;AIKOZ AB. AVENIDA BOLIVAR;Comp_LECHE_EN_POLVO;LECHE EN POLVO 900 GR LA CAMPINA;3
3575258;2026-09-11;PLC05;AIKOZ AB. AVENIDA BOLIVAR;Comp_LECHE_EN_POLVO;LECHE EN POLVO 900 GR SAN SIMON;3
3468428;2026-09-02;PLC08;AIKOZ BARCELONA;Comp_BEBIDAS_LACT;LECHE COMPLETA NATULAC;4
3566137;2026-09-10;PLC08;AIKOZ BARCELONA;Comp_LECHE_EN_POLVO;LECHE EN POLVO 400 GR LA CAMPINA;3
3566135;2026-09-10;PLC08;AIKOZ BARCELONA;Comp_LECHE_EN_POLVO;LECHE EN POLVO 400 GR SAN SIMON;3
3566136;2026-09-10;PLC08;AIKOZ BARCELONA;Comp_LECHE_EN_POLVO;LECHE EN POLVO 900 GR LA CAMPINA;3
3566134;2026-09-10;PLC08;AIKOZ BARCELONA;Comp_LECHE_EN_POLVO;LECHE EN POLVO 900 GR SAN SIMON;3
3510479;2026-09-04;PLC01;AIKOZ SECTOR VENECIA;Comp_BEBIDAS;DURAZNO FRICA;1
3510480;2026-09-04;PLC01;AIKOZ SECTOR VENECIA;Comp_BEBIDAS;DURAZNO NATULAC 1L;4
3510490;2026-09-04;PLC01;AIKOZ SECTOR VENECIA;Comp_BEBIDAS;DURAZNO PASTORENA;3
3510492;2026-09-04;PLC01;AIKOZ SECTOR VENECIA;Comp_BEBIDAS_LACT;LECHE COMPLETA NATULAC;3
3510497;2026-09-04;PLC01;AIKOZ SECTOR VENECIA;Comp_BEBIDAS_LACT;LECHE COMPLETA SAN SIMON;3
3510494;2026-09-04;PLC01;AIKOZ SECTOR VENECIA;Comp_BEBIDAS_LACT;LECHE DESCREMADA NATULAC;3
3510501;2026-09-04;PLC01;AIKOZ SECTOR VENECIA;Comp_BEBIDAS_LACT;LECHE DESCREMADA SAN SIMON;2
3510495;2026-09-04;PLC01;AIKOZ SECTOR VENECIA;Comp_BEBIDAS_LACT;LECHE DESLACTOSADA NATULAC;3
3555797;2026-09-10;PLC01;AIKOZ SECTOR VENECIA;Comp_LECHE_EN_POLVO;LECHE EN POLVO 400 GR LA CAMPINA;4
3555796;2026-09-10;PLC01;AIKOZ SECTOR VENECIA;Comp_LECHE_EN_POLVO;LECHE EN POLVO 400 GR SAN SIMON;5
3510517;2026-09-04;PLC01;AIKOZ SECTOR VENECIA;Comp_DERIV_LACTEOS;MANTEQUILLA PAISA;1
3510522;2026-09-04;PLC01;AIKOZ SECTOR VENECIA;Comp_DERIV_LACTEOS;MANTEQUILLA PAISA SIN SAL;1
3510515;2026-09-04;PLC01;AIKOZ SECTOR VENECIA;Comp_DERIV_LACTEOS;MANTEQUILLA TORONDOI;1
3510476;2026-09-04;PLC01;AIKOZ SECTOR VENECIA;Comp_BEBIDAS;MANZANA FRICA;5
3510483;2026-09-04;PLC01;AIKOZ SECTOR VENECIA;Comp_BEBIDAS;MANZANA NATULAC 1L;4
3510486;2026-09-04;PLC01;AIKOZ SECTOR VENECIA;Comp_BEBIDAS;MANZANA PASTORENA;4
3510475;2026-09-04;PLC01;AIKOZ SECTOR VENECIA;Comp_BEBIDAS;NARANJA FRICA;1
3510477;2026-09-04;PLC01;AIKOZ SECTOR VENECIA;Comp_BEBIDAS;PERA FRICA;2
3510481;2026-09-04;PLC01;AIKOZ SECTOR VENECIA;Comp_BEBIDAS;PERA NATULAC 1L;5
3510488;2026-09-04;PLC01;AIKOZ SECTOR VENECIA;Comp_BEBIDAS;PERA PASTORENA;2
3658115;2026-09-18;PLC07;AIKOZ UNIMAL;Comp_DERIV_LACTEOS;CREMA DE LECHE DE PAISA 250GR;1
3658113;2026-09-18;PLC07;AIKOZ UNIMAL;Comp_DERIV_LACTEOS;CREMA DE LECHE DE PAISA 500GR;1
3794072;2026-09-30;PLC07;AIKOZ UNIMAL;Comp_DERIV_LACTEOS;MANTEQUILLA PAISA;1
3794076;2026-09-30;PLC07;AIKOZ UNIMAL;Comp_DERIV_LACTEOS;MANTEQUILLA PAISA SIN SAL;1
3546729;2026-09-09;PLC07;AIKOZ UNIMAL;Comp_BEBIDAS;MANZANA NATULAC 1L;2
3658192;2026-09-18;PLC07;AIKOZ UNIMAL;Comp_BEBIDAS;MANZANA PASTORENA;1
3658193;2026-09-18;PLC07;AIKOZ UNIMAL;Comp_BEBIDAS;NARANJA FRICA;1
3794201;2026-09-30;PLC07;AIKOZ UNIMAL;Comp_EMBUTIDOS;SALCHICHA TIPO VIENA 450GR HERMO;1
3645021;2026-09-17;PLC09;AL COSTO;Comp_BEBIDAS;DURAZNO NATULAC 1L;10
3729866;2026-09-24;PLC09;AL COSTO;Comp_BEBIDAS_LACT;LECHE COMPLETA NATULAC;15
3609834;2026-09-15;PLC09;AL COSTO;Comp_BEBIDAS_LACT;LECHE COMPLETA SAN SIMON;3
3729867;2026-09-24;PLC09;AL COSTO;Comp_BEBIDAS_LACT;LECHE DESCREMADA SAN SIMON;10
3729877;2026-09-24;PLC09;AL COSTO;Comp_LECHE_EN_POLVO;LECHE EN POLVO 200 GR LA CAMPINA;1
3612686;2026-09-15;PLC09;AL COSTO;Comp_LECHE_EN_POLVO;LECHE EN POLVO 200 GR SAN SIMON;4
3729876;2026-09-24;PLC09;AL COSTO;Comp_LECHE_EN_POLVO;LECHE EN POLVO 400 GR LA CAMPINA;3
3694831;2026-09-22;PLC09;AL COSTO;Comp_LECHE_EN_POLVO;LECHE EN POLVO 400 GR SAN SIMON;6
3729875;2026-09-24;PLC09;AL COSTO;Comp_LECHE_EN_POLVO;LECHE EN POLVO 900 GR LA CAMPINA;2
3729874;2026-09-24;PLC09;AL COSTO;Comp_LECHE_EN_POLVO;LECHE EN POLVO 900 GR SAN SIMON;3
3645020;2026-09-17;PLC09;AL COSTO;Comp_BEBIDAS;MANZANA NATULAC 1L;10
3645019;2026-09-17;PLC09;AL COSTO;Comp_BEBIDAS;PERA NATULAC 1L;5
3735022;2026-09-24;BQTO01;ALL PLUS;Comp_BEBIDAS_LACT;LECHE COMPLETA PASTORENA;9
3735020;2026-09-24;BQTO01;ALL PLUS;Comp_BEBIDAS_LACT;LECHE COMPLETA SAN SIMON;6
3735024;2026-09-24;BQTO01;ALL PLUS;Comp_BEBIDAS_LACT;LECHE DESCREMADA PASTORENA;6
3735018;2026-09-24;BQTO01;ALL PLUS;Comp_BEBIDAS_LACT;LECHE DESCREMADA SAN SIMON;6
3538638;2026-09-08;BQTO01;ALL PLUS;Comp_BEBIDAS_LACT;LECHE DESLACTOSADA SAN SIMON;3
3735034;2026-09-24;BQTO01;ALL PLUS;Comp_LECHE_EN_POLVO;LECHE EN POLVO 200 GR LA CAMPINA;3
3735030;2026-09-24;BQTO01;ALL PLUS;Comp_LECHE_EN_POLVO;LECHE EN POLVO 200 GR SAN SIMON;2
3735033;2026-09-24;BQTO01;ALL PLUS;Comp_LECHE_EN_POLVO;LECHE EN POLVO 400 GR LA CAMPINA;4
3735028;2026-09-24;BQTO01;ALL PLUS;Comp_LECHE_EN_POLVO;LECHE EN POLVO 400 GR SAN SIMON;2
3735032;2026-09-24;BQTO01;ALL PLUS;Comp_LECHE_EN_POLVO;LECHE EN POLVO 900 GR LA CAMPINA;2
3735026;2026-09-24;BQTO01;ALL PLUS;Comp_LECHE_EN_POLVO;LECHE EN POLVO 900 GR SAN SIMON;3
3756390;2026-09-28;PTO01;AMAZON  SUPERMARKET;Comp_LECHE_EN_POLVO;LECHE EN POLVO 200 GR LA CAMPINA;16
3756389;2026-09-28;PTO01;AMAZON  SUPERMARKET;Comp_LECHE_EN_POLVO;LECHE EN POLVO 400 GR LA CAMPINA;6
3756388;2026-09-28;PTO01;AMAZON  SUPERMARKET;Comp_LECHE_EN_POLVO;LECHE EN POLVO 900 GR LA CAMPINA;8
3613285;2026-09-15;PTO01;AMAZON  SUPERMARKET;Comp_LECHE_EN_POLVO;LECHE EN POLVO 900 GR SAN SIMON;8
3760194;2026-09-24;MCY04;Arabito Cagua;Comp_JAMONERIA;JAMON PIERNA PLUMROSE 98%;1
3760189;2026-09-24;MCY04;Arabito Cagua;Comp_BEBIDAS_LACT;LECHE COMPLETA NATULAC;1
3760191;2026-09-24;MCY04;Arabito Cagua;Comp_BEBIDAS_LACT;LECHE COMPLETA SAN SIMON;6
3760190;2026-09-24;MCY04;Arabito Cagua;Comp_BEBIDAS_LACT;LECHE DESCREMADA NATULAC;1
3681997;2026-09-18;MCY04;Arabito Cagua;Comp_LECHE_EN_POLVO;LECHE EN POLVO 400 GR SAN SIMON;1
3682000;2026-09-18;MCY04;Arabito Cagua;Comp_LECHE_EN_POLVO;LECHE EN POLVO 900 GR SAN SIMON;3
3760192;2026-09-24;MCY04;Arabito Cagua;Comp_BEBIDAS;MANZANA NATULAC 1L;2
3760193;2026-09-24;MCY04;Arabito Cagua;Comp_BEBIDAS;PERA NATULAC 1L;1
3739410;2026-09-24;MCY05;ARAGUA MARKET;Comp_BEBIDAS;MANZANA NATULAC 1L;1
3739412;2026-09-24;MCY05;ARAGUA MARKET;Comp_BEBIDAS;PERA NATULAC 1L;1
3802482;2026-09-30;MCY05;ARB CANTA CLARO;Comp_BEBIDAS_LACT;LECHE COMPLETA SAN SIMON;9
3802481;2026-09-30;MCY05;ARB CANTA CLARO;Comp_BEBIDAS_LACT;LECHE DESCREMADA NATULAC;3
3717441;2026-09-23;MCY05;ARB CANTA CLARO;Comp_BEBIDAS_LACT;LECHE DESLACTOSADA NATULAC;2
3717444;2026-09-23;MCY05;ARB CANTA CLARO;Comp_LECHE_EN_POLVO;LECHE EN POLVO 400 GR SAN SIMON;1
3717442;2026-09-23;MCY05;ARB CANTA CLARO;Comp_LECHE_EN_POLVO;LECHE EN POLVO 900 GR SAN SIMON;8
3802478;2026-09-30;MCY05;ARB CANTA CLARO;Comp_BEBIDAS;MANZANA LIGTH NATULAC 1L;2
3802479;2026-09-30;MCY05;ARB CANTA CLARO;Comp_BEBIDAS;MANZANA NATULAC 1L;2
3802480;2026-09-30;MCY05;ARB CANTA CLARO;Comp_BEBIDAS;PERA NATULAC 1L;2
3618074;2026-09-07;MCY04;ARB MARKET INTERCOMUNAL;Comp_BEBIDAS;DURAZNO NATULAC 1L;1
3796356;2026-09-28;MCY04;ARB MARKET INTERCOMUNAL;Comp_JAMONERIA;JAMON DE ESPALDA FIESTA 4.4KG;1
3796355;2026-09-28;MCY04;ARB MARKET INTERCOMUNAL;Comp_JAMONERIA;JAMON PIERNA PLUMROSE 98%;1
3796343;2026-09-28;MCY04;ARB MARKET INTERCOMUNAL;Comp_BEBIDAS_LACT;LECHE COMPLETA NATULAC;1
3796348;2026-09-28;MCY04;ARB MARKET INTERCOMUNAL;Comp_BEBIDAS_LACT;LECHE COMPLETA SAN SIMON;3
3796345;2026-09-28;MCY04;ARB MARKET INTERCOMUNAL;Comp_BEBIDAS_LACT;LECHE DESCREMADA NATULAC;2
3796347;2026-09-28;MCY04;ARB MARKET INTERCOMUNAL;Comp_BEBIDAS_LACT;LECHE DESLACTOSADA NATULAC;1
3796352;2026-09-28;MCY04;ARB MARKET INTERCOMUNAL;Comp_LECHE_EN_POLVO;LECHE EN POLVO 400 GR SAN SIMON;2
3796350;2026-09-28;MCY04;ARB MARKET INTERCOMUNAL;Comp_LECHE_EN_POLVO;LECHE EN POLVO 900 GR SAN SIMON;2
3681941;2026-09-17;MCY04;ARB MARKET INTERCOMUNAL;Comp_DERIV_LACTEOS;MANTEQUILLA LACTEOS MARACAY;1
3618076;2026-09-07;MCY04;ARB MARKET INTERCOMUNAL;Comp_BEBIDAS;MANZANA LIGTH NATULAC 1L;1
3681939;2026-09-17;MCY04;ARB MARKET INTERCOMUNAL;Comp_BEBIDAS;PERA NATULAC 1L;2
3681940;2026-09-17;MCY04;ARB MARKET INTERCOMUNAL;Comp_BEBIDAS;PERA NATULAC 250ML;1
3796290;2026-09-30;MCY04;ARB MARKET REDOMA EL AVION;Comp_BEBIDAS_LACT;LECHE COMPLETA SAN SIMON;6
3760041;2026-09-23;MCY04;ARB MARKET REDOMA EL AVION;Comp_LECHE_EN_POLVO;LECHE EN POLVO 400 GR SAN SIMON;2
3760040;2026-09-23;MCY04;ARB MARKET REDOMA EL AVION;Comp_LECHE_EN_POLVO;LECHE EN POLVO 900 GR SAN SIMON;2
3796291;2026-09-30;MCY04;ARB MARKET REDOMA EL AVION;Comp_DERIV_LACTEOS;MANTEQUILLA LACTEOS MARACAY;1
3796288;2026-09-30;MCY04;ARB MARKET REDOMA EL AVION;Comp_BEBIDAS;MANZANA LIGTH NATULAC 1L;1
3796287;2026-09-30;MCY04;ARB MARKET REDOMA EL AVION;Comp_BEBIDAS;PERA LIGHT NATULAC 1L;1
3796286;2026-09-30;MCY04;ARB MARKET REDOMA EL AVION;Comp_BEBIDAS;PERA NATULAC 1L;2
3765000;2026-09-28;PTO03;ASIA CENTRAL;Comp_BEBIDAS_LACT;LECHE COMPLETA NATULAC;2
3764999;2026-09-28;PTO03;ASIA CENTRAL;Comp_BEBIDAS_LACT;LECHE DESCREMADA NATULAC;1
3764998;2026-09-28;PTO03;ASIA CENTRAL;Comp_BEBIDAS;MANZANA NATULAC 1L;1
3796667;2026-09-30;PTO03;ASIA FORTUNA;Comp_BEBIDAS_LACT;LECHE COMPLETA NATULAC;1
3623195;2026-09-16;PTO03;ASIA FORTUNA;Comp_BEBIDAS_LACT;LECHE COMPLETA PASTORENA;1
3796668;2026-09-30;PTO03;ASIA FORTUNA;Comp_BEBIDAS_LACT;LECHE DESCREMADA PASTORENA;1
3623191;2026-09-16;PTO03;ASIA FORTUNA;Comp_LECHE_EN_POLVO;LECHE EN POLVO 400 GR LA CAMPINA;1
3796670;2026-09-30;PTO03;ASIA FORTUNA;Comp_LECHE_EN_POLVO;LECHE EN POLVO 400 GR SAN SIMON;2
3796669;2026-09-30;PTO03;ASIA FORTUNA;Comp_LECHE_EN_POLVO;LECHE EN POLVO 900 GR LA CAMPINA;2
3623190;2026-09-16;PTO03;ASIA FORTUNA;Comp_LECHE_EN_POLVO;LECHE EN POLVO 900 GR SAN SIMON;2
3714412;2026-09-23;PTO01;AUT. MAXICONSUMO;Comp_LECHE_EN_POLVO;LECHE EN POLVO 200 GR LA CAMPINA;3
3714413;2026-09-23;PTO01;AUT. MAXICONSUMO;Comp_LECHE_EN_POLVO;LECHE EN POLVO 400 GR LA CAMPINA;2
3714416;2026-09-23;PTO01;AUT. MAXICONSUMO;Comp_LECHE_EN_POLVO;LECHE EN POLVO 400 GR SAN SIMON;1
3714414;2026-09-23;PTO01;AUT. MAXICONSUMO;Comp_LECHE_EN_POLVO;LECHE EN POLVO 900 GR LA CAMPINA;3
3714415;2026-09-23;PTO01;AUT. MAXICONSUMO;Comp_LECHE_EN_POLVO;LECHE EN POLVO 900 GR SAN SIMON;4
3628164;2026-09-16;PTO04;AUTO MERCADO MEGA;Comp_BEBIDAS_LACT;LECHE COMPLETA NATULAC;1
3628165;2026-09-16;PTO04;AUTO MERCADO MEGA;Comp_BEBIDAS_LACT;LECHE COMPLETA PASTORENA;2
3628178;2026-09-16;PTO04;AUTO MERCADO MEGA;Comp_LECHE_EN_POLVO;LECHE EN POLVO 200 GR LA CAMPINA;5
3628179;2026-09-16;PTO04;AUTO MERCADO MEGA;Comp_LECHE_EN_POLVO;LECHE EN POLVO 400 GR LA CAMPINA;2
3628180;2026-09-16;PTO04;AUTO MERCADO MEGA;Comp_LECHE_EN_POLVO;LECHE EN POLVO 900 GR LA CAMPINA;2
3628196;2026-09-16;PTO04;AUTO MERCADO MEGA;Comp_BEBIDAS;MANZANA NATULAC 1L;1
3628197;2026-09-16;PTO04;AUTO MERCADO MEGA;Comp_BEBIDAS;PERA FRICA;1
3695562;2026-09-22;PTO04;AUTOMERADDO MODA CHINA;Comp_BEBIDAS_LACT;LECHE COMPLETA NATULAC;1
3644313;2026-09-17;PTO04;AUTOMERADDO MODA CHINA;Comp_BEBIDAS_LACT;LECHE COMPLETA PASTORENA;6
3608180;2026-09-15;PTO04;AUTOMERADDO MODA CHINA;Comp_BEBIDAS_LACT;LECHE DESCREMADA NATULAC;1
3568422;2026-09-10;PTO04;AUTOMERADDO MODA CHINA;Comp_BEBIDAS_LACT;LECHE DESCREMADA PASTORENA;2
3608181;2026-09-15;PTO04;AUTOMERADDO MODA CHINA;Comp_BEBIDAS_LACT;LECHE DESLACTOSADA NATULAC;1
3695563;2026-09-22;PTO04;AUTOMERADDO MODA CHINA;Comp_LECHE_EN_POLVO;LECHE EN POLVO 200 GR LA CAMPINA;2
3568404;2026-09-10;PTO04;AUTOMERADDO MODA CHINA;Comp_LECHE_EN_POLVO;LECHE EN POLVO 400 GR LA CAMPINA;3
3568406;2026-09-10;PTO04;AUTOMERADDO MODA CHINA;Comp_LECHE_EN_POLVO;LECHE EN POLVO 400 GR SAN SIMON;2
3568405;2026-09-10;PTO04;AUTOMERADDO MODA CHINA;Comp_LECHE_EN_POLVO;LECHE EN POLVO 900 GR LA CAMPINA;1
3568407;2026-09-10;PTO04;AUTOMERADDO MODA CHINA;Comp_LECHE_EN_POLVO;LECHE EN POLVO 900 GR SAN SIMON;2
3695566;2026-09-22;PTO04;AUTOMERADDO MODA CHINA;Comp_DERIV_LACTEOS;MANTEQUILLA PAISA;1
3695564;2026-09-22;PTO04;AUTOMERADDO MODA CHINA;Comp_EMBUTIDOS;MORTADELA PLUMROSE DE CARNES 1KG;3
3568438;2026-09-10;PTO04;AUTOMERADDO MODA CHINA;Comp_EMBUTIDOS;SALCHICHA TIPO VIENA 225GR FIESTA;1
3608202;2026-09-15;PTO04;AUTOMERADDO MODA CHINA;Comp_EMBUTIDOS;SALCHICHA TIPO VIENA 225GR PLUMROSE;1
3695565;2026-09-22;PTO04;AUTOMERADDO MODA CHINA;Comp_EMBUTIDOS;SALCHICHA TIPO VIENA 450GR PLUMROSE;1
3574037;2026-09-11;CCS10;AUTOMERCADO AVILA;Comp_BEBIDAS_LACT;LECHE COMPLETA SAN SIMON;5
3726105;2026-09-24;PLC07;AUTOMERCADO CASA LUXOR;Comp_BEBIDAS;DURAZNO FRICA 250ML;1
3634819;2026-09-17;PLC07;AUTOMERCADO CASA LUXOR;Comp_BEBIDAS_LACT;LECHE COMPLETA PASTORENA;2
3688428;2026-09-22;PLC07;AUTOMERCADO CASA LUXOR;Comp_BEBIDAS_LACT;LECHE COMPLETA SAN SIMON;1
3634828;2026-09-17;PLC07;AUTOMERCADO CASA LUXOR;Comp_BEBIDAS_LACT;LECHE DESCREMADA PASTORENA;2
3688439;2026-09-22;PLC07;AUTOMERCADO CASA LUXOR;Comp_BEBIDAS_LACT;LECHE DESCREMADA SAN SIMON;1
3634823;2026-09-17;PLC07;AUTOMERCADO CASA LUXOR;Comp_BEBIDAS_LACT;LECHE DESLACTOSADA NATULAC;2
3688431;2026-09-22;PLC07;AUTOMERCADO CASA LUXOR;Comp_BEBIDAS_LACT;LECHE DESLACTOSADA SAN SIMON;1
3726211;2026-09-24;PLC07;AUTOMERCADO CASA LUXOR;Comp_LECHE_EN_POLVO;LECHE EN POLVO 400 GR LA CAMPINA;1
3726214;2026-09-24;PLC07;AUTOMERCADO CASA LUXOR;Comp_LECHE_EN_POLVO;LECHE EN POLVO 900 GR LA CAMPINA;1
3688441;2026-09-22;PLC07;AUTOMERCADO CASA LUXOR;Comp_LECHE_EN_POLVO;LECHE EN POLVO 900 GR SAN SIMON;1
3688563;2026-09-22;PLC07;AUTOMERCADO CASA LUXOR;Comp_BEBIDAS;MANZANA FRICA 250ML;1
3787475;2026-09-29;MCY01;AUTOMERCADO CATANIA;Comp_BEBIDAS_LACT;LECHE COMPLETA NATULAC;1
3787478;2026-09-29;MCY01;AUTOMERCADO CATANIA;Comp_BEBIDAS_LACT;LECHE COMPLETA PASTORENA;2
3787481;2026-09-29;MCY01;AUTOMERCADO CATANIA;Comp_BEBIDAS_LACT;LECHE COMPLETA SAN SIMON;2
3787476;2026-09-29;MCY01;AUTOMERCADO CATANIA;Comp_BEBIDAS_LACT;LECHE DESCREMADA NATULAC;1
3787479;2026-09-29;MCY01;AUTOMERCADO CATANIA;Comp_BEBIDAS_LACT;LECHE DESCREMADA PASTORENA;2
3787482;2026-09-29;MCY01;AUTOMERCADO CATANIA;Comp_BEBIDAS_LACT;LECHE DESCREMADA SAN SIMON;1
3787477;2026-09-29;MCY01;AUTOMERCADO CATANIA;Comp_BEBIDAS_LACT;LECHE DESLACTOSADA NATULAC;1
3787480;2026-09-29;MCY01;AUTOMERCADO CATANIA;Comp_BEBIDAS_LACT;LECHE DESLACTOSADA PASTORENA;1
3787483;2026-09-29;MCY01;AUTOMERCADO CATANIA;Comp_BEBIDAS_LACT;LECHE DESLACTOSADA SAN SIMON;1
3787485;2026-09-29;MCY01;AUTOMERCADO CATANIA;Comp_LECHE_EN_POLVO;LECHE EN POLVO 200 GR LA CAMPINA;6
3787486;2026-09-29;MCY01;AUTOMERCADO CATANIA;Comp_LECHE_EN_POLVO;LECHE EN POLVO 200 GR SAN SIMON;6
3787484;2026-09-29;MCY01;AUTOMERCADO CATANIA;Comp_LECHE_EN_POLVO;LECHE EN POLVO 400 GR LA CAMPINA;2
3787487;2026-09-29;MCY01;AUTOMERCADO CATANIA;Comp_LECHE_EN_POLVO;LECHE EN POLVO 400 GR SAN SIMON;2
3536233;2026-09-08;BQTO03;AUTOMERCADO LA 9;Comp_BEBIDAS_LACT;LECHE COMPLETA NATULAC;14
3536235;2026-09-08;BQTO03;AUTOMERCADO LA 9;Comp_BEBIDAS_LACT;LECHE DESCREMADA NATULAC;7
3536237;2026-09-08;BQTO03;AUTOMERCADO LA 9;Comp_BEBIDAS_LACT;LECHE DESLACTOSADA NATULAC;14
3717243;2026-09-23;BQTO07;AUTOMERCADO LOS MOLINOS I;Comp_LECHE_EN_POLVO;LECHE EN POLVO 400 GR SAN SIMON;1
3717242;2026-09-23;BQTO07;AUTOMERCADO LOS MOLINOS I;Comp_LECHE_EN_POLVO;LECHE EN POLVO 900 GR SAN SIMON;2
3717121;2026-09-23;BQTO07;AUTOMERCADO LUZ;Comp_LECHE_EN_POLVO;LECHE EN POLVO 900 GR SAN SIMON;1
3615400;2026-09-15;PTO03;AUTOMERCADO MAXI CA;Comp_LECHE_EN_POLVO;LECHE EN POLVO 400 GR LA CAMPINA;1
3615401;2026-09-15;PTO03;AUTOMERCADO MAXI CA;Comp_LECHE_EN_POLVO;LECHE EN POLVO 900 GR LA CAMPINA;1
3565559;2026-09-10;CCS11;AUTOMERCADO PUNTA DEL SOL;Comp_LECHE_EN_POLVO;LECHE EN POLVO 900 GR LA CAMPINA;1
3565560;2026-09-10;CCS11;AUTOMERCADO PUNTA DEL SOL;Comp_LECHE_EN_POLVO;LECHE EN POLVO 900 GR SAN SIMON;1
3756668;2026-09-28;CCS07;AUTOMERCADO ROCA AZUL 1;Comp_DERIV_LACTEOS;CREMA DE LECHE DE PAISA 250GR;4
3756637;2026-09-28;CCS07;AUTOMERCADO ROCA AZUL 1;Comp_BEBIDAS;DURAZNO KAITO 200ML;2
3756651;2026-09-28;CCS07;AUTOMERCADO ROCA AZUL 1;Comp_BEBIDAS;DURAZNO NATULAC 250ML;1
3756656;2026-09-28;CCS07;AUTOMERCADO ROCA AZUL 1;Comp_BEBIDAS_LACT;LECHE COMPLETA PASTORENA;6
3756652;2026-09-28;CCS07;AUTOMERCADO ROCA AZUL 1;Comp_BEBIDAS_LACT;LECHE DESCREMADA PASTORENA;12
3756658;2026-09-28;CCS07;AUTOMERCADO ROCA AZUL 1;Comp_BEBIDAS_LACT;LECHE DESLACTOSADA PASTORENA;3
3562216;2026-09-10;CCS07;AUTOMERCADO ROCA AZUL 1;Comp_LECHE_EN_POLVO;LECHE EN POLVO 200 GR LA CAMPINA;1
3562215;2026-09-10;CCS07;AUTOMERCADO ROCA AZUL 1;Comp_LECHE_EN_POLVO;LECHE EN POLVO 200 GR SAN SIMON;1
3756641;2026-09-28;CCS07;AUTOMERCADO ROCA AZUL 1;Comp_DERIV_LACTEOS;MANTEQUILLA PAISA;1
3756642;2026-09-28;CCS07;AUTOMERCADO ROCA AZUL 1;Comp_BEBIDAS;MANZANA KAITO 200ML;2
3756653;2026-09-28;CCS07;AUTOMERCADO ROCA AZUL 1;Comp_BEBIDAS;MANZANA NATULAC 250ML;1
3756647;2026-09-28;CCS07;AUTOMERCADO ROCA AZUL 1;Comp_BEBIDAS;NARANJA NATULAC 250ML;2
3756654;2026-09-28;CCS07;AUTOMERCADO ROCA AZUL 1;Comp_BEBIDAS;PERA KAITO 200ML;1
3756716;2026-09-28;CCS07;AUTOMERCADO ROCA AZUL 1;Comp_EMBUTIDOS;SALCHICHA TIPO VIENA 450GR FIESTA;1
3799798;2026-09-30;CCS07;AUTOMERCADO ROCA AZUL 1;Comp_EMBUTIDOS;SALCHICHA TIPO VIENA 450GR PLUMROSE;3
3487879;2026-09-03;CCS07;AUTOMERCADO ROCA AZUL 1;Comp_BEBIDAS;TE DURAZNO 1L PARMALAT;3
3756725;2026-09-28;CCS07;AUTOMERCADO ROCA AZUL 1;Comp_BEBIDAS;TE LIMON 1L PARMALAT;7
3642443;2026-09-17;CCS07;AUTOMERCADO ROCA AZUL 2;Comp_DERIV_LACTEOS;CREMA DE LECHE DE PAISA 250GR;3
3642431;2026-09-17;CCS07;AUTOMERCADO ROCA AZUL 2;Comp_BEBIDAS;DURAZNO KAITO 200ML;2
3642486;2026-09-17;CCS07;AUTOMERCADO ROCA AZUL 2;Comp_BEBIDAS_LACT;LECHE COMPLETA PASTORENA;9
3642487;2026-09-17;CCS07;AUTOMERCADO ROCA AZUL 2;Comp_BEBIDAS_LACT;LECHE DESCREMADA PASTORENA;6
3642488;2026-09-17;CCS07;AUTOMERCADO ROCA AZUL 2;Comp_BEBIDAS_LACT;LECHE DESLACTOSADA PASTORENA;6
3642432;2026-09-17;CCS07;AUTOMERCADO ROCA AZUL 2;Comp_BEBIDAS;MANZANA KAITO 200ML;2
3642467;2026-09-17;CCS07;AUTOMERCADO ROCA AZUL 2;Comp_EMBUTIDOS;MORTADELA PLUMROSE DE CARNES 1KG;1
3642433;2026-09-17;CCS07;AUTOMERCADO ROCA AZUL 2;Comp_BEBIDAS;NARANJA KAITO 200ML;1
3642434;2026-09-17;CCS07;AUTOMERCADO ROCA AZUL 2;Comp_BEBIDAS;PERA KAITO 200ML;1
3642466;2026-09-17;CCS07;AUTOMERCADO ROCA AZUL 2;Comp_EMBUTIDOS;SALCHICHA TIPO VIENA 450GR FIESTA;1
3642465;2026-09-17;CCS07;AUTOMERCADO ROCA AZUL 2;Comp_EMBUTIDOS;SALCHICHA TIPO VIENA 450GR PLUMROSE;1
3567750;2026-09-10;CCS05;AUTOMERCADO SANTA ROSA DE LIMA;Comp_LECHE_EN_POLVO;LECHE EN POLVO 400 GR LA CAMPINA;2
3567749;2026-09-10;CCS05;AUTOMERCADO SANTA ROSA DE LIMA;Comp_LECHE_EN_POLVO;LECHE EN POLVO 900 GR LA CAMPINA;1
3567748;2026-09-10;CCS05;AUTOMERCADO SANTA ROSA DE LIMA;Comp_LECHE_EN_POLVO;LECHE EN POLVO 900 GR SAN SIMON;1
3691748;2026-09-22;PTO03;AUTOMERCADO SKYLER;Comp_BEBIDAS;DURAZNO FRICA;2
3691746;2026-09-22;PTO03;AUTOMERCADO SKYLER;Comp_BEBIDAS_LACT;LECHE COMPLETA NATULAC;5
3579837;2026-09-11;PTO03;AUTOMERCADO SKYLER;Comp_BEBIDAS_LACT;LECHE COMPLETA PASTORENA;1
3691747;2026-09-22;PTO03;AUTOMERCADO SKYLER;Comp_BEBIDAS_LACT;LECHE COMPLETA SAN SIMON;1
3691749;2026-09-22;PTO03;AUTOMERCADO SKYLER;Comp_BEBIDAS;NARANJA NATULAC 1L;1
3537205;2026-09-08;BQTO06;AUTOMERCADO SUPER OFERTA;Comp_BEBIDAS;DURAZNO NATULAC 1L;11
3537199;2026-09-08;BQTO06;AUTOMERCADO SUPER OFERTA;Comp_BEBIDAS;DURAZNO NATULAC 250ML;2
3537207;2026-09-08;BQTO06;AUTOMERCADO SUPER OFERTA;Comp_BEBIDAS_LACT;LECHE COMPLETA NATULAC;10
3537211;2026-09-08;BQTO06;AUTOMERCADO SUPER OFERTA;Comp_BEBIDAS_LACT;LECHE DESCREMADA NATULAC;6
3537209;2026-09-08;BQTO06;AUTOMERCADO SUPER OFERTA;Comp_BEBIDAS_LACT;LECHE DESLACTOSADA NATULAC;5
3699661;2026-09-22;BQTO06;AUTOMERCADO SUPER OFERTA;Comp_LECHE_EN_POLVO;LECHE EN POLVO 200 GR LA CAMPINA;2
3699660;2026-09-22;BQTO06;AUTOMERCADO SUPER OFERTA;Comp_LECHE_EN_POLVO;LECHE EN POLVO 400 GR LA CAMPINA;1
3699659;2026-09-22;BQTO06;AUTOMERCADO SUPER OFERTA;Comp_LECHE_EN_POLVO;LECHE EN POLVO 900 GR LA CAMPINA;1
3537203;2026-09-08;BQTO06;AUTOMERCADO SUPER OFERTA;Comp_BEBIDAS;MANZANA LIGTH NATULAC 1L;5
3537197;2026-09-08;BQTO06;AUTOMERCADO SUPER OFERTA;Comp_BEBIDAS;MANZANA NATULAC 250ML;2
3537201;2026-09-08;BQTO06;AUTOMERCADO SUPER OFERTA;Comp_BEBIDAS;NARANJA LIGHT NATULAC 1L;4
3537195;2026-09-08;BQTO06;AUTOMERCADO SUPER OFERTA;Comp_BEBIDAS;PERA NATULAC 250ML;2
3568462;2026-09-10;PTO04;AWA MARKET;Comp_BEBIDAS_LACT;LECHE COMPLETA NATULAC;4
3568463;2026-09-10;PTO04;AWA MARKET;Comp_BEBIDAS_LACT;LECHE DESCREMADA NATULAC;2
3568464;2026-09-10;PTO04;AWA MARKET;Comp_BEBIDAS_LACT;LECHE DESLACTOSADA NATULAC;2
3568450;2026-09-10;PTO04;AWA MARKET;Comp_LECHE_EN_POLVO;LECHE EN POLVO 200 GR LA CAMPINA;3
3568451;2026-09-10;PTO04;AWA MARKET;Comp_LECHE_EN_POLVO;LECHE EN POLVO 400 GR LA CAMPINA;3
3568452;2026-09-10;PTO04;AWA MARKET;Comp_LECHE_EN_POLVO;LECHE EN POLVO 900 GR LA CAMPINA;3
3568488;2026-09-10;PTO04;AWA MARKET;Comp_BEBIDAS;MANZANA KAITO 200ML;2
3568475;2026-09-10;PTO04;AWA MARKET;Comp_EMBUTIDOS;MORTADELA PLUMROSE DE CARNES 1KG;1
3568489;2026-09-10;PTO04;AWA MARKET;Comp_BEBIDAS;NARANJA NATULAC 250ML;1
3766591;2026-09-28;VLC03;BALY S  PARQUE VALENCIA;Comp_DERIV_LACTEOS;CREMA DE LECHE DE PAISA 250GR;5
3766590;2026-09-28;VLC03;BALY S  PARQUE VALENCIA;Comp_DERIV_LACTEOS;CREMA DE LECHE DE PAISA 500GR;5
3766570;2026-09-28;VLC03;BALY S  PARQUE VALENCIA;Comp_BEBIDAS;DURAZNO KAITO 200ML;10
3766544;2026-09-28;VLC03;BALY S  PARQUE VALENCIA;Comp_BEBIDAS;DURAZNO NATULAC 1L;4
3679440;2026-09-21;VLC03;BALY S  PARQUE VALENCIA;Comp_JAMONERIA;JAMON ESTANDAR MILLENIUM  5.9kg;1
3766509;2026-09-28;VLC03;BALY S  PARQUE VALENCIA;Comp_BEBIDAS_LACT;LECHE COMPLETA NATULAC;4
3766511;2026-09-28;VLC03;BALY S  PARQUE VALENCIA;Comp_BEBIDAS_LACT;LECHE DESCREMADA NATULAC;4
3766513;2026-09-28;VLC03;BALY S  PARQUE VALENCIA;Comp_BEBIDAS_LACT;LECHE DESLACTOSADA NATULAC;4
3766585;2026-09-28;VLC03;BALY S  PARQUE VALENCIA;Comp_DERIV_LACTEOS;MANTEQUILLA PAISA;6
3766571;2026-09-28;VLC03;BALY S  PARQUE VALENCIA;Comp_BEBIDAS;MANZANA KAITO 200ML;6
3766546;2026-09-28;VLC03;BALY S  PARQUE VALENCIA;Comp_BEBIDAS;MANZANA NATULAC 1L;4
3766569;2026-09-28;VLC03;BALY S  PARQUE VALENCIA;Comp_BEBIDAS;NARANJA KAITO 200ML;6
3766547;2026-09-28;VLC03;BALY S  PARQUE VALENCIA;Comp_BEBIDAS;NARANJA NATULAC 1L;4
3766572;2026-09-28;VLC03;BALY S  PARQUE VALENCIA;Comp_BEBIDAS;PERA KAITO 200ML;9
3766549;2026-09-28;VLC03;BALY S  PARQUE VALENCIA;Comp_BEBIDAS;PERA NATULAC 1L;4
3766592;2026-09-28;VLC03;BALY S  PARQUE VALENCIA;Comp_EMBUTIDOS;SALCHICHA TIPO VIENA 225GR HERMO;1
3766551;2026-09-28;VLC03;BALY S  PARQUE VALENCIA;Comp_BEBIDAS;TE DURAZNO 1L PARMALAT;4
3766553;2026-09-28;VLC03;BALY S  PARQUE VALENCIA;Comp_BEBIDAS;TE LIMON 1L PARMALAT;4
3772903;2026-09-29;VLC04;BALYS CAOBOS SUR;Comp_DERIV_LACTEOS;CREMA DE LECHE DE PAISA 250GR;1
3686946;2026-09-22;VLC04;BALYS CAOBOS SUR;Comp_DERIV_LACTEOS;CREMA DE LECHE DE PAISA 500GR;3
3772904;2026-09-29;VLC04;BALYS CAOBOS SUR;Comp_BEBIDAS;DURAZNO NATULAC 1L;3
3772870;2026-09-29;VLC04;BALYS CAOBOS SUR;Comp_BEBIDAS_LACT;LECHE COMPLETA NATULAC;3
3772871;2026-09-29;VLC04;BALYS CAOBOS SUR;Comp_BEBIDAS_LACT;LECHE DESCREMADA NATULAC;1
3772872;2026-09-29;VLC04;BALYS CAOBOS SUR;Comp_BEBIDAS_LACT;LECHE DESLACTOSADA NATULAC;1
3772902;2026-09-29;VLC04;BALYS CAOBOS SUR;Comp_DERIV_LACTEOS;MANTEQUILLA PAISA;1
3686941;2026-09-22;VLC04;BALYS CAOBOS SUR;Comp_BEBIDAS;MANZANA LIGTH NATULAC 1L;1
3772905;2026-09-29;VLC04;BALYS CAOBOS SUR;Comp_BEBIDAS;MANZANA NATULAC 1L;1
3686940;2026-09-22;VLC04;BALYS CAOBOS SUR;Comp_BEBIDAS;NARANJA LIGHT NATULAC 1L;1
3772906;2026-09-29;VLC04;BALYS CAOBOS SUR;Comp_BEBIDAS;NARANJA NATULAC 1L;1
3772907;2026-09-29;VLC04;BALYS CAOBOS SUR;Comp_BEBIDAS;PERA NATULAC 1L;1
3799208;2026-09-30;VLC04;BALYS COLORADO;Comp_DERIV_LACTEOS;CREMA DE LECHE DE PAISA 250GR;1
3720195;2026-09-24;VLC04;BALYS COLORADO;Comp_DERIV_LACTEOS;CREMA DE LECHE DE PAISA 500GR;2
3799215;2026-09-30;VLC04;BALYS COLORADO;Comp_BEBIDAS;DURAZNO NATULAC 1L;1
3799210;2026-09-30;VLC04;BALYS COLORADO;Comp_BEBIDAS_LACT;LECHE COMPLETA NATULAC;1
3799211;2026-09-30;VLC04;BALYS COLORADO;Comp_BEBIDAS_LACT;LECHE COMPLETA NATULAC;1
3744648;2026-09-25;VLC04;BALYS COLORADO;Comp_BEBIDAS_LACT;LECHE DESCREMADA NATULAC;1
3799209;2026-09-30;VLC04;BALYS COLORADO;Comp_BEBIDAS_LACT;LECHE DESLACTOSADA NATULAC;1
3799207;2026-09-30;VLC04;BALYS COLORADO;Comp_DERIV_LACTEOS;MANTEQUILLA PAISA;1
3799212;2026-09-30;VLC04;BALYS COLORADO;Comp_BEBIDAS;MANZANA NATULAC 1L;2
3799214;2026-09-30;VLC04;BALYS COLORADO;Comp_BEBIDAS;NARANJA NATULAC 1L;1
3799213;2026-09-30;VLC04;BALYS COLORADO;Comp_BEBIDAS;PERA NATULAC 1L;2
3744659;2026-09-25;VLC04;BALYS COLORADO;Comp_DERIV_LACTEOS;QUESO DE CABRA QUBORENO 500G;1
3770688;2026-09-29;VLC03;BALYS GUAYOS GUACARA;Comp_DERIV_LACTEOS;CREMA DE LECHE DE PAISA 250GR;4
3770687;2026-09-29;VLC03;BALYS GUAYOS GUACARA;Comp_DERIV_LACTEOS;CREMA DE LECHE DE PAISA 500GR;2
3770654;2026-09-29;VLC03;BALYS GUAYOS GUACARA;Comp_BEBIDAS;DURAZNO KAITO 200ML;6
3684574;2026-09-22;VLC03;BALYS GUAYOS GUACARA;Comp_BEBIDAS;DURAZNO NATULAC 1L;1
3770675;2026-09-29;VLC03;BALYS GUAYOS GUACARA;Comp_JAMONERIA;JAMON ESTANDAR MILLENIUM  5.9kg;1
3770663;2026-09-29;VLC03;BALYS GUAYOS GUACARA;Comp_BEBIDAS_LACT;LECHE COMPLETA NATULAC;2
3684594;2026-09-22;VLC03;BALYS GUAYOS GUACARA;Comp_BEBIDAS_LACT;LECHE COMPLETA SAN SIMON;4
3770664;2026-09-29;VLC03;BALYS GUAYOS GUACARA;Comp_BEBIDAS_LACT;LECHE DESCREMADA NATULAC;4
3684595;2026-09-22;VLC03;BALYS GUAYOS GUACARA;Comp_BEBIDAS_LACT;LECHE DESCREMADA SAN SIMON;4
3770665;2026-09-29;VLC03;BALYS GUAYOS GUACARA;Comp_BEBIDAS_LACT;LECHE DESLACTOSADA NATULAC;4
3684596;2026-09-22;VLC03;BALYS GUAYOS GUACARA;Comp_BEBIDAS_LACT;LECHE DESLACTOSADA SAN SIMON;4
3554091;2026-09-10;VLC03;BALYS GUAYOS GUACARA;Comp_LECHE_EN_POLVO;LECHE EN POLVO 200 GR LA CAMPINA;4
3554088;2026-09-10;VLC03;BALYS GUAYOS GUACARA;Comp_LECHE_EN_POLVO;LECHE EN POLVO 200 GR SAN SIMON;3
3554090;2026-09-10;VLC03;BALYS GUAYOS GUACARA;Comp_LECHE_EN_POLVO;LECHE EN POLVO 400 GR LA CAMPINA;4
3554087;2026-09-10;VLC03;BALYS GUAYOS GUACARA;Comp_LECHE_EN_POLVO;LECHE EN POLVO 400 GR SAN SIMON;3
3554089;2026-09-10;VLC03;BALYS GUAYOS GUACARA;Comp_LECHE_EN_POLVO;LECHE EN POLVO 900 GR LA CAMPINA;2
3554086;2026-09-10;VLC03;BALYS GUAYOS GUACARA;Comp_LECHE_EN_POLVO;LECHE EN POLVO 900 GR SAN SIMON;3
3770674;2026-09-29;VLC03;BALYS GUAYOS GUACARA;Comp_DERIV_LACTEOS;MANTEQUILLA PAISA;3
3770655;2026-09-29;VLC03;BALYS GUAYOS GUACARA;Comp_BEBIDAS;MANZANA KAITO 200ML;6
3770642;2026-09-29;VLC03;BALYS GUAYOS GUACARA;Comp_BEBIDAS;MANZANA NATULAC 1L;1
3770653;2026-09-29;VLC03;BALYS GUAYOS GUACARA;Comp_BEBIDAS;NARANJA KAITO 200ML;6
3770643;2026-09-29;VLC03;BALYS GUAYOS GUACARA;Comp_BEBIDAS;NARANJA NATULAC 1L;1
3770656;2026-09-29;VLC03;BALYS GUAYOS GUACARA;Comp_BEBIDAS;PERA KAITO 200ML;6
3770644;2026-09-29;VLC03;BALYS GUAYOS GUACARA;Comp_BEBIDAS;PERA NATULAC 1L;2
3770682;2026-09-29;VLC03;BALYS GUAYOS GUACARA;Comp_EMBUTIDOS;SALCHICHA TIPO VIENA 225GR FIESTA;1
3770640;2026-09-29;VLC03;BALYS GUAYOS GUACARA;Comp_BEBIDAS;TE DURAZNO 1L PARMALAT;1
3770641;2026-09-29;VLC03;BALYS GUAYOS GUACARA;Comp_BEBIDAS;TE LIMON 1L PARMALAT;1
3690616;2026-09-22;VLC04;BALYS LA CANCHA;Comp_BEBIDAS;DURAZNO NATULAC 1L;1
3777021;2026-09-29;VLC04;BALYS LA CANCHA;Comp_BEBIDAS_LACT;LECHE COMPLETA NATULAC;1
3777022;2026-09-29;VLC04;BALYS LA CANCHA;Comp_BEBIDAS_LACT;LECHE COMPLETA SAN SIMON;1
3777023;2026-09-29;VLC04;BALYS LA CANCHA;Comp_BEBIDAS_LACT;LECHE DESCREMADA SAN SIMON;1
3690615;2026-09-22;VLC04;BALYS LA CANCHA;Comp_BEBIDAS_LACT;LECHE DESLACTOSADA NATULAC;1
3777024;2026-09-29;VLC04;BALYS LA CANCHA;Comp_BEBIDAS_LACT;LECHE DESLACTOSADA SAN SIMON;1
3777025;2026-09-29;VLC04;BALYS LA CANCHA;Comp_BEBIDAS;MANZANA NATULAC 1L;1
3777026;2026-09-29;VLC04;BALYS LA CANCHA;Comp_BEBIDAS;NARANJA NATULAC 1L;1
3777027;2026-09-29;VLC04;BALYS LA CANCHA;Comp_BEBIDAS;PERA NATULAC 1L;1
3690619;2026-09-22;VLC04;BALYS LA CANCHA;Comp_BEBIDAS;TE DURAZNO 1L PARMALAT;1
3690620;2026-09-22;VLC04;BALYS LA CANCHA;Comp_BEBIDAS;TE LIMON 1L PARMALAT;1
3746710;2026-09-24;BQTO06;BAZAR COLONIAL;Comp_LECHE_EN_POLVO;LECHE EN POLVO 200 GR LA CAMPINA;2
3746709;2026-09-24;BQTO06;BAZAR COLONIAL;Comp_LECHE_EN_POLVO;LECHE EN POLVO 400 GR LA CAMPINA;2
3571133;2026-09-10;BQTO06;BAZAR COLONIAL;Comp_LECHE_EN_POLVO;LECHE EN POLVO 900 GR LA CAMPINA;1
3735031;2026-09-24;BQTO01;BAZAR EXTRA;Comp_BEBIDAS;DURAZNO NATULAC 1L;2
3735019;2026-09-24;BQTO01;BAZAR EXTRA;Comp_BEBIDAS_LACT;LECHE COMPLETA NATULAC;8
3570670;2026-09-10;BQTO01;BAZAR EXTRA;Comp_BEBIDAS_LACT;LECHE COMPLETA PASTORENA;3
3570668;2026-09-10;BQTO01;BAZAR EXTRA;Comp_BEBIDAS_LACT;LECHE DESCREMADA NATULAC;3
3570671;2026-09-10;BQTO01;BAZAR EXTRA;Comp_BEBIDAS_LACT;LECHE DESCREMADA PASTORENA;3
3570669;2026-09-10;BQTO01;BAZAR EXTRA;Comp_BEBIDAS_LACT;LECHE DESLACTOSADA NATULAC;3
3735021;2026-09-24;BQTO01;BAZAR EXTRA;Comp_BEBIDAS_LACT;LECHE DESLACTOSADA PASTORENA;4
3735025;2026-09-24;BQTO01;BAZAR EXTRA;Comp_LECHE_EN_POLVO;LECHE EN POLVO 200 GR LA CAMPINA;1
3735023;2026-09-24;BQTO01;BAZAR EXTRA;Comp_LECHE_EN_POLVO;LECHE EN POLVO 400 GR SAN SIMON;2
3735029;2026-09-24;BQTO01;BAZAR EXTRA;Comp_BEBIDAS;MANZANA NATULAC 1L;3
3735027;2026-09-24;BQTO01;BAZAR EXTRA;Comp_BEBIDAS;NARANJA NATULAC 1L;2
3739383;2026-09-24;MCY05;CAMPOLLANO 2;Comp_LECHE_EN_POLVO;LECHE EN POLVO 200 GR LA CAMPINA;1
3739382;2026-09-24;MCY05;CAMPOLLANO 2;Comp_LECHE_EN_POLVO;LECHE EN POLVO 400 GR LA CAMPINA;1
3739381;2026-09-24;MCY05;CAMPOLLANO 2;Comp_LECHE_EN_POLVO;LECHE EN POLVO 900 GR LA CAMPINA;1
3796268;2026-09-29;MCY04;CAMPOLLANO 3;Comp_DERIV_LACTEOS;CREMA DE LECHE DE PAISA 250GR;1
3796270;2026-09-29;MCY04;CAMPOLLANO 3;Comp_DERIV_LACTEOS;CREMA DE LECHE DE PAISA 500GR;1
3796275;2026-09-29;MCY04;CAMPOLLANO 3;Comp_JAMONERIA;JAMON PIERNA PLUMROSE 98%;1
3796278;2026-09-29;MCY04;CAMPOLLANO 3;Comp_BEBIDAS_LACT;LECHE COMPLETA NATULAC;4
3796280;2026-09-29;MCY04;CAMPOLLANO 3;Comp_BEBIDAS_LACT;LECHE DESCREMADA NATULAC;2
3796282;2026-09-29;MCY04;CAMPOLLANO 3;Comp_BEBIDAS_LACT;LECHE DESLACTOSADA NATULAC;2
3689920;2026-09-22;MCY04;CAMPOLLANO 3;Comp_LECHE_EN_POLVO;LECHE EN POLVO 200 GR LA CAMPINA;3
3689919;2026-09-22;MCY04;CAMPOLLANO 3;Comp_LECHE_EN_POLVO;LECHE EN POLVO 900 GR LA CAMPINA;2
3796273;2026-09-29;MCY04;CAMPOLLANO 3;Comp_DERIV_LACTEOS;MANTEQUILLA PAISA;1
3618064;2026-09-08;MCY04;CAMPOLLANO 3;Comp_DERIV_LACTEOS;MANTEQUILLA PAISA SIN SAL;1
3486012;2026-09-01;MCY04;CAMPOLLANO 3;Comp_EMBUTIDOS;SALCHICHA TIPO VIENA 225GR HERMO;1
3736680;2026-09-24;BQTO04;CARORITA 16;Comp_LECHE_EN_POLVO;LECHE EN POLVO 200 GR LA CAMPINA;3
3588635;2026-09-10;BQTO04;CARORITA 16;Comp_LECHE_EN_POLVO;LECHE EN POLVO 200 GR SAN SIMON;2
3736678;2026-09-24;BQTO04;CARORITA 16;Comp_LECHE_EN_POLVO;LECHE EN POLVO 400 GR LA CAMPINA;2
3667633;2026-09-17;BQTO04;CARORITA 16;Comp_LECHE_EN_POLVO;LECHE EN POLVO 400 GR SAN SIMON;1
3736676;2026-09-24;BQTO04;CARORITA 16;Comp_LECHE_EN_POLVO;LECHE EN POLVO 900 GR LA CAMPINA;2
3736674;2026-09-24;BQTO04;CARORITA 16;Comp_LECHE_EN_POLVO;LECHE EN POLVO 900 GR SAN SIMON;2
3736683;2026-09-24;BQTO04;CARORITA 17;Comp_LECHE_EN_POLVO;LECHE EN POLVO 200 GR LA CAMPINA;3
3736682;2026-09-24;BQTO04;CARORITA 17;Comp_LECHE_EN_POLVO;LECHE EN POLVO 400 GR LA CAMPINA;2
3667722;2026-09-17;BQTO04;CARORITA 17;Comp_LECHE_EN_POLVO;LECHE EN POLVO 400 GR SAN SIMON;2
3736681;2026-09-24;BQTO04;CARORITA 17;Comp_LECHE_EN_POLVO;LECHE EN POLVO 900 GR LA CAMPINA;3
3736677;2026-09-24;BQTO04;CARORITA 17;Comp_LECHE_EN_POLVO;LECHE EN POLVO 900 GR SAN SIMON;3
3538630;2026-09-08;BQTO01;CASA IDEAS LE;Comp_BEBIDAS_LACT;LECHE COMPLETA NATULAC;14
3617001;2026-09-15;BQTO01;CASA IDEAS LE;Comp_BEBIDAS_LACT;LECHE COMPLETA SAN SIMON;6
3735005;2026-09-24;BQTO01;CASA IDEAS LE;Comp_LECHE_EN_POLVO;LECHE EN POLVO 200 GR SAN SIMON;4
3735004;2026-09-24;BQTO01;CASA IDEAS LE;Comp_LECHE_EN_POLVO;LECHE EN POLVO 400 GR SAN SIMON;5
3735003;2026-09-24;BQTO01;CASA IDEAS LE;Comp_LECHE_EN_POLVO;LECHE EN POLVO 900 GR SAN SIMON;6
3624561;2026-09-16;PTO04;CASA MARKET MONAGAS;Comp_DERIV_LACTEOS;CREMA DE LECHE DE PAISA 250GR;1
3624578;2026-09-16;PTO04;CASA MARKET MONAGAS;Comp_BEBIDAS_LACT;LECHE COMPLETA NATULAC;1
3624579;2026-09-16;PTO04;CASA MARKET MONAGAS;Comp_BEBIDAS_LACT;LECHE COMPLETA PASTORENA;1
3539921;2026-09-08;PTO04;CASA MARKET MONAGAS;Comp_BEBIDAS_LACT;LECHE DESCREMADA PASTORENA;2
3624562;2026-09-16;PTO04;CASA MARKET MONAGAS;Comp_DERIV_LACTEOS;MANTEQUILLA PAISA;1
3624554;2026-09-16;PTO04;CASA MARKET MONAGAS;Comp_EMBUTIDOS;MORTADELA PLUMROSE DE CARNES 1KG;1
3779606;2026-09-29;VLC03;CATANIA GUACARA;Comp_DERIV_LACTEOS;CREMA DE LECHE DE PAISA 250GR;6
3779605;2026-09-29;VLC03;CATANIA GUACARA;Comp_DERIV_LACTEOS;CREMA DE LECHE DE PAISA 500GR;3
3725723;2026-09-24;VLC03;CATANIA GUACARA;Comp_BEBIDAS;DURAZNO KAITO 200ML;9
3779645;2026-09-29;VLC03;CATANIA GUACARA;Comp_BEBIDAS;DURAZNO NATULAC 1L;4
3779627;2026-09-29;VLC03;CATANIA GUACARA;Comp_HUEVOS;HUEVO TIPO  GRANEL 30 UND PUROVO;45
3779567;2026-09-29;VLC03;CATANIA GUACARA;Comp_JAMONERIA;JAMON DE ESPALDA FIESTA 4.4KG;1
3725645;2026-09-24;VLC03;CATANIA GUACARA;Comp_JAMONERIA;JAMON ESTANDAR FIESTA  5.9kg;1
3725650;2026-09-24;VLC03;CATANIA GUACARA;Comp_JAMONERIA;JAMON PIERNA MILLENIUM 98%;1
3725702;2026-09-24;VLC03;CATANIA GUACARA;Comp_BEBIDAS_LACT;LECHE COMPLETA NATULAC;12
3779615;2026-09-29;VLC03;CATANIA GUACARA;Comp_BEBIDAS_LACT;LECHE COMPLETA SAN SIMON;12
3725703;2026-09-24;VLC03;CATANIA GUACARA;Comp_BEBIDAS_LACT;LECHE DESCREMADA NATULAC;8
3779616;2026-09-29;VLC03;CATANIA GUACARA;Comp_BEBIDAS_LACT;LECHE DESCREMADA SAN SIMON;8
3725704;2026-09-24;VLC03;CATANIA GUACARA;Comp_BEBIDAS_LACT;LECHE DESLACTOSADA NATULAC;10
3779617;2026-09-29;VLC03;CATANIA GUACARA;Comp_BEBIDAS_LACT;LECHE DESLACTOSADA SAN SIMON;4
3779625;2026-09-29;VLC03;CATANIA GUACARA;Comp_LECHE_EN_POLVO;LECHE EN POLVO 200 GR LA CAMPINA;4
3779623;2026-09-29;VLC03;CATANIA GUACARA;Comp_LECHE_EN_POLVO;LECHE EN POLVO 200 GR SAN SIMON;4
3779624;2026-09-29;VLC03;CATANIA GUACARA;Comp_LECHE_EN_POLVO;LECHE EN POLVO 400 GR LA CAMPINA;4
3779622;2026-09-29;VLC03;CATANIA GUACARA;Comp_LECHE_EN_POLVO;LECHE EN POLVO 400 GR SAN SIMON;4
3561673;2026-09-10;VLC03;CATANIA GUACARA;Comp_LECHE_EN_POLVO;LECHE EN POLVO 900 GR LA CAMPINA;9
3561670;2026-09-10;VLC03;CATANIA GUACARA;Comp_LECHE_EN_POLVO;LECHE EN POLVO 900 GR SAN SIMON;4
3779600;2026-09-29;VLC03;CATANIA GUACARA;Comp_DERIV_LACTEOS;MANTEQUILLA PAISA;3
3725724;2026-09-24;VLC03;CATANIA GUACARA;Comp_BEBIDAS;MANZANA KAITO 200ML;18
3779646;2026-09-29;VLC03;CATANIA GUACARA;Comp_BEBIDAS;MANZANA NATULAC 1L;5
3779591;2026-09-29;VLC03;CATANIA GUACARA;Comp_EMBUTIDOS;MORTADELA PLUMROSE DE CARNES 1KG;10
3725722;2026-09-24;VLC03;CATANIA GUACARA;Comp_BEBIDAS;NARANJA KAITO 200ML;18
3779647;2026-09-29;VLC03;CATANIA GUACARA;Comp_BEBIDAS;NARANJA NATULAC 1L;4
3725725;2026-09-24;VLC03;CATANIA GUACARA;Comp_BEBIDAS;PERA KAITO 200ML;18
3779644;2026-09-29;VLC03;CATANIA GUACARA;Comp_BEBIDAS;PERA LIGHT NATULAC 1L;2
3779648;2026-09-29;VLC03;CATANIA GUACARA;Comp_BEBIDAS;PERA NATULAC 1L;2
3779589;2026-09-29;VLC03;CATANIA GUACARA;Comp_EMBUTIDOS;SALCHICHA TIPO VIENA 225GR FIESTA;2
3779590;2026-09-29;VLC03;CATANIA GUACARA;Comp_EMBUTIDOS;SALCHICHA TIPO VIENA 450GR FIESTA;1
3725730;2026-09-24;VLC03;CATANIA GUACARA;Comp_BEBIDAS;TE DURAZNO 1L PARMALAT;1
3779649;2026-09-29;VLC03;CATANIA GUACARA;Comp_BEBIDAS;TE LIMON 1L PARMALAT;2
3779594;2026-09-29;VLC03;CATANIA GUACARA;Comp_EMBUTIDOS;TOCINETA AHUMADA PLUMROSE;1
3766419;2026-09-28;VLC03;CATANIA LA ISABELICA;Comp_DERIV_LACTEOS;CREMA DE LECHE DE PAISA 250GR;4
3766418;2026-09-28;VLC03;CATANIA LA ISABELICA;Comp_DERIV_LACTEOS;CREMA DE LECHE DE PAISA 500GR;3
3766457;2026-09-28;VLC03;CATANIA LA ISABELICA;Comp_BEBIDAS;DURAZNO KAITO 200ML;39
3766470;2026-09-28;VLC03;CATANIA LA ISABELICA;Comp_BEBIDAS;DURAZNO NATULAC 1L;10
3712471;2026-09-23;VLC03;CATANIA LA ISABELICA;Comp_HUEVOS;HUEVO TIPO  GRANEL 30 UND PUROVO;120
3766386;2026-09-28;VLC03;CATANIA LA ISABELICA;Comp_JAMONERIA;JAMON DE ESPALDA FIESTA 4.4KG;1
3712426;2026-09-23;VLC03;CATANIA LA ISABELICA;Comp_JAMONERIA;JAMON DE ESPALDA LEYTON 4.4KG;1
3766380;2026-09-28;VLC03;CATANIA LA ISABELICA;Comp_JAMONERIA;JAMON ESTANDAR FIESTA  5.9kg;1
3766381;2026-09-28;VLC03;CATANIA LA ISABELICA;Comp_JAMONERIA;JAMON PIERNA PLUMROSE 98%;1
3712510;2026-09-23;VLC03;CATANIA LA ISABELICA;Comp_BEBIDAS_LACT;LECHE COMPLETA NATULAC;25
3712513;2026-09-23;VLC03;CATANIA LA ISABELICA;Comp_BEBIDAS_LACT;LECHE COMPLETA PASTORENA;20
3766490;2026-09-28;VLC03;CATANIA LA ISABELICA;Comp_BEBIDAS_LACT;LECHE COMPLETA SAN SIMON;55
3712511;2026-09-23;VLC03;CATANIA LA ISABELICA;Comp_BEBIDAS_LACT;LECHE DESCREMADA NATULAC;15
3712514;2026-09-23;VLC03;CATANIA LA ISABELICA;Comp_BEBIDAS_LACT;LECHE DESCREMADA PASTORENA;10
3766491;2026-09-28;VLC03;CATANIA LA ISABELICA;Comp_BEBIDAS_LACT;LECHE DESCREMADA SAN SIMON;16
3712512;2026-09-23;VLC03;CATANIA LA ISABELICA;Comp_BEBIDAS_LACT;LECHE DESLACTOSADA NATULAC;15
3712515;2026-09-23;VLC03;CATANIA LA ISABELICA;Comp_BEBIDAS_LACT;LECHE DESLACTOSADA PASTORENA;10
3766492;2026-09-28;VLC03;CATANIA LA ISABELICA;Comp_BEBIDAS_LACT;LECHE DESLACTOSADA SAN SIMON;9
3766481;2026-09-28;VLC03;CATANIA LA ISABELICA;Comp_LECHE_EN_POLVO;LECHE EN POLVO 200 GR LA CAMPINA;7
3766479;2026-09-28;VLC03;CATANIA LA ISABELICA;Comp_LECHE_EN_POLVO;LECHE EN POLVO 200 GR SAN SIMON;6
3766480;2026-09-28;VLC03;CATANIA LA ISABELICA;Comp_LECHE_EN_POLVO;LECHE EN POLVO 400 GR LA CAMPINA;12
3766478;2026-09-28;VLC03;CATANIA LA ISABELICA;Comp_LECHE_EN_POLVO;LECHE EN POLVO 400 GR SAN SIMON;11
3580407;2026-09-11;VLC03;CATANIA LA ISABELICA;Comp_LECHE_EN_POLVO;LECHE EN POLVO 900 GR LA CAMPINA;10
3580404;2026-09-11;VLC03;CATANIA LA ISABELICA;Comp_LECHE_EN_POLVO;LECHE EN POLVO 900 GR SAN SIMON;8
3766427;2026-09-28;VLC03;CATANIA LA ISABELICA;Comp_DERIV_LACTEOS;MANTEQUILLA PAISA;2
3766458;2026-09-28;VLC03;CATANIA LA ISABELICA;Comp_BEBIDAS;MANZANA KAITO 200ML;39
3766471;2026-09-28;VLC03;CATANIA LA ISABELICA;Comp_BEBIDAS;MANZANA NATULAC 1L;11
3766431;2026-09-28;VLC03;CATANIA LA ISABELICA;Comp_EMBUTIDOS;MORTADELA PLUMROSE DE CARNES 1KG;36
3766456;2026-09-28;VLC03;CATANIA LA ISABELICA;Comp_BEBIDAS;NARANJA KAITO 200ML;39
3766472;2026-09-28;VLC03;CATANIA LA ISABELICA;Comp_BEBIDAS;NARANJA NATULAC 1L;14
3766459;2026-09-28;VLC03;CATANIA LA ISABELICA;Comp_BEBIDAS;PERA KAITO 200ML;41
3766473;2026-09-28;VLC03;CATANIA LA ISABELICA;Comp_BEBIDAS;PERA NATULAC 1L;10
3766438;2026-09-28;VLC03;CATANIA LA ISABELICA;Comp_EMBUTIDOS;SALCHICHA TIPO VIENA 225GR FIESTA;1
3766439;2026-09-28;VLC03;CATANIA LA ISABELICA;Comp_EMBUTIDOS;SALCHICHA TIPO VIENA 225GR PLUMROSE;1
3712466;2026-09-23;VLC03;CATANIA LA ISABELICA;Comp_EMBUTIDOS;SALCHICHA TIPO VIENA 450GR FIESTA;1
3766460;2026-09-28;VLC03;CATANIA LA ISABELICA;Comp_BEBIDAS;TE DURAZNO 1L PARMALAT;3
3766461;2026-09-28;VLC03;CATANIA LA ISABELICA;Comp_BEBIDAS;TE LIMON 1L PARMALAT;2
3766395;2026-09-28;VLC03;CATANIA LA ISABELICA;Comp_EMBUTIDOS;TOCINETA AHUMADA PLUMROSE;1
3756927;2026-09-28;VLC04;CATANIA PATIO TRIGAL;Comp_DERIV_LACTEOS;CREMA DE LECHE DE PAISA 250GR;1
3756928;2026-09-28;VLC04;CATANIA PATIO TRIGAL;Comp_DERIV_LACTEOS;CREMA DE LECHE DE PAISA 500GR;1
3756920;2026-09-28;VLC04;CATANIA PATIO TRIGAL;Comp_BEBIDAS;DURAZNO NATULAC 1L;1
3756924;2026-09-28;VLC04;CATANIA PATIO TRIGAL;Comp_BEBIDAS_LACT;LECHE COMPLETA NATULAC;2
3756925;2026-09-28;VLC04;CATANIA PATIO TRIGAL;Comp_BEBIDAS_LACT;LECHE DESCREMADA NATULAC;3
3756926;2026-09-28;VLC04;CATANIA PATIO TRIGAL;Comp_BEBIDAS_LACT;LECHE DESLACTOSADA NATULAC;5
3756929;2026-09-28;VLC04;CATANIA PATIO TRIGAL;Comp_DERIV_LACTEOS;MANTEQUILLA PAISA;1
3756930;2026-09-28;VLC04;CATANIA PATIO TRIGAL;Comp_DERIV_LACTEOS;MANTEQUILLA PAISA SIN SAL;1
3756919;2026-09-28;VLC04;CATANIA PATIO TRIGAL;Comp_BEBIDAS;MANZANA LIGTH NATULAC 1L;2
3756921;2026-09-28;VLC04;CATANIA PATIO TRIGAL;Comp_BEBIDAS;MANZANA NATULAC 1L;2
3756922;2026-09-28;VLC04;CATANIA PATIO TRIGAL;Comp_BEBIDAS;NARANJA NATULAC 1L;2
3740777;2026-09-25;VLC04;CATANIA PATIO TRIGAL;Comp_BEBIDAS;PERA LIGHT NATULAC 1L;1
3756923;2026-09-28;VLC04;CATANIA PATIO TRIGAL;Comp_BEBIDAS;PERA NATULAC 1L;1
3781788;2026-09-29;VLC04;CATANIA PLAZA DE TOROS;Comp_DERIV_LACTEOS;CREMA DE LECHE DE PAISA 500GR;1
3781793;2026-09-29;VLC04;CATANIA PLAZA DE TOROS;Comp_BEBIDAS;DURAZNO NATULAC 1L;1
3781790;2026-09-29;VLC04;CATANIA PLAZA DE TOROS;Comp_BEBIDAS_LACT;LECHE COMPLETA NATULAC;4
3781791;2026-09-29;VLC04;CATANIA PLAZA DE TOROS;Comp_BEBIDAS_LACT;LECHE DESCREMADA NATULAC;2
3781792;2026-09-29;VLC04;CATANIA PLAZA DE TOROS;Comp_BEBIDAS_LACT;LECHE DESLACTOSADA NATULAC;2
3781789;2026-09-29;VLC04;CATANIA PLAZA DE TOROS;Comp_DERIV_LACTEOS;MANTEQUILLA PAISA;1
3781795;2026-09-29;VLC04;CATANIA PLAZA DE TOROS;Comp_BEBIDAS;MANZANA NATULAC 1L;4
3781796;2026-09-29;VLC04;CATANIA PLAZA DE TOROS;Comp_BEBIDAS;NARANJA NATULAC 1L;3
3781794;2026-09-29;VLC04;CATANIA PLAZA DE TOROS;Comp_BEBIDAS;PERA NATULAC 1L;1
3694687;2026-09-22;VLC04;CATANIA PLAZA DE TOROS;Comp_DERIV_LACTEOS;QUESO DE CABRA QUBORENO 500G;1
3632781;2026-09-16;BQTO01;CECOSESOLA RL SUC BARRIO UNION;Comp_BEBIDAS_LACT;LECHE COMPLETA SAN SIMON;30
3632784;2026-09-16;BQTO01;CECOSESOLA RL SUC BARRIO UNION;Comp_LECHE_EN_POLVO;LECHE EN POLVO 400 GR SAN SIMON;80
3740486;2026-09-25;CCS02;CENTRAL MADEIRENSE BELLO CAMPO;Comp_DERIV_LACTEOS;CREMA DE LECHE DE PAISA 250GR;3
3740485;2026-09-25;CCS02;CENTRAL MADEIRENSE BELLO CAMPO;Comp_DERIV_LACTEOS;CREMA DE LECHE DE PAISA 500GR;2
3791181;2026-09-30;CCS02;CENTRAL MADEIRENSE BELLO CAMPO;Comp_BEBIDAS_LACT;LECHE COMPLETA NATULAC;8
3576541;2026-09-11;CCS02;CENTRAL MADEIRENSE BELLO CAMPO;Comp_BEBIDAS_LACT;LECHE COMPLETA PASTORENA;12
3791182;2026-09-30;CCS02;CENTRAL MADEIRENSE BELLO CAMPO;Comp_BEBIDAS_LACT;LECHE DESCREMADA NATULAC;8
3576543;2026-09-11;CCS02;CENTRAL MADEIRENSE BELLO CAMPO;Comp_BEBIDAS_LACT;LECHE DESCREMADA PASTORENA;16
3791183;2026-09-30;CCS02;CENTRAL MADEIRENSE BELLO CAMPO;Comp_BEBIDAS_LACT;LECHE DESLACTOSADA NATULAC;8
3576545;2026-09-11;CCS02;CENTRAL MADEIRENSE BELLO CAMPO;Comp_BEBIDAS_LACT;LECHE DESLACTOSADA PASTORENA;12
3576550;2026-09-11;CCS02;CENTRAL MADEIRENSE BELLO CAMPO;Comp_LECHE_EN_POLVO;LECHE EN POLVO 400 GR LA CAMPINA;4
3576552;2026-09-11;CCS02;CENTRAL MADEIRENSE BELLO CAMPO;Comp_LECHE_EN_POLVO;LECHE EN POLVO 400 GR SAN SIMON;6
3576551;2026-09-11;CCS02;CENTRAL MADEIRENSE BELLO CAMPO;Comp_LECHE_EN_POLVO;LECHE EN POLVO 900 GR LA CAMPINA;2
3740483;2026-09-25;CCS02;CENTRAL MADEIRENSE BELLO CAMPO;Comp_DERIV_LACTEOS;MANTEQUILLA PAISA;1
3740484;2026-09-25;CCS02;CENTRAL MADEIRENSE BELLO CAMPO;Comp_DERIV_LACTEOS;MANTEQUILLA PAISA SIN SAL;1
3546543;2026-09-08;CCS02;CENTRAL MADEIRENSE BELLO CAMPO;Comp_BEBIDAS;NARANJA NATULAC 1L;2
3740476;2026-09-25;CCS02;CENTRAL MADEIRENSE BELLO CAMPO;Comp_EMBUTIDOS;SALCHICHA TIPO VIENA 225GR FIESTA;1
3740478;2026-09-25;CCS02;CENTRAL MADEIRENSE BELLO CAMPO;Comp_EMBUTIDOS;SALCHICHA TIPO VIENA 225GR PLUMROSE;1
3740475;2026-09-25;CCS02;CENTRAL MADEIRENSE BELLO CAMPO;Comp_EMBUTIDOS;SALCHICHA TIPO VIENA 450GR FIESTA;1
3668258;2026-09-17;CCS02;CENTRAL MADEIRENSE BELLO CAMPO;Comp_EMBUTIDOS;SALCHICHA TIPO VIENA 450GR PLUMROSE;1
3740477;2026-09-25;CCS02;CENTRAL MADEIRENSE BELLO CAMPO;Comp_EMBUTIDOS;SALCHICHA TIPO VIENA 800GR PLUMROSE;2
3685586;2026-09-22;CCS02;CENTRAL MADEIRENSE BELLO MONTE;Comp_DERIV_LACTEOS;CREMA DE LECHE DE PAISA 250GR;2
3635025;2026-09-17;CCS02;CENTRAL MADEIRENSE BELLO MONTE;Comp_DERIV_LACTEOS;CREMA DE LECHE DE PAISA 500GR;1
3529116;2026-09-08;CCS02;CENTRAL MADEIRENSE BELLO MONTE;Comp_BEBIDAS;DURAZNO NATULAC 1L;3
3572297;2026-09-11;CCS02;CENTRAL MADEIRENSE BELLO MONTE;Comp_BEBIDAS;DURAZNO PASTORENA;1
3800583;2026-09-30;CCS02;CENTRAL MADEIRENSE BELLO MONTE;Comp_BEBIDAS_LACT;LECHE COMPLETA NATULAC;8
3800586;2026-09-30;CCS02;CENTRAL MADEIRENSE BELLO MONTE;Comp_BEBIDAS_LACT;LECHE COMPLETA PASTORENA;12
3685614;2026-09-22;CCS02;CENTRAL MADEIRENSE BELLO MONTE;Comp_BEBIDAS_LACT;LECHE COMPLETA SAN SIMON;16
3800584;2026-09-30;CCS02;CENTRAL MADEIRENSE BELLO MONTE;Comp_BEBIDAS_LACT;LECHE DESCREMADA NATULAC;8
3737537;2026-09-25;CCS02;CENTRAL MADEIRENSE BELLO MONTE;Comp_BEBIDAS_LACT;LECHE DESCREMADA PASTORENA;12
3685615;2026-09-22;CCS02;CENTRAL MADEIRENSE BELLO MONTE;Comp_BEBIDAS_LACT;LECHE DESCREMADA SAN SIMON;16
3800585;2026-09-30;CCS02;CENTRAL MADEIRENSE BELLO MONTE;Comp_BEBIDAS_LACT;LECHE DESLACTOSADA NATULAC;8
3800587;2026-09-30;CCS02;CENTRAL MADEIRENSE BELLO MONTE;Comp_BEBIDAS_LACT;LECHE DESLACTOSADA PASTORENA;12
3602264;2026-09-15;CCS02;CENTRAL MADEIRENSE BELLO MONTE;Comp_BEBIDAS_LACT;LECHE DESLACTOSADA SAN SIMON;8
3685619;2026-09-22;CCS02;CENTRAL MADEIRENSE BELLO MONTE;Comp_LECHE_EN_POLVO;LECHE EN POLVO 400 GR LA CAMPINA;2
3635059;2026-09-17;CCS02;CENTRAL MADEIRENSE BELLO MONTE;Comp_LECHE_EN_POLVO;LECHE EN POLVO 400 GR SAN SIMON;2
3685617;2026-09-22;CCS02;CENTRAL MADEIRENSE BELLO MONTE;Comp_LECHE_EN_POLVO;LECHE EN POLVO 900 GR LA CAMPINA;6
3685618;2026-09-22;CCS02;CENTRAL MADEIRENSE BELLO MONTE;Comp_LECHE_EN_POLVO;LECHE EN POLVO 900 GR SAN SIMON;4
3800605;2026-09-30;CCS02;CENTRAL MADEIRENSE BELLO MONTE;Comp_DERIV_LACTEOS;MANTEQUILLA PAISA;1
3800604;2026-09-30;CCS02;CENTRAL MADEIRENSE BELLO MONTE;Comp_DERIV_LACTEOS;MANTEQUILLA PAISA SIN SAL;1
3572295;2026-09-11;CCS02;CENTRAL MADEIRENSE BELLO MONTE;Comp_BEBIDAS;MANZANA FRICA;1
3572299;2026-09-11;CCS02;CENTRAL MADEIRENSE BELLO MONTE;Comp_BEBIDAS;MANZANA NATULAC 1L;1
3572294;2026-09-11;CCS02;CENTRAL MADEIRENSE BELLO MONTE;Comp_BEBIDAS;NARANJA FRICA;2
3572298;2026-09-11;CCS02;CENTRAL MADEIRENSE BELLO MONTE;Comp_BEBIDAS;NARANJA NATULAC 1L;1
3572296;2026-09-11;CCS02;CENTRAL MADEIRENSE BELLO MONTE;Comp_BEBIDAS;NARANJA PASTORENA;1
3572300;2026-09-11;CCS02;CENTRAL MADEIRENSE BELLO MONTE;Comp_BEBIDAS;PERA NATULAC 1L;1
3685597;2026-09-22;CCS02;CENTRAL MADEIRENSE BELLO MONTE;Comp_EMBUTIDOS;SALCHICHA TIPO VIENA 225GR FIESTA;1
3685596;2026-09-22;CCS02;CENTRAL MADEIRENSE BELLO MONTE;Comp_EMBUTIDOS;SALCHICHA TIPO VIENA 450GR FIESTA;1
3685595;2026-09-22;CCS02;CENTRAL MADEIRENSE BELLO MONTE;Comp_EMBUTIDOS;SALCHICHA TIPO VIENA 450GR PLUMROSE;1
3572301;2026-09-11;CCS02;CENTRAL MADEIRENSE BELLO MONTE;Comp_BEBIDAS;TE LIMON 1L PARMALAT;2
3572302;2026-09-11;CCS02;CENTRAL MADEIRENSE BELLO MONTE;Comp_BEBIDAS;TE LIMON 1L PASTORENA;2
3691361;2026-09-22;CCS02;CENTRAL MADEIRENSE CHACAITO;Comp_DERIV_LACTEOS;CREMA DE LECHE DE PAISA 250GR;2
3637943;2026-09-17;CCS02;CENTRAL MADEIRENSE CHACAITO;Comp_DERIV_LACTEOS;CREMA DE LECHE DE PAISA 500GR;1
3637939;2026-09-17;CCS02;CENTRAL MADEIRENSE CHACAITO;Comp_BEBIDAS;DURAZNO PASTORENA;6
3691342;2026-09-22;CCS02;CENTRAL MADEIRENSE CHACAITO;Comp_BEBIDAS_LACT;LECHE COMPLETA NATULAC;4
3691345;2026-09-22;CCS02;CENTRAL MADEIRENSE CHACAITO;Comp_BEBIDAS_LACT;LECHE COMPLETA PASTORENA;12
3637917;2026-09-17;CCS02;CENTRAL MADEIRENSE CHACAITO;Comp_BEBIDAS_LACT;LECHE COMPLETA SAN SIMON;12
3691343;2026-09-22;CCS02;CENTRAL MADEIRENSE CHACAITO;Comp_BEBIDAS_LACT;LECHE DESCREMADA NATULAC;4
3691346;2026-09-22;CCS02;CENTRAL MADEIRENSE CHACAITO;Comp_BEBIDAS_LACT;LECHE DESCREMADA PASTORENA;8
3691344;2026-09-22;CCS02;CENTRAL MADEIRENSE CHACAITO;Comp_BEBIDAS_LACT;LECHE DESLACTOSADA NATULAC;4
3691347;2026-09-22;CCS02;CENTRAL MADEIRENSE CHACAITO;Comp_BEBIDAS_LACT;LECHE DESLACTOSADA PASTORENA;8
3637918;2026-09-17;CCS02;CENTRAL MADEIRENSE CHACAITO;Comp_BEBIDAS_LACT;LECHE DESLACTOSADA SAN SIMON;8
3637919;2026-09-17;CCS02;CENTRAL MADEIRENSE CHACAITO;Comp_LECHE_EN_POLVO;LECHE EN POLVO 400 GR LA CAMPINA;7
3637920;2026-09-17;CCS02;CENTRAL MADEIRENSE CHACAITO;Comp_LECHE_EN_POLVO;LECHE EN POLVO 900 GR LA CAMPINA;14
3691362;2026-09-22;CCS02;CENTRAL MADEIRENSE CHACAITO;Comp_DERIV_LACTEOS;MANTEQUILLA PAISA;2
3691363;2026-09-22;CCS02;CENTRAL MADEIRENSE CHACAITO;Comp_DERIV_LACTEOS;MANTEQUILLA PAISA SIN SAL;1
3576563;2026-09-11;CCS02;CENTRAL MADEIRENSE CHACAITO;Comp_BEBIDAS;MANZANA FRICA;8
3637940;2026-09-17;CCS02;CENTRAL MADEIRENSE CHACAITO;Comp_BEBIDAS;MANZANA NATULAC 1L;2
3576562;2026-09-11;CCS02;CENTRAL MADEIRENSE CHACAITO;Comp_BEBIDAS;NARANJA FRICA;1
3637938;2026-09-17;CCS02;CENTRAL MADEIRENSE CHACAITO;Comp_BEBIDAS;NARANJA PASTORENA;6
3633299;2026-09-15;CCS02;CENTRAL MADEIRENSE CHACAITO;Comp_EMBUTIDOS;SALCHICHA TIPO VIENA 225GR FIESTA;1
3633301;2026-09-15;CCS02;CENTRAL MADEIRENSE CHACAITO;Comp_EMBUTIDOS;SALCHICHA TIPO VIENA 225GR PLUMROSE;1
3633298;2026-09-15;CCS02;CENTRAL MADEIRENSE CHACAITO;Comp_EMBUTIDOS;SALCHICHA TIPO VIENA 450GR FIESTA;1
3633300;2026-09-15;CCS02;CENTRAL MADEIRENSE CHACAITO;Comp_EMBUTIDOS;SALCHICHA TIPO VIENA 450GR PLUMROSE;1
3529133;2026-09-08;CCS02;CENTRAL MADEIRENSE CHACAITO;Comp_BEBIDAS;TE DURAZNO 1L PARMALAT;2
3576566;2026-09-11;CCS02;CENTRAL MADEIRENSE CHACAITO;Comp_BEBIDAS;TE DURAZNO 1L PASTORENA;3
3637933;2026-09-17;CCS02;CENTRAL MADEIRENSE CHACAITO;Comp_BEBIDAS;TE LIMON 1L PARMALAT;3
3565800;2026-09-10;CCS05;CENTRAL MADEIRENSE LA ALAMEDA;Comp_LECHE_EN_POLVO;LECHE EN POLVO 400 GR LA CAMPINA;5
3565798;2026-09-10;CCS05;CENTRAL MADEIRENSE LA ALAMEDA;Comp_LECHE_EN_POLVO;LECHE EN POLVO 400 GR SAN SIMON;1
3565799;2026-09-10;CCS05;CENTRAL MADEIRENSE LA ALAMEDA;Comp_LECHE_EN_POLVO;LECHE EN POLVO 900 GR LA CAMPINA;8
3565797;2026-09-10;CCS05;CENTRAL MADEIRENSE LA ALAMEDA;Comp_LECHE_EN_POLVO;LECHE EN POLVO 900 GR SAN SIMON;4
3703759;2026-09-23;CCS02;CENTRAL MADEIRENSE LOS RUICES;Comp_DERIV_LACTEOS;CREMA DE LECHE DE PAISA 250GR;1
3670117;2026-09-21;CCS02;CENTRAL MADEIRENSE LOS RUICES;Comp_DERIV_LACTEOS;CREMA DE LECHE DE PAISA 500GR;1
3703816;2026-09-23;CCS02;CENTRAL MADEIRENSE LOS RUICES;Comp_BEBIDAS_LACT;LECHE COMPLETA NATULAC;4
3703810;2026-09-23;CCS02;CENTRAL MADEIRENSE LOS RUICES;Comp_BEBIDAS_LACT;LECHE COMPLETA PASTORENA;12
3703820;2026-09-23;CCS02;CENTRAL MADEIRENSE LOS RUICES;Comp_BEBIDAS_LACT;LECHE COMPLETA SAN SIMON;8
3703818;2026-09-23;CCS02;CENTRAL MADEIRENSE LOS RUICES;Comp_BEBIDAS_LACT;LECHE DESCREMADA NATULAC;4
3703812;2026-09-23;CCS02;CENTRAL MADEIRENSE LOS RUICES;Comp_BEBIDAS_LACT;LECHE DESCREMADA PASTORENA;12
3703822;2026-09-23;CCS02;CENTRAL MADEIRENSE LOS RUICES;Comp_BEBIDAS_LACT;LECHE DESCREMADA SAN SIMON;4
3670150;2026-09-21;CCS02;CENTRAL MADEIRENSE LOS RUICES;Comp_BEBIDAS_LACT;LECHE DESLACTOSADA NATULAC;4
3703814;2026-09-23;CCS02;CENTRAL MADEIRENSE LOS RUICES;Comp_BEBIDAS_LACT;LECHE DESLACTOSADA PASTORENA;12
3670153;2026-09-21;CCS02;CENTRAL MADEIRENSE LOS RUICES;Comp_BEBIDAS_LACT;LECHE DESLACTOSADA SAN SIMON;4
3670154;2026-09-21;CCS02;CENTRAL MADEIRENSE LOS RUICES;Comp_LECHE_EN_POLVO;LECHE EN POLVO 200 GR LA CAMPINA;4
3703826;2026-09-23;CCS02;CENTRAL MADEIRENSE LOS RUICES;Comp_LECHE_EN_POLVO;LECHE EN POLVO 400 GR LA CAMPINA;4
3703828;2026-09-23;CCS02;CENTRAL MADEIRENSE LOS RUICES;Comp_LECHE_EN_POLVO;LECHE EN POLVO 400 GR SAN SIMON;8
3703824;2026-09-23;CCS02;CENTRAL MADEIRENSE LOS RUICES;Comp_LECHE_EN_POLVO;LECHE EN POLVO 900 GR LA CAMPINA;6
3703830;2026-09-23;CCS02;CENTRAL MADEIRENSE LOS RUICES;Comp_LECHE_EN_POLVO;LECHE EN POLVO 900 GR SAN SIMON;4
3546566;2026-09-09;CCS02;CENTRAL MADEIRENSE LOS RUICES;Comp_DERIV_LACTEOS;MANTEQUILLA PAISA;1
3546567;2026-09-09;CCS02;CENTRAL MADEIRENSE LOS RUICES;Comp_DERIV_LACTEOS;MANTEQUILLA PAISA SIN SAL;1
3546576;2026-09-09;CCS02;CENTRAL MADEIRENSE LOS RUICES;Comp_BEBIDAS;MANZANA FRICA;4
3670130;2026-09-21;CCS02;CENTRAL MADEIRENSE LOS RUICES;Comp_BEBIDAS;MANZANA PASTORENA;2
3670133;2026-09-21;CCS02;CENTRAL MADEIRENSE LOS RUICES;Comp_BEBIDAS;NARANJA NATULAC 1L;3
3670131;2026-09-21;CCS02;CENTRAL MADEIRENSE LOS RUICES;Comp_BEBIDAS;NARANJA PASTORENA;2
3670132;2026-09-21;CCS02;CENTRAL MADEIRENSE LOS RUICES;Comp_BEBIDAS;PERA NATULAC 1L;3
3670115;2026-09-21;CCS02;CENTRAL MADEIRENSE LOS RUICES;Comp_EMBUTIDOS;SALCHICHA TIPO VIENA 225GR FIESTA;1
3670113;2026-09-21;CCS02;CENTRAL MADEIRENSE LOS RUICES;Comp_EMBUTIDOS;SALCHICHA TIPO VIENA 225GR PLUMROSE;1
3670114;2026-09-21;CCS02;CENTRAL MADEIRENSE LOS RUICES;Comp_EMBUTIDOS;SALCHICHA TIPO VIENA 450GR FIESTA;1
3670112;2026-09-21;CCS02;CENTRAL MADEIRENSE LOS RUICES;Comp_EMBUTIDOS;SALCHICHA TIPO VIENA 450GR PLUMROSE;1
3521940;2026-09-07;CCS02;CENTRAL MADEIRENSE LOS RUICES;Comp_BEBIDAS;TE DURAZNO 1L PARMALAT;4
3670134;2026-09-21;CCS02;CENTRAL MADEIRENSE LOS RUICES;Comp_BEBIDAS;TE DURAZNO 1L PASTORENA;6
3521942;2026-09-07;CCS02;CENTRAL MADEIRENSE LOS RUICES;Comp_BEBIDAS;TE LIMON 1L PASTORENA;2
3797445;2026-09-30;CCS09;CENTRAL MADEIRENSE MACARACUAY;Comp_BEBIDAS;MANZANA NATULAC 1L;13
3473163;2026-09-02;CCS04;CENTRAL MADEIRENSE PLAZAS AMERICAS;Comp_BEBIDAS;DURAZNO NATULAC 1L;2
3588067;2026-09-14;CCS04;CENTRAL MADEIRENSE PLAZAS AMERICAS;Comp_BEBIDAS_LACT;LECHE COMPLETA NATULAC;6
3588070;2026-09-14;CCS04;CENTRAL MADEIRENSE PLAZAS AMERICAS;Comp_BEBIDAS_LACT;LECHE COMPLETA PASTORENA;9
3588068;2026-09-14;CCS04;CENTRAL MADEIRENSE PLAZAS AMERICAS;Comp_BEBIDAS_LACT;LECHE DESCREMADA NATULAC;6
3588071;2026-09-14;CCS04;CENTRAL MADEIRENSE PLAZAS AMERICAS;Comp_BEBIDAS_LACT;LECHE DESCREMADA PASTORENA;9
3588069;2026-09-14;CCS04;CENTRAL MADEIRENSE PLAZAS AMERICAS;Comp_BEBIDAS_LACT;LECHE DESLACTOSADA NATULAC;6
3588072;2026-09-14;CCS04;CENTRAL MADEIRENSE PLAZAS AMERICAS;Comp_BEBIDAS_LACT;LECHE DESLACTOSADA PASTORENA;9
3565389;2026-09-10;CCS04;CENTRAL MADEIRENSE PLAZAS AMERICAS;Comp_LECHE_EN_POLVO;LECHE EN POLVO 400 GR LA CAMPINA;7
3565391;2026-09-10;CCS04;CENTRAL MADEIRENSE PLAZAS AMERICAS;Comp_LECHE_EN_POLVO;LECHE EN POLVO 400 GR SAN SIMON;4
3565390;2026-09-10;CCS04;CENTRAL MADEIRENSE PLAZAS AMERICAS;Comp_LECHE_EN_POLVO;LECHE EN POLVO 900 GR LA CAMPINA;9
3565392;2026-09-10;CCS04;CENTRAL MADEIRENSE PLAZAS AMERICAS;Comp_LECHE_EN_POLVO;LECHE EN POLVO 900 GR SAN SIMON;13
3473184;2026-09-02;CCS04;CENTRAL MADEIRENSE PLAZAS AMERICAS;Comp_DERIV_LACTEOS;MANTEQUILLA PAISA;2
3473161;2026-09-02;CCS04;CENTRAL MADEIRENSE PLAZAS AMERICAS;Comp_BEBIDAS;MANZANA FRICA;2
3473164;2026-09-02;CCS04;CENTRAL MADEIRENSE PLAZAS AMERICAS;Comp_BEBIDAS;MANZANA NATULAC 1L;2
3473160;2026-09-02;CCS04;CENTRAL MADEIRENSE PLAZAS AMERICAS;Comp_BEBIDAS;NARANJA FRICA;2
3473165;2026-09-02;CCS04;CENTRAL MADEIRENSE PLAZAS AMERICAS;Comp_BEBIDAS;NARANJA NATULAC 1L;2
3511896;2026-09-07;CCS04;CENTRAL MADEIRENSE PLAZAS AMERICAS;Comp_BEBIDAS;PERA FRICA;4
3511897;2026-09-07;CCS04;CENTRAL MADEIRENSE PLAZAS AMERICAS;Comp_BEBIDAS;PERA NATULAC 1L;6
3500118;2026-09-04;CCS06;CENTRAL MADEIRENSE SAN ANTONIO;Comp_BEBIDAS;DURAZNO PASTORENA;8
3500132;2026-09-04;CCS06;CENTRAL MADEIRENSE SAN ANTONIO;Comp_BEBIDAS_LACT;LECHE COMPLETA NATULAC;8
3500133;2026-09-04;CCS06;CENTRAL MADEIRENSE SAN ANTONIO;Comp_BEBIDAS_LACT;LECHE DESCREMADA NATULAC;8
3500134;2026-09-04;CCS06;CENTRAL MADEIRENSE SAN ANTONIO;Comp_BEBIDAS_LACT;LECHE DESLACTOSADA NATULAC;12
3500117;2026-09-04;CCS06;CENTRAL MADEIRENSE SAN ANTONIO;Comp_BEBIDAS;MANZANA PASTORENA;8
3500119;2026-09-04;CCS06;CENTRAL MADEIRENSE SAN ANTONIO;Comp_BEBIDAS;NARANJA PASTORENA;8
3500116;2026-09-04;CCS06;CENTRAL MADEIRENSE SAN ANTONIO;Comp_BEBIDAS;PERA PASTORENA;8
3500144;2026-09-04;CCS06;CENTRAL MADEIRENSE SAN ANTONIO;Comp_EMBUTIDOS;SALCHICHA TIPO VIENA 225GR PLUMROSE;1
3500145;2026-09-04;CCS06;CENTRAL MADEIRENSE SAN ANTONIO;Comp_EMBUTIDOS;SALCHICHA TIPO VIENA 450GR PLUMROSE;1
3574819;2026-09-11;CCS11;CENTRAL MADEIRENSE SAN JOSE;Comp_BEBIDAS_LACT;LECHE COMPLETA PASTORENA;12
3574820;2026-09-11;CCS11;CENTRAL MADEIRENSE SAN JOSE;Comp_BEBIDAS_LACT;LECHE DESCREMADA PASTORENA;12
3574821;2026-09-11;CCS11;CENTRAL MADEIRENSE SAN JOSE;Comp_BEBIDAS_LACT;LECHE DESLACTOSADA PASTORENA;10
3469475;2026-09-02;CCS04;CENTRAL MADEIRENSE SANTA MARTA;Comp_DERIV_LACTEOS;CREMA DE LECHE DE PAISA 250GR;1
3469476;2026-09-02;CCS04;CENTRAL MADEIRENSE SANTA MARTA;Comp_DERIV_LACTEOS;CREMA DE LECHE DE PAISA 500GR;1
3469486;2026-09-02;CCS04;CENTRAL MADEIRENSE SANTA MARTA;Comp_BEBIDAS;DURAZNO FRICA;2
3545672;2026-09-09;CCS04;CENTRAL MADEIRENSE SANTA MARTA;Comp_BEBIDAS_LACT;LECHE COMPLETA NATULAC;8
3545675;2026-09-09;CCS04;CENTRAL MADEIRENSE SANTA MARTA;Comp_BEBIDAS_LACT;LECHE COMPLETA PASTORENA;16
3545673;2026-09-09;CCS04;CENTRAL MADEIRENSE SANTA MARTA;Comp_BEBIDAS_LACT;LECHE DESCREMADA NATULAC;4
3469494;2026-09-02;CCS04;CENTRAL MADEIRENSE SANTA MARTA;Comp_BEBIDAS_LACT;LECHE DESCREMADA PASTORENA;24
3545674;2026-09-09;CCS04;CENTRAL MADEIRENSE SANTA MARTA;Comp_BEBIDAS_LACT;LECHE DESLACTOSADA NATULAC;4
3469473;2026-09-02;CCS04;CENTRAL MADEIRENSE SANTA MARTA;Comp_DERIV_LACTEOS;MANTEQUILLA PAISA;1
3469474;2026-09-02;CCS04;CENTRAL MADEIRENSE SANTA MARTA;Comp_DERIV_LACTEOS;MANTEQUILLA PAISA SIN SAL;1
3469487;2026-09-02;CCS04;CENTRAL MADEIRENSE SANTA MARTA;Comp_BEBIDAS;MANZANA FRICA;4
3469489;2026-09-02;CCS04;CENTRAL MADEIRENSE SANTA MARTA;Comp_BEBIDAS;NARANJA NATULAC 1L;6
3469488;2026-09-02;CCS04;CENTRAL MADEIRENSE SANTA MARTA;Comp_BEBIDAS;PERA FRICA;4
3566628;2026-09-10;PTO02;CENTRAL SANTO TOME I CASTILLITO;Comp_LECHE_EN_POLVO;LECHE EN POLVO 200 GR LA CAMPINA;8
3566627;2026-09-10;PTO02;CENTRAL SANTO TOME I CASTILLITO;Comp_LECHE_EN_POLVO;LECHE EN POLVO 200 GR SAN SIMON;0
3566629;2026-09-10;PTO02;CENTRAL SANTO TOME I CASTILLITO;Comp_LECHE_EN_POLVO;LECHE EN POLVO 400 GR LA CAMPINA;16
3566626;2026-09-10;PTO02;CENTRAL SANTO TOME I CASTILLITO;Comp_LECHE_EN_POLVO;LECHE EN POLVO 400 GR SAN SIMON;0
3566630;2026-09-10;PTO02;CENTRAL SANTO TOME I CASTILLITO;Comp_LECHE_EN_POLVO;LECHE EN POLVO 900 GR SAN SIMON;18
3723141;2026-09-24;PTO01;CENTRAL SANTO TOME II UNARE;Comp_LECHE_EN_POLVO;LECHE EN POLVO 200 GR LA CAMPINA;4
3723140;2026-09-24;PTO01;CENTRAL SANTO TOME II UNARE;Comp_LECHE_EN_POLVO;LECHE EN POLVO 400 GR LA CAMPINA;3
3723143;2026-09-24;PTO01;CENTRAL SANTO TOME II UNARE;Comp_LECHE_EN_POLVO;LECHE EN POLVO 400 GR SAN SIMON;1
3723139;2026-09-24;PTO01;CENTRAL SANTO TOME II UNARE;Comp_LECHE_EN_POLVO;LECHE EN POLVO 900 GR LA CAMPINA;6
3723142;2026-09-24;PTO01;CENTRAL SANTO TOME II UNARE;Comp_LECHE_EN_POLVO;LECHE EN POLVO 900 GR SAN SIMON;4
3698316;2026-09-22;PTO01;CENTRAL SANTO TOME III LOS OLIVOS;Comp_LECHE_EN_POLVO;LECHE EN POLVO 200 GR LA CAMPINA;6
3698317;2026-09-22;PTO01;CENTRAL SANTO TOME III LOS OLIVOS;Comp_LECHE_EN_POLVO;LECHE EN POLVO 400 GR LA CAMPINA;13
3698318;2026-09-22;PTO01;CENTRAL SANTO TOME III LOS OLIVOS;Comp_LECHE_EN_POLVO;LECHE EN POLVO 900 GR LA CAMPINA;8
3629429;2026-09-16;PTO04;CHAN I;Comp_BEBIDAS_LACT;LECHE COMPLETA NATULAC;1
3629430;2026-09-16;PTO04;CHAN I;Comp_BEBIDAS_LACT;LECHE COMPLETA PASTORENA;2
3629437;2026-09-16;PTO04;CHAN I;Comp_LECHE_EN_POLVO;LECHE EN POLVO 200 GR LA CAMPINA;1
3629438;2026-09-16;PTO04;CHAN I;Comp_LECHE_EN_POLVO;LECHE EN POLVO 400 GR SAN SIMON;1
3629421;2026-09-16;PTO04;CHAN I;Comp_BEBIDAS;MANZANA NATULAC 1L;1
3629422;2026-09-16;PTO04;CHAN I;Comp_BEBIDAS;MANZANA PASTORENA;3
3629414;2026-09-16;PTO04;CHAN I;Comp_EMBUTIDOS;MORTADELA PLUMROSE DE CARNES 1KG;2
3667711;2026-09-17;BQTO04;COMERCIAL ORQUIDEA;Comp_LECHE_EN_POLVO;LECHE EN POLVO 200 GR LA CAMPINA;2
3667709;2026-09-17;BQTO04;COMERCIAL ORQUIDEA;Comp_LECHE_EN_POLVO;LECHE EN POLVO 400 GR LA CAMPINA;2
3736673;2026-09-24;BQTO04;COMERCIAL ORQUIDEA;Comp_LECHE_EN_POLVO;LECHE EN POLVO 900 GR LA CAMPINA;2
3599684;2026-09-14;BQTO06;COMERCIAL PLUS CENTER ACARIGUA;Comp_LECHE_EN_POLVO;LECHE EN POLVO 200 GR LA CAMPINA;8
3599680;2026-09-14;BQTO06;COMERCIAL PLUS CENTER ACARIGUA;Comp_LECHE_EN_POLVO;LECHE EN POLVO 400 GR LA CAMPINA;6
3599676;2026-09-14;BQTO06;COMERCIAL PLUS CENTER ACARIGUA;Comp_LECHE_EN_POLVO;LECHE EN POLVO 900 GR LA CAMPINA;4
3578242;2026-09-11;CCS11;Comercial punto Lecuna;Comp_LECHE_EN_POLVO;LECHE EN POLVO 200 GR SAN SIMON;5
3578241;2026-09-11;CCS11;Comercial punto Lecuna;Comp_LECHE_EN_POLVO;LECHE EN POLVO 400 GR SAN SIMON;4
3578240;2026-09-11;CCS11;Comercial punto Lecuna;Comp_LECHE_EN_POLVO;LECHE EN POLVO 900 GR SAN SIMON;4
3727666;2026-09-24;PLC03;CON TODO CALLE LIBERTAD PLC;Comp_BEBIDAS_LACT;LECHE COMPLETA NATULAC;2
3727667;2026-09-24;PLC03;CON TODO CALLE LIBERTAD PLC;Comp_BEBIDAS_LACT;LECHE COMPLETA PASTORENA;1
3463132;2026-09-01;PLC03;CON TODO CALLE LIBERTAD PLC;Comp_BEBIDAS_LACT;LECHE COMPLETA SAN SIMON;1
3463128;2026-09-01;PLC03;CON TODO CALLE LIBERTAD PLC;Comp_BEBIDAS_LACT;LECHE DESCREMADA NATULAC;1
3463130;2026-09-01;PLC03;CON TODO CALLE LIBERTAD PLC;Comp_BEBIDAS_LACT;LECHE DESCREMADA PASTORENA;2
3727668;2026-09-24;PLC03;CON TODO CALLE LIBERTAD PLC;Comp_BEBIDAS_LACT;LECHE DESCREMADA SAN SIMON;1
3463131;2026-09-01;PLC03;CON TODO CALLE LIBERTAD PLC;Comp_BEBIDAS_LACT;LECHE DESLACTOSADA PASTORENA;1
3463134;2026-09-01;PLC03;CON TODO CALLE LIBERTAD PLC;Comp_BEBIDAS_LACT;LECHE DESLACTOSADA SAN SIMON;1
3564685;2026-09-10;PLC03;CON TODO CALLE LIBERTAD PLC;Comp_LECHE_EN_POLVO;LECHE EN POLVO 400 GR LA CAMPINA;1
3564683;2026-09-10;PLC03;CON TODO CALLE LIBERTAD PLC;Comp_LECHE_EN_POLVO;LECHE EN POLVO 400 GR SAN SIMON;1
3564682;2026-09-10;PLC03;CON TODO CALLE LIBERTAD PLC;Comp_LECHE_EN_POLVO;LECHE EN POLVO 900 GR SAN SIMON;1
3727674;2026-09-24;PLC03;CON TODO CALLE LIBERTAD PLC;Comp_BEBIDAS;TE DURAZNO 1L PASTORENA;2
3566129;2026-09-10;PLC08;Contodo Barcelona;Comp_LECHE_EN_POLVO;LECHE EN POLVO 400 GR LA CAMPINA;1
3566125;2026-09-10;PLC08;Contodo Barcelona;Comp_LECHE_EN_POLVO;LECHE EN POLVO 400 GR SAN SIMON;1
3566127;2026-09-10;PLC08;Contodo Barcelona;Comp_LECHE_EN_POLVO;LECHE EN POLVO 900 GR LA CAMPINA;1
3566123;2026-09-10;PLC08;Contodo Barcelona;Comp_LECHE_EN_POLVO;LECHE EN POLVO 900 GR SAN SIMON;1
3724468;2026-09-25;MCY02;DELI PLAZA (A FINAL DE MES);Comp_DERIV_LACTEOS;CREMA DE LECHE DE PAISA 250GR;1
3724467;2026-09-25;MCY02;DELI PLAZA (A FINAL DE MES);Comp_DERIV_LACTEOS;CREMA DE LECHE DE PAISA 500GR;1
3724456;2026-09-24;MCY02;DELI PLAZA (A FINAL DE MES);Comp_BEBIDAS;DURAZNO NATULAC 1L;1
3724455;2026-09-24;MCY02;DELI PLAZA (A FINAL DE MES);Comp_BEBIDAS;DURAZNO NATULAC 250ML;6
3607724;2026-09-15;MCY02;DELI PLAZA (A FINAL DE MES);Comp_JAMONERIA;JAMON PIERNA PLUMROSE 98%;3
3530792;2026-09-09;MCY02;DELI PLAZA (A FINAL DE MES);Comp_BEBIDAS_LACT;LECHE COMPLETA NATULAC;1
3724438;2026-09-24;MCY02;DELI PLAZA (A FINAL DE MES);Comp_BEBIDAS_LACT;LECHE DESCREMADA NATULAC;1
3724439;2026-09-24;MCY02;DELI PLAZA (A FINAL DE MES);Comp_BEBIDAS_LACT;LECHE DESLACTOSADA NATULAC;1
3724440;2026-09-24;MCY02;DELI PLAZA (A FINAL DE MES);Comp_BEBIDAS_LACT;LECHE DESLACTOSADA PASTORENA;5
3530803;2026-09-09;MCY02;DELI PLAZA (A FINAL DE MES);Comp_DERIV_LACTEOS;MANTEQUILLA PAISA;1
3530782;2026-09-09;MCY02;DELI PLAZA (A FINAL DE MES);Comp_BEBIDAS;MANZANA FRICA 500ML;1
3724457;2026-09-24;MCY02;DELI PLAZA (A FINAL DE MES);Comp_BEBIDAS;MANZANA NATULAC 1L;1
3607717;2026-09-15;MCY02;DELI PLAZA (A FINAL DE MES);Comp_BEBIDAS;NARANJA NATULAC 1L;1
3724454;2026-09-24;MCY02;DELI PLAZA (A FINAL DE MES);Comp_BEBIDAS;NARANJA NATULAC 250ML;6
3530783;2026-09-09;MCY02;DELI PLAZA (A FINAL DE MES);Comp_BEBIDAS;PERA FRICA 500ML;2
3724458;2026-09-24;MCY02;DELI PLAZA (A FINAL DE MES);Comp_BEBIDAS;PERA NATULAC 1L;1
3607714;2026-09-15;MCY02;DELI PLAZA (A FINAL DE MES);Comp_BEBIDAS;PERA NATULAC 250ML;6
3724474;2026-09-25;MCY02;DELI PLAZA (A FINAL DE MES);Comp_EMBUTIDOS;SALCHICHA TIPO VIENA 225GR FIESTA;1
3724473;2026-09-25;MCY02;DELI PLAZA (A FINAL DE MES);Comp_EMBUTIDOS;SALCHICHA TIPO VIENA 800GR FIESTA;1
3607718;2026-09-15;MCY02;DELI PLAZA (A FINAL DE MES);Comp_BEBIDAS;TE DURAZNO 1L PARMALAT;1
3530788;2026-09-09;MCY02;DELI PLAZA (A FINAL DE MES);Comp_BEBIDAS;TE LIMON 1L PARMALAT;1
3530789;2026-09-09;MCY02;DELI PLAZA (A FINAL DE MES);Comp_BEBIDAS;TE LIMON 1L PASTORENA;1
3680317;2026-09-17;MCY01;DELI PLAZA 1 (A FINAL DE MES);Comp_BEBIDAS;DURAZNO NATULAC 1L;1
3680267;2026-09-17;MCY01;DELI PLAZA 1 (A FINAL DE MES);Comp_BEBIDAS_LACT;LECHE COMPLETA NATULAC;1
3680270;2026-09-17;MCY01;DELI PLAZA 1 (A FINAL DE MES);Comp_BEBIDAS_LACT;LECHE DESLACTOSADA NATULAC;4
3680269;2026-09-17;MCY01;DELI PLAZA 1 (A FINAL DE MES);Comp_BEBIDAS_LACT;LECHE DESLACTOSADA PASTORENA;2
3680271;2026-09-17;MCY01;DELI PLAZA 1 (A FINAL DE MES);Comp_LECHE_EN_POLVO;LECHE EN POLVO 400 GR LA CAMPINA;2
3680273;2026-09-17;MCY01;DELI PLAZA 1 (A FINAL DE MES);Comp_LECHE_EN_POLVO;LECHE EN POLVO 900 GR LA CAMPINA;2
3680318;2026-09-17;MCY01;DELI PLAZA 1 (A FINAL DE MES);Comp_BEBIDAS;MANZANA NATULAC 1L;1
3680316;2026-09-17;MCY01;DELI PLAZA 1 (A FINAL DE MES);Comp_BEBIDAS;NARANJA NATULAC 1L;1
3680315;2026-09-17;MCY01;DELI PLAZA 1 (A FINAL DE MES);Comp_BEBIDAS;PERA NATULAC 1L;2
3680203;2026-09-17;MCY01;DELI PLAZA 2;Comp_BEBIDAS_LACT;LECHE DESCREMADA NATULAC;1
3680205;2026-09-17;MCY01;DELI PLAZA 2;Comp_LECHE_EN_POLVO;LECHE EN POLVO 400 GR LA CAMPINA;1
3680207;2026-09-17;MCY01;DELI PLAZA 2;Comp_LECHE_EN_POLVO;LECHE EN POLVO 900 GR LA CAMPINA;1
3613280;2026-09-15;PTO01;DISTRIBUIDORA LA FE;Comp_LECHE_EN_POLVO;LECHE EN POLVO 400 GR LA CAMPINA;5
3613284;2026-09-15;PTO01;DISTRIBUIDORA LA FE;Comp_LECHE_EN_POLVO;LECHE EN POLVO 900 GR LA CAMPINA;2
3719284;2026-09-23;BQTO04;DRAGON DE ORO C.A.;Comp_LECHE_EN_POLVO;LECHE EN POLVO 200 GR LA CAMPINA;1
3719289;2026-09-23;BQTO04;DRAGON DE ORO C.A.;Comp_LECHE_EN_POLVO;LECHE EN POLVO 400 GR LA CAMPINA;1
3634504;2026-09-16;BQTO04;DRAGON DE ORO C.A.;Comp_LECHE_EN_POLVO;LECHE EN POLVO 400 GR SAN SIMON;1
3719279;2026-09-23;BQTO04;DRAGON DE ORO C.A.;Comp_LECHE_EN_POLVO;LECHE EN POLVO 900 GR LA CAMPINA;1
3719287;2026-09-23;BQTO04;DRAGON DE ORO C.A.;Comp_LECHE_EN_POLVO;LECHE EN POLVO 900 GR SAN SIMON;1
3636469;2026-09-17;PLC06;EL REY DEL PUEBLO;Comp_BEBIDAS;DURAZNO NATULAC 1L;6
3636479;2026-09-17;PLC06;EL REY DEL PUEBLO;Comp_BEBIDAS_LACT;LECHE COMPLETA NATULAC;4
3636480;2026-09-17;PLC06;EL REY DEL PUEBLO;Comp_BEBIDAS_LACT;LECHE DESCREMADA NATULAC;4
3636482;2026-09-17;PLC06;EL REY DEL PUEBLO;Comp_BEBIDAS_LACT;LECHE DESLACTOSADA NATULAC;4
3636487;2026-09-17;PLC06;EL REY DEL PUEBLO;Comp_LECHE_EN_POLVO;LECHE EN POLVO 200 GR LA CAMPINA;2
3636488;2026-09-17;PLC06;EL REY DEL PUEBLO;Comp_LECHE_EN_POLVO;LECHE EN POLVO 400 GR SAN SIMON;3
3636467;2026-09-17;PLC06;EL REY DEL PUEBLO;Comp_BEBIDAS;MANZANA LIGTH NATULAC 1L;5
3636468;2026-09-17;PLC06;EL REY DEL PUEBLO;Comp_BEBIDAS;PERA LIGHT NATULAC 1L;6
3702131;2026-09-23;CCS07;EMPORIUM GUARENAS MIRANDA;Comp_BEBIDAS;DURAZNO NATULAC 1L;8
3702128;2026-09-23;CCS07;EMPORIUM GUARENAS MIRANDA;Comp_BEBIDAS;DURAZNO NATULAC 250ML;3
3702143;2026-09-23;CCS07;EMPORIUM GUARENAS MIRANDA;Comp_BEBIDAS_LACT;LECHE COMPLETA NATULAC;12
3702144;2026-09-23;CCS07;EMPORIUM GUARENAS MIRANDA;Comp_BEBIDAS_LACT;LECHE DESCREMADA NATULAC;8
3702145;2026-09-23;CCS07;EMPORIUM GUARENAS MIRANDA;Comp_BEBIDAS_LACT;LECHE DESLACTOSADA NATULAC;8
3702130;2026-09-23;CCS07;EMPORIUM GUARENAS MIRANDA;Comp_BEBIDAS;MANZANA LIGTH NATULAC 1L;4
3702133;2026-09-23;CCS07;EMPORIUM GUARENAS MIRANDA;Comp_BEBIDAS;MANZANA NATULAC 1L;8
3702127;2026-09-23;CCS07;EMPORIUM GUARENAS MIRANDA;Comp_BEBIDAS;MANZANA NATULAC 250ML;3
3549289;2026-09-09;CCS07;EMPORIUM GUARENAS MIRANDA;Comp_BEBIDAS;NARANJA NATULAC 1L;2
3702126;2026-09-23;CCS07;EMPORIUM GUARENAS MIRANDA;Comp_BEBIDAS;NARANJA NATULAC 250ML;3
3549287;2026-09-09;CCS07;EMPORIUM GUARENAS MIRANDA;Comp_BEBIDAS;PERA LIGHT NATULAC 1L;1
3702132;2026-09-23;CCS07;EMPORIUM GUARENAS MIRANDA;Comp_BEBIDAS;PERA NATULAC 1L;4
3702129;2026-09-23;CCS07;EMPORIUM GUARENAS MIRANDA;Comp_BEBIDAS;PERA NATULAC 250ML;1
3702124;2026-09-23;CCS07;EMPORIUM GUARENAS MIRANDA;Comp_BEBIDAS;TE DURAZNO 1L PARMALAT;8
3702125;2026-09-23;CCS07;EMPORIUM GUARENAS MIRANDA;Comp_BEBIDAS;TE LIMON 1L PARMALAT;4
3741562;2026-09-25;CCS07;EMPORIUM GUARENAS NUEVA CASARAPA;Comp_BEBIDAS;DURAZNO NATULAC 1L;1
3741569;2026-09-25;CCS07;EMPORIUM GUARENAS NUEVA CASARAPA;Comp_BEBIDAS;DURAZNO NATULAC 250ML;2
3741570;2026-09-25;CCS07;EMPORIUM GUARENAS NUEVA CASARAPA;Comp_BEBIDAS_LACT;LECHE COMPLETA NATULAC;16
3741571;2026-09-25;CCS07;EMPORIUM GUARENAS NUEVA CASARAPA;Comp_BEBIDAS_LACT;LECHE DESCREMADA NATULAC;12
3741572;2026-09-25;CCS07;EMPORIUM GUARENAS NUEVA CASARAPA;Comp_BEBIDAS_LACT;LECHE DESLACTOSADA NATULAC;12
3741564;2026-09-25;CCS07;EMPORIUM GUARENAS NUEVA CASARAPA;Comp_BEBIDAS;MANZANA NATULAC 1L;6
3741567;2026-09-25;CCS07;EMPORIUM GUARENAS NUEVA CASARAPA;Comp_BEBIDAS;MANZANA NATULAC 250ML;2
3668915;2026-09-21;CCS07;EMPORIUM GUARENAS NUEVA CASARAPA;Comp_BEBIDAS;NARANJA NATULAC 1L;1
3741565;2026-09-25;CCS07;EMPORIUM GUARENAS NUEVA CASARAPA;Comp_BEBIDAS;NARANJA NATULAC 250ML;1
3741563;2026-09-25;CCS07;EMPORIUM GUARENAS NUEVA CASARAPA;Comp_BEBIDAS;PERA NATULAC 1L;5
3741568;2026-09-25;CCS07;EMPORIUM GUARENAS NUEVA CASARAPA;Comp_BEBIDAS;PERA NATULAC 250ML;1
3577270;2026-09-11;CCS07;EMPORIUM GUARENAS NUEVA CASARAPA;Comp_BEBIDAS;TE DURAZNO 1L PARMALAT;4
3511441;2026-09-07;CCS07;EMPORIUM GUARENAS NUEVA CASARAPA;Comp_BEBIDAS;TE LIMON 1L PARMALAT;2
3515632;2026-09-07;CCS07;EMPORIUM GUARENAS PALMA REAL;Comp_BEBIDAS;DURAZNO NATULAC 1L;6
3740068;2026-09-25;CCS07;EMPORIUM GUARENAS PALMA REAL;Comp_BEBIDAS;DURAZNO NATULAC 250ML;1
3783474;2026-09-29;CCS07;EMPORIUM GUARENAS PALMA REAL;Comp_BEBIDAS_LACT;LECHE COMPLETA NATULAC;28
3783475;2026-09-29;CCS07;EMPORIUM GUARENAS PALMA REAL;Comp_BEBIDAS_LACT;LECHE DESCREMADA NATULAC;28
3783476;2026-09-29;CCS07;EMPORIUM GUARENAS PALMA REAL;Comp_BEBIDAS_LACT;LECHE DESLACTOSADA NATULAC;21
3783463;2026-09-29;CCS07;EMPORIUM GUARENAS PALMA REAL;Comp_BEBIDAS;MANZANA NATULAC 1L;2
3670216;2026-09-21;CCS07;EMPORIUM GUARENAS PALMA REAL;Comp_BEBIDAS;MANZANA NATULAC 250ML;1
3499815;2026-09-04;CCS07;EMPORIUM GUARENAS PALMA REAL;Comp_BEBIDAS;NARANJA NATULAC 1L;2
3670215;2026-09-21;CCS07;EMPORIUM GUARENAS PALMA REAL;Comp_BEBIDAS;NARANJA NATULAC 250ML;3
3592870;2026-09-14;CCS07;EMPORIUM GUARENAS PALMA REAL;Comp_BEBIDAS;PERA NATULAC 1L;6
3654753;2026-09-18;CCS07;EMPORIUM GUARENAS PALMA REAL;Comp_BEBIDAS;PERA NATULAC 250ML;1
3783462;2026-09-29;CCS07;EMPORIUM GUARENAS PALMA REAL;Comp_BEBIDAS;TE DURAZNO 1L PARMALAT;6
3775445;2026-09-29;CCS07;EMPORIUM LA PARADA;Comp_BEBIDAS;DURAZNO NATULAC 1L;3
3735682;2026-09-25;CCS07;EMPORIUM LA PARADA;Comp_BEBIDAS;DURAZNO NATULAC 250ML;8
3775418;2026-09-29;CCS07;EMPORIUM LA PARADA;Comp_BEBIDAS_LACT;LECHE COMPLETA NATULAC;10
3775419;2026-09-29;CCS07;EMPORIUM LA PARADA;Comp_BEBIDAS_LACT;LECHE DESCREMADA NATULAC;10
3775420;2026-09-29;CCS07;EMPORIUM LA PARADA;Comp_BEBIDAS_LACT;LECHE DESLACTOSADA NATULAC;10
3495923;2026-09-04;CCS07;EMPORIUM LA PARADA;Comp_BEBIDAS;MANZANA LIGTH NATULAC 1L;1
3775446;2026-09-29;CCS07;EMPORIUM LA PARADA;Comp_BEBIDAS;MANZANA NATULAC 1L;6
3650457;2026-09-18;CCS07;EMPORIUM LA PARADA;Comp_BEBIDAS;MANZANA NATULAC 250ML;2
3495925;2026-09-04;CCS07;EMPORIUM LA PARADA;Comp_BEBIDAS;NARANJA NATULAC 1L;3
3735681;2026-09-25;CCS07;EMPORIUM LA PARADA;Comp_BEBIDAS;NARANJA NATULAC 250ML;8
3775444;2026-09-29;CCS07;EMPORIUM LA PARADA;Comp_BEBIDAS;PERA NATULAC 1L;3
3735683;2026-09-25;CCS07;EMPORIUM LA PARADA;Comp_BEBIDAS;PERA NATULAC 250ML;2
3775443;2026-09-29;CCS07;EMPORIUM LA PARADA;Comp_BEBIDAS;TE DURAZNO 1L PARMALAT;3
3695521;2026-09-22;MCY02;EUROMARKET;Comp_EMBUTIDOS;CHORIZO  PICANTE MONSERRATINA;1
3695520;2026-09-22;MCY02;EUROMARKET;Comp_EMBUTIDOS;CHORIZO AHUMADO PARRILLERO MONSERRATINA;1
3695512;2026-09-22;MCY02;EUROMARKET;Comp_DERIV_LACTEOS;CREMA DE LECHE DE PAISA 250GR;1
3695511;2026-09-22;MCY02;EUROMARKET;Comp_DERIV_LACTEOS;CREMA DE LECHE DE PAISA 500GR;1
3782817;2026-09-30;MCY02;EUROMARKET;Comp_BEBIDAS;DURAZNO FRICA;1
3782822;2026-09-30;MCY02;EUROMARKET;Comp_BEBIDAS;DURAZNO FRICA 250ML;3
3782825;2026-09-30;MCY02;EUROMARKET;Comp_BEBIDAS;DURAZNO KAITO 200ML;3
3612064;2026-09-15;MCY02;EUROMARKET;Comp_BEBIDAS;DURAZNO KAITO 500ML;3
3744594;2026-09-25;MCY02;EUROMARKET;Comp_BEBIDAS;DURAZNO NATULAC 1L;1
3782826;2026-09-30;MCY02;EUROMARKET;Comp_BEBIDAS;DURAZNO NATULAC 250ML;3
3744599;2026-09-25;MCY02;EUROMARKET;Comp_BEBIDAS;DURAZNO PASTORENA;1
3695516;2026-09-22;MCY02;EUROMARKET;Comp_EMBUTIDOS;HERMO;1
3695513;2026-09-22;MCY02;EUROMARKET;Comp_JAMONERIA;JAMON AHUMADO VISKING FIESTA;1
3695514;2026-09-22;MCY02;EUROMARKET;Comp_JAMONERIA;JAMON AHUMADO VISKING PLUMROSE;1
3658501;2026-09-19;MCY02;EUROMARKET;Comp_JAMONERIA;JAMON ESTANDAR FIESTA  5.9kg;1
3695515;2026-09-22;MCY02;EUROMARKET;Comp_JAMONERIA;JAMON PIERNA PLUMROSE 98%;1
3782837;2026-09-30;MCY02;EUROMARKET;Comp_BEBIDAS_LACT;LECHE COMPLETA NATULAC;2
3782840;2026-09-30;MCY02;EUROMARKET;Comp_BEBIDAS_LACT;LECHE COMPLETA PASTORENA;3
3782843;2026-09-30;MCY02;EUROMARKET;Comp_BEBIDAS_LACT;LECHE COMPLETA SAN SIMON;2
3782838;2026-09-30;MCY02;EUROMARKET;Comp_BEBIDAS_LACT;LECHE DESCREMADA NATULAC;2
3782841;2026-09-30;MCY02;EUROMARKET;Comp_BEBIDAS_LACT;LECHE DESCREMADA PASTORENA;3
3782844;2026-09-30;MCY02;EUROMARKET;Comp_BEBIDAS_LACT;LECHE DESCREMADA SAN SIMON;2
3782839;2026-09-30;MCY02;EUROMARKET;Comp_BEBIDAS_LACT;LECHE DESLACTOSADA NATULAC;2
3782842;2026-09-30;MCY02;EUROMARKET;Comp_BEBIDAS_LACT;LECHE DESLACTOSADA PASTORENA;3
3782845;2026-09-30;MCY02;EUROMARKET;Comp_BEBIDAS_LACT;LECHE DESLACTOSADA SAN SIMON;1
3695530;2026-09-22;MCY02;EUROMARKET;Comp_LECHE_EN_POLVO;LECHE EN POLVO 400 GR LA CAMPINA;1
3800411;2026-09-30;MCY02;EUROMARKET;Comp_LECHE_EN_POLVO;LECHE EN POLVO 900 GR LA CAMPINA;3
3800410;2026-09-30;MCY02;EUROMARKET;Comp_LECHE_EN_POLVO;LECHE EN POLVO 900 GR SAN SIMON;4
3695522;2026-09-22;MCY02;EUROMARKET;Comp_DERIV_LACTEOS;MANTEQUILLA PAISA;1
3695523;2026-09-22;MCY02;EUROMARKET;Comp_DERIV_LACTEOS;MANTEQUILLA PAISA SIN SAL;1
3744581;2026-09-25;MCY02;EUROMARKET;Comp_BEBIDAS;MANZANA FRICA;2
3744584;2026-09-25;MCY02;EUROMARKET;Comp_BEBIDAS;MANZANA FRICA 250ML;3
3782820;2026-09-30;MCY02;EUROMARKET;Comp_BEBIDAS;MANZANA FRICA 500ML;3
3782824;2026-09-30;MCY02;EUROMARKET;Comp_BEBIDAS;MANZANA KAITO 200ML;3
3782827;2026-09-30;MCY02;EUROMARKET;Comp_BEBIDAS;MANZANA LIGTH NATULAC 1L;1
3517419;2026-09-08;MCY02;EUROMARKET;Comp_BEBIDAS;MANZANA NATULAC 1L;2
3744591;2026-09-25;MCY02;EUROMARKET;Comp_BEBIDAS;MANZANA NATULAC 250ML;3
3782833;2026-09-30;MCY02;EUROMARKET;Comp_BEBIDAS;MANZANA PASTORENA;1
3695517;2026-09-22;MCY02;EUROMARKET;Comp_EMBUTIDOS;MORTADELA PLUMROSE DE CARNES 1KG;1
3579527;2026-09-12;MCY02;EUROMARKET;Comp_EMBUTIDOS;MORTADELA TAPARA RICCI;1
3612057;2026-09-15;MCY02;EUROMARKET;Comp_BEBIDAS;NARANJA FRICA;1
3782821;2026-09-30;MCY02;EUROMARKET;Comp_BEBIDAS;NARANJA FRICA 250ML;3
3782819;2026-09-30;MCY02;EUROMARKET;Comp_BEBIDAS;NARANJA FRICA 500ML;6
3782823;2026-09-30;MCY02;EUROMARKET;Comp_BEBIDAS;NARANJA KAITO 200ML;3
3782829;2026-09-30;MCY02;EUROMARKET;Comp_BEBIDAS;NARANJA NATULAC 1L;1
3782832;2026-09-30;MCY02;EUROMARKET;Comp_BEBIDAS;NARANJA PASTORENA;1
3782818;2026-09-30;MCY02;EUROMARKET;Comp_BEBIDAS;PERA FRICA;7
3612060;2026-09-15;MCY02;EUROMARKET;Comp_BEBIDAS;PERA FRICA 250ML;3
3744589;2026-09-25;MCY02;EUROMARKET;Comp_BEBIDAS;PERA KAITO 200ML;3
3782828;2026-09-30;MCY02;EUROMARKET;Comp_BEBIDAS;PERA LIGHT NATULAC 1L;1
3782830;2026-09-30;MCY02;EUROMARKET;Comp_BEBIDAS;PERA NATULAC 1L;4
3612072;2026-09-15;MCY02;EUROMARKET;Comp_BEBIDAS;PERA PASTORENA;1
3695519;2026-09-22;MCY02;EUROMARKET;Comp_EMBUTIDOS;SALCHICHA TIPO VIENA 225GR FIESTA;1
3695518;2026-09-22;MCY02;EUROMARKET;Comp_EMBUTIDOS;SALCHICHA TIPO VIENA 800GR FIESTA;1
3782831;2026-09-30;MCY02;EUROMARKET;Comp_BEBIDAS;TE DURAZNO 1L PARMALAT;3
3782835;2026-09-30;MCY02;EUROMARKET;Comp_BEBIDAS;TE DURAZNO 1L PASTORENA;1
3517420;2026-09-08;MCY02;EUROMARKET;Comp_BEBIDAS;TE LIMON 1L PARMALAT;2
3782834;2026-09-30;MCY02;EUROMARKET;Comp_BEBIDAS;TE LIMON 1L PASTORENA;1
3791398;2026-09-30;VLC03;EUROMAXX PLUS;Comp_DERIV_LACTEOS;CREMA DE LECHE DE PAISA 250GR;24
3760286;2026-09-25;MCY04;EUROMAXX PLUS;Comp_DERIV_LACTEOS;CREMA DE LECHE DE PAISA 250GR;1
3791397;2026-09-30;VLC03;EUROMAXX PLUS;Comp_DERIV_LACTEOS;CREMA DE LECHE DE PAISA 500GR;8
3760297;2026-09-25;MCY04;EUROMAXX PLUS;Comp_BEBIDAS;DURAZNO FRICA;1
3791422;2026-09-30;VLC03;EUROMAXX PLUS;Comp_BEBIDAS;DURAZNO KAITO 200ML;21
3791414;2026-09-30;VLC03;EUROMAXX PLUS;Comp_JAMONERIA;JAMON PIERNA PLUMROSE 98%;9
3791468;2026-09-30;VLC03;EUROMAXX PLUS;Comp_BEBIDAS_LACT;LECHE COMPLETA NATULAC;225
3760300;2026-09-25;MCY04;EUROMAXX PLUS;Comp_BEBIDAS_LACT;LECHE COMPLETA NATULAC;5
3618126;2026-09-11;MCY04;EUROMAXX PLUS;Comp_BEBIDAS_LACT;LECHE COMPLETA SAN SIMON;2
3791466;2026-09-30;VLC03;EUROMAXX PLUS;Comp_BEBIDAS_LACT;LECHE DESCREMADA NATULAC;62
3618128;2026-09-11;MCY04;EUROMAXX PLUS;Comp_BEBIDAS_LACT;LECHE DESCREMADA SAN SIMON;2
3791467;2026-09-30;VLC03;EUROMAXX PLUS;Comp_BEBIDAS_LACT;LECHE DESLACTOSADA NATULAC;36
3618130;2026-09-11;MCY04;EUROMAXX PLUS;Comp_BEBIDAS_LACT;LECHE DESLACTOSADA SAN SIMON;1
3618116;2026-09-11;MCY04;EUROMAXX PLUS;Comp_LECHE_EN_POLVO;LECHE EN POLVO 400 GR SAN SIMON;1
3618121;2026-09-11;MCY04;EUROMAXX PLUS;Comp_LECHE_EN_POLVO;LECHE EN POLVO 900 GR SAN SIMON;2
3760287;2026-09-25;MCY04;EUROMAXX PLUS;Comp_DERIV_LACTEOS;MANTEQUILLA PAISA;1
3791391;2026-09-30;VLC03;EUROMAXX PLUS;Comp_DERIV_LACTEOS;MANTEQUILLA PAISA;20
3791392;2026-09-30;VLC03;EUROMAXX PLUS;Comp_DERIV_LACTEOS;MANTEQUILLA PAISA SIN SAL;4
3760288;2026-09-25;MCY04;EUROMAXX PLUS;Comp_DERIV_LACTEOS;MANTEQUILLA TORONDOI;1
3791443;2026-09-30;VLC03;EUROMAXX PLUS;Comp_BEBIDAS;MANZANA LIGTH NATULAC 1L;11
3760298;2026-09-25;MCY04;EUROMAXX PLUS;Comp_BEBIDAS;MANZANA NATULAC 1L;2
3791445;2026-09-30;VLC03;EUROMAXX PLUS;Comp_BEBIDAS;MANZANA NATULAC 1L;8
3791421;2026-09-30;VLC03;EUROMAXX PLUS;Comp_BEBIDAS;NARANJA KAITO 200ML;12
3791446;2026-09-30;VLC03;EUROMAXX PLUS;Comp_BEBIDAS;NARANJA NATULAC 1L;3
3791423;2026-09-30;VLC03;EUROMAXX PLUS;Comp_BEBIDAS;PERA KAITO 200ML;18
3791444;2026-09-30;VLC03;EUROMAXX PLUS;Comp_BEBIDAS;PERA LIGHT NATULAC 1L;8
3760299;2026-09-25;MCY04;EUROMAXX PLUS;Comp_BEBIDAS;PERA NATULAC 1L;2
3791447;2026-09-30;VLC03;EUROMAXX PLUS;Comp_BEBIDAS;PERA NATULAC 1L;10
3791410;2026-09-30;VLC03;EUROMAXX PLUS;Comp_EMBUTIDOS;SALCHICHA TIPO VIENA 225GR HERMO;3
3791411;2026-09-30;VLC03;EUROMAXX PLUS;Comp_EMBUTIDOS;SALCHICHA TIPO VIENA 450GR HERMO;1
3696704;2026-09-22;MCY03;EUROMERCADO INTERCOMUNAL;Comp_DERIV_LACTEOS;CREMA DE LECHE DE PAISA 250GR;1
3696699;2026-09-22;MCY03;EUROMERCADO INTERCOMUNAL;Comp_DERIV_LACTEOS;CREMA DE LECHE DE PAISA 500GR;2
3765741;2026-09-28;MCY03;EUROMERCADO INTERCOMUNAL;Comp_BEBIDAS;DURAZNO FRICA 250ML;1
3765747;2026-09-28;MCY03;EUROMERCADO INTERCOMUNAL;Comp_BEBIDAS;DURAZNO KAITO 200ML;1
3765750;2026-09-28;MCY03;EUROMERCADO INTERCOMUNAL;Comp_BEBIDAS;DURAZNO NATULAC 250ML;1
3765759;2026-09-28;MCY03;EUROMERCADO INTERCOMUNAL;Comp_BEBIDAS;DURAZNO PASTORENA;1
3765730;2026-09-28;MCY03;EUROMERCADO INTERCOMUNAL;Comp_BEBIDAS_LACT;LECHE COMPLETA NATULAC;2
3765733;2026-09-28;MCY03;EUROMERCADO INTERCOMUNAL;Comp_BEBIDAS_LACT;LECHE COMPLETA PASTORENA;3
3765736;2026-09-28;MCY03;EUROMERCADO INTERCOMUNAL;Comp_BEBIDAS_LACT;LECHE COMPLETA SAN SIMON;4
3765731;2026-09-28;MCY03;EUROMERCADO INTERCOMUNAL;Comp_BEBIDAS_LACT;LECHE DESCREMADA NATULAC;2
3765734;2026-09-28;MCY03;EUROMERCADO INTERCOMUNAL;Comp_BEBIDAS_LACT;LECHE DESCREMADA PASTORENA;3
3765737;2026-09-28;MCY03;EUROMERCADO INTERCOMUNAL;Comp_BEBIDAS_LACT;LECHE DESCREMADA SAN SIMON;1
3765732;2026-09-28;MCY03;EUROMERCADO INTERCOMUNAL;Comp_BEBIDAS_LACT;LECHE DESLACTOSADA NATULAC;1
3765735;2026-09-28;MCY03;EUROMERCADO INTERCOMUNAL;Comp_BEBIDAS_LACT;LECHE DESLACTOSADA PASTORENA;2
3765729;2026-09-28;MCY03;EUROMERCADO INTERCOMUNAL;Comp_LECHE_EN_POLVO;LECHE EN POLVO 400 GR LA CAMPINA;4
3765727;2026-09-28;MCY03;EUROMERCADO INTERCOMUNAL;Comp_LECHE_EN_POLVO;LECHE EN POLVO 400 GR SAN SIMON;3
3765728;2026-09-28;MCY03;EUROMERCADO INTERCOMUNAL;Comp_LECHE_EN_POLVO;LECHE EN POLVO 900 GR LA CAMPINA;3
3765726;2026-09-28;MCY03;EUROMERCADO INTERCOMUNAL;Comp_LECHE_EN_POLVO;LECHE EN POLVO 900 GR SAN SIMON;3
3696703;2026-09-22;MCY03;EUROMERCADO INTERCOMUNAL;Comp_DERIV_LACTEOS;MANTEQUILLA LACTEOS MARACAY;3
3696702;2026-09-22;MCY03;EUROMERCADO INTERCOMUNAL;Comp_DERIV_LACTEOS;MANTEQUILLA PAISA;2
3696701;2026-09-22;MCY03;EUROMERCADO INTERCOMUNAL;Comp_DERIV_LACTEOS;MANTEQUILLA TORONDOI;1
3765742;2026-09-28;MCY03;EUROMERCADO INTERCOMUNAL;Comp_BEBIDAS;MANZANA FRICA;2
3765745;2026-09-28;MCY03;EUROMERCADO INTERCOMUNAL;Comp_BEBIDAS;MANZANA FRICA 500ML;2
3765748;2026-09-28;MCY03;EUROMERCADO INTERCOMUNAL;Comp_BEBIDAS;MANZANA KAITO 200ML;2
3765753;2026-09-28;MCY03;EUROMERCADO INTERCOMUNAL;Comp_BEBIDAS;MANZANA LIGTH NATULAC 1L;3
3765754;2026-09-28;MCY03;EUROMERCADO INTERCOMUNAL;Comp_BEBIDAS;MANZANA NATULAC 1L;3
3765751;2026-09-28;MCY03;EUROMERCADO INTERCOMUNAL;Comp_BEBIDAS;MANZANA NATULAC 500ML;1
3765760;2026-09-28;MCY03;EUROMERCADO INTERCOMUNAL;Comp_BEBIDAS;MANZANA PASTORENA;1
3765740;2026-09-28;MCY03;EUROMERCADO INTERCOMUNAL;Comp_BEBIDAS;NARANJA FRICA 250ML;1
3765744;2026-09-28;MCY03;EUROMERCADO INTERCOMUNAL;Comp_BEBIDAS;NARANJA FRICA 500ML;1
3765746;2026-09-28;MCY03;EUROMERCADO INTERCOMUNAL;Comp_BEBIDAS;NARANJA KAITO 200ML;3
3765755;2026-09-28;MCY03;EUROMERCADO INTERCOMUNAL;Comp_BEBIDAS;NARANJA NATULAC 1L;1
3765758;2026-09-28;MCY03;EUROMERCADO INTERCOMUNAL;Comp_BEBIDAS;NARANJA PASTORENA;3
3765739;2026-09-28;MCY03;EUROMERCADO INTERCOMUNAL;Comp_BEBIDAS;PERA FRICA;2
3765743;2026-09-28;MCY03;EUROMERCADO INTERCOMUNAL;Comp_BEBIDAS;PERA FRICA 250ML;1
3714209;2026-09-23;MCY03;EUROMERCADO INTERCOMUNAL;Comp_BEBIDAS;PERA FRICA 500ML;2
3765749;2026-09-28;MCY03;EUROMERCADO INTERCOMUNAL;Comp_BEBIDAS;PERA KAITO 200ML;1
3765756;2026-09-28;MCY03;EUROMERCADO INTERCOMUNAL;Comp_BEBIDAS;PERA LIGHT NATULAC 1L;1
3765757;2026-09-28;MCY03;EUROMERCADO INTERCOMUNAL;Comp_BEBIDAS;PERA NATULAC 1L;1
3765752;2026-09-28;MCY03;EUROMERCADO INTERCOMUNAL;Comp_BEBIDAS;PERA NATULAC 250ML;1
3765761;2026-09-28;MCY03;EUROMERCADO INTERCOMUNAL;Comp_BEBIDAS;PERA PASTORENA;1
3696705;2026-09-22;MCY03;EUROMERCADO INTERCOMUNAL;Comp_EMBUTIDOS;SALCHICHA TIPO VIENA 225GR FIESTA;2
3696706;2026-09-22;MCY03;EUROMERCADO INTERCOMUNAL;Comp_EMBUTIDOS;SALCHICHA TIPO VIENA 225GR HERMO;1
3765764;2026-09-28;MCY03;EUROMERCADO INTERCOMUNAL;Comp_BEBIDAS;TE DURAZNO 1L PARMALAT;1
3765762;2026-09-28;MCY03;EUROMERCADO INTERCOMUNAL;Comp_BEBIDAS;TE DURAZNO 1L PASTORENA;1
3765765;2026-09-28;MCY03;EUROMERCADO INTERCOMUNAL;Comp_BEBIDAS;TE LIMON 1L PARMALAT;1
3765763;2026-09-28;MCY03;EUROMERCADO INTERCOMUNAL;Comp_BEBIDAS;TE LIMON 1L PASTORENA;1
3719270;2026-09-23;BQTO04;FABUCENTER C.A.;Comp_LECHE_EN_POLVO;LECHE EN POLVO 200 GR LA CAMPINA;1
3719274;2026-09-23;BQTO04;FABUCENTER C.A.;Comp_LECHE_EN_POLVO;LECHE EN POLVO 200 GR SAN SIMON;1
3719269;2026-09-23;BQTO04;FABUCENTER C.A.;Comp_LECHE_EN_POLVO;LECHE EN POLVO 400 GR LA CAMPINA;1
3719268;2026-09-23;BQTO04;FABUCENTER C.A.;Comp_LECHE_EN_POLVO;LECHE EN POLVO 900 GR LA CAMPINA;1
3719277;2026-09-23;BQTO04;FABUCENTER C.A.;Comp_LECHE_EN_POLVO;LECHE EN POLVO 900 GR SAN SIMON;1
3560505;2026-09-10;MCY01;FACIL COMPRA;Comp_BEBIDAS;DURAZNO NATULAC 1L;4
3560492;2026-09-10;MCY01;FACIL COMPRA;Comp_BEBIDAS_LACT;LECHE COMPLETA NATULAC;4
3560501;2026-09-10;MCY01;FACIL COMPRA;Comp_BEBIDAS_LACT;LECHE COMPLETA PASTORENA;4
3560502;2026-09-10;MCY01;FACIL COMPRA;Comp_BEBIDAS_LACT;LECHE COMPLETA PASTORENA;2
3560495;2026-09-10;MCY01;FACIL COMPRA;Comp_BEBIDAS_LACT;LECHE DESCREMADA NATULAC;3
3560498;2026-09-10;MCY01;FACIL COMPRA;Comp_BEBIDAS_LACT;LECHE DESLACTOSADA NATULAC;3
3560488;2026-09-10;MCY01;FACIL COMPRA;Comp_LECHE_EN_POLVO;LECHE EN POLVO 200 GR SAN SIMON;1
3560487;2026-09-10;MCY01;FACIL COMPRA;Comp_LECHE_EN_POLVO;LECHE EN POLVO 400 GR SAN SIMON;1
3560489;2026-09-10;MCY01;FACIL COMPRA;Comp_LECHE_EN_POLVO;LECHE EN POLVO 900 GR SAN SIMON;1
3560503;2026-09-10;MCY01;FACIL COMPRA;Comp_BEBIDAS;MANZANA NATULAC 1L;2
3560504;2026-09-10;MCY01;FACIL COMPRA;Comp_BEBIDAS;PERA NATULAC 1L;2
3571135;2026-09-10;BQTO06;FIVE DE DICIEMBRE;Comp_LECHE_EN_POLVO;LECHE EN POLVO 400 GR LA CAMPINA;1
3571132;2026-09-10;BQTO06;FIVE DE DICIEMBRE;Comp_LECHE_EN_POLVO;LECHE EN POLVO 900 GR SAN SIMON;1
3708131;2026-09-23;CCS07;FORUM GUARENAS;Comp_BEBIDAS;DURAZNO KAITO 200ML;2
3708149;2026-09-23;CCS07;FORUM GUARENAS;Comp_JAMONERIA;JAMON PIERNA PLUMROSE 98%;1
3708159;2026-09-23;CCS07;FORUM GUARENAS;Comp_LECHE_EN_POLVO;LECHE EN POLVO 400 GR LA CAMPINA;1
3708158;2026-09-23;CCS07;FORUM GUARENAS;Comp_LECHE_EN_POLVO;LECHE EN POLVO 900 GR LA CAMPINA;2
3708132;2026-09-23;CCS07;FORUM GUARENAS;Comp_BEBIDAS;MANZANA KAITO 200ML;1
3473531;2026-09-02;CCS07;FORUM GUARENAS;Comp_EMBUTIDOS;MORTADELA PLUMROSE DE CARNES 1KG;1
3708133;2026-09-23;CCS07;FORUM GUARENAS;Comp_BEBIDAS;NARANJA KAITO 200ML;1
3708130;2026-09-23;CCS07;FORUM GUARENAS;Comp_BEBIDAS;PERA KAITO 200ML;3
3708146;2026-09-23;CCS07;FORUM GUARENAS;Comp_EMBUTIDOS;SALCHICHA TIPO VIENA 450GR FIESTA;1
3708145;2026-09-23;CCS07;FORUM GUARENAS;Comp_EMBUTIDOS;SALCHICHA TIPO VIENA 450GR PLUMROSE;3
3695306;2026-09-22;CCS07;FORUM GUATIRE;Comp_BEBIDAS;DURAZNO KAITO 200ML;2
3796406;2026-09-30;CCS07;FORUM GUATIRE;Comp_JAMONERIA;JAMON PIERNA PLUMROSE 98%;6
3762179;2026-09-28;CCS07;FORUM GUATIRE;Comp_BEBIDAS;MANZANA KAITO 200ML;2
3762181;2026-09-28;CCS07;FORUM GUATIRE;Comp_EMBUTIDOS;MORTADELA PLUMROSE DE CARNES 1KG;10
3762178;2026-09-28;CCS07;FORUM GUATIRE;Comp_BEBIDAS;NARANJA KAITO 200ML;2
3762180;2026-09-28;CCS07;FORUM GUATIRE;Comp_BEBIDAS;PERA KAITO 200ML;4
3762182;2026-09-28;CCS07;FORUM GUATIRE;Comp_EMBUTIDOS;SALCHICHA TIPO VIENA 450GR FIESTA;4
3762183;2026-09-28;CCS07;FORUM GUATIRE;Comp_EMBUTIDOS;SALCHICHA TIPO VIENA 450GR PLUMROSE;4
3574109;2026-09-11;CCS04;FORUM HUMBOLDT;Comp_LECHE_EN_POLVO;LECHE EN POLVO 900 GR LA CAMPINA;1
3461137;2026-09-01;CCS06;FORUM LOS TEQUES;Comp_BEBIDAS;MANZANA KAITO 200ML;6
3461142;2026-09-01;CCS06;FORUM LOS TEQUES;Comp_BEBIDAS;NARANJA KAITO 200ML;6
3461140;2026-09-01;CCS06;FORUM LOS TEQUES;Comp_BEBIDAS;PERA KAITO 200ML;3
3638394;2026-09-17;CCS08;FORUM ZONA RENTAL;Comp_BEBIDAS;DURAZNO KAITO 200ML;1
3638392;2026-09-17;CCS08;FORUM ZONA RENTAL;Comp_BEBIDAS;MANZANA KAITO 200ML;1
3638393;2026-09-17;CCS08;FORUM ZONA RENTAL;Comp_BEBIDAS;PERA KAITO 200ML;2
3638375;2026-09-17;CCS08;FORUM ZONA RENTAL;Comp_BEBIDAS;TE LIMON 1L PARMALAT;4
3468908;2026-09-02;CCS06;FRESCO MARKET CARRIZAL;Comp_BEBIDAS;DURAZNO PASTORENA;4
3468910;2026-09-02;CCS06;FRESCO MARKET CARRIZAL;Comp_BEBIDAS_LACT;LECHE DESCREMADA PASTORENA;12
3468909;2026-09-02;CCS06;FRESCO MARKET CARRIZAL;Comp_BEBIDAS_LACT;LECHE DESLACTOSADA PASTORENA;8
3468907;2026-09-02;CCS06;FRESCO MARKET CARRIZAL;Comp_BEBIDAS;MANZANA PASTORENA;4
3468905;2026-09-02;CCS06;FRESCO MARKET CARRIZAL;Comp_BEBIDAS;NARANJA PASTORENA;4
3468906;2026-09-02;CCS06;FRESCO MARKET CARRIZAL;Comp_BEBIDAS;PERA PASTORENA;4
3497503;2026-09-04;CCS06;FRESCO MARKET CLUB DEL CAMPO;Comp_BEBIDAS;DURAZNO PASTORENA;4
3514437;2026-09-07;CCS06;FRESCO MARKET CLUB DEL CAMPO;Comp_BEBIDAS_LACT;LECHE COMPLETA PASTORENA;12
3514438;2026-09-07;CCS06;FRESCO MARKET CLUB DEL CAMPO;Comp_BEBIDAS_LACT;LECHE DESCREMADA NATULAC;10
3514439;2026-09-07;CCS06;FRESCO MARKET CLUB DEL CAMPO;Comp_BEBIDAS_LACT;LECHE DESLACTOSADA PASTORENA;12
3514426;2026-09-07;CCS06;FRESCO MARKET CLUB DEL CAMPO;Comp_DERIV_LACTEOS;MANTEQUILLA PAISA;3
3514427;2026-09-07;CCS06;FRESCO MARKET CLUB DEL CAMPO;Comp_DERIV_LACTEOS;MANTEQUILLA PAISA SIN SAL;3
3497501;2026-09-04;CCS06;FRESCO MARKET CLUB DEL CAMPO;Comp_BEBIDAS;MANZANA PASTORENA;4
3497504;2026-09-04;CCS06;FRESCO MARKET CLUB DEL CAMPO;Comp_BEBIDAS;NARANJA PASTORENA;4
3497499;2026-09-04;CCS06;FRESCO MARKET CLUB DEL CAMPO;Comp_BEBIDAS;PERA PASTORENA;4
3514419;2026-09-07;CCS06;FRESCO MARKET CLUB DEL CAMPO;Comp_EMBUTIDOS;SALCHICHA TIPO VIENA 225GR PLUMROSE;1
3514418;2026-09-07;CCS06;FRESCO MARKET CLUB DEL CAMPO;Comp_EMBUTIDOS;SALCHICHA TIPO VIENA 450GR PLUMROSE;1
3461169;2026-09-01;CCS06;FRESCO MARKET CORRALITO;Comp_BEBIDAS;DURAZNO PASTORENA;5
3461185;2026-09-01;CCS06;FRESCO MARKET CORRALITO;Comp_BEBIDAS_LACT;LECHE DESCREMADA PASTORENA;4
3461186;2026-09-01;CCS06;FRESCO MARKET CORRALITO;Comp_BEBIDAS_LACT;LECHE DESLACTOSADA PASTORENA;4
3461172;2026-09-01;CCS06;FRESCO MARKET CORRALITO;Comp_BEBIDAS;PERA PASTORENA;5
3461176;2026-09-01;CCS06;FRESCO MARKET CORRALITO;Comp_BEBIDAS;TE DURAZNO 1L PASTORENA;5
3461174;2026-09-01;CCS06;FRESCO MARKET CORRALITO;Comp_BEBIDAS;TE LIMON 1L PASTORENA;5
3510614;2026-09-04;CCS06;FRESCO MARKET SAN ANTONIO;Comp_BEBIDAS;DURAZNO PASTORENA;10
3510613;2026-09-04;CCS06;FRESCO MARKET SAN ANTONIO;Comp_BEBIDAS;MANZANA PASTORENA;10
3510615;2026-09-04;CCS06;FRESCO MARKET SAN ANTONIO;Comp_BEBIDAS;NARANJA PASTORENA;5
3510612;2026-09-04;CCS06;FRESCO MARKET SAN ANTONIO;Comp_BEBIDAS;PERA PASTORENA;10
3510591;2026-09-04;CCS06;FRESCO MARKET SAN ANTONIO;Comp_EMBUTIDOS;SALCHICHA TIPO VIENA 225GR PLUMROSE;1
3510590;2026-09-04;CCS06;FRESCO MARKET SAN ANTONIO;Comp_EMBUTIDOS;SALCHICHA TIPO VIENA 450GR PLUMROSE;1
3497539;2026-09-02;CCS06;FRESCO MARKET SAN ANTONIO;Comp_EMBUTIDOS;SALCHICHA TIPO VIENA 800GR PLUMROSE;1
3664340;2026-09-18;BQTO01;FRIGORIFICO LA POLLERA PASEO;Comp_BEBIDAS_LACT;LECHE COMPLETA NATULAC;7
3664348;2026-09-18;BQTO01;FRIGORIFICO LA POLLERA PASEO;Comp_BEBIDAS_LACT;LECHE COMPLETA PASTORENA;7
3664353;2026-09-18;BQTO01;FRIGORIFICO LA POLLERA PASEO;Comp_BEBIDAS_LACT;LECHE COMPLETA SAN SIMON;7
3664343;2026-09-18;BQTO01;FRIGORIFICO LA POLLERA PASEO;Comp_BEBIDAS_LACT;LECHE DESCREMADA NATULAC;7
3664349;2026-09-18;BQTO01;FRIGORIFICO LA POLLERA PASEO;Comp_BEBIDAS_LACT;LECHE DESCREMADA PASTORENA;7
3664346;2026-09-18;BQTO01;FRIGORIFICO LA POLLERA PASEO;Comp_BEBIDAS_LACT;LECHE DESLACTOSADA NATULAC;7
3664351;2026-09-18;BQTO01;FRIGORIFICO LA POLLERA PASEO;Comp_BEBIDAS_LACT;LECHE DESLACTOSADA PASTORENA;7
3664356;2026-09-18;BQTO01;FRIGORIFICO LA POLLERA PASEO;Comp_LECHE_EN_POLVO;LECHE EN POLVO 400 GR LA CAMPINA;2
3664354;2026-09-18;BQTO01;FRIGORIFICO LA POLLERA PASEO;Comp_LECHE_EN_POLVO;LECHE EN POLVO 400 GR SAN SIMON;2
3664355;2026-09-18;BQTO01;FRIGORIFICO LA POLLERA PASEO;Comp_LECHE_EN_POLVO;LECHE EN POLVO 900 GR LA CAMPINA;2
3750030;2026-09-25;BQTO01;FRIGORIFICO LA POLLERA PASEO;Comp_LECHE_EN_POLVO;LECHE EN POLVO 900 GR SAN SIMON;2
3568898;2026-09-10;BQTO03;FRIGORIFICO POLLERA CABUDARE;Comp_BEBIDAS;DURAZNO NATULAC 1L;6
3568904;2026-09-10;BQTO03;FRIGORIFICO POLLERA CABUDARE;Comp_BEBIDAS_LACT;LECHE COMPLETA NATULAC;8
3568905;2026-09-10;BQTO03;FRIGORIFICO POLLERA CABUDARE;Comp_BEBIDAS_LACT;LECHE DESCREMADA NATULAC;16
3568906;2026-09-10;BQTO03;FRIGORIFICO POLLERA CABUDARE;Comp_BEBIDAS_LACT;LECHE DESLACTOSADA NATULAC;8
3645573;2026-09-17;BQTO03;FRIGORIFICO POLLERA CABUDARE;Comp_LECHE_EN_POLVO;LECHE EN POLVO 400 GR LA CAMPINA;2
3645572;2026-09-17;BQTO03;FRIGORIFICO POLLERA CABUDARE;Comp_LECHE_EN_POLVO;LECHE EN POLVO 400 GR SAN SIMON;2
3611963;2026-09-15;BQTO03;FRIGORIFICO POLLERA CABUDARE;Comp_LECHE_EN_POLVO;LECHE EN POLVO 900 GR LA CAMPINA;2
3645571;2026-09-17;BQTO03;FRIGORIFICO POLLERA CABUDARE;Comp_LECHE_EN_POLVO;LECHE EN POLVO 900 GR SAN SIMON;3
3536259;2026-09-08;BQTO03;FRIGORIFICO POLLERA CABUDARE;Comp_DERIV_LACTEOS;MANTEQUILLA PAISA;2
3536258;2026-09-08;BQTO03;FRIGORIFICO POLLERA CABUDARE;Comp_DERIV_LACTEOS;MANTEQUILLA TORONDOI;2
3568897;2026-09-10;BQTO03;FRIGORIFICO POLLERA CABUDARE;Comp_BEBIDAS;MANZANA NATULAC 1L;6
3568895;2026-09-10;BQTO03;FRIGORIFICO POLLERA CABUDARE;Comp_BEBIDAS;NARANJA NATULAC 1L;6
3568896;2026-09-10;BQTO03;FRIGORIFICO POLLERA CABUDARE;Comp_BEBIDAS;PERA NATULAC 1L;8
3561784;2026-09-10;BQTO01;FRIGORIFICO POLLERA LA 20;Comp_BEBIDAS;DURAZNO NATULAC 1L;2
3561778;2026-09-10;BQTO01;FRIGORIFICO POLLERA LA 20;Comp_BEBIDAS_LACT;LECHE COMPLETA NATULAC;25
3561781;2026-09-10;BQTO01;FRIGORIFICO POLLERA LA 20;Comp_BEBIDAS_LACT;LECHE COMPLETA PASTORENA;5
3561779;2026-09-10;BQTO01;FRIGORIFICO POLLERA LA 20;Comp_BEBIDAS_LACT;LECHE DESCREMADA NATULAC;15
3561782;2026-09-10;BQTO01;FRIGORIFICO POLLERA LA 20;Comp_BEBIDAS_LACT;LECHE DESCREMADA PASTORENA;5
3561780;2026-09-10;BQTO01;FRIGORIFICO POLLERA LA 20;Comp_BEBIDAS_LACT;LECHE DESLACTOSADA NATULAC;10
3561783;2026-09-10;BQTO01;FRIGORIFICO POLLERA LA 20;Comp_BEBIDAS_LACT;LECHE DESLACTOSADA PASTORENA;5
3701149;2026-09-22;BQTO01;FRIGORIFICO POLLERA LA 20;Comp_LECHE_EN_POLVO;LECHE EN POLVO 400 GR LA CAMPINA;2
3701147;2026-09-22;BQTO01;FRIGORIFICO POLLERA LA 20;Comp_LECHE_EN_POLVO;LECHE EN POLVO 400 GR SAN SIMON;2
3735011;2026-09-24;BQTO01;FRIGORIFICO POLLERA LA 20;Comp_LECHE_EN_POLVO;LECHE EN POLVO 900 GR SAN SIMON;1
3561786;2026-09-10;BQTO01;FRIGORIFICO POLLERA LA 20;Comp_BEBIDAS;MANZANA LIGTH NATULAC 1L;2
3538653;2026-09-08;BQTO01;FRIGORIFICO POLLERA LA 20;Comp_BEBIDAS;NARANJA NATULAC 1L;1
3561789;2026-09-10;BQTO01;FRIGORIFICO POLLERA LA 20;Comp_BEBIDAS;NARANJA PASTORENA;6
3561787;2026-09-10;BQTO01;FRIGORIFICO POLLERA LA 20;Comp_BEBIDAS;PERA LIGHT NATULAC 1L;2
3538652;2026-09-08;BQTO01;FRIGORIFICO POLLERA LA 20;Comp_BEBIDAS;PERA NATULAC 1L;1
3561788;2026-09-10;BQTO01;FRIGORIFICO POLLERA LA 20;Comp_BEBIDAS;TE DURAZNO 1L PASTORENA;6
3561790;2026-09-10;BQTO01;FRIGORIFICO POLLERA LA 20;Comp_BEBIDAS;TE LIMON 1L PASTORENA;3
3533902;2026-09-08;BQTO02;FRIGORIFICO POLLERA NUEVA SEGOVIA;Comp_BEBIDAS;DURAZNO NATULAC 1L;4
3554903;2026-09-10;BQTO02;FRIGORIFICO POLLERA NUEVA SEGOVIA;Comp_BEBIDAS_LACT;LECHE COMPLETA NATULAC;10
3554901;2026-09-10;BQTO02;FRIGORIFICO POLLERA NUEVA SEGOVIA;Comp_BEBIDAS_LACT;LECHE COMPLETA PASTORENA;10
3554899;2026-09-10;BQTO02;FRIGORIFICO POLLERA NUEVA SEGOVIA;Comp_BEBIDAS_LACT;LECHE DESCREMADA NATULAC;10
3554902;2026-09-10;BQTO02;FRIGORIFICO POLLERA NUEVA SEGOVIA;Comp_BEBIDAS_LACT;LECHE DESCREMADA PASTORENA;10
3554900;2026-09-10;BQTO02;FRIGORIFICO POLLERA NUEVA SEGOVIA;Comp_BEBIDAS_LACT;LECHE DESLACTOSADA NATULAC;10
3533891;2026-09-08;BQTO02;FRIGORIFICO POLLERA NUEVA SEGOVIA;Comp_BEBIDAS_LACT;LECHE DESLACTOSADA PASTORENA;12
3722749;2026-09-24;BQTO02;FRIGORIFICO POLLERA NUEVA SEGOVIA;Comp_LECHE_EN_POLVO;LECHE EN POLVO 400 GR LA CAMPINA;6
3722747;2026-09-24;BQTO02;FRIGORIFICO POLLERA NUEVA SEGOVIA;Comp_LECHE_EN_POLVO;LECHE EN POLVO 400 GR SAN SIMON;1
3646339;2026-09-17;BQTO02;FRIGORIFICO POLLERA NUEVA SEGOVIA;Comp_LECHE_EN_POLVO;LECHE EN POLVO 900 GR LA CAMPINA;4
3722746;2026-09-24;BQTO02;FRIGORIFICO POLLERA NUEVA SEGOVIA;Comp_LECHE_EN_POLVO;LECHE EN POLVO 900 GR SAN SIMON;3
3722748;2026-09-24;BQTO02;FRIGORIFICO POLLERA NUEVA SEGOVIA;Comp_LECHE_EN_POLVO;LECHE EN POLVO 900 GR SAN SIMON;4
3554907;2026-09-10;BQTO02;FRIGORIFICO POLLERA NUEVA SEGOVIA;Comp_BEBIDAS;MANZANA LIGTH NATULAC 1L;2
3554906;2026-09-10;BQTO02;FRIGORIFICO POLLERA NUEVA SEGOVIA;Comp_BEBIDAS;MANZANA NATULAC 1L;3
3554904;2026-09-10;BQTO02;FRIGORIFICO POLLERA NUEVA SEGOVIA;Comp_BEBIDAS;NARANJA NATULAC 1L;3
3554905;2026-09-10;BQTO02;FRIGORIFICO POLLERA NUEVA SEGOVIA;Comp_BEBIDAS;PERA NATULAC 1L;3
3537183;2026-09-08;BQTO06;FV BODEGONES;Comp_BEBIDAS;MANZANA FRICA;1
3537182;2026-09-08;BQTO06;FV BODEGONES;Comp_BEBIDAS;NARANJA FRICA;1
3537184;2026-09-08;BQTO06;FV BODEGONES;Comp_BEBIDAS;PERA FRICA;1
3537188;2026-09-08;BQTO06;GALAXIA CENTER;Comp_BEBIDAS_LACT;LECHE COMPLETA NATULAC;3
3537189;2026-09-08;BQTO06;GALAXIA CENTER;Comp_BEBIDAS_LACT;LECHE COMPLETA PASTORENA;2
3699669;2026-09-22;BQTO06;GALAXIA CENTER;Comp_LECHE_EN_POLVO;LECHE EN POLVO 200 GR LA CAMPINA;22
3699668;2026-09-22;BQTO06;GALAXIA CENTER;Comp_LECHE_EN_POLVO;LECHE EN POLVO 400 GR LA CAMPINA;2
3699667;2026-09-22;BQTO06;GALAXIA CENTER;Comp_LECHE_EN_POLVO;LECHE EN POLVO 900 GR SAN SIMON;2
3514448;2026-09-07;CCS06;GAMA SAN ANTONIO;Comp_BEBIDAS_LACT;LECHE COMPLETA NATULAC;15
3514449;2026-09-07;CCS06;GAMA SAN ANTONIO;Comp_BEBIDAS_LACT;LECHE DESCREMADA NATULAC;15
3514450;2026-09-07;CCS06;GAMA SAN ANTONIO;Comp_BEBIDAS_LACT;LECHE DESLACTOSADA NATULAC;30
3514465;2026-09-07;CCS06;GAMA SAN ANTONIO;Comp_EMBUTIDOS;SALCHICHA TIPO VIENA 225GR PLUMROSE;2
3514464;2026-09-07;CCS06;GAMA SAN ANTONIO;Comp_EMBUTIDOS;SALCHICHA TIPO VIENA 450GR PLUMROSE;2
3581218;2026-09-11;BQTO03;"GRAN ABASTO GIRASOL; C.A.";Comp_BEBIDAS_LACT;LECHE COMPLETA NATULAC;16
3581220;2026-09-11;BQTO03;"GRAN ABASTO GIRASOL; C.A.";Comp_BEBIDAS_LACT;LECHE DESCREMADA NATULAC;12
3581222;2026-09-11;BQTO03;"GRAN ABASTO GIRASOL; C.A.";Comp_BEBIDAS_LACT;LECHE DESLACTOSADA NATULAC;18
3628240;2026-09-16;BQTO03;"GRAN ABASTO GIRASOL; C.A.";Comp_LECHE_EN_POLVO;LECHE EN POLVO 400 GR LA CAMPINA;0
3628238;2026-09-16;BQTO03;"GRAN ABASTO GIRASOL; C.A.";Comp_LECHE_EN_POLVO;LECHE EN POLVO 400 GR SAN SIMON;3
3628239;2026-09-16;BQTO03;"GRAN ABASTO GIRASOL; C.A.";Comp_LECHE_EN_POLVO;LECHE EN POLVO 900 GR LA CAMPINA;0
3659563;2026-09-18;BQTO03;"GRAN ABASTO GIRASOL; C.A.";Comp_LECHE_EN_POLVO;LECHE EN POLVO 900 GR SAN SIMON;3
3717433;2026-09-23;MCY05;GRAN FUTURO 2009;Comp_BEBIDAS_LACT;LECHE COMPLETA PASTORENA;6
3717434;2026-09-23;MCY05;GRAN FUTURO 2009;Comp_LECHE_EN_POLVO;LECHE EN POLVO 400 GR SAN SIMON;1
3760239;2026-09-24;MCY04;GRAN MARISCAL;Comp_BEBIDAS;DURAZNO FRICA;1
3760234;2026-09-24;MCY04;GRAN MARISCAL;Comp_BEBIDAS_LACT;LECHE COMPLETA PASTORENA;1
3760235;2026-09-24;MCY04;GRAN MARISCAL;Comp_BEBIDAS_LACT;LECHE DESCREMADA PASTORENA;1
3618146;2026-09-10;MCY04;GRAN MARISCAL;Comp_DERIV_LACTEOS;MANTEQUILLA LACTEOS MARACAY;2
3618149;2026-09-10;MCY04;GRAN MARISCAL;Comp_DERIV_LACTEOS;MANTEQUILLA PAISA;1
3760237;2026-09-24;MCY04;GRAN MARISCAL;Comp_BEBIDAS;MANZANA FRICA;1
3760236;2026-09-24;MCY04;GRAN MARISCAL;Comp_BEBIDAS;NARANJA FRICA;1
3760238;2026-09-24;MCY04;GRAN MARISCAL;Comp_BEBIDAS;PERA FRICA;1
3552775;2026-09-09;BQTO06;GRAN MARKET TUREN;Comp_BEBIDAS;DURAZNO NATULAC 1L;10
3552777;2026-09-09;BQTO06;GRAN MARKET TUREN;Comp_BEBIDAS_LACT;LECHE DESCREMADA PASTORENA;5
3719519;2026-09-23;BQTO06;GRAN MARKET TUREN;Comp_LECHE_EN_POLVO;LECHE EN POLVO 200 GR LA CAMPINA;6
3719518;2026-09-23;BQTO06;GRAN MARKET TUREN;Comp_LECHE_EN_POLVO;LECHE EN POLVO 400 GR LA CAMPINA;6
3719517;2026-09-23;BQTO06;GRAN MARKET TUREN;Comp_LECHE_EN_POLVO;LECHE EN POLVO 900 GR LA CAMPINA;1
3552776;2026-09-09;BQTO06;GRAN MARKET TUREN;Comp_BEBIDAS;MANZANA NATULAC 1L;12
3552774;2026-09-09;BQTO06;GRAN MARKET TUREN;Comp_BEBIDAS;PERA NATULAC 1L;10
3552769;2026-09-09;BQTO06;GRANERO MARKET;Comp_BEBIDAS;DURAZNO FRICA;4
3552772;2026-09-09;BQTO06;GRANERO MARKET;Comp_BEBIDAS_LACT;LECHE COMPLETA PASTORENA;2
3552771;2026-09-09;BQTO06;GRANERO MARKET;Comp_BEBIDAS_LACT;LECHE DESCREMADA PASTORENA;3
3719524;2026-09-23;BQTO06;GRANERO MARKET;Comp_LECHE_EN_POLVO;LECHE EN POLVO 200 GR LA CAMPINA;1
3719522;2026-09-23;BQTO06;GRANERO MARKET;Comp_LECHE_EN_POLVO;LECHE EN POLVO 400 GR LA CAMPINA;1
3552770;2026-09-09;BQTO06;GRANERO MARKET;Comp_BEBIDAS;MANZANA FRICA;2
3730811;2026-09-24;VLC02;GRANJA MANONGO;Comp_BEBIDAS;DURAZNO KAITO 200ML;1
3730814;2026-09-24;VLC02;GRANJA MANONGO;Comp_BEBIDAS;DURAZNO NATULAC 1L;1
3730812;2026-09-24;VLC02;GRANJA MANONGO;Comp_BEBIDAS;MANZANA KAITO 200ML;1
3730810;2026-09-24;VLC02;GRANJA MANONGO;Comp_BEBIDAS;NARANJA KAITO 200ML;1
3730813;2026-09-24;VLC02;GRANJA MANONGO;Comp_BEBIDAS;PERA KAITO 200ML;1
3730809;2026-09-24;VLC02;GRANJA MANONGO;Comp_EMBUTIDOS;SALCHICHA TIPO VIENA 800GR FIESTA;1
3613271;2026-09-15;PTO01;HIP CARONI;Comp_LECHE_EN_POLVO;LECHE EN POLVO 200 GR LA CAMPINA;4
3766358;2026-09-28;PTO01;HIP CARONI;Comp_LECHE_EN_POLVO;LECHE EN POLVO 400 GR LA CAMPINA;1
3766357;2026-09-28;PTO01;HIP CARONI;Comp_LECHE_EN_POLVO;LECHE EN POLVO 900 GR LA CAMPINA;1
3613274;2026-09-15;PTO01;HIP CARONI;Comp_LECHE_EN_POLVO;LECHE EN POLVO 900 GR SAN SIMON;2
3732466;2026-09-24;PTO01;HIP GUAYANA;Comp_LECHE_EN_POLVO;LECHE EN POLVO 200 GR LA CAMPINA;3
3732464;2026-09-24;PTO01;HIP GUAYANA;Comp_LECHE_EN_POLVO;LECHE EN POLVO 400 GR LA CAMPINA;8
3732465;2026-09-24;PTO01;HIP GUAYANA;Comp_LECHE_EN_POLVO;LECHE EN POLVO 900 GR LA CAMPINA;6
3588946;2026-09-14;PTO03;"HIPER CALIFORNIA; C.A";Comp_BEBIDAS_LACT;LECHE COMPLETA NATULAC;1
3588947;2026-09-14;PTO03;"HIPER CALIFORNIA; C.A";Comp_BEBIDAS_LACT;LECHE COMPLETA SAN SIMON;3
3724684;2026-09-24;PTO03;"HIPER CALIFORNIA; C.A";Comp_LECHE_EN_POLVO;LECHE EN POLVO 400 GR LA CAMPINA;1
3724685;2026-09-24;PTO03;"HIPER CALIFORNIA; C.A";Comp_LECHE_EN_POLVO;LECHE EN POLVO 900 GR LA CAMPINA;1
3588938;2026-09-14;PTO03;"HIPER CALIFORNIA; C.A";Comp_LECHE_EN_POLVO;LECHE EN POLVO 900 GR SAN SIMON;2
3599923;2026-09-14;BQTO07;HIPER FUTURO ACARIGUA;Comp_LECHE_EN_POLVO;LECHE EN POLVO 400 GR SAN SIMON;1
3599922;2026-09-14;BQTO07;HIPER FUTURO ACARIGUA;Comp_LECHE_EN_POLVO;LECHE EN POLVO 900 GR SAN SIMON;3
3766536;2026-09-28;VLC03;HIPER LIDER FLOR AMARILLO;Comp_BEBIDAS;DURAZNO NATULAC 1L;5
3766518;2026-09-28;VLC03;HIPER LIDER FLOR AMARILLO;Comp_BEBIDAS_LACT;LECHE COMPLETA NATULAC;27
3766556;2026-09-28;VLC03;HIPER LIDER FLOR AMARILLO;Comp_BEBIDAS_LACT;LECHE DESCREMADA NATULAC;1
3766558;2026-09-28;VLC03;HIPER LIDER FLOR AMARILLO;Comp_BEBIDAS_LACT;LECHE DESLACTOSADA NATULAC;4
3766502;2026-09-28;VLC03;HIPER LIDER FLOR AMARILLO;Comp_LECHE_EN_POLVO;LECHE EN POLVO 900 GR LA CAMPINA;12
3766500;2026-09-28;VLC03;HIPER LIDER FLOR AMARILLO;Comp_LECHE_EN_POLVO;LECHE EN POLVO 900 GR SAN SIMON;15
3766538;2026-09-28;VLC03;HIPER LIDER FLOR AMARILLO;Comp_BEBIDAS;MANZANA NATULAC 1L;4
3766540;2026-09-28;VLC03;HIPER LIDER FLOR AMARILLO;Comp_BEBIDAS;PERA NATULAC 1L;5
3792309;2026-09-30;VLC03;HIPER LIDER SAN DIEGO;Comp_BEBIDAS;DURAZNO NATULAC 1L;4
3792326;2026-09-30;VLC03;HIPER LIDER SAN DIEGO;Comp_BEBIDAS_LACT;LECHE COMPLETA NATULAC;120
3792327;2026-09-30;VLC03;HIPER LIDER SAN DIEGO;Comp_BEBIDAS_LACT;LECHE DESLACTOSADA NATULAC;11
3792328;2026-09-30;VLC03;HIPER LIDER SAN DIEGO;Comp_LECHE_EN_POLVO;LECHE EN POLVO 900 GR SAN SIMON;7
3792310;2026-09-30;VLC03;HIPER LIDER SAN DIEGO;Comp_BEBIDAS;MANZANA NATULAC 1L;4
3552766;2026-09-09;BQTO06;HIPER MERCADO CRITAL;Comp_BEBIDAS;DURAZNO NATULAC 1L;4
3552764;2026-09-09;BQTO06;HIPER MERCADO CRITAL;Comp_BEBIDAS_LACT;LECHE DESCREMADA NATULAC;1
3552765;2026-09-09;BQTO06;HIPER MERCADO CRITAL;Comp_BEBIDAS_LACT;LECHE DESLACTOSADA NATULAC;1
3719509;2026-09-23;BQTO06;HIPER MERCADO CRITAL;Comp_LECHE_EN_POLVO;LECHE EN POLVO 200 GR LA CAMPINA;4
3719508;2026-09-23;BQTO06;HIPER MERCADO CRITAL;Comp_LECHE_EN_POLVO;LECHE EN POLVO 400 GR LA CAMPINA;4
3719507;2026-09-23;BQTO06;HIPER MERCADO CRITAL;Comp_LECHE_EN_POLVO;LECHE EN POLVO 900 GR LA CAMPINA;6
3552767;2026-09-09;BQTO06;HIPER MERCADO CRITAL;Comp_BEBIDAS;NARANJA NATULAC 1L;1
3579006;2026-09-11;MCY01;Hiper Mercado Metro;Comp_DERIV_LACTEOS;CREMA DE LECHE DE PAISA 250GR;1
3578998;2026-09-11;MCY01;Hiper Mercado Metro;Comp_BEBIDAS;DURAZNO KAITO 200ML;2
3578996;2026-09-11;MCY01;Hiper Mercado Metro;Comp_BEBIDAS;DURAZNO NATULAC 500ML;2
3745375;2026-09-25;MCY01;Hiper Mercado Metro;Comp_BEBIDAS_LACT;LECHE COMPLETA NATULAC;2
3745376;2026-09-25;MCY01;Hiper Mercado Metro;Comp_BEBIDAS_LACT;LECHE COMPLETA PASTORENA;5
3745373;2026-09-25;MCY01;Hiper Mercado Metro;Comp_BEBIDAS_LACT;LECHE COMPLETA SAN SIMON;4
3745377;2026-09-25;MCY01;Hiper Mercado Metro;Comp_BEBIDAS_LACT;LECHE DESCREMADA PASTORENA;5
3745374;2026-09-25;MCY01;Hiper Mercado Metro;Comp_BEBIDAS_LACT;LECHE DESCREMADA SAN SIMON;5
3520027;2026-09-07;MCY01;Hiper Mercado Metro;Comp_BEBIDAS_LACT;LECHE DESLACTOSADA SAN SIMON;1
3633189;2026-09-14;MCY01;Hiper Mercado Metro;Comp_LECHE_EN_POLVO;LECHE EN POLVO 200 GR LA CAMPINA;3
3633205;2026-09-14;MCY01;Hiper Mercado Metro;Comp_LECHE_EN_POLVO;LECHE EN POLVO 200 GR SAN SIMON;2
3633184;2026-09-14;MCY01;Hiper Mercado Metro;Comp_LECHE_EN_POLVO;LECHE EN POLVO 400 GR LA CAMPINA;3
3633198;2026-09-14;MCY01;Hiper Mercado Metro;Comp_LECHE_EN_POLVO;LECHE EN POLVO 400 GR SAN SIMON;1
3633193;2026-09-14;MCY01;Hiper Mercado Metro;Comp_LECHE_EN_POLVO;LECHE EN POLVO 900 GR LA CAMPINA;2
3633201;2026-09-14;MCY01;Hiper Mercado Metro;Comp_LECHE_EN_POLVO;LECHE EN POLVO 900 GR SAN SIMON;1
3578999;2026-09-11;MCY01;Hiper Mercado Metro;Comp_BEBIDAS;MANZANA KAITO 200ML;2
3578994;2026-09-11;MCY01;Hiper Mercado Metro;Comp_BEBIDAS;MANZANA NATULAC 1L;2
3578997;2026-09-11;MCY01;Hiper Mercado Metro;Comp_BEBIDAS;PERA KAITO 200ML;2
3578995;2026-09-11;MCY01;Hiper Mercado Metro;Comp_BEBIDAS;PERA NATULAC 1L;3
3687072;2026-09-22;MCY02;HIPER MODELO;Comp_BEBIDAS_LACT;LECHE DESCREMADA NATULAC;3
3687074;2026-09-22;MCY02;HIPER MODELO;Comp_BEBIDAS_LACT;LECHE DESCREMADA SAN SIMON;1
3687073;2026-09-22;MCY02;HIPER MODELO;Comp_BEBIDAS_LACT;LECHE DESLACTOSADA NATULAC;3
3634904;2026-09-17;MCY02;HIPER MODELO;Comp_BEBIDAS_LACT;LECHE DESLACTOSADA SAN SIMON;1
3687061;2026-09-22;MCY02;HIPER MODELO;Comp_LECHE_EN_POLVO;LECHE EN POLVO 900 GR SAN SIMON;3
3687070;2026-09-22;MCY02;HIPER MODELO;Comp_DERIV_LACTEOS;MANTEQUILLA LACTEOS MARACAY;1
3704589;2026-09-23;PTO02;HIPER VIP;Comp_LECHE_EN_POLVO;LECHE EN POLVO 200 GR LA CAMPINA;2
3704579;2026-09-23;PTO02;HIPER VIP;Comp_LECHE_EN_POLVO;LECHE EN POLVO 200 GR SAN SIMON;6
3704583;2026-09-23;PTO02;HIPER VIP;Comp_LECHE_EN_POLVO;LECHE EN POLVO 400 GR LA CAMPINA;2
3704568;2026-09-23;PTO02;HIPER VIP;Comp_LECHE_EN_POLVO;LECHE EN POLVO 400 GR SAN SIMON;1
3704554;2026-09-23;PTO02;HIPER VIP;Comp_LECHE_EN_POLVO;LECHE EN POLVO 900 GR SAN SIMON;2
3796332;2026-09-29;MCY04;Hiperexito Cagua;Comp_DERIV_LACTEOS;CREMA DE LECHE DE PAISA 500GR;1
3618083;2026-09-08;MCY04;Hiperexito Cagua;Comp_BEBIDAS;DURAZNO NATULAC 1L;2
3796358;2026-09-29;MCY04;Hiperexito Cagua;Comp_BEBIDAS_LACT;LECHE COMPLETA NATULAC;3
3796349;2026-09-29;MCY04;Hiperexito Cagua;Comp_BEBIDAS_LACT;LECHE COMPLETA SAN SIMON;9
3796360;2026-09-29;MCY04;Hiperexito Cagua;Comp_BEBIDAS_LACT;LECHE DESCREMADA NATULAC;5
3796351;2026-09-29;MCY04;Hiperexito Cagua;Comp_BEBIDAS_LACT;LECHE DESCREMADA SAN SIMON;3
3760129;2026-09-22;MCY04;Hiperexito Cagua;Comp_BEBIDAS_LACT;LECHE DESLACTOSADA NATULAC;5
3796353;2026-09-29;MCY04;Hiperexito Cagua;Comp_BEBIDAS_LACT;LECHE DESLACTOSADA SAN SIMON;1
3796357;2026-09-29;MCY04;Hiperexito Cagua;Comp_LECHE_EN_POLVO;LECHE EN POLVO 200 GR LA CAMPINA;4
3760147;2026-09-22;MCY04;Hiperexito Cagua;Comp_LECHE_EN_POLVO;LECHE EN POLVO 400 GR LA CAMPINA;4
3760142;2026-09-22;MCY04;Hiperexito Cagua;Comp_LECHE_EN_POLVO;LECHE EN POLVO 400 GR SAN SIMON;4
3618221;2026-09-15;MCY04;Hiperexito Cagua;Comp_LECHE_EN_POLVO;LECHE EN POLVO 900 GR LA CAMPINA;4
3796354;2026-09-29;MCY04;Hiperexito Cagua;Comp_LECHE_EN_POLVO;LECHE EN POLVO 900 GR SAN SIMON;2
3618087;2026-09-08;MCY04;Hiperexito Cagua;Comp_BEBIDAS;MANZANA NATULAC 1L;3
3618085;2026-09-08;MCY04;Hiperexito Cagua;Comp_BEBIDAS;PERA NATULAC 1L;3
3708445;2026-09-23;PTO01;HIPERMERCADO EL GUAMO;Comp_LECHE_EN_POLVO;LECHE EN POLVO 400 GR LA CAMPINA;6
3708444;2026-09-23;PTO01;HIPERMERCADO EL GUAMO;Comp_LECHE_EN_POLVO;LECHE EN POLVO 400 GR SAN SIMON;2
3708446;2026-09-23;PTO01;HIPERMERCADO EL GUAMO;Comp_LECHE_EN_POLVO;LECHE EN POLVO 900 GR LA CAMPINA;9
3708443;2026-09-23;PTO01;HIPERMERCADO EL GUAMO;Comp_LECHE_EN_POLVO;LECHE EN POLVO 900 GR SAN SIMON;6
3681931;2026-09-21;BQTO08;HIPERMERCADO EL PLACER C.A;Comp_EMBUTIDOS;CHORIZO  PICANTE MONSERRATINA;2
3747335;2026-09-25;BQTO08;HIPERMERCADO EL PLACER C.A;Comp_DERIV_LACTEOS;CREMA DE LECHE DE PAISA 250GR;24
3747334;2026-09-25;BQTO08;HIPERMERCADO EL PLACER C.A;Comp_DERIV_LACTEOS;CREMA DE LECHE DE PAISA 500GR;8
3747316;2026-09-25;BQTO08;HIPERMERCADO EL PLACER C.A;Comp_BEBIDAS;DURAZNO FRICA;2
3747312;2026-09-25;BQTO08;HIPERMERCADO EL PLACER C.A;Comp_BEBIDAS;DURAZNO NATULAC 1L;12
3747308;2026-09-25;BQTO08;HIPERMERCADO EL PLACER C.A;Comp_BEBIDAS;DURAZNO NATULAC 250ML;12
3747320;2026-09-25;BQTO08;HIPERMERCADO EL PLACER C.A;Comp_BEBIDAS_LACT;LECHE COMPLETA NATULAC;12
3747318;2026-09-25;BQTO08;HIPERMERCADO EL PLACER C.A;Comp_BEBIDAS_LACT;LECHE COMPLETA PASTORENA;12
3747317;2026-09-25;BQTO08;HIPERMERCADO EL PLACER C.A;Comp_BEBIDAS_LACT;LECHE COMPLETA SAN SIMON;17
3681899;2026-09-21;BQTO08;HIPERMERCADO EL PLACER C.A;Comp_BEBIDAS_LACT;LECHE DESCREMADA NATULAC;12
3747319;2026-09-25;BQTO08;HIPERMERCADO EL PLACER C.A;Comp_BEBIDAS_LACT;LECHE DESCREMADA PASTORENA;12
3551599;2026-09-09;BQTO08;HIPERMERCADO EL PLACER C.A;Comp_BEBIDAS_LACT;LECHE DESCREMADA SAN SIMON;17
3747322;2026-09-25;BQTO08;HIPERMERCADO EL PLACER C.A;Comp_BEBIDAS_LACT;LECHE DESLACTOSADA NATULAC;18
3551624;2026-09-09;BQTO08;HIPERMERCADO EL PLACER C.A;Comp_BEBIDAS_LACT;LECHE DESLACTOSADA PASTORENA;6
3747328;2026-09-25;BQTO08;HIPERMERCADO EL PLACER C.A;Comp_LECHE_EN_POLVO;LECHE EN POLVO 400 GR LA CAMPINA;3
3747326;2026-09-25;BQTO08;HIPERMERCADO EL PLACER C.A;Comp_LECHE_EN_POLVO;LECHE EN POLVO 400 GR SAN SIMON;2
3747329;2026-09-25;BQTO08;HIPERMERCADO EL PLACER C.A;Comp_LECHE_EN_POLVO;LECHE EN POLVO 900 GR LA CAMPINA;6
3747323;2026-09-25;BQTO08;HIPERMERCADO EL PLACER C.A;Comp_LECHE_EN_POLVO;LECHE EN POLVO 900 GR SAN SIMON;6
3747314;2026-09-25;BQTO08;HIPERMERCADO EL PLACER C.A;Comp_BEBIDAS;MANZANA FRICA;4
3681921;2026-09-21;BQTO08;HIPERMERCADO EL PLACER C.A;Comp_BEBIDAS;MANZANA FRICA 500ML;2
3747310;2026-09-25;BQTO08;HIPERMERCADO EL PLACER C.A;Comp_BEBIDAS;MANZANA NATULAC 1L;12
3747306;2026-09-25;BQTO08;HIPERMERCADO EL PLACER C.A;Comp_BEBIDAS;MANZANA NATULAC 250ML;37
3747333;2026-09-25;BQTO08;HIPERMERCADO EL PLACER C.A;Comp_EMBUTIDOS;MORTADELA PLUMROSE DE CARNES 1KG;30
3747313;2026-09-25;BQTO08;HIPERMERCADO EL PLACER C.A;Comp_BEBIDAS;NARANJA FRICA;4
3681920;2026-09-21;BQTO08;HIPERMERCADO EL PLACER C.A;Comp_BEBIDAS;NARANJA FRICA 500ML;4
3747309;2026-09-25;BQTO08;HIPERMERCADO EL PLACER C.A;Comp_BEBIDAS;NARANJA NATULAC 1L;6
3681911;2026-09-21;BQTO08;HIPERMERCADO EL PLACER C.A;Comp_BEBIDAS;NARANJA NATULAC 250ML;12
3747315;2026-09-25;BQTO08;HIPERMERCADO EL PLACER C.A;Comp_BEBIDAS;PERA FRICA;4
3681922;2026-09-21;BQTO08;HIPERMERCADO EL PLACER C.A;Comp_BEBIDAS;PERA FRICA 500ML;2
3747311;2026-09-25;BQTO08;HIPERMERCADO EL PLACER C.A;Comp_BEBIDAS;PERA NATULAC 1L;12
3747307;2026-09-25;BQTO08;HIPERMERCADO EL PLACER C.A;Comp_BEBIDAS;PERA NATULAC 250ML;24
3747331;2026-09-25;BQTO08;HIPERMERCADO EL PLACER C.A;Comp_EMBUTIDOS;SALCHICHA TIPO VIENA 225GR PLUMROSE;3
3747330;2026-09-25;BQTO08;HIPERMERCADO EL PLACER C.A;Comp_EMBUTIDOS;SALCHICHA TIPO VIENA 450GR FIESTA;6
3747332;2026-09-25;BQTO08;HIPERMERCADO EL PLACER C.A;Comp_EMBUTIDOS;SALCHICHA TIPO VIENA 450GR PLUMROSE;3
3551605;2026-09-09;BQTO08;HIPERMERCADO EL PLACER C.A;Comp_BEBIDAS;TE DURAZNO 1L PARMALAT;2
3551606;2026-09-09;BQTO08;HIPERMERCADO EL PLACER C.A;Comp_BEBIDAS;TE LIMON 1L PARMALAT;2
3747294;2026-09-25;BQTO08;HIPERMERCADO FRESH MARKET C.A;Comp_DERIV_LACTEOS;CREMA DE LECHE DE PAISA 250GR;12
3747293;2026-09-25;BQTO08;HIPERMERCADO FRESH MARKET C.A;Comp_DERIV_LACTEOS;CREMA DE LECHE DE PAISA 500GR;10
3747290;2026-09-25;BQTO08;HIPERMERCADO FRESH MARKET C.A;Comp_BEBIDAS;DURAZNO FRICA;6
3747286;2026-09-25;BQTO08;HIPERMERCADO FRESH MARKET C.A;Comp_BEBIDAS;DURAZNO NATULAC 1L;24
3747281;2026-09-25;BQTO08;HIPERMERCADO FRESH MARKET C.A;Comp_BEBIDAS;DURAZNO PASTORENA;12
3747299;2026-09-25;BQTO08;HIPERMERCADO FRESH MARKET C.A;Comp_BEBIDAS_LACT;LECHE COMPLETA NATULAC;10
3747296;2026-09-25;BQTO08;HIPERMERCADO FRESH MARKET C.A;Comp_BEBIDAS_LACT;LECHE COMPLETA PASTORENA;37
3747300;2026-09-25;BQTO08;HIPERMERCADO FRESH MARKET C.A;Comp_BEBIDAS_LACT;LECHE DESCREMADA NATULAC;41
3747297;2026-09-25;BQTO08;HIPERMERCADO FRESH MARKET C.A;Comp_BEBIDAS_LACT;LECHE DESCREMADA PASTORENA;44
3681880;2026-09-21;BQTO08;HIPERMERCADO FRESH MARKET C.A;Comp_BEBIDAS_LACT;LECHE DESLACTOSADA NATULAC;18
3747298;2026-09-25;BQTO08;HIPERMERCADO FRESH MARKET C.A;Comp_BEBIDAS_LACT;LECHE DESLACTOSADA PASTORENA;12
3747302;2026-09-25;BQTO08;HIPERMERCADO FRESH MARKET C.A;Comp_LECHE_EN_POLVO;LECHE EN POLVO 400 GR LA CAMPINA;30
3747304;2026-09-25;BQTO08;HIPERMERCADO FRESH MARKET C.A;Comp_LECHE_EN_POLVO;LECHE EN POLVO 400 GR SAN SIMON;8
3747301;2026-09-25;BQTO08;HIPERMERCADO FRESH MARKET C.A;Comp_LECHE_EN_POLVO;LECHE EN POLVO 900 GR LA CAMPINA;27
3747303;2026-09-25;BQTO08;HIPERMERCADO FRESH MARKET C.A;Comp_LECHE_EN_POLVO;LECHE EN POLVO 900 GR SAN SIMON;4
3747295;2026-09-25;BQTO08;HIPERMERCADO FRESH MARKET C.A;Comp_DERIV_LACTEOS;MANTEQUILLA PAISA;8
3747288;2026-09-25;BQTO08;HIPERMERCADO FRESH MARKET C.A;Comp_BEBIDAS;MANZANA FRICA;6
3747284;2026-09-25;BQTO08;HIPERMERCADO FRESH MARKET C.A;Comp_BEBIDAS;MANZANA NATULAC 1L;18
3747283;2026-09-25;BQTO08;HIPERMERCADO FRESH MARKET C.A;Comp_BEBIDAS;MANZANA PASTORENA;12
3681881;2026-09-21;BQTO08;HIPERMERCADO FRESH MARKET C.A;Comp_EMBUTIDOS;MORTADELA PLUMROSE DE CARNES 1KG;40
3747287;2026-09-25;BQTO08;HIPERMERCADO FRESH MARKET C.A;Comp_BEBIDAS;NARANJA FRICA;6
3747289;2026-09-25;BQTO08;HIPERMERCADO FRESH MARKET C.A;Comp_BEBIDAS;PERA FRICA;6
3747285;2026-09-25;BQTO08;HIPERMERCADO FRESH MARKET C.A;Comp_BEBIDAS;PERA NATULAC 1L;18
3747282;2026-09-25;BQTO08;HIPERMERCADO FRESH MARKET C.A;Comp_BEBIDAS;PERA PASTORENA;12
3747292;2026-09-25;BQTO08;HIPERMERCADO FRESH MARKET C.A;Comp_EMBUTIDOS;SALCHICHA TIPO VIENA 225GR FIESTA;2
3747291;2026-09-25;BQTO08;HIPERMERCADO FRESH MARKET C.A;Comp_EMBUTIDOS;SALCHICHA TIPO VIENA 450GR FIESTA;1
3681872;2026-09-21;BQTO08;HIPERMERCADO FRESH MARKET C.A;Comp_EMBUTIDOS;SALCHICHA TIPO VIENA 450GR PLUMROSE;1
3681873;2026-09-21;BQTO08;HIPERMERCADO FRESH MARKET C.A;Comp_EMBUTIDOS;SALCHICHA TIPO VIENA 800GR PLUMROSE;1
3537208;2026-09-08;BQTO06;HIPERMERCADO SOL;Comp_BEBIDAS;DURAZNO FRICA;2
3582921;2026-09-11;BQTO06;HIPERMERCADO SOL;Comp_BEBIDAS;DURAZNO NATULAC 1L;6
3582929;2026-09-11;BQTO06;HIPERMERCADO SOL;Comp_BEBIDAS_LACT;LECHE DESCREMADA SAN SIMON;6
3618515;2026-09-15;BQTO06;HIPERMERCADO SOL;Comp_LECHE_EN_POLVO;LECHE EN POLVO 200 GR LA CAMPINA;10
3618513;2026-09-15;BQTO06;HIPERMERCADO SOL;Comp_LECHE_EN_POLVO;LECHE EN POLVO 400 GR LA CAMPINA;8
3618510;2026-09-15;BQTO06;HIPERMERCADO SOL;Comp_LECHE_EN_POLVO;LECHE EN POLVO 900 GR LA CAMPINA;4
3537202;2026-09-08;BQTO06;HIPERMERCADO SOL;Comp_BEBIDAS;MANZANA LIGTH NATULAC 1L;10
3537198;2026-09-08;BQTO06;HIPERMERCADO SOL;Comp_BEBIDAS;MANZANA NATULAC 250ML;1
3537200;2026-09-08;BQTO06;HIPERMERCADO SOL;Comp_BEBIDAS;NARANJA LIGHT NATULAC 1L;4
3582920;2026-09-11;BQTO06;HIPERMERCADO SOL;Comp_BEBIDAS;NARANJA NATULAC 1L;1
3582924;2026-09-11;BQTO06;HIPERMERCADO SOL;Comp_BEBIDAS;NARANJA NATULAC 250ML;2
3537206;2026-09-08;BQTO06;HIPERMERCADO SOL;Comp_BEBIDAS;PERA FRICA;3
3582925;2026-09-11;BQTO06;HIPERMERCADO SOL;Comp_BEBIDAS;PERA NATULAC 250ML;0.96
3682021;2026-09-16;MCY04;HIPERVERDURAS CONTINENTE;Comp_LECHE_EN_POLVO;LECHE EN POLVO 400 GR LA CAMPINA;1
3760063;2026-09-23;MCY04;HIPERVERDURAS CONTINENTE;Comp_LECHE_EN_POLVO;LECHE EN POLVO 400 GR SAN SIMON;1
3760071;2026-09-23;MCY04;HIPERVERDURAS CONTINENTE;Comp_LECHE_EN_POLVO;LECHE EN POLVO 900 GR LA CAMPINA;1
3760076;2026-09-23;MCY04;HIPERVERDURAS CONTINENTE;Comp_LECHE_EN_POLVO;LECHE EN POLVO 900 GR SAN SIMON;1
3681966;2026-09-16;MCY04;HIPERVERDURAS CONTINENTE;Comp_DERIV_LACTEOS;MANTEQUILLA PAISA;1
3681969;2026-09-16;MCY04;HIPERVERDURAS CONTINENTE;Comp_DERIV_LACTEOS;MANTEQUILLA PAISA SIN SAL;1
3787565;2026-09-29;MCY01;Hortifresca Av Bermudez;Comp_JAMONERIA;JAMON PIERNA PLUMROSE 98%;1
3787561;2026-09-29;MCY01;Hortifresca Av Bermudez;Comp_BEBIDAS_LACT;LECHE DESCREMADA SAN SIMON;1
3787562;2026-09-29;MCY01;Hortifresca Av Bermudez;Comp_LECHE_EN_POLVO;LECHE EN POLVO 200 GR SAN SIMON;1
3787563;2026-09-29;MCY01;Hortifresca Av Bermudez;Comp_LECHE_EN_POLVO;LECHE EN POLVO 400 GR LA CAMPINA;1
3787564;2026-09-29;MCY01;Hortifresca Av Bermudez;Comp_LECHE_EN_POLVO;LECHE EN POLVO 900 GR LA CAMPINA;1
3618184;2026-09-14;MCY04;Hortifresca Guasimal;Comp_DERIV_LACTEOS;CREMA DE LECHE DE PAISA 250GR;1
3618006;2026-09-07;MCY04;Hortifresca Guasimal;Comp_BEBIDAS;DURAZNO FRICA;1
3618001;2026-09-07;MCY04;Hortifresca Guasimal;Comp_BEBIDAS_LACT;LECHE COMPLETA SAN SIMON;1
3618004;2026-09-07;MCY04;Hortifresca Guasimal;Comp_BEBIDAS_LACT;LECHE DESCREMADA NATULAC;1
3796222;2026-09-28;MCY04;Hortifresca Guasimal;Comp_BEBIDAS_LACT;LECHE DESCREMADA PASTORENA;1
3618187;2026-09-14;MCY04;Hortifresca Guasimal;Comp_BEBIDAS_LACT;LECHE DESCREMADA SAN SIMON;2
3796221;2026-09-28;MCY04;Hortifresca Guasimal;Comp_BEBIDAS_LACT;LECHE DESLACTOSADA PASTORENA;1
3618188;2026-09-14;MCY04;Hortifresca Guasimal;Comp_BEBIDAS_LACT;LECHE DESLACTOSADA SAN SIMON;1
3618189;2026-09-14;MCY04;Hortifresca Guasimal;Comp_LECHE_EN_POLVO;LECHE EN POLVO 200 GR LA CAMPINA;3
3618190;2026-09-14;MCY04;Hortifresca Guasimal;Comp_LECHE_EN_POLVO;LECHE EN POLVO 400 GR LA CAMPINA;2
3618191;2026-09-14;MCY04;Hortifresca Guasimal;Comp_LECHE_EN_POLVO;LECHE EN POLVO 900 GR LA CAMPINA;2
3618186;2026-09-14;MCY04;Hortifresca Guasimal;Comp_DERIV_LACTEOS;MANTEQUILLA LACTEOS MARACAY;1
3618185;2026-09-14;MCY04;Hortifresca Guasimal;Comp_DERIV_LACTEOS;MANTEQUILLA TORONDOI;1
3796220;2026-09-28;MCY04;Hortifresca Guasimal;Comp_BEBIDAS;PERA FRICA;1
3564343;2026-09-10;PLC09;IKO FARMA;Comp_BEBIDAS_LACT;LECHE COMPLETA NATULAC;6
3693130;2026-09-22;PLC09;IKO FARMA;Comp_BEBIDAS_LACT;LECHE COMPLETA SAN SIMON;1
3693131;2026-09-22;PLC09;IKO FARMA;Comp_BEBIDAS_LACT;LECHE DESCREMADA SAN SIMON;4
3693132;2026-09-22;PLC09;IKO FARMA;Comp_BEBIDAS_LACT;LECHE DESLACTOSADA SAN SIMON;1
3693137;2026-09-22;PLC09;IKO FARMA;Comp_LECHE_EN_POLVO;LECHE EN POLVO 200 GR LA CAMPINA;1
3693136;2026-09-22;PLC09;IKO FARMA;Comp_LECHE_EN_POLVO;LECHE EN POLVO 400 GR LA CAMPINA;1
3693134;2026-09-22;PLC09;IKO FARMA;Comp_LECHE_EN_POLVO;LECHE EN POLVO 400 GR SAN SIMON;2
3693135;2026-09-22;PLC09;IKO FARMA;Comp_LECHE_EN_POLVO;LECHE EN POLVO 900 GR LA CAMPINA;1
3693133;2026-09-22;PLC09;IKO FARMA;Comp_LECHE_EN_POLVO;LECHE EN POLVO 900 GR SAN SIMON;2
3544879;2026-09-09;PLC07;IMPORT VCB 1 CASA BLANCA;Comp_BEBIDAS;DURAZNO NATULAC 250ML;1
3791593;2026-09-30;PLC07;IMPORT VCB 1 CASA BLANCA;Comp_BEBIDAS_LACT;LECHE COMPLETA PASTORENA;4
3791612;2026-09-30;PLC07;IMPORT VCB 1 CASA BLANCA;Comp_BEBIDAS_LACT;LECHE DESCREMADA PASTORENA;1
3791620;2026-09-30;PLC07;IMPORT VCB 1 CASA BLANCA;Comp_BEBIDAS_LACT;LECHE DESLACTOSADA PASTORENA;1
3706492;2026-09-23;PLC07;IMPORT VCB 1 CASA BLANCA;Comp_LECHE_EN_POLVO;LECHE EN POLVO 200 GR LA CAMPINA;2
3657285;2026-09-18;PLC07;IMPORT VCB 1 CASA BLANCA;Comp_BEBIDAS;MANZANA NATULAC 250ML;3
3544872;2026-09-09;PLC07;IMPORT VCB 1 CASA BLANCA;Comp_BEBIDAS;NARANJA NATULAC 250ML;2
3544876;2026-09-09;PLC07;IMPORT VCB 1 CASA BLANCA;Comp_BEBIDAS;PERA NATULAC 250ML;1
3706833;2026-09-23;PLC07;IMPORT VCB 1 CASA BLANCA;Comp_EMBUTIDOS;SALCHICHA TIPO VIENA 225GR FIESTA;1
3706827;2026-09-23;PLC07;IMPORT VCB 1 CASA BLANCA;Comp_EMBUTIDOS;SALCHICHA TIPO VIENA 225GR PLUMROSE;1
3705671;2026-09-23;PLC07;IMPORT VCB 2 CAMPO OFICINA;Comp_BEBIDAS;DURAZNO NATULAC 1L;2
3574456;2026-09-11;PLC07;IMPORT VCB 2 CAMPO OFICINA;Comp_BEBIDAS;DURAZNO NATULAC 250ML;1
3790755;2026-09-30;PLC07;IMPORT VCB 2 CAMPO OFICINA;Comp_BEBIDAS_LACT;LECHE COMPLETA NATULAC;2
3790763;2026-09-30;PLC07;IMPORT VCB 2 CAMPO OFICINA;Comp_BEBIDAS_LACT;LECHE DESLACTOSADA NATULAC;2
3671967;2026-09-21;PLC07;IMPORT VCB 2 CAMPO OFICINA;Comp_LECHE_EN_POLVO;LECHE EN POLVO 200 GR LA CAMPINA;6
3790815;2026-09-30;PLC07;IMPORT VCB 2 CAMPO OFICINA;Comp_LECHE_EN_POLVO;LECHE EN POLVO 400 GR LA CAMPINA;2
3705892;2026-09-23;PLC07;IMPORT VCB 2 CAMPO OFICINA;Comp_LECHE_EN_POLVO;LECHE EN POLVO 400 GR SAN SIMON;1
3790791;2026-09-30;PLC07;IMPORT VCB 2 CAMPO OFICINA;Comp_LECHE_EN_POLVO;LECHE EN POLVO 900 GR LA CAMPINA;2
3790782;2026-09-30;PLC07;IMPORT VCB 2 CAMPO OFICINA;Comp_LECHE_EN_POLVO;LECHE EN POLVO 900 GR SAN SIMON;3
3705636;2026-09-23;PLC07;IMPORT VCB 2 CAMPO OFICINA;Comp_BEBIDAS;MANZANA PASTORENA;2
3574450;2026-09-11;PLC07;IMPORT VCB 2 CAMPO OFICINA;Comp_BEBIDAS;NARANJA KAITO 200ML;2
3705684;2026-09-23;PLC07;IMPORT VCB 2 CAMPO OFICINA;Comp_BEBIDAS;NARANJA NATULAC 1L;2
3705708;2026-09-23;PLC07;IMPORT VCB 2 CAMPO OFICINA;Comp_BEBIDAS;PERA NATULAC 1L;3
3574449;2026-09-11;PLC07;IMPORT VCB 2 CAMPO OFICINA;Comp_BEBIDAS;PERA PASTORENA;1
3552782;2026-09-09;BQTO06;INVERSIONES FAMOSO TUREN;Comp_BEBIDAS;DURAZNO NATULAC 1L;7
3552780;2026-09-09;BQTO06;INVERSIONES FAMOSO TUREN;Comp_BEBIDAS_LACT;LECHE COMPLETA PASTORENA;6
3552779;2026-09-09;BQTO06;INVERSIONES FAMOSO TUREN;Comp_BEBIDAS_LACT;LECHE DESCREMADA PASTORENA;8
3552781;2026-09-09;BQTO06;INVERSIONES FAMOSO TUREN;Comp_BEBIDAS;PERA NATULAC 1L;4
3650684;2026-09-17;BQTO06;INVERSIONES GRAN FUTURO 88;Comp_LECHE_EN_POLVO;LECHE EN POLVO 200 GR LA CAMPINA;3
3650682;2026-09-17;BQTO06;INVERSIONES GRAN FUTURO 88;Comp_LECHE_EN_POLVO;LECHE EN POLVO 400 GR LA CAMPINA;4
3650680;2026-09-17;BQTO06;INVERSIONES GRAN FUTURO 88;Comp_LECHE_EN_POLVO;LECHE EN POLVO 900 GR LA CAMPINA;2
3627857;2026-09-15;BQTO08;INVERSIONES LANDES MG;Comp_LECHE_EN_POLVO;LECHE EN POLVO 200 GR LA CAMPINA;3
3627856;2026-09-15;BQTO08;INVERSIONES LANDES MG;Comp_LECHE_EN_POLVO;LECHE EN POLVO 400 GR LA CAMPINA;2
3627854;2026-09-15;BQTO08;INVERSIONES LANDES MG;Comp_LECHE_EN_POLVO;LECHE EN POLVO 900 GR LA CAMPINA;2
3627858;2026-09-15;BQTO08;INVERSIONES LANDES MG;Comp_LECHE_EN_POLVO;LECHE EN POLVO 900 GR SAN SIMON;2
3717218;2026-09-23;BQTO07;INVERSIONES SALAS Y VARGAS;Comp_LECHE_EN_POLVO;LECHE EN POLVO 900 GR SAN SIMON;8
3627847;2026-09-15;BQTO08;INVERSIONES SASSARI 2017 C.A;Comp_LECHE_EN_POLVO;LECHE EN POLVO 200 GR LA CAMPINA;4
3627852;2026-09-15;BQTO08;INVERSIONES SASSARI 2017 C.A;Comp_LECHE_EN_POLVO;LECHE EN POLVO 200 GR SAN SIMON;1
3627846;2026-09-15;BQTO08;INVERSIONES SASSARI 2017 C.A;Comp_LECHE_EN_POLVO;LECHE EN POLVO 400 GR LA CAMPINA;1
3627849;2026-09-15;BQTO08;INVERSIONES SASSARI 2017 C.A;Comp_LECHE_EN_POLVO;LECHE EN POLVO 400 GR SAN SIMON;1
3627850;2026-09-15;BQTO08;INVERSIONES SASSARI 2017 C.A;Comp_LECHE_EN_POLVO;LECHE EN POLVO 400 GR SAN SIMON;1
3627843;2026-09-15;BQTO08;INVERSIONES SASSARI 2017 C.A;Comp_LECHE_EN_POLVO;LECHE EN POLVO 900 GR LA CAMPINA;2
3627844;2026-09-15;BQTO08;INVERSIONES SASSARI 2017 C.A;Comp_LECHE_EN_POLVO;LECHE EN POLVO 900 GR LA CAMPINA;1
3627851;2026-09-15;BQTO08;INVERSIONES SASSARI 2017 C.A;Comp_LECHE_EN_POLVO;LECHE EN POLVO 900 GR SAN SIMON;1
3552415;2026-09-09;BQTO01;Inversiones Union Center;Comp_BEBIDAS;DURAZNO NATULAC 1L;3
3632755;2026-09-16;BQTO01;Inversiones Union Center;Comp_BEBIDAS_LACT;LECHE COMPLETA NATULAC;12
3552409;2026-09-09;BQTO01;Inversiones Union Center;Comp_BEBIDAS_LACT;LECHE COMPLETA PASTORENA;12
3632756;2026-09-16;BQTO01;Inversiones Union Center;Comp_BEBIDAS_LACT;LECHE DESCREMADA PASTORENA;12
3632757;2026-09-16;BQTO01;Inversiones Union Center;Comp_BEBIDAS_LACT;LECHE DESLACTOSADA PASTORENA;12
3717990;2026-09-23;BQTO01;Inversiones Union Center;Comp_LECHE_EN_POLVO;LECHE EN POLVO 200 GR LA CAMPINA;2
3717989;2026-09-23;BQTO01;Inversiones Union Center;Comp_LECHE_EN_POLVO;LECHE EN POLVO 400 GR LA CAMPINA;1
3632762;2026-09-16;BQTO01;Inversiones Union Center;Comp_LECHE_EN_POLVO;LECHE EN POLVO 400 GR SAN SIMON;1
3717988;2026-09-23;BQTO01;Inversiones Union Center;Comp_LECHE_EN_POLVO;LECHE EN POLVO 900 GR LA CAMPINA;1
3552413;2026-09-09;BQTO01;Inversiones Union Center;Comp_BEBIDAS;MANZANA NATULAC 1L;3
3552412;2026-09-09;BQTO01;Inversiones Union Center;Comp_BEBIDAS;NARANJA NATULAC 1L;3
3552414;2026-09-09;BQTO01;Inversiones Union Center;Comp_BEBIDAS;PERA NATULAC 1L;3
3719285;2026-09-23;BQTO04;JINGYANG LI;Comp_LECHE_EN_POLVO;LECHE EN POLVO 200 GR LA CAMPINA;2
3719282;2026-09-23;BQTO04;JINGYANG LI;Comp_LECHE_EN_POLVO;LECHE EN POLVO 400 GR LA CAMPINA;2
3634502;2026-09-16;BQTO04;JINGYANG LI;Comp_LECHE_EN_POLVO;LECHE EN POLVO 400 GR SAN SIMON;2
3719288;2026-09-23;BQTO04;JINGYANG LI;Comp_LECHE_EN_POLVO;LECHE EN POLVO 900 GR LA CAMPINA;2
3713664;2026-09-23;VLC02;KALEA  LA GRANJA;Comp_DERIV_LACTEOS;CREMA DE LECHE DE PAISA 250GR;1
3713663;2026-09-23;VLC02;KALEA  LA GRANJA;Comp_DERIV_LACTEOS;CREMA DE LECHE DE PAISA 500GR;1
3713638;2026-09-23;VLC02;KALEA  LA GRANJA;Comp_BEBIDAS;DURAZNO KAITO 200ML;2
3713654;2026-09-23;VLC02;KALEA  LA GRANJA;Comp_BEBIDAS;DURAZNO NATULAC 1L;2
3713658;2026-09-23;VLC02;KALEA  LA GRANJA;Comp_BEBIDAS;DURAZNO PASTORENA;1
3713642;2026-09-23;VLC02;KALEA  LA GRANJA;Comp_BEBIDAS_LACT;LECHE COMPLETA PASTORENA;1
3713641;2026-09-23;VLC02;KALEA  LA GRANJA;Comp_BEBIDAS_LACT;LECHE DESCREMADA NATULAC;1
3713643;2026-09-23;VLC02;KALEA  LA GRANJA;Comp_BEBIDAS_LACT;LECHE DESCREMADA PASTORENA;2
3713644;2026-09-23;VLC02;KALEA  LA GRANJA;Comp_BEBIDAS_LACT;LECHE DESLACTOSADA PASTORENA;1
3713662;2026-09-23;VLC02;KALEA  LA GRANJA;Comp_DERIV_LACTEOS;MANTEQUILLA PAISA;2
3713646;2026-09-23;VLC02;KALEA  LA GRANJA;Comp_BEBIDAS;MANZANA FRICA;1
3713647;2026-09-23;VLC02;KALEA  LA GRANJA;Comp_BEBIDAS;MANZANA FRICA 500ML;2
3713639;2026-09-23;VLC02;KALEA  LA GRANJA;Comp_BEBIDAS;MANZANA KAITO 200ML;1
3713652;2026-09-23;VLC02;KALEA  LA GRANJA;Comp_BEBIDAS;MANZANA LIGTH NATULAC 1L;3
3713650;2026-09-23;VLC02;KALEA  LA GRANJA;Comp_BEBIDAS;MANZANA NATULAC 500ML;1
3713657;2026-09-23;VLC02;KALEA  LA GRANJA;Comp_BEBIDAS;MANZANA PASTORENA;1
3713645;2026-09-23;VLC02;KALEA  LA GRANJA;Comp_BEBIDAS;NARANJA FRICA;1
3713637;2026-09-23;VLC02;KALEA  LA GRANJA;Comp_BEBIDAS;NARANJA KAITO 200ML;1
3713649;2026-09-23;VLC02;KALEA  LA GRANJA;Comp_BEBIDAS;NARANJA NATULAC 500ML;2
3713656;2026-09-23;VLC02;KALEA  LA GRANJA;Comp_BEBIDAS;NARANJA PASTORENA;1
3713648;2026-09-23;VLC02;KALEA  LA GRANJA;Comp_BEBIDAS;PERA FRICA 500ML;2
3713640;2026-09-23;VLC02;KALEA  LA GRANJA;Comp_BEBIDAS;PERA KAITO 200ML;1
3713653;2026-09-23;VLC02;KALEA  LA GRANJA;Comp_BEBIDAS;PERA LIGHT NATULAC 1L;1
3713655;2026-09-23;VLC02;KALEA  LA GRANJA;Comp_BEBIDAS;PERA NATULAC 1L;1
3713651;2026-09-23;VLC02;KALEA  LA GRANJA;Comp_BEBIDAS;PERA NATULAC 500ML;1
3713659;2026-09-23;VLC02;KALEA  LA GRANJA;Comp_BEBIDAS;PERA PASTORENA;1
3713660;2026-09-23;VLC02;KALEA  LA GRANJA;Comp_BEBIDAS;TE DURAZNO 1L PASTORENA;2
3713661;2026-09-23;VLC02;KALEA  LA GRANJA;Comp_BEBIDAS;TE LIMON 1L PASTORENA;1
3796097;2026-09-30;VLC04;KALEA TRIGALENA;Comp_DERIV_LACTEOS;CREMA DE LECHE DE PAISA 250GR;1
3796096;2026-09-30;VLC04;KALEA TRIGALENA;Comp_DERIV_LACTEOS;CREMA DE LECHE DE PAISA 500GR;1
3678704;2026-09-21;VLC04;KALEA TRIGALENA;Comp_BEBIDAS;DURAZNO FRICA;1
3796088;2026-09-30;VLC04;KALEA TRIGALENA;Comp_BEBIDAS_LACT;LECHE COMPLETA NATULAC;1
3796089;2026-09-30;VLC04;KALEA TRIGALENA;Comp_BEBIDAS_LACT;LECHE DESCREMADA NATULAC;1
3796090;2026-09-30;VLC04;KALEA TRIGALENA;Comp_BEBIDAS_LACT;LECHE DESLACTOSADA NATULAC;1
3796095;2026-09-30;VLC04;KALEA TRIGALENA;Comp_DERIV_LACTEOS;MANTEQUILLA PAISA;3
3712384;2026-09-23;VLC04;KALEA TRIGALENA;Comp_BEBIDAS;MANZANA FRICA;1
3796094;2026-09-30;VLC04;KALEA TRIGALENA;Comp_BEBIDAS;MANZANA LIGTH NATULAC 1L;1
3796091;2026-09-30;VLC04;KALEA TRIGALENA;Comp_BEBIDAS;MANZANA NATULAC 1L;2
3712383;2026-09-23;VLC04;KALEA TRIGALENA;Comp_BEBIDAS;NARANJA FRICA;1
3796092;2026-09-30;VLC04;KALEA TRIGALENA;Comp_BEBIDAS;NARANJA NATULAC 1L;1
3712385;2026-09-23;VLC04;KALEA TRIGALENA;Comp_BEBIDAS;PERA FRICA;1
3796093;2026-09-30;VLC04;KALEA TRIGALENA;Comp_BEBIDAS;PERA NATULAC 1L;1
3764038;2026-09-28;VLC04;KALEA TRIGALENA;Comp_BEBIDAS;TE DURAZNO 1L PASTORENA;1
3678707;2026-09-21;VLC04;KALEA TRIGALENA;Comp_BEBIDAS;TE LIMON 1L PARMALAT;2
3764039;2026-09-28;VLC04;KALEA TRIGALENA;Comp_BEBIDAS;TE LIMON 1L PASTORENA;1
3689472;2026-09-22;VLC01;KALEA VALLE;Comp_EMBUTIDOS;CHORIZO AHUMADO PARRILLERO MONSERRATINA;2
3737647;2026-09-25;VLC01;KALEA VALLE;Comp_DERIV_LACTEOS;CREMA DE LECHE DE PAISA 250GR;1
3737646;2026-09-25;VLC01;KALEA VALLE;Comp_DERIV_LACTEOS;CREMA DE LECHE DE PAISA 500GR;1
3656890;2026-09-18;VLC01;KALEA VALLE;Comp_DERIV_LACTEOS;CREMA DE LECHE QUENACA DE 500GR;1
3785826;2026-09-29;VLC01;KALEA VALLE;Comp_BEBIDAS;DURAZNO KAITO 200ML;3
3656934;2026-09-18;VLC01;KALEA VALLE;Comp_BEBIDAS;DURAZNO NATULAC 250ML;1
3785811;2026-09-29;VLC01;KALEA VALLE;Comp_BEBIDAS_LACT;LECHE COMPLETA NATULAC;3
3785808;2026-09-29;VLC01;KALEA VALLE;Comp_BEBIDAS_LACT;LECHE COMPLETA PASTORENA;6
3785812;2026-09-29;VLC01;KALEA VALLE;Comp_BEBIDAS_LACT;LECHE DESCREMADA NATULAC;3
3785809;2026-09-29;VLC01;KALEA VALLE;Comp_BEBIDAS_LACT;LECHE DESCREMADA PASTORENA;3
3785813;2026-09-29;VLC01;KALEA VALLE;Comp_BEBIDAS_LACT;LECHE DESLACTOSADA NATULAC;3
3785810;2026-09-29;VLC01;KALEA VALLE;Comp_BEBIDAS_LACT;LECHE DESLACTOSADA PASTORENA;3
3737569;2026-09-25;VLC01;KALEA VALLE;Comp_LECHE_EN_POLVO;LECHE EN POLVO 200 GR LA CAMPINA;1
3656864;2026-09-18;VLC01;KALEA VALLE;Comp_LECHE_EN_POLVO;LECHE EN POLVO 200 GR SAN SIMON;1
3689470;2026-09-22;VLC01;KALEA VALLE;Comp_LECHE_EN_POLVO;LECHE EN POLVO 400 GR LA CAMPINA;1
3737570;2026-09-25;VLC01;KALEA VALLE;Comp_LECHE_EN_POLVO;LECHE EN POLVO 400 GR SAN SIMON;1
3737571;2026-09-25;VLC01;KALEA VALLE;Comp_LECHE_EN_POLVO;LECHE EN POLVO 900 GR LA CAMPINA;1
3737572;2026-09-25;VLC01;KALEA VALLE;Comp_LECHE_EN_POLVO;LECHE EN POLVO 900 GR SAN SIMON;1
3785789;2026-09-29;VLC01;KALEA VALLE;Comp_DERIV_LACTEOS;MANTEQUILLA PAISA;1
3737637;2026-09-25;VLC01;KALEA VALLE;Comp_BEBIDAS;MANZANA FRICA 250ML;1
3737606;2026-09-25;VLC01;KALEA VALLE;Comp_BEBIDAS;MANZANA FRICA 500ML;1
3785828;2026-09-29;VLC01;KALEA VALLE;Comp_BEBIDAS;MANZANA KAITO 200ML;1
3656932;2026-09-18;VLC01;KALEA VALLE;Comp_BEBIDAS;MANZANA NATULAC 250ML;1
3607869;2026-09-15;VLC01;KALEA VALLE;Comp_EMBUTIDOS;MORTADELA PLUMROSE DE CARNES 1KG;1
3737636;2026-09-25;VLC01;KALEA VALLE;Comp_BEBIDAS;NARANJA FRICA 250ML;1
3737605;2026-09-25;VLC01;KALEA VALLE;Comp_BEBIDAS;NARANJA FRICA 500ML;1
3785829;2026-09-29;VLC01;KALEA VALLE;Comp_BEBIDAS;NARANJA KAITO 200ML;2
3656931;2026-09-18;VLC01;KALEA VALLE;Comp_BEBIDAS;NARANJA NATULAC 250ML;1
3737604;2026-09-25;VLC01;KALEA VALLE;Comp_BEBIDAS;NARANJA NATULAC 500ML;1
3737607;2026-09-25;VLC01;KALEA VALLE;Comp_BEBIDAS;PERA FRICA 500ML;1
3785827;2026-09-29;VLC01;KALEA VALLE;Comp_BEBIDAS;PERA KAITO 200ML;1
3656933;2026-09-18;VLC01;KALEA VALLE;Comp_BEBIDAS;PERA NATULAC 250ML;1
3737603;2026-09-25;VLC01;KALEA VALLE;Comp_BEBIDAS;PERA NATULAC 500ML;1
3474129;2026-09-01;VLC01;KALEA VALLE;Comp_BEBIDAS;PERA PASTORENA;2
3689400;2026-09-22;VLC01;KALEA VALLE;Comp_EMBUTIDOS;SALCHICHA TIPO VIENA 225GR FIESTA;1
3785794;2026-09-29;VLC01;KALEA VALLE;Comp_EMBUTIDOS;SALCHICHA TIPO VIENA 450GR FIESTA;1
3737582;2026-09-25;VLC01;KALEA VALLE;Comp_EMBUTIDOS;SALCHICHA TIPO VIENA 450GR HERMO;1
3785778;2026-09-29;VLC01;KALEA VALLE;Comp_BEBIDAS;TE DURAZNO 1L PASTORENA;1
3785780;2026-09-29;VLC01;KALEA VALLE;Comp_BEBIDAS;TE LIMON 1L PASTORENA;1
3569117;2026-09-10;PLC05;KALIMAN 2;Comp_LECHE_EN_POLVO;LECHE EN POLVO 400 GR LA CAMPINA;1
3569116;2026-09-10;PLC05;KALIMAN 2;Comp_LECHE_EN_POLVO;LECHE EN POLVO 400 GR SAN SIMON;3
3569118;2026-09-10;PLC05;KALIMAN 2;Comp_LECHE_EN_POLVO;LECHE EN POLVO 900 GR SAN SIMON;1
3727330;2026-09-24;PLC09;KALIMAN I;Comp_BEBIDAS_LACT;LECHE COMPLETA NATULAC;12
3727329;2026-09-24;PLC09;KALIMAN I;Comp_BEBIDAS_LACT;LECHE COMPLETA SAN SIMON;8
3714279;2026-09-23;PLC09;KALIMAN I;Comp_BEBIDAS_LACT;LECHE DESCREMADA SAN SIMON;20
3581590;2026-09-11;PLC09;KALIMAN I;Comp_LECHE_EN_POLVO;LECHE EN POLVO 200 GR LA CAMPINA;3
3581588;2026-09-11;PLC09;KALIMAN I;Comp_LECHE_EN_POLVO;LECHE EN POLVO 200 GR SAN SIMON;6
3629480;2026-09-16;PLC09;KALIMAN I;Comp_LECHE_EN_POLVO;LECHE EN POLVO 400 GR SAN SIMON;7
3629481;2026-09-16;PLC09;KALIMAN I;Comp_LECHE_EN_POLVO;LECHE EN POLVO 900 GR LA CAMPINA;9
3629479;2026-09-16;PLC09;KALIMAN I;Comp_LECHE_EN_POLVO;LECHE EN POLVO 900 GR SAN SIMON;12
3581239;2026-09-11;BQTO03;KARI TRAKI;Comp_BEBIDAS;DURAZNO NATULAC 1L;4
3550105;2026-09-09;BQTO03;KARI TRAKI;Comp_BEBIDAS_LACT;LECHE COMPLETA NATULAC;15
3550104;2026-09-09;BQTO03;KARI TRAKI;Comp_BEBIDAS_LACT;LECHE DESCREMADA NATULAC;20
3520868;2026-09-07;BQTO03;KARI TRAKI;Comp_BEBIDAS_LACT;LECHE DESLACTOSADA NATULAC;12
3659593;2026-09-18;BQTO03;KARI TRAKI;Comp_LECHE_EN_POLVO;LECHE EN POLVO 200 GR LA CAMPINA;1
3659595;2026-09-18;BQTO03;KARI TRAKI;Comp_LECHE_EN_POLVO;LECHE EN POLVO 400 GR LA CAMPINA;2
3628266;2026-09-16;BQTO03;KARI TRAKI;Comp_LECHE_EN_POLVO;LECHE EN POLVO 400 GR SAN SIMON;2
3659591;2026-09-18;BQTO03;KARI TRAKI;Comp_LECHE_EN_POLVO;LECHE EN POLVO 900 GR LA CAMPINA;3
3659594;2026-09-18;BQTO03;KARI TRAKI;Comp_LECHE_EN_POLVO;LECHE EN POLVO 900 GR SAN SIMON;8
3581237;2026-09-11;BQTO03;KARI TRAKI;Comp_BEBIDAS;MANZANA NATULAC 1L;4
3581234;2026-09-11;BQTO03;KARI TRAKI;Comp_BEBIDAS;NARANJA NATULAC 1L;2
3581232;2026-09-11;BQTO03;KARI TRAKI;Comp_BEBIDAS;PERA NATULAC 1L;4
3729537;2026-09-24;VLC03;KOSMO GUACARA;Comp_EMBUTIDOS;CHORIZO AHUMADO PARRILLERO MONSERRATINA;1
3729506;2026-09-24;VLC03;KOSMO GUACARA;Comp_DERIV_LACTEOS;CREMA DE LECHE DE PAISA 250GR;1
3729505;2026-09-24;VLC03;KOSMO GUACARA;Comp_DERIV_LACTEOS;CREMA DE LECHE DE PAISA 500GR;2
3729527;2026-09-24;VLC03;KOSMO GUACARA;Comp_BEBIDAS;DURAZNO NATULAC 1L;11
3729486;2026-09-24;VLC03;KOSMO GUACARA;Comp_BEBIDAS_LACT;LECHE COMPLETA NATULAC;14
3729487;2026-09-24;VLC03;KOSMO GUACARA;Comp_BEBIDAS_LACT;LECHE COMPLETA SAN SIMON;30
3729474;2026-09-24;VLC03;KOSMO GUACARA;Comp_BEBIDAS_LACT;LECHE DESCREMADA PASTORENA;4
3729476;2026-09-24;VLC03;KOSMO GUACARA;Comp_BEBIDAS_LACT;LECHE DESCREMADA SAN SIMON;10
3729475;2026-09-24;VLC03;KOSMO GUACARA;Comp_BEBIDAS_LACT;LECHE DESLACTOSADA PASTORENA;5
3729484;2026-09-24;VLC03;KOSMO GUACARA;Comp_LECHE_EN_POLVO;LECHE EN POLVO 200 GR LA CAMPINA;4
3729482;2026-09-24;VLC03;KOSMO GUACARA;Comp_LECHE_EN_POLVO;LECHE EN POLVO 200 GR SAN SIMON;8
3729483;2026-09-24;VLC03;KOSMO GUACARA;Comp_LECHE_EN_POLVO;LECHE EN POLVO 900 GR LA CAMPINA;4
3729481;2026-09-24;VLC03;KOSMO GUACARA;Comp_LECHE_EN_POLVO;LECHE EN POLVO 900 GR SAN SIMON;9
3729528;2026-09-24;VLC03;KOSMO GUACARA;Comp_BEBIDAS;MANZANA NATULAC 1L;8
3729490;2026-09-24;VLC03;KOSMO GUACARA;Comp_EMBUTIDOS;MORTADELA PLUMROSE DE CARNES 1KG;6
3729529;2026-09-24;VLC03;KOSMO GUACARA;Comp_BEBIDAS;PERA NATULAC 1L;9
3729498;2026-09-24;VLC03;KOSMO GUACARA;Comp_EMBUTIDOS;SALCHICHA TIPO VIENA 225GR FIESTA;2
3729497;2026-09-24;VLC03;KOSMO GUACARA;Comp_EMBUTIDOS;SALCHICHA TIPO VIENA 450GR FIESTA;1
3792191;2026-09-30;VLC01;KOSMO NISPERO;Comp_DERIV_LACTEOS;CREMA DE LECHE DE PAISA 250GR;1
3669098;2026-09-21;VLC01;KOSMO NISPERO;Comp_DERIV_LACTEOS;CREMA DE LECHE DE PAISA 500GR;1
3669130;2026-09-21;VLC01;KOSMO NISPERO;Comp_BEBIDAS;DURAZNO NATULAC 1L;2
3792242;2026-09-30;VLC01;KOSMO NISPERO;Comp_BEBIDAS_LACT;LECHE COMPLETA PASTORENA;9
3792243;2026-09-30;VLC01;KOSMO NISPERO;Comp_BEBIDAS_LACT;LECHE DESCREMADA PASTORENA;7
3792244;2026-09-30;VLC01;KOSMO NISPERO;Comp_BEBIDAS_LACT;LECHE DESLACTOSADA PASTORENA;5
3792198;2026-09-30;VLC01;KOSMO NISPERO;Comp_LECHE_EN_POLVO;LECHE EN POLVO 200 GR LA CAMPINA;1
3792199;2026-09-30;VLC01;KOSMO NISPERO;Comp_LECHE_EN_POLVO;LECHE EN POLVO 900 GR LA CAMPINA;1
3792200;2026-09-30;VLC01;KOSMO NISPERO;Comp_LECHE_EN_POLVO;LECHE EN POLVO 900 GR SAN SIMON;1
3792223;2026-09-30;VLC01;KOSMO NISPERO;Comp_BEBIDAS;MANZANA NATULAC 1L;5
3792210;2026-09-30;VLC01;KOSMO NISPERO;Comp_BEBIDAS;MANZANA NATULAC 250ML;2
3792208;2026-09-30;VLC01;KOSMO NISPERO;Comp_BEBIDAS;NARANJA NATULAC 250ML;2
3792222;2026-09-30;VLC01;KOSMO NISPERO;Comp_BEBIDAS;PERA NATULAC 1L;3
3792209;2026-09-30;VLC01;KOSMO NISPERO;Comp_BEBIDAS;PERA NATULAC 250ML;2
3792235;2026-09-30;VLC01;KOSMO NISPERO;Comp_EMBUTIDOS;SALCHICHA TIPO VIENA 225GR FIESTA;2
3669142;2026-09-21;VLC01;KOSMO NISPERO;Comp_EMBUTIDOS;SALCHICHA TIPO VIENA 450GR FIESTA;1
3734038;2026-09-24;VLC02;KROMI MANONGO;Comp_DERIV_LACTEOS;CREMA DE LECHE DE PAISA 250GR;1
3734037;2026-09-24;VLC02;KROMI MANONGO;Comp_DERIV_LACTEOS;CREMA DE LECHE DE PAISA 500GR;1
3734027;2026-09-24;VLC02;KROMI MANONGO;Comp_BEBIDAS;DURAZNO KAITO 200ML;1
3734022;2026-09-24;VLC02;KROMI MANONGO;Comp_BEBIDAS;DURAZNO NATULAC 1L;1
3734035;2026-09-24;VLC02;KROMI MANONGO;Comp_JAMONERIA;JAMON ESTANDAR MILLENIUM  5.9kg;2
3734032;2026-09-24;VLC02;KROMI MANONGO;Comp_BEBIDAS_LACT;LECHE COMPLETA NATULAC;2
3734033;2026-09-24;VLC02;KROMI MANONGO;Comp_BEBIDAS_LACT;LECHE DESCREMADA NATULAC;1
3734034;2026-09-24;VLC02;KROMI MANONGO;Comp_BEBIDAS_LACT;LECHE DESLACTOSADA NATULAC;1
3734036;2026-09-24;VLC02;KROMI MANONGO;Comp_DERIV_LACTEOS;MANTEQUILLA PAISA;1
3734028;2026-09-24;VLC02;KROMI MANONGO;Comp_BEBIDAS;MANZANA KAITO 200ML;1
3734020;2026-09-24;VLC02;KROMI MANONGO;Comp_BEBIDAS;MANZANA LIGTH NATULAC 1L;1
3734023;2026-09-24;VLC02;KROMI MANONGO;Comp_BEBIDAS;MANZANA NATULAC 1L;1
3734026;2026-09-24;VLC02;KROMI MANONGO;Comp_BEBIDAS;NARANJA KAITO 200ML;1
3734024;2026-09-24;VLC02;KROMI MANONGO;Comp_BEBIDAS;NARANJA NATULAC 1L;1
3734029;2026-09-24;VLC02;KROMI MANONGO;Comp_BEBIDAS;PERA KAITO 200ML;1
3734021;2026-09-24;VLC02;KROMI MANONGO;Comp_BEBIDAS;PERA LIGHT NATULAC 1L;7
3734025;2026-09-24;VLC02;KROMI MANONGO;Comp_BEBIDAS;PERA NATULAC 1L;1
3734030;2026-09-24;VLC02;KROMI MANONGO;Comp_BEBIDAS;TE DURAZNO 1L PARMALAT;2
3734031;2026-09-24;VLC02;KROMI MANONGO;Comp_BEBIDAS;TE LIMON 1L PARMALAT;2
3670757;2026-09-21;VLC02;KROMI NORTE;Comp_DERIV_LACTEOS;CREMA DE LECHE DE PAISA 250GR;2
3670756;2026-09-21;VLC02;KROMI NORTE;Comp_DERIV_LACTEOS;CREMA DE LECHE DE PAISA 500GR;3
3670771;2026-09-21;VLC02;KROMI NORTE;Comp_BEBIDAS;DURAZNO FRICA 250ML;1
3670761;2026-09-21;VLC02;KROMI NORTE;Comp_BEBIDAS_LACT;LECHE COMPLETA NATULAC;1
3670766;2026-09-21;VLC02;KROMI NORTE;Comp_BEBIDAS_LACT;LECHE COMPLETA SAN SIMON;1
3670762;2026-09-21;VLC02;KROMI NORTE;Comp_BEBIDAS_LACT;LECHE DESCREMADA NATULAC;1
3670764;2026-09-21;VLC02;KROMI NORTE;Comp_BEBIDAS_LACT;LECHE DESCREMADA PASTORENA;2
3670767;2026-09-21;VLC02;KROMI NORTE;Comp_BEBIDAS_LACT;LECHE DESCREMADA SAN SIMON;1
3670763;2026-09-21;VLC02;KROMI NORTE;Comp_BEBIDAS_LACT;LECHE DESLACTOSADA NATULAC;1
3670765;2026-09-21;VLC02;KROMI NORTE;Comp_BEBIDAS_LACT;LECHE DESLACTOSADA PASTORENA;3
3670768;2026-09-21;VLC02;KROMI NORTE;Comp_BEBIDAS_LACT;LECHE DESLACTOSADA SAN SIMON;1
3670755;2026-09-21;VLC02;KROMI NORTE;Comp_DERIV_LACTEOS;MANTEQUILLA PAISA;1
3670772;2026-09-21;VLC02;KROMI NORTE;Comp_BEBIDAS;MANZANA FRICA 250ML;1
3670776;2026-09-21;VLC02;KROMI NORTE;Comp_BEBIDAS;MANZANA KAITO 200ML;1
3670778;2026-09-21;VLC02;KROMI NORTE;Comp_BEBIDAS;MANZANA LIGTH NATULAC 1L;1
3670779;2026-09-21;VLC02;KROMI NORTE;Comp_BEBIDAS;MANZANA NATULAC 1L;1
3670769;2026-09-21;VLC02;KROMI NORTE;Comp_BEBIDAS;NARANJA FRICA;1
3670770;2026-09-21;VLC02;KROMI NORTE;Comp_BEBIDAS;NARANJA FRICA 250ML;1
3670775;2026-09-21;VLC02;KROMI NORTE;Comp_BEBIDAS;NARANJA KAITO 200ML;1
3670780;2026-09-21;VLC02;KROMI NORTE;Comp_BEBIDAS;NARANJA NATULAC 1L;2
3670786;2026-09-21;VLC02;KROMI NORTE;Comp_BEBIDAS;NARANJA PASTORENA;1
3670773;2026-09-21;VLC02;KROMI NORTE;Comp_BEBIDAS;PERA FRICA 250ML;1
3670777;2026-09-21;VLC02;KROMI NORTE;Comp_BEBIDAS;PERA KAITO 200ML;1
3670781;2026-09-21;VLC02;KROMI NORTE;Comp_BEBIDAS;PERA NATULAC 1L;1
3670787;2026-09-21;VLC02;KROMI NORTE;Comp_BEBIDAS;PERA PASTORENA;1
3670760;2026-09-21;VLC02;KROMI NORTE;Comp_EMBUTIDOS;SALCHICHA TIPO VIENA 225GR FIESTA;1
3670759;2026-09-21;VLC02;KROMI NORTE;Comp_EMBUTIDOS;SALCHICHA TIPO VIENA 450GR FIESTA;1
3670758;2026-09-21;VLC02;KROMI NORTE;Comp_EMBUTIDOS;SALCHICHA TIPO VIENA 800GR FIESTA;1
3670782;2026-09-21;VLC02;KROMI NORTE;Comp_BEBIDAS;TE DURAZNO 1L PARMALAT;1
3670784;2026-09-21;VLC02;KROMI NORTE;Comp_BEBIDAS;TE DURAZNO 1L PASTORENA;1
3670783;2026-09-21;VLC02;KROMI NORTE;Comp_BEBIDAS;TE LIMON 1L PARMALAT;1
3670785;2026-09-21;VLC02;KROMI NORTE;Comp_BEBIDAS;TE LIMON 1L PASTORENA;1
3789986;2026-09-30;VLC01;KROMI PORTACHUELA;Comp_DERIV_LACTEOS;CREMA DE LECHE DE PAISA 250GR;1
3474130;2026-09-02;VLC01;KROMI PORTACHUELA;Comp_BEBIDAS;DURAZNO FRICA;2
3474116;2026-09-02;VLC01;KROMI PORTACHUELA;Comp_BEBIDAS;DURAZNO KAITO 200ML;1
3728868;2026-09-24;VLC01;KROMI PORTACHUELA;Comp_BEBIDAS;DURAZNO PASTORENA;1
3789953;2026-09-30;VLC01;KROMI PORTACHUELA;Comp_BEBIDAS_LACT;LECHE COMPLETA NATULAC;1
3789956;2026-09-30;VLC01;KROMI PORTACHUELA;Comp_BEBIDAS_LACT;LECHE COMPLETA PASTORENA;2
3728838;2026-09-24;VLC01;KROMI PORTACHUELA;Comp_BEBIDAS_LACT;LECHE COMPLETA SAN SIMON;1
3789954;2026-09-30;VLC01;KROMI PORTACHUELA;Comp_BEBIDAS_LACT;LECHE DESCREMADA NATULAC;1
3728836;2026-09-24;VLC01;KROMI PORTACHUELA;Comp_BEBIDAS_LACT;LECHE DESCREMADA PASTORENA;2
3728839;2026-09-24;VLC01;KROMI PORTACHUELA;Comp_BEBIDAS_LACT;LECHE DESCREMADA SAN SIMON;1
3789955;2026-09-30;VLC01;KROMI PORTACHUELA;Comp_BEBIDAS_LACT;LECHE DESLACTOSADA NATULAC;1
3728840;2026-09-24;VLC01;KROMI PORTACHUELA;Comp_BEBIDAS_LACT;LECHE DESLACTOSADA SAN SIMON;1
3728895;2026-09-24;VLC01;KROMI PORTACHUELA;Comp_LECHE_EN_POLVO;LECHE EN POLVO 200 GR LA CAMPINA;2
3728894;2026-09-24;VLC01;KROMI PORTACHUELA;Comp_LECHE_EN_POLVO;LECHE EN POLVO 400 GR LA CAMPINA;1
3728896;2026-09-24;VLC01;KROMI PORTACHUELA;Comp_LECHE_EN_POLVO;LECHE EN POLVO 900 GR LA CAMPINA;1
3789961;2026-09-30;VLC01;KROMI PORTACHUELA;Comp_DERIV_LACTEOS;MANTEQUILLA PAISA;1
3474136;2026-09-02;VLC01;KROMI PORTACHUELA;Comp_BEBIDAS;MANZANA FRICA 500ML;1
3789973;2026-09-30;VLC01;KROMI PORTACHUELA;Comp_BEBIDAS;MANZANA KAITO 200ML;2
3474124;2026-09-02;VLC01;KROMI PORTACHUELA;Comp_BEBIDAS;MANZANA PASTORENA;1
3474132;2026-09-02;VLC01;KROMI PORTACHUELA;Comp_BEBIDAS;NARANJA FRICA;2
3474134;2026-09-02;VLC01;KROMI PORTACHUELA;Comp_BEBIDAS;NARANJA FRICA 500ML;2
3789974;2026-09-30;VLC01;KROMI PORTACHUELA;Comp_BEBIDAS;NARANJA KAITO 200ML;1
3728869;2026-09-24;VLC01;KROMI PORTACHUELA;Comp_BEBIDAS;NARANJA PASTORENA;1
3474137;2026-09-02;VLC01;KROMI PORTACHUELA;Comp_BEBIDAS;PERA FRICA 500ML;1
3789971;2026-09-30;VLC01;KROMI PORTACHUELA;Comp_BEBIDAS;PERA KAITO 200ML;1
3474126;2026-09-02;VLC01;KROMI PORTACHUELA;Comp_BEBIDAS;PERA PASTORENA;1
3789988;2026-09-30;VLC01;KROMI PORTACHUELA;Comp_EMBUTIDOS;SALCHICHA TIPO VIENA 225GR FIESTA;1
3789987;2026-09-30;VLC01;KROMI PORTACHUELA;Comp_EMBUTIDOS;SALCHICHA TIPO VIENA 450GR FIESTA;1
3474117;2026-09-02;VLC01;KROMI PORTACHUELA;Comp_BEBIDAS;TE DURAZNO 1L PASTORENA;1
3789975;2026-09-30;VLC01;KROMI PORTACHUELA;Comp_BEBIDAS;TE LIMON 1L PARMALAT;2
3474120;2026-09-02;VLC01;KROMI PORTACHUELA;Comp_BEBIDAS;TE LIMON 1L PASTORENA;1
3770587;2026-09-28;VLC01;KROMI PREBO;Comp_DERIV_LACTEOS;CREMA DE LECHE DE PAISA 250GR;3
3770588;2026-09-28;VLC01;KROMI PREBO;Comp_DERIV_LACTEOS;CREMA DE LECHE DE PAISA 500GR;3
3682267;2026-09-21;VLC01;KROMI PREBO;Comp_DERIV_LACTEOS;CREMA DE LECHE QUENACA DE 500GR;2
3682369;2026-09-21;VLC01;KROMI PREBO;Comp_BEBIDAS;DURAZNO FRICA;1
3682387;2026-09-21;VLC01;KROMI PREBO;Comp_BEBIDAS;DURAZNO FRICA 250ML;1
3682382;2026-09-21;VLC01;KROMI PREBO;Comp_BEBIDAS;DURAZNO KAITO 200ML;1
3682354;2026-09-21;VLC01;KROMI PREBO;Comp_BEBIDAS;DURAZNO NATULAC 1L;2
3682385;2026-09-21;VLC01;KROMI PREBO;Comp_BEBIDAS;DURAZNO NATULAC 250ML;1
3682349;2026-09-21;VLC01;KROMI PREBO;Comp_BEBIDAS;DURAZNO PASTORENA;1
3682336;2026-09-21;VLC01;KROMI PREBO;Comp_JAMONERIA;JAMON PIERNA MILLENIUM 98%;1
3799907;2026-09-30;VLC01;KROMI PREBO;Comp_JAMONERIA;JAMON PIERNA PLUMROSE 98%;1
3682319;2026-09-21;VLC01;KROMI PREBO;Comp_BEBIDAS_LACT;LECHE COMPLETA NATULAC;2
3682316;2026-09-21;VLC01;KROMI PREBO;Comp_BEBIDAS_LACT;LECHE COMPLETA PASTORENA;1
3682313;2026-09-21;VLC01;KROMI PREBO;Comp_BEBIDAS_LACT;LECHE COMPLETA SAN SIMON;2
3682320;2026-09-21;VLC01;KROMI PREBO;Comp_BEBIDAS_LACT;LECHE DESCREMADA NATULAC;2
3682317;2026-09-21;VLC01;KROMI PREBO;Comp_BEBIDAS_LACT;LECHE DESCREMADA PASTORENA;1
3682314;2026-09-21;VLC01;KROMI PREBO;Comp_BEBIDAS_LACT;LECHE DESCREMADA SAN SIMON;1
3682321;2026-09-21;VLC01;KROMI PREBO;Comp_BEBIDAS_LACT;LECHE DESLACTOSADA NATULAC;2
3682318;2026-09-21;VLC01;KROMI PREBO;Comp_BEBIDAS_LACT;LECHE DESLACTOSADA PASTORENA;1
3682315;2026-09-21;VLC01;KROMI PREBO;Comp_BEBIDAS_LACT;LECHE DESLACTOSADA SAN SIMON;1
3682297;2026-09-21;VLC01;KROMI PREBO;Comp_LECHE_EN_POLVO;LECHE EN POLVO 200 GR LA CAMPINA;3
3682296;2026-09-21;VLC01;KROMI PREBO;Comp_LECHE_EN_POLVO;LECHE EN POLVO 400 GR LA CAMPINA;3
3682299;2026-09-21;VLC01;KROMI PREBO;Comp_LECHE_EN_POLVO;LECHE EN POLVO 400 GR SAN SIMON;2
3682295;2026-09-21;VLC01;KROMI PREBO;Comp_LECHE_EN_POLVO;LECHE EN POLVO 900 GR LA CAMPINA;2
3682298;2026-09-21;VLC01;KROMI PREBO;Comp_LECHE_EN_POLVO;LECHE EN POLVO 900 GR SAN SIMON;2
3770575;2026-09-28;VLC01;KROMI PREBO;Comp_DERIV_LACTEOS;MANTEQUILLA PAISA;2
3770576;2026-09-28;VLC01;KROMI PREBO;Comp_DERIV_LACTEOS;MANTEQUILLA PAISA SIN SAL;2
3682367;2026-09-21;VLC01;KROMI PREBO;Comp_BEBIDAS;MANZANA FRICA;1
3682389;2026-09-21;VLC01;KROMI PREBO;Comp_BEBIDAS;MANZANA FRICA 250ML;1
3682380;2026-09-21;VLC01;KROMI PREBO;Comp_BEBIDAS;MANZANA KAITO 200ML;2
3651035;2026-09-17;VLC01;KROMI PREBO;Comp_BEBIDAS;MANZANA LIGTH NATULAC 1L;2
3682352;2026-09-21;VLC01;KROMI PREBO;Comp_BEBIDAS;MANZANA NATULAC 1L;2
3682384;2026-09-21;VLC01;KROMI PREBO;Comp_BEBIDAS;MANZANA NATULAC 250ML;1
3510189;2026-09-04;VLC01;KROMI PREBO;Comp_BEBIDAS;MANZANA PASTORENA;1
3770589;2026-09-28;VLC01;KROMI PREBO;Comp_EMBUTIDOS;MORTADELA PLUMROSE DE CARNES 1KG;1
3799908;2026-09-30;VLC01;KROMI PREBO;Comp_EMBUTIDOS;MORTADELA TAPARA RICCI;1
3682368;2026-09-21;VLC01;KROMI PREBO;Comp_BEBIDAS;NARANJA FRICA;4
3682390;2026-09-21;VLC01;KROMI PREBO;Comp_BEBIDAS;NARANJA FRICA 250ML;1
3682381;2026-09-21;VLC01;KROMI PREBO;Comp_BEBIDAS;NARANJA KAITO 200ML;2
3682351;2026-09-21;VLC01;KROMI PREBO;Comp_BEBIDAS;NARANJA NATULAC 1L;2
3682383;2026-09-21;VLC01;KROMI PREBO;Comp_BEBIDAS;NARANJA NATULAC 250ML;1
3682350;2026-09-21;VLC01;KROMI PREBO;Comp_BEBIDAS;NARANJA PASTORENA;2
3682370;2026-09-21;VLC01;KROMI PREBO;Comp_BEBIDAS;PERA FRICA;1
3682388;2026-09-21;VLC01;KROMI PREBO;Comp_BEBIDAS;PERA FRICA 250ML;1
3682379;2026-09-21;VLC01;KROMI PREBO;Comp_BEBIDAS;PERA KAITO 200ML;2
3651036;2026-09-17;VLC01;KROMI PREBO;Comp_BEBIDAS;PERA LIGHT NATULAC 1L;1
3682353;2026-09-21;VLC01;KROMI PREBO;Comp_BEBIDAS;PERA NATULAC 1L;2
3682386;2026-09-21;VLC01;KROMI PREBO;Comp_BEBIDAS;PERA NATULAC 250ML;1
3682348;2026-09-21;VLC01;KROMI PREBO;Comp_BEBIDAS;PERA PASTORENA;1
3770578;2026-09-28;VLC01;KROMI PREBO;Comp_EMBUTIDOS;SALCHICHA TIPO VIENA 225GR FIESTA;1
3770577;2026-09-28;VLC01;KROMI PREBO;Comp_EMBUTIDOS;SALCHICHA TIPO VIENA 450GR FIESTA;1
3682344;2026-09-21;VLC01;KROMI PREBO;Comp_BEBIDAS;TE DURAZNO 1L PARMALAT;1
3682346;2026-09-21;VLC01;KROMI PREBO;Comp_BEBIDAS;TE DURAZNO 1L PASTORENA;1
3682345;2026-09-21;VLC01;KROMI PREBO;Comp_BEBIDAS;TE LIMON 1L PARMALAT;1
3682347;2026-09-21;VLC01;KROMI PREBO;Comp_BEBIDAS;TE LIMON 1L PASTORENA;1
3799909;2026-09-30;VLC01;KROMI PREBO;Comp_EMBUTIDOS;TOCINETA AHUMADA PLUMROSE;1
3719513;2026-09-23;BQTO06;LA MEGA TIENDA TUREN;Comp_LECHE_EN_POLVO;LECHE EN POLVO 400 GR LA CAMPINA;2
3719512;2026-09-23;BQTO06;LA MEGA TIENDA TUREN;Comp_LECHE_EN_POLVO;LECHE EN POLVO 900 GR SAN SIMON;2
3719253;2026-09-23;BQTO04;LIANG 2009 C.A.;Comp_BEBIDAS_LACT;LECHE COMPLETA NATULAC;3
3719254;2026-09-23;BQTO04;LIANG 2009 C.A.;Comp_BEBIDAS_LACT;LECHE DESCREMADA NATULAC;3
3704517;2026-09-23;PTO01;LLOVIZNA MARKET SIERRA PARIMA;Comp_LECHE_EN_POLVO;LECHE EN POLVO 200 GR LA CAMPINA;6
3704518;2026-09-23;PTO01;LLOVIZNA MARKET SIERRA PARIMA;Comp_LECHE_EN_POLVO;LECHE EN POLVO 400 GR LA CAMPINA;2
3704519;2026-09-23;PTO01;LLOVIZNA MARKET SIERRA PARIMA;Comp_LECHE_EN_POLVO;LECHE EN POLVO 900 GR LA CAMPINA;2
3704521;2026-09-23;PTO01;LLOVIZNA MARKET SIERRA PARIMA;Comp_LECHE_EN_POLVO;LECHE EN POLVO 900 GR SAN SIMON;1
3725800;2026-09-24;PTO01;LLOVIZNA MARKET UNARE;Comp_LECHE_EN_POLVO;LECHE EN POLVO 200 GR LA CAMPINA;1
3725801;2026-09-24;PTO01;LLOVIZNA MARKET UNARE;Comp_LECHE_EN_POLVO;LECHE EN POLVO 900 GR LA CAMPINA;1
3700030;2026-09-22;BQTO07;LOS MOLINOS;Comp_LECHE_EN_POLVO;LECHE EN POLVO 900 GR SAN SIMON;3
3552347;2026-09-07;MCY05;LUXOR CIRCULO MILITAR;Comp_BEBIDAS_LACT;LECHE COMPLETA NATULAC;2
3552350;2026-09-07;MCY05;LUXOR CIRCULO MILITAR;Comp_BEBIDAS_LACT;LECHE COMPLETA SAN SIMON;2
3552348;2026-09-07;MCY05;LUXOR CIRCULO MILITAR;Comp_BEBIDAS_LACT;LECHE DESCREMADA NATULAC;3
3552351;2026-09-07;MCY05;LUXOR CIRCULO MILITAR;Comp_BEBIDAS_LACT;LECHE DESCREMADA SAN SIMON;2
3552349;2026-09-07;MCY05;LUXOR CIRCULO MILITAR;Comp_BEBIDAS_LACT;LECHE DESLACTOSADA NATULAC;2
3562720;2026-09-10;MCY05;LUXOR CIRCULO MILITAR;Comp_LECHE_EN_POLVO;LECHE EN POLVO 400 GR SAN SIMON;1
3562719;2026-09-10;MCY05;LUXOR CIRCULO MILITAR;Comp_LECHE_EN_POLVO;LECHE EN POLVO 900 GR SAN SIMON;6
3552353;2026-09-07;MCY05;LUXOR CIRCULO MILITAR;Comp_BEBIDAS;MANZANA LIGTH NATULAC 1L;1
3552355;2026-09-07;MCY05;LUXOR CIRCULO MILITAR;Comp_BEBIDAS;NARANJA NATULAC 1L;1
3552352;2026-09-07;MCY05;LUXOR CIRCULO MILITAR;Comp_BEBIDAS;PERA LIGHT NATULAC 1L;1
3552354;2026-09-07;MCY05;LUXOR CIRCULO MILITAR;Comp_BEBIDAS;PERA PASTORENA;2
3653451;2026-09-18;VLC01;LUXOR EL BOSQUE;Comp_BEBIDAS;DURAZNO FRICA;1
3729173;2026-09-24;VLC01;LUXOR EL BOSQUE;Comp_BEBIDAS;DURAZNO FRICA 250ML;2
3729175;2026-09-24;VLC01;LUXOR EL BOSQUE;Comp_BEBIDAS;DURAZNO FRICA 250ML;2
3729174;2026-09-24;VLC01;LUXOR EL BOSQUE;Comp_BEBIDAS;DURAZNO FRICA 250ML;2
3729156;2026-09-24;VLC01;LUXOR EL BOSQUE;Comp_BEBIDAS;DURAZNO KAITO 200ML;1
3729155;2026-09-24;VLC01;LUXOR EL BOSQUE;Comp_BEBIDAS;DURAZNO KAITO 200ML;1
3729157;2026-09-24;VLC01;LUXOR EL BOSQUE;Comp_BEBIDAS;DURAZNO KAITO 200ML;1
3729146;2026-09-24;VLC01;LUXOR EL BOSQUE;Comp_BEBIDAS;DURAZNO NATULAC 250ML;1
3729147;2026-09-24;VLC01;LUXOR EL BOSQUE;Comp_BEBIDAS;DURAZNO NATULAC 250ML;1
3729148;2026-09-24;VLC01;LUXOR EL BOSQUE;Comp_BEBIDAS;DURAZNO NATULAC 250ML;1
3728945;2026-09-24;VLC01;LUXOR EL BOSQUE;Comp_JAMONERIA;JAMON PIERNA PLUMROSE 98%;1
3728946;2026-09-24;VLC01;LUXOR EL BOSQUE;Comp_JAMONERIA;JAMON PIERNA PLUMROSE 98%;1
3728947;2026-09-24;VLC01;LUXOR EL BOSQUE;Comp_JAMONERIA;JAMON PIERNA PLUMROSE 98%;1
3728953;2026-09-24;VLC01;LUXOR EL BOSQUE;Comp_BEBIDAS_LACT;LECHE COMPLETA NATULAC;17
3728952;2026-09-24;VLC01;LUXOR EL BOSQUE;Comp_BEBIDAS_LACT;LECHE COMPLETA NATULAC;17
3728951;2026-09-24;VLC01;LUXOR EL BOSQUE;Comp_BEBIDAS_LACT;LECHE COMPLETA NATULAC;17
3728954;2026-09-24;VLC01;LUXOR EL BOSQUE;Comp_BEBIDAS_LACT;LECHE COMPLETA PASTORENA;6
3728955;2026-09-24;VLC01;LUXOR EL BOSQUE;Comp_BEBIDAS_LACT;LECHE COMPLETA PASTORENA;6
3728956;2026-09-24;VLC01;LUXOR EL BOSQUE;Comp_BEBIDAS_LACT;LECHE COMPLETA PASTORENA;6
3728957;2026-09-24;VLC01;LUXOR EL BOSQUE;Comp_BEBIDAS_LACT;LECHE DESCREMADA NATULAC;3
3728958;2026-09-24;VLC01;LUXOR EL BOSQUE;Comp_BEBIDAS_LACT;LECHE DESCREMADA NATULAC;3
3728959;2026-09-24;VLC01;LUXOR EL BOSQUE;Comp_BEBIDAS_LACT;LECHE DESCREMADA NATULAC;3
3728964;2026-09-24;VLC01;LUXOR EL BOSQUE;Comp_BEBIDAS_LACT;LECHE DESCREMADA SAN SIMON;8
3728963;2026-09-24;VLC01;LUXOR EL BOSQUE;Comp_BEBIDAS_LACT;LECHE DESCREMADA SAN SIMON;8
3728965;2026-09-24;VLC01;LUXOR EL BOSQUE;Comp_BEBIDAS_LACT;LECHE DESCREMADA SAN SIMON;8
3728961;2026-09-24;VLC01;LUXOR EL BOSQUE;Comp_BEBIDAS_LACT;LECHE DESLACTOSADA NATULAC;4
3728960;2026-09-24;VLC01;LUXOR EL BOSQUE;Comp_BEBIDAS_LACT;LECHE DESLACTOSADA NATULAC;4
3728962;2026-09-24;VLC01;LUXOR EL BOSQUE;Comp_BEBIDAS_LACT;LECHE DESLACTOSADA NATULAC;4
3653466;2026-09-18;VLC01;LUXOR EL BOSQUE;Comp_BEBIDAS_LACT;LECHE DESLACTOSADA PASTORENA;1
3729011;2026-09-24;VLC01;LUXOR EL BOSQUE;Comp_DERIV_LACTEOS;MANTEQUILLA PAISA;1
3729007;2026-09-24;VLC01;LUXOR EL BOSQUE;Comp_DERIV_LACTEOS;MANTEQUILLA PAISA;1
3729009;2026-09-24;VLC01;LUXOR EL BOSQUE;Comp_DERIV_LACTEOS;MANTEQUILLA PAISA;1
3729169;2026-09-24;VLC01;LUXOR EL BOSQUE;Comp_BEBIDAS;MANZANA FRICA 250ML;2
3729167;2026-09-24;VLC01;LUXOR EL BOSQUE;Comp_BEBIDAS;MANZANA FRICA 250ML;2
3729168;2026-09-24;VLC01;LUXOR EL BOSQUE;Comp_BEBIDAS;MANZANA FRICA 250ML;2
3729109;2026-09-24;VLC01;LUXOR EL BOSQUE;Comp_BEBIDAS;MANZANA FRICA 500ML;4
3729112;2026-09-24;VLC01;LUXOR EL BOSQUE;Comp_BEBIDAS;MANZANA FRICA 500ML;4
3729111;2026-09-24;VLC01;LUXOR EL BOSQUE;Comp_BEBIDAS;MANZANA FRICA 500ML;4
3729162;2026-09-24;VLC01;LUXOR EL BOSQUE;Comp_BEBIDAS;MANZANA KAITO 200ML;1
3729161;2026-09-24;VLC01;LUXOR EL BOSQUE;Comp_BEBIDAS;MANZANA KAITO 200ML;1
3729163;2026-09-24;VLC01;LUXOR EL BOSQUE;Comp_BEBIDAS;MANZANA KAITO 200ML;1
3729116;2026-09-24;VLC01;LUXOR EL BOSQUE;Comp_BEBIDAS;MANZANA NATULAC 1L;1
3729117;2026-09-24;VLC01;LUXOR EL BOSQUE;Comp_BEBIDAS;MANZANA NATULAC 1L;1
3729118;2026-09-24;VLC01;LUXOR EL BOSQUE;Comp_BEBIDAS;MANZANA NATULAC 1L;1
3729170;2026-09-24;VLC01;LUXOR EL BOSQUE;Comp_BEBIDAS;NARANJA FRICA 250ML;2
3729171;2026-09-24;VLC01;LUXOR EL BOSQUE;Comp_BEBIDAS;NARANJA FRICA 250ML;2
3729172;2026-09-24;VLC01;LUXOR EL BOSQUE;Comp_BEBIDAS;NARANJA FRICA 250ML;2
3729108;2026-09-24;VLC01;LUXOR EL BOSQUE;Comp_BEBIDAS;NARANJA FRICA 500ML;1
3729106;2026-09-24;VLC01;LUXOR EL BOSQUE;Comp_BEBIDAS;NARANJA FRICA 500ML;1
3729110;2026-09-24;VLC01;LUXOR EL BOSQUE;Comp_BEBIDAS;NARANJA FRICA 500ML;1
3729159;2026-09-24;VLC01;LUXOR EL BOSQUE;Comp_BEBIDAS;NARANJA KAITO 200ML;1
3729158;2026-09-24;VLC01;LUXOR EL BOSQUE;Comp_BEBIDAS;NARANJA KAITO 200ML;1
3729160;2026-09-24;VLC01;LUXOR EL BOSQUE;Comp_BEBIDAS;NARANJA KAITO 200ML;1
3729154;2026-09-24;VLC01;LUXOR EL BOSQUE;Comp_BEBIDAS;NARANJA NATULAC 250ML;1
3729152;2026-09-24;VLC01;LUXOR EL BOSQUE;Comp_BEBIDAS;NARANJA NATULAC 250ML;1
3729153;2026-09-24;VLC01;LUXOR EL BOSQUE;Comp_BEBIDAS;NARANJA NATULAC 250ML;1
3729100;2026-09-24;VLC01;LUXOR EL BOSQUE;Comp_BEBIDAS;PERA FRICA;2
3729104;2026-09-24;VLC01;LUXOR EL BOSQUE;Comp_BEBIDAS;PERA FRICA;2
3729102;2026-09-24;VLC01;LUXOR EL BOSQUE;Comp_BEBIDAS;PERA FRICA;2
3729114;2026-09-24;VLC01;LUXOR EL BOSQUE;Comp_BEBIDAS;PERA FRICA 500ML;4
3729113;2026-09-24;VLC01;LUXOR EL BOSQUE;Comp_BEBIDAS;PERA FRICA 500ML;4
3729115;2026-09-24;VLC01;LUXOR EL BOSQUE;Comp_BEBIDAS;PERA FRICA 500ML;4
3729164;2026-09-24;VLC01;LUXOR EL BOSQUE;Comp_BEBIDAS;PERA KAITO 200ML;1
3729165;2026-09-24;VLC01;LUXOR EL BOSQUE;Comp_BEBIDAS;PERA KAITO 200ML;1
3729166;2026-09-24;VLC01;LUXOR EL BOSQUE;Comp_BEBIDAS;PERA KAITO 200ML;1
3729119;2026-09-24;VLC01;LUXOR EL BOSQUE;Comp_BEBIDAS;PERA NATULAC 1L;2
3729121;2026-09-24;VLC01;LUXOR EL BOSQUE;Comp_BEBIDAS;PERA NATULAC 1L;2
3729120;2026-09-24;VLC01;LUXOR EL BOSQUE;Comp_BEBIDAS;PERA NATULAC 1L;2
3729149;2026-09-24;VLC01;LUXOR EL BOSQUE;Comp_BEBIDAS;PERA NATULAC 250ML;1
3729151;2026-09-24;VLC01;LUXOR EL BOSQUE;Comp_BEBIDAS;PERA NATULAC 250ML;1
3729150;2026-09-24;VLC01;LUXOR EL BOSQUE;Comp_BEBIDAS;PERA NATULAC 250ML;1
3729103;2026-09-24;VLC01;LUXOR EL BOSQUE;Comp_BEBIDAS;PERA PASTORENA;1
3729105;2026-09-24;VLC01;LUXOR EL BOSQUE;Comp_BEBIDAS;PERA PASTORENA;1
3729107;2026-09-24;VLC01;LUXOR EL BOSQUE;Comp_BEBIDAS;PERA PASTORENA;1
3723916;2026-09-24;MCY01;LUXOR IPSFA;Comp_JAMONERIA;JAMON PIERNA PLUMROSE 98%;1
3723894;2026-09-24;MCY01;LUXOR IPSFA;Comp_BEBIDAS_LACT;LECHE COMPLETA PASTORENA;3
3723895;2026-09-24;MCY01;LUXOR IPSFA;Comp_BEBIDAS_LACT;LECHE COMPLETA SAN SIMON;5
3723897;2026-09-24;MCY01;LUXOR IPSFA;Comp_BEBIDAS_LACT;LECHE DESCREMADA NATULAC;6
3723896;2026-09-24;MCY01;LUXOR IPSFA;Comp_BEBIDAS_LACT;LECHE DESCREMADA PASTORENA;3
3723898;2026-09-24;MCY01;LUXOR IPSFA;Comp_BEBIDAS_LACT;LECHE DESCREMADA SAN SIMON;3
3723899;2026-09-24;MCY01;LUXOR IPSFA;Comp_BEBIDAS_LACT;LECHE DESLACTOSADA NATULAC;2
3633191;2026-09-16;MCY01;LUXOR IPSFA;Comp_BEBIDAS_LACT;LECHE DESLACTOSADA SAN SIMON;3
3680167;2026-09-17;MCY01;LUXOR LA VICTORIA (UNA VEZ POR MES);Comp_BEBIDAS_LACT;LECHE COMPLETA NATULAC;4
3680168;2026-09-17;MCY01;LUXOR LA VICTORIA (UNA VEZ POR MES);Comp_BEBIDAS_LACT;LECHE COMPLETA SAN SIMON;5
3680169;2026-09-17;MCY01;LUXOR LA VICTORIA (UNA VEZ POR MES);Comp_BEBIDAS_LACT;LECHE DESCREMADA NATULAC;4
3680170;2026-09-17;MCY01;LUXOR LA VICTORIA (UNA VEZ POR MES);Comp_BEBIDAS_LACT;LECHE DESCREMADA SAN SIMON;3
3680171;2026-09-17;MCY01;LUXOR LA VICTORIA (UNA VEZ POR MES);Comp_BEBIDAS_LACT;LECHE DESLACTOSADA NATULAC;5
3633267;2026-09-16;MCY01;LUXOR LAS ACACIAS;Comp_BEBIDAS_LACT;LECHE COMPLETA NATULAC;4
3633268;2026-09-16;MCY01;LUXOR LAS ACACIAS;Comp_BEBIDAS_LACT;LECHE COMPLETA SAN SIMON;2
3633269;2026-09-16;MCY01;LUXOR LAS ACACIAS;Comp_BEBIDAS_LACT;LECHE DESCREMADA SAN SIMON;2
3633270;2026-09-16;MCY01;LUXOR LAS ACACIAS;Comp_BEBIDAS_LACT;LECHE DESLACTOSADA NATULAC;3
3633271;2026-09-16;MCY01;LUXOR LAS ACACIAS;Comp_BEBIDAS_LACT;LECHE DESLACTOSADA SAN SIMON;2
3682013;2026-09-16;MCY04;LUXOR MORA DIGA CENTER;Comp_DERIV_LACTEOS;CREMA DE LECHE DE PAISA 250GR;1
3760079;2026-09-23;MCY04;LUXOR MORA DIGA CENTER;Comp_DERIV_LACTEOS;CREMA DE LECHE DE PAISA 500GR;1
3760185;2026-09-23;MCY04;LUXOR MORA DIGA CENTER;Comp_BEBIDAS;DURAZNO FRICA;1
3618104;2026-09-09;MCY04;LUXOR MORA DIGA CENTER;Comp_BEBIDAS_LACT;LECHE COMPLETA PASTORENA;3
3618107;2026-09-09;MCY04;LUXOR MORA DIGA CENTER;Comp_BEBIDAS_LACT;LECHE COMPLETA SAN SIMON;1
3618106;2026-09-09;MCY04;LUXOR MORA DIGA CENTER;Comp_BEBIDAS_LACT;LECHE DESCREMADA NATULAC;3
3618108;2026-09-09;MCY04;LUXOR MORA DIGA CENTER;Comp_BEBIDAS_LACT;LECHE DESCREMADA SAN SIMON;3
3618109;2026-09-09;MCY04;LUXOR MORA DIGA CENTER;Comp_BEBIDAS_LACT;LECHE DESLACTOSADA SAN SIMON;1
3618110;2026-09-10;MCY04;LUXOR MORA DIGA CENTER;Comp_LECHE_EN_POLVO;LECHE EN POLVO 900 GR SAN SIMON;2
3760077;2026-09-23;MCY04;LUXOR MORA DIGA CENTER;Comp_DERIV_LACTEOS;MANTEQUILLA LACTEOS MARACAY;3
3682005;2026-09-16;MCY04;LUXOR MORA DIGA CENTER;Comp_DERIV_LACTEOS;MANTEQUILLA PAISA;1
3760075;2026-09-23;MCY04;LUXOR MORA DIGA CENTER;Comp_DERIV_LACTEOS;MANTEQUILLA TORONDOI;1
3760181;2026-09-23;MCY04;LUXOR MORA DIGA CENTER;Comp_BEBIDAS;MANZANA FRICA;1
3682016;2026-09-16;MCY04;LUXOR MORA DIGA CENTER;Comp_BEBIDAS;MANZANA LIGTH NATULAC 1L;1
3760177;2026-09-23;MCY04;LUXOR MORA DIGA CENTER;Comp_BEBIDAS;MANZANA NATULAC 1L;1
3760183;2026-09-23;MCY04;LUXOR MORA DIGA CENTER;Comp_BEBIDAS;PERA FRICA;2
3730311;2026-09-24;VLC04;LUXOR NAGUANAGUA;Comp_BEBIDAS_LACT;LECHE COMPLETA NATULAC;12
3730312;2026-09-24;VLC04;LUXOR NAGUANAGUA;Comp_BEBIDAS_LACT;LECHE DESCREMADA NATULAC;5
3730313;2026-09-24;VLC04;LUXOR NAGUANAGUA;Comp_BEBIDAS_LACT;LECHE DESLACTOSADA NATULAC;1
3730316;2026-09-24;VLC04;LUXOR NAGUANAGUA;Comp_BEBIDAS;MANZANA LIGTH NATULAC 1L;1
3730314;2026-09-24;VLC04;LUXOR NAGUANAGUA;Comp_BEBIDAS;MANZANA NATULAC 1L;1
3730315;2026-09-24;VLC04;LUXOR NAGUANAGUA;Comp_BEBIDAS;PERA NATULAC 1L;2
3560515;2026-09-10;MCY01;LUXOR SANTA RITA;Comp_BEBIDAS;DURAZNO NATULAC 1L;1
3709645;2026-09-23;MCY01;LUXOR SANTA RITA;Comp_BEBIDAS_LACT;LECHE COMPLETA NATULAC;7
3709646;2026-09-23;MCY01;LUXOR SANTA RITA;Comp_BEBIDAS_LACT;LECHE COMPLETA PASTORENA;2
3709647;2026-09-23;MCY01;LUXOR SANTA RITA;Comp_BEBIDAS_LACT;LECHE DESCREMADA NATULAC;5
3709649;2026-09-23;MCY01;LUXOR SANTA RITA;Comp_BEBIDAS_LACT;LECHE DESCREMADA PASTORENA;2
3709648;2026-09-23;MCY01;LUXOR SANTA RITA;Comp_BEBIDAS_LACT;LECHE DESCREMADA SAN SIMON;1
3709651;2026-09-23;MCY01;LUXOR SANTA RITA;Comp_BEBIDAS_LACT;LECHE DESLACTOSADA NATULAC;3
3709650;2026-09-23;MCY01;LUXOR SANTA RITA;Comp_BEBIDAS_LACT;LECHE DESLACTOSADA PASTORENA;1
3709652;2026-09-23;MCY01;LUXOR SANTA RITA;Comp_BEBIDAS_LACT;LECHE DESLACTOSADA SAN SIMON;2
3560516;2026-09-10;MCY01;LUXOR SANTA RITA;Comp_BEBIDAS;MANZANA NATULAC 1L;1
3560519;2026-09-10;MCY01;LUXOR SANTA RITA;Comp_BEBIDAS;NARANJA NATULAC 1L;1
3560517;2026-09-10;MCY01;LUXOR SANTA RITA;Comp_BEBIDAS;PERA NATULAC 1L;1
3560518;2026-09-10;MCY01;LUXOR SANTA RITA;Comp_BEBIDAS;PERA NATULAC 1L;1
3560514;2026-09-10;MCY01;LUXOR SANTA RITA;Comp_BEBIDAS;TE LIMON 1L PARMALAT;1
3619950;2026-09-16;CCS03;LUZ EL LLANITO;Comp_DERIV_LACTEOS;CREMA DE LECHE DE PAISA 250GR;2
3619945;2026-09-16;CCS03;LUZ EL LLANITO;Comp_DERIV_LACTEOS;MANTEQUILLA PAISA;2
3619946;2026-09-16;CCS03;LUZ EL LLANITO;Comp_DERIV_LACTEOS;MANTEQUILLA PAISA SIN SAL;1
3633339;2026-09-15;CCS02;LUZ LA CARLOTA;Comp_BEBIDAS_LACT;LECHE COMPLETA PASTORENA;12
3633341;2026-09-15;CCS02;LUZ LA CARLOTA;Comp_BEBIDAS_LACT;LECHE DESCREMADA PASTORENA;12
3703719;2026-09-22;CCS02;LUZ LA CARLOTA;Comp_LECHE_EN_POLVO;LECHE EN POLVO 400 GR LA CAMPINA;3
3586693;2026-09-11;CCS02;LUZ LA CARLOTA;Comp_LECHE_EN_POLVO;LECHE EN POLVO 900 GR LA CAMPINA;10
3771439;2026-09-29;CCS08;LUZ LA FLORIDA;Comp_BEBIDAS_LACT;LECHE COMPLETA PASTORENA;12
3771443;2026-09-29;CCS08;LUZ LA FLORIDA;Comp_BEBIDAS_LACT;LECHE DESCREMADA PASTORENA;12
3771491;2026-09-29;CCS08;LUZ LA FLORIDA;Comp_BEBIDAS_LACT;LECHE DESCREMADA SAN SIMON;6
3771487;2026-09-29;CCS08;LUZ LA FLORIDA;Comp_BEBIDAS_LACT;LECHE DESLACTOSADA PASTORENA;6
3622300;2026-09-16;CCS08;LUZ LA FLORIDA;Comp_BEBIDAS;MANZANA NATULAC 1L;3
3622301;2026-09-16;CCS08;LUZ LA FLORIDA;Comp_BEBIDAS;PERA NATULAC 1L;3
3771499;2026-09-29;CCS08;LUZ LA FLORIDA;Comp_BEBIDAS;TE LIMON 1L PARMALAT;6
3555862;2026-09-10;CCS03;LUZ PEDREGAL;Comp_LECHE_EN_POLVO;LECHE EN POLVO 400 GR LA CAMPINA;6
3555861;2026-09-10;CCS03;LUZ PEDREGAL;Comp_LECHE_EN_POLVO;LECHE EN POLVO 900 GR LA CAMPINA;6
3555860;2026-09-10;CCS03;LUZ PEDREGAL;Comp_LECHE_EN_POLVO;LECHE EN POLVO 900 GR SAN SIMON;10
3798137;2026-09-30;VLC03;Makro redvital valencia;Comp_DERIV_LACTEOS;CREMA DE LECHE DE PAISA 250GR;9
3798136;2026-09-30;VLC03;Makro redvital valencia;Comp_DERIV_LACTEOS;CREMA DE LECHE DE PAISA 500GR;4
3705405;2026-09-23;VLC03;Makro redvital valencia;Comp_BEBIDAS;DURAZNO NATULAC 1L;2
3798123;2026-09-30;VLC03;Makro redvital valencia;Comp_BEBIDAS_LACT;LECHE COMPLETA SAN SIMON;10
3705439;2026-09-23;VLC03;Makro redvital valencia;Comp_BEBIDAS_LACT;LECHE DESCREMADA NATULAC;7
3798124;2026-09-30;VLC03;Makro redvital valencia;Comp_BEBIDAS_LACT;LECHE DESCREMADA SAN SIMON;2
3705440;2026-09-23;VLC03;Makro redvital valencia;Comp_BEBIDAS_LACT;LECHE DESLACTOSADA NATULAC;3
3798125;2026-09-30;VLC03;Makro redvital valencia;Comp_BEBIDAS_LACT;LECHE DESLACTOSADA SAN SIMON;6
3798104;2026-09-30;VLC03;Makro redvital valencia;Comp_LECHE_EN_POLVO;LECHE EN POLVO 200 GR LA CAMPINA;2
3798103;2026-09-30;VLC03;Makro redvital valencia;Comp_LECHE_EN_POLVO;LECHE EN POLVO 400 GR LA CAMPINA;3
3798101;2026-09-30;VLC03;Makro redvital valencia;Comp_LECHE_EN_POLVO;LECHE EN POLVO 400 GR SAN SIMON;4
3798102;2026-09-30;VLC03;Makro redvital valencia;Comp_LECHE_EN_POLVO;LECHE EN POLVO 900 GR LA CAMPINA;4
3798100;2026-09-30;VLC03;Makro redvital valencia;Comp_LECHE_EN_POLVO;LECHE EN POLVO 900 GR SAN SIMON;4
3798130;2026-09-30;VLC03;Makro redvital valencia;Comp_DERIV_LACTEOS;MANTEQUILLA PAISA;2
3798131;2026-09-30;VLC03;Makro redvital valencia;Comp_DERIV_LACTEOS;MANTEQUILLA PAISA SIN SAL;3
3705403;2026-09-23;VLC03;Makro redvital valencia;Comp_BEBIDAS;MANZANA KAITO 200ML;4
3798092;2026-09-30;VLC03;Makro redvital valencia;Comp_BEBIDAS;MANZANA LIGTH NATULAC 1L;2
3705404;2026-09-23;VLC03;Makro redvital valencia;Comp_BEBIDAS;PERA LIGHT NATULAC 1L;1
3593308;2026-09-14;CCS08;MARAPLUS CANDELARIA;Comp_BEBIDAS;DURAZNO NATULAC 1L;1
3757750;2026-09-28;CCS08;MARAPLUS CANDELARIA;Comp_BEBIDAS_LACT;LECHE COMPLETA NATULAC;4
3757752;2026-09-28;CCS08;MARAPLUS CANDELARIA;Comp_BEBIDAS_LACT;LECHE COMPLETA PASTORENA;4
3757755;2026-09-28;CCS08;MARAPLUS CANDELARIA;Comp_BEBIDAS_LACT;LECHE COMPLETA SAN SIMON;4
3757751;2026-09-28;CCS08;MARAPLUS CANDELARIA;Comp_BEBIDAS_LACT;LECHE DESCREMADA NATULAC;4
3757753;2026-09-28;CCS08;MARAPLUS CANDELARIA;Comp_BEBIDAS_LACT;LECHE DESCREMADA PASTORENA;4
3757756;2026-09-28;CCS08;MARAPLUS CANDELARIA;Comp_BEBIDAS_LACT;LECHE DESCREMADA SAN SIMON;4
3757754;2026-09-28;CCS08;MARAPLUS CANDELARIA;Comp_BEBIDAS_LACT;LECHE DESLACTOSADA PASTORENA;4
3757757;2026-09-28;CCS08;MARAPLUS CANDELARIA;Comp_BEBIDAS_LACT;LECHE DESLACTOSADA SAN SIMON;4
3794415;2026-09-30;CCS08;MARAPLUS CANDELARIA;Comp_DERIV_LACTEOS;MANTEQUILLA PAISA;1
3757741;2026-09-28;CCS08;MARAPLUS CANDELARIA;Comp_BEBIDAS;MANZANA LIGTH NATULAC 1L;2
3757740;2026-09-28;CCS08;MARAPLUS CANDELARIA;Comp_BEBIDAS;MANZANA NATULAC 1L;1
3593307;2026-09-14;CCS08;MARAPLUS CANDELARIA;Comp_BEBIDAS;PERA NATULAC 1L;1
3792122;2026-09-30;CCS08;MARAPLUS LA FLORIDA;Comp_DERIV_LACTEOS;CREMA DE LECHE DE PAISA 250GR;1
3792118;2026-09-30;CCS08;MARAPLUS LA FLORIDA;Comp_BEBIDAS;DURAZNO NATULAC 1L;3
3705846;2026-09-23;CCS08;MARAPLUS LA FLORIDA;Comp_BEBIDAS_LACT;LECHE COMPLETA NATULAC;5
3705848;2026-09-23;CCS08;MARAPLUS LA FLORIDA;Comp_BEBIDAS_LACT;LECHE COMPLETA PASTORENA;12
3792110;2026-09-30;CCS08;MARAPLUS LA FLORIDA;Comp_BEBIDAS_LACT;LECHE COMPLETA SAN SIMON;12
3705847;2026-09-23;CCS08;MARAPLUS LA FLORIDA;Comp_BEBIDAS_LACT;LECHE DESCREMADA NATULAC;5
3792113;2026-09-30;CCS08;MARAPLUS LA FLORIDA;Comp_BEBIDAS_LACT;LECHE DESCREMADA PASTORENA;6
3792111;2026-09-30;CCS08;MARAPLUS LA FLORIDA;Comp_BEBIDAS_LACT;LECHE DESCREMADA SAN SIMON;12
3792120;2026-09-30;CCS08;MARAPLUS LA FLORIDA;Comp_DERIV_LACTEOS;MANTEQUILLA PAISA;1
3792121;2026-09-30;CCS08;MARAPLUS LA FLORIDA;Comp_DERIV_LACTEOS;MANTEQUILLA PAISA SIN SAL;1
3792114;2026-09-30;CCS08;MARAPLUS LA FLORIDA;Comp_BEBIDAS;MANZANA LIGTH NATULAC 1L;6
3792117;2026-09-30;CCS08;MARAPLUS LA FLORIDA;Comp_BEBIDAS;MANZANA NATULAC 1L;3
3792116;2026-09-30;CCS08;MARAPLUS LA FLORIDA;Comp_BEBIDAS;NARANJA NATULAC 1L;3
3792115;2026-09-30;CCS08;MARAPLUS LA FLORIDA;Comp_BEBIDAS;PERA LIGHT NATULAC 1L;1
3792119;2026-09-30;CCS08;MARAPLUS LA FLORIDA;Comp_BEBIDAS;PERA NATULAC 1L;6
3792124;2026-09-30;CCS08;MARAPLUS LA FLORIDA;Comp_EMBUTIDOS;SALCHICHA TIPO VIENA 225GR FIESTA;1
3792123;2026-09-30;CCS08;MARAPLUS LA FLORIDA;Comp_EMBUTIDOS;SALCHICHA TIPO VIENA 450GR FIESTA;1
3743719;2026-09-25;PTO01;MARKET VIP ALTAVISTA;Comp_LECHE_EN_POLVO;LECHE EN POLVO 200 GR LA CAMPINA;4
3743718;2026-09-25;PTO01;MARKET VIP ALTAVISTA;Comp_LECHE_EN_POLVO;LECHE EN POLVO 400 GR LA CAMPINA;2
3743716;2026-09-25;PTO01;MARKET VIP ALTAVISTA;Comp_LECHE_EN_POLVO;LECHE EN POLVO 400 GR SAN SIMON;3
3743717;2026-09-25;PTO01;MARKET VIP ALTAVISTA;Comp_LECHE_EN_POLVO;LECHE EN POLVO 900 GR LA CAMPINA;4
3743715;2026-09-25;PTO01;MARKET VIP ALTAVISTA;Comp_LECHE_EN_POLVO;LECHE EN POLVO 900 GR SAN SIMON;4
3787972;2026-09-30;PLC07;MAS POR MENOS EL ROBLE;Comp_DERIV_LACTEOS;CREMA DE LECHE DE PAISA 250GR;1
3652126;2026-09-18;PLC07;MAS POR MENOS EL ROBLE;Comp_BEBIDAS;DURAZNO FRICA;1
3735910;2026-09-25;PLC07;MAS POR MENOS EL ROBLE;Comp_BEBIDAS_LACT;LECHE COMPLETA NATULAC;2
3468520;2026-09-02;PLC07;MAS POR MENOS EL ROBLE;Comp_BEBIDAS_LACT;LECHE COMPLETA PASTORENA;1
3668774;2026-09-21;PLC07;MAS POR MENOS EL ROBLE;Comp_BEBIDAS_LACT;LECHE COMPLETA SAN SIMON;1
3735912;2026-09-25;PLC07;MAS POR MENOS EL ROBLE;Comp_BEBIDAS_LACT;LECHE DESCREMADA NATULAC;1
3668777;2026-09-21;PLC07;MAS POR MENOS EL ROBLE;Comp_BEBIDAS_LACT;LECHE DESCREMADA SAN SIMON;2
3735915;2026-09-25;PLC07;MAS POR MENOS EL ROBLE;Comp_BEBIDAS_LACT;LECHE DESLACTOSADA NATULAC;1
3514700;2026-09-07;PLC07;MAS POR MENOS EL ROBLE;Comp_BEBIDAS_LACT;LECHE DESLACTOSADA SAN SIMON;1
3787974;2026-09-30;PLC07;MAS POR MENOS EL ROBLE;Comp_DERIV_LACTEOS;MANTEQUILLA PAISA;2
3702518;2026-09-23;PLC07;MAS POR MENOS EL ROBLE;Comp_DERIV_LACTEOS;MANTEQUILLA PAISA SIN SAL;1
3754879;2026-09-28;PLC07;MAS POR MENOS EL ROBLE;Comp_BEBIDAS;MANZANA NATULAC 1L;1
3735953;2026-09-25;PLC07;MAS POR MENOS EL ROBLE;Comp_BEBIDAS;NARANJA FRICA;1
3736009;2026-09-25;PLC07;MAS POR MENOS EL ROBLE;Comp_BEBIDAS;NARANJA FRICA 500ML;3
3787730;2026-09-30;PLC07;MAS POR MENOS EL ROBLE;Comp_BEBIDAS;PERA FRICA;1
3787737;2026-09-30;PLC07;MAS POR MENOS EL ROBLE;Comp_BEBIDAS;PERA NATULAC 1L;1
3652096;2026-09-18;PLC07;MAS POR MENOS EL ROBLE;Comp_EMBUTIDOS;SALCHICHA TIPO VIENA 225GR FIESTA;1
3572022;2026-09-11;PLC07;MAS POR MENOS EL ROBLE;Comp_EMBUTIDOS;SALCHICHA TIPO VIENA 225GR HERMO;1
3652099;2026-09-18;PLC07;MAS POR MENOS EL ROBLE;Comp_EMBUTIDOS;SALCHICHA TIPO VIENA 450GR HERMO;1
3754867;2026-09-28;PLC07;MAS POR MENOS EL ROBLE;Comp_BEBIDAS;TE DURAZNO 1L PARMALAT;1
3736079;2026-09-25;PLC07;MAS POR MENOS EL ROBLE;Comp_BEBIDAS;TE DURAZNO 1L PASTORENA;1
3788426;2026-09-30;PLC07;MAS POR MENOS EL ROBLE;Comp_BEBIDAS;TE LIMON 1L PARMALAT;1
3788420;2026-09-30;PLC07;MAS POR MENOS EL ROBLE;Comp_BEBIDAS;TE LIMON 1L PASTORENA;1
3506089;2026-09-04;PTO03;MAS POR MENOS MATURIN;Comp_BEBIDAS;DURAZNO FRICA;1
3552822;2026-09-09;PTO03;MAS POR MENOS MATURIN;Comp_BEBIDAS;DURAZNO NATULAC 1L;1
3552808;2026-09-09;PTO03;MAS POR MENOS MATURIN;Comp_BEBIDAS_LACT;LECHE COMPLETA NATULAC;2
3552809;2026-09-09;PTO03;MAS POR MENOS MATURIN;Comp_BEBIDAS_LACT;LECHE COMPLETA SAN SIMON;1
3552810;2026-09-09;PTO03;MAS POR MENOS MATURIN;Comp_BEBIDAS_LACT;LECHE DESCREMADA PASTORENA;1
3506088;2026-09-04;PTO03;MAS POR MENOS MATURIN;Comp_BEBIDAS;MANZANA FRICA;1
3552821;2026-09-09;PTO03;MAS POR MENOS MATURIN;Comp_BEBIDAS;MANZANA PASTORENA;3
3552820;2026-09-09;PTO03;MAS POR MENOS MATURIN;Comp_BEBIDAS;PERA FRICA;1
3506090;2026-09-04;PTO03;MAS POR MENOS MATURIN;Comp_BEBIDAS;TE DURAZNO 1L PASTORENA;1
3586530;2026-09-11;BQTO01;MAS QUE POLLO;Comp_BEBIDAS_LACT;LECHE COMPLETA PASTORENA;2
3586532;2026-09-11;BQTO01;MAS QUE POLLO;Comp_BEBIDAS_LACT;LECHE COMPLETA SAN SIMON;1
3664282;2026-09-18;BQTO01;MAS QUE POLLO;Comp_BEBIDAS_LACT;LECHE DESCREMADA PASTORENA;3
3586534;2026-09-11;BQTO01;MAS QUE POLLO;Comp_BEBIDAS_LACT;LECHE DESCREMADA SAN SIMON;1
3586536;2026-09-11;BQTO01;MAS QUE POLLO;Comp_BEBIDAS_LACT;LECHE DESLACTOSADA SAN SIMON;1
3750018;2026-09-25;BQTO01;MAS QUE POLLO;Comp_LECHE_EN_POLVO;LECHE EN POLVO 400 GR SAN SIMON;2
3750019;2026-09-25;BQTO01;MAS QUE POLLO;Comp_LECHE_EN_POLVO;LECHE EN POLVO 900 GR LA CAMPINA;2
3664283;2026-09-18;BQTO01;MAS QUE POLLO;Comp_LECHE_EN_POLVO;LECHE EN POLVO 900 GR SAN SIMON;2
3664284;2026-09-18;BQTO01;MAS QUE POLLO;Comp_LECHE_EN_POLVO;LECHE EN POLVO 900 GR SAN SIMON;1
3598740;2026-09-14;PLC06;MAS X MENOS;Comp_DERIV_LACTEOS;CREMA DE LECHE DE PAISA 250GR;1
3703337;2026-09-23;PLC09;MAS X MENOS;Comp_BEBIDAS;DURAZNO NATULAC 1L;4
3578186;2026-09-11;PLC06;MAS X MENOS;Comp_BEBIDAS_LACT;LECHE COMPLETA NATULAC;15
3787462;2026-09-29;MCY01;MAS X MENOS;Comp_BEBIDAS_LACT;LECHE COMPLETA NATULAC;2
3738518;2026-09-25;PLC09;MAS X MENOS;Comp_BEBIDAS_LACT;LECHE COMPLETA NATULAC;15
3787463;2026-09-29;MCY01;MAS X MENOS;Comp_BEBIDAS_LACT;LECHE COMPLETA PASTORENA;2
3738521;2026-09-25;PLC09;MAS X MENOS;Comp_BEBIDAS_LACT;LECHE COMPLETA SAN SIMON;10
3787467;2026-09-29;MCY01;MAS X MENOS;Comp_BEBIDAS_LACT;LECHE COMPLETA SAN SIMON;1
3633102;2026-09-15;MCY01;MAS X MENOS;Comp_BEBIDAS_LACT;LECHE DESCREMADA NATULAC;1
3578187;2026-09-11;PLC06;MAS X MENOS;Comp_BEBIDAS_LACT;LECHE DESCREMADA NATULAC;6
3738519;2026-09-25;PLC09;MAS X MENOS;Comp_BEBIDAS_LACT;LECHE DESCREMADA NATULAC;10
3787464;2026-09-29;MCY01;MAS X MENOS;Comp_BEBIDAS_LACT;LECHE DESCREMADA PASTORENA;2
3787468;2026-09-29;MCY01;MAS X MENOS;Comp_BEBIDAS_LACT;LECHE DESCREMADA SAN SIMON;1
3738522;2026-09-25;PLC09;MAS X MENOS;Comp_BEBIDAS_LACT;LECHE DESCREMADA SAN SIMON;10
3738520;2026-09-25;PLC09;MAS X MENOS;Comp_BEBIDAS_LACT;LECHE DESLACTOSADA NATULAC;5
3787466;2026-09-29;MCY01;MAS X MENOS;Comp_BEBIDAS_LACT;LECHE DESLACTOSADA NATULAC;1
3787465;2026-09-29;MCY01;MAS X MENOS;Comp_BEBIDAS_LACT;LECHE DESLACTOSADA PASTORENA;2
3738523;2026-09-25;PLC09;MAS X MENOS;Comp_BEBIDAS_LACT;LECHE DESLACTOSADA SAN SIMON;10
3787469;2026-09-29;MCY01;MAS X MENOS;Comp_BEBIDAS_LACT;LECHE DESLACTOSADA SAN SIMON;2
3590052;2026-09-14;PLC09;MAS X MENOS;Comp_LECHE_EN_POLVO;LECHE EN POLVO 400 GR LA CAMPINA;6
3637182;2026-09-17;PLC09;MAS X MENOS;Comp_LECHE_EN_POLVO;LECHE EN POLVO 400 GR SAN SIMON;6
3637181;2026-09-17;PLC09;MAS X MENOS;Comp_LECHE_EN_POLVO;LECHE EN POLVO 900 GR LA CAMPINA;6
3637183;2026-09-17;PLC09;MAS X MENOS;Comp_LECHE_EN_POLVO;LECHE EN POLVO 900 GR SAN SIMON;3
3703335;2026-09-23;PLC09;MAS X MENOS;Comp_BEBIDAS;MANZANA NATULAC 1L;4
3703336;2026-09-23;PLC09;MAS X MENOS;Comp_BEBIDAS;MANZANA NATULAC 1L;4
3651836;2026-09-18;PLC09;MAS X MENOS;Comp_BEBIDAS;PERA NATULAC 1L;4
3684344;2026-09-22;PLC07;MAS X MENOS  PETRUCCI;Comp_DERIV_LACTEOS;CREMA DE LECHE DE PAISA 250GR;1
3684340;2026-09-22;PLC07;MAS X MENOS  PETRUCCI;Comp_DERIV_LACTEOS;CREMA DE LECHE DE PAISA 500GR;1
3684926;2026-09-22;PLC07;MAS X MENOS  PETRUCCI;Comp_BEBIDAS_LACT;LECHE COMPLETA PASTORENA;1
3684933;2026-09-22;PLC07;MAS X MENOS  PETRUCCI;Comp_BEBIDAS_LACT;LECHE DESCREMADA PASTORENA;1
3455403;2026-09-01;PLC07;MAS X MENOS  PETRUCCI;Comp_BEBIDAS_LACT;LECHE DESLACTOSADA NATULAC;1
3684396;2026-09-22;PLC07;MAS X MENOS  PETRUCCI;Comp_BEBIDAS;NARANJA FRICA 500ML;3
3684425;2026-09-22;PLC07;MAS X MENOS  PETRUCCI;Comp_BEBIDAS;PERA FRICA;2
3684422;2026-09-22;PLC07;MAS X MENOS  PETRUCCI;Comp_BEBIDAS;PERA NATULAC 1L;2
3723447;2026-09-24;PLC07;MAS X MENOS  PETRUCCI;Comp_EMBUTIDOS;SALCHICHA TIPO VIENA 225GR FIESTA;1
3723438;2026-09-24;PLC07;MAS X MENOS  PETRUCCI;Comp_EMBUTIDOS;SALCHICHA TIPO VIENA 225GR PLUMROSE;1
3567284;2026-09-10;PLC02;MAS X MENOS AV.LECHERIA;Comp_LECHE_EN_POLVO;LECHE EN POLVO 400 GR LA CAMPINA;1
3567278;2026-09-10;PLC02;MAS X MENOS AV.LECHERIA;Comp_LECHE_EN_POLVO;LECHE EN POLVO 400 GR SAN SIMON;1
3567281;2026-09-10;PLC02;MAS X MENOS AV.LECHERIA;Comp_LECHE_EN_POLVO;LECHE EN POLVO 900 GR SAN SIMON;1
3479314;2026-09-02;PLC03;MAS X MENOS CALLE BOLIVAR;Comp_DERIV_LACTEOS;CREMA DE LECHE DE PAISA 250GR;3
3503661;2026-09-04;PLC03;MAS X MENOS CALLE BOLIVAR;Comp_BEBIDAS_LACT;LECHE COMPLETA NATULAC;6
3714890;2026-09-23;PLC03;MAS X MENOS CALLE BOLIVAR;Comp_BEBIDAS_LACT;LECHE COMPLETA SAN SIMON;3
3503665;2026-09-04;PLC03;MAS X MENOS CALLE BOLIVAR;Comp_BEBIDAS_LACT;LECHE DESCREMADA NATULAC;6
3479269;2026-09-02;PLC03;MAS X MENOS CALLE BOLIVAR;Comp_BEBIDAS_LACT;LECHE DESCREMADA PASTORENA;6
3503671;2026-09-04;PLC03;MAS X MENOS CALLE BOLIVAR;Comp_BEBIDAS_LACT;LECHE DESCREMADA SAN SIMON;6
3479266;2026-09-02;PLC03;MAS X MENOS CALLE BOLIVAR;Comp_BEBIDAS_LACT;LECHE DESLACTOSADA NATULAC;6
3714891;2026-09-23;PLC03;MAS X MENOS CALLE BOLIVAR;Comp_BEBIDAS_LACT;LECHE DESLACTOSADA PASTORENA;3
3503673;2026-09-04;PLC03;MAS X MENOS CALLE BOLIVAR;Comp_BEBIDAS_LACT;LECHE DESLACTOSADA SAN SIMON;6
3714892;2026-09-23;PLC03;MAS X MENOS CALLE BOLIVAR;Comp_LECHE_EN_POLVO;LECHE EN POLVO 400 GR LA CAMPINA;1
3566782;2026-09-10;PLC03;MAS X MENOS CALLE BOLIVAR;Comp_LECHE_EN_POLVO;LECHE EN POLVO 900 GR LA CAMPINA;1
3479291;2026-09-02;PLC03;MAS X MENOS CALLE BOLIVAR;Comp_DERIV_LACTEOS;MANTEQUILLA PAISA;1
3479295;2026-09-02;PLC03;MAS X MENOS CALLE BOLIVAR;Comp_DERIV_LACTEOS;MANTEQUILLA PAISA SIN SAL;1
3738302;2026-09-25;PLC04;MAS X MENOS ECO CENTER;Comp_BEBIDAS_LACT;LECHE COMPLETA NATULAC;12
3738303;2026-09-25;PLC04;MAS X MENOS ECO CENTER;Comp_BEBIDAS_LACT;LECHE DESCREMADA NATULAC;12
3738304;2026-09-25;PLC04;MAS X MENOS ECO CENTER;Comp_BEBIDAS_LACT;LECHE DESLACTOSADA NATULAC;12
3704612;2026-09-23;PLC04;MAS X MENOS ECO CENTER;Comp_LECHE_EN_POLVO;LECHE EN POLVO 400 GR LA CAMPINA;7
3704611;2026-09-23;PLC04;MAS X MENOS ECO CENTER;Comp_LECHE_EN_POLVO;LECHE EN POLVO 400 GR SAN SIMON;3
3559064;2026-09-10;PLC04;MAS X MENOS ECO CENTER;Comp_LECHE_EN_POLVO;LECHE EN POLVO 900 GR LA CAMPINA;2
3559063;2026-09-10;PLC04;MAS X MENOS ECO CENTER;Comp_LECHE_EN_POLVO;LECHE EN POLVO 900 GR SAN SIMON;2
3560500;2026-09-09;MCY01;Mas x Menos Global;Comp_DERIV_LACTEOS;CREMA DE LECHE DE PAISA 250GR;1
3726630;2026-09-24;MCY01;Mas x Menos Global;Comp_BEBIDAS_LACT;LECHE DESLACTOSADA PASTORENA;1
3560496;2026-09-09;MCY01;Mas x Menos Global;Comp_DERIV_LACTEOS;MANTEQUILLA LACTEOS MARACAY;1
3768997;2026-09-28;PLC03;MAS X MENOS GUARAGUAO;Comp_BEBIDAS_LACT;LECHE COMPLETA NATULAC;3
3710471;2026-09-23;PLC03;MAS X MENOS GUARAGUAO;Comp_BEBIDAS_LACT;LECHE COMPLETA PASTORENA;3
3503685;2026-09-04;PLC03;MAS X MENOS GUARAGUAO;Comp_BEBIDAS_LACT;LECHE COMPLETA SAN SIMON;1
3710470;2026-09-23;PLC03;MAS X MENOS GUARAGUAO;Comp_BEBIDAS_LACT;LECHE DESCREMADA NATULAC;4
3726475;2026-09-24;PLC03;MAS X MENOS GUARAGUAO;Comp_BEBIDAS_LACT;LECHE DESCREMADA PASTORENA;3
3726474;2026-09-24;PLC03;MAS X MENOS GUARAGUAO;Comp_BEBIDAS_LACT;LECHE DESCREMADA SAN SIMON;1
3503678;2026-09-04;PLC03;MAS X MENOS GUARAGUAO;Comp_BEBIDAS_LACT;LECHE DESLACTOSADA NATULAC;3
3503684;2026-09-04;PLC03;MAS X MENOS GUARAGUAO;Comp_BEBIDAS_LACT;LECHE DESLACTOSADA PASTORENA;4
3726476;2026-09-24;PLC03;MAS X MENOS GUARAGUAO;Comp_BEBIDAS_LACT;LECHE DESLACTOSADA SAN SIMON;1
3503690;2026-09-04;PLC03;MAS X MENOS GUARAGUAO;Comp_DERIV_LACTEOS;MANTEQUILLA LACTEOS MARACAY;4
3503688;2026-09-04;PLC03;MAS X MENOS GUARAGUAO;Comp_DERIV_LACTEOS;MANTEQUILLA PAISA;2
3503689;2026-09-04;PLC03;MAS X MENOS GUARAGUAO;Comp_DERIV_LACTEOS;MANTEQUILLA PAISA SIN SAL;4
3710447;2026-09-23;PLC03;MAS X MENOS GUARAGUAO;Comp_BEBIDAS;MANZANA FRICA 500ML;1
3726485;2026-09-24;PLC03;MAS X MENOS GUARAGUAO;Comp_BEBIDAS;NARANJA FRICA;1
3710449;2026-09-23;PLC03;MAS X MENOS GUARAGUAO;Comp_BEBIDAS;NARANJA KAITO 200ML;6
3710448;2026-09-23;PLC03;MAS X MENOS GUARAGUAO;Comp_BEBIDAS;PERA NATULAC 1L;2
3710446;2026-09-23;PLC03;MAS X MENOS GUARAGUAO;Comp_BEBIDAS;TE DURAZNO 1L PARMALAT;1
3726486;2026-09-24;PLC03;MAS X MENOS GUARAGUAO;Comp_BEBIDAS;TE DURAZNO 1L PASTORENA;1
3510472;2026-09-04;PLC01;MAS X MENOS INTERCOMUNAL;Comp_BEBIDAS_LACT;LECHE COMPLETA NATULAC;2
3510484;2026-09-04;PLC01;MAS X MENOS INTERCOMUNAL;Comp_BEBIDAS_LACT;LECHE COMPLETA SAN SIMON;2
3510485;2026-09-04;PLC01;MAS X MENOS INTERCOMUNAL;Comp_BEBIDAS_LACT;LECHE DESCREMADA NATULAC;2
3510482;2026-09-04;PLC01;MAS X MENOS INTERCOMUNAL;Comp_BEBIDAS_LACT;LECHE DESLACTOSADA NATULAC;2
3510487;2026-09-04;PLC01;MAS X MENOS INTERCOMUNAL;Comp_BEBIDAS_LACT;LECHE DESLACTOSADA SAN SIMON;2
3463214;2026-09-01;PLC03;MAS X MENOS JUDIBANA;Comp_BEBIDAS;DURAZNO FRICA;4
3463225;2026-09-01;PLC03;MAS X MENOS JUDIBANA;Comp_BEBIDAS;DURAZNO NATULAC 1L;8
3722390;2026-09-24;PLC03;MAS X MENOS JUDIBANA;Comp_BEBIDAS_LACT;LECHE COMPLETA NATULAC;7
3463179;2026-09-01;PLC03;MAS X MENOS JUDIBANA;Comp_BEBIDAS_LACT;LECHE COMPLETA PASTORENA;4
3722393;2026-09-24;PLC03;MAS X MENOS JUDIBANA;Comp_BEBIDAS_LACT;LECHE COMPLETA SAN SIMON;5
3722391;2026-09-24;PLC03;MAS X MENOS JUDIBANA;Comp_BEBIDAS_LACT;LECHE DESCREMADA NATULAC;7
3463181;2026-09-01;PLC03;MAS X MENOS JUDIBANA;Comp_BEBIDAS_LACT;LECHE DESCREMADA PASTORENA;1
3722394;2026-09-24;PLC03;MAS X MENOS JUDIBANA;Comp_BEBIDAS_LACT;LECHE DESCREMADA SAN SIMON;7
3722392;2026-09-24;PLC03;MAS X MENOS JUDIBANA;Comp_BEBIDAS_LACT;LECHE DESLACTOSADA NATULAC;7
3479244;2026-09-02;PLC03;MAS X MENOS JUDIBANA;Comp_BEBIDAS_LACT;LECHE DESLACTOSADA SAN SIMON;6
3463240;2026-09-01;PLC03;MAS X MENOS JUDIBANA;Comp_DERIV_LACTEOS;MANTEQUILLA LACTEOS MARACAY;2
3463236;2026-09-01;PLC03;MAS X MENOS JUDIBANA;Comp_DERIV_LACTEOS;MANTEQUILLA PAISA;2
3463238;2026-09-01;PLC03;MAS X MENOS JUDIBANA;Comp_DERIV_LACTEOS;MANTEQUILLA PAISA SIN SAL;2
3463213;2026-09-01;PLC03;MAS X MENOS JUDIBANA;Comp_BEBIDAS;MANZANA FRICA;2
3722409;2026-09-24;PLC03;MAS X MENOS JUDIBANA;Comp_BEBIDAS;MANZANA NATULAC 1L;7
3722410;2026-09-24;PLC03;MAS X MENOS JUDIBANA;Comp_BEBIDAS;MANZANA PASTORENA;4
3463210;2026-09-01;PLC03;MAS X MENOS JUDIBANA;Comp_BEBIDAS;NARANJA FRICA;4
3463222;2026-09-01;PLC03;MAS X MENOS JUDIBANA;Comp_BEBIDAS;PERA NATULAC 1L;8
3714152;2026-09-23;PTO04;MAX CENTER MATURIN;Comp_EMBUTIDOS;CHORIZO  PICANTE MONSERRATINA;1
3714153;2026-09-23;PTO04;MAX CENTER MATURIN;Comp_DERIV_LACTEOS;CREMA DE LECHE DE PAISA 250GR;2
3714131;2026-09-23;PTO04;MAX CENTER MATURIN;Comp_BEBIDAS_LACT;LECHE COMPLETA NATULAC;4
3714132;2026-09-23;PTO04;MAX CENTER MATURIN;Comp_BEBIDAS_LACT;LECHE COMPLETA PASTORENA;2
3714119;2026-09-23;PTO04;MAX CENTER MATURIN;Comp_LECHE_EN_POLVO;LECHE EN POLVO 200 GR LA CAMPINA;4
3714120;2026-09-23;PTO04;MAX CENTER MATURIN;Comp_LECHE_EN_POLVO;LECHE EN POLVO 400 GR LA CAMPINA;3
3714121;2026-09-23;PTO04;MAX CENTER MATURIN;Comp_LECHE_EN_POLVO;LECHE EN POLVO 900 GR LA CAMPINA;3
3714139;2026-09-23;PTO04;MAX CENTER MATURIN;Comp_EMBUTIDOS;MORTADELA PLUMROSE DE CARNES 1KG;1
3714151;2026-09-23;PTO04;MAX CENTER MATURIN;Comp_EMBUTIDOS;SALCHICHA TIPO VIENA 450GR HERMO;1
3613289;2026-09-15;PTO01;MAX ORIENTAL;Comp_LECHE_EN_POLVO;LECHE EN POLVO 400 GR LA CAMPINA;6
3613292;2026-09-15;PTO01;MAX ORIENTAL;Comp_LECHE_EN_POLVO;LECHE EN POLVO 400 GR SAN SIMON;1
3613283;2026-09-15;PTO01;MAX ORIENTAL;Comp_LECHE_EN_POLVO;LECHE EN POLVO 900 GR LA CAMPINA;2
3613279;2026-09-15;PTO01;MAX ORIENTAL;Comp_LECHE_EN_POLVO;LECHE EN POLVO 900 GR SAN SIMON;3
3796640;2026-09-30;PTO03;MAXI LIBERTADOR;Comp_BEBIDAS_LACT;LECHE COMPLETA NATULAC;1
3796641;2026-09-30;PTO03;MAXI LIBERTADOR;Comp_BEBIDAS_LACT;LECHE DESCREMADA NATULAC;2
3796639;2026-09-30;PTO03;MAXI LIBERTADOR;Comp_LECHE_EN_POLVO;LECHE EN POLVO 400 GR LA CAMPINA;5
3796638;2026-09-30;PTO03;MAXI LIBERTADOR;Comp_LECHE_EN_POLVO;LECHE EN POLVO 400 GR SAN SIMON;2
3599749;2026-09-14;BQTO06;MAYOR DE VIVERES CANAIMA;Comp_LECHE_EN_POLVO;LECHE EN POLVO 200 GR LA CAMPINA;4
3599748;2026-09-14;BQTO06;MAYOR DE VIVERES CANAIMA;Comp_LECHE_EN_POLVO;LECHE EN POLVO 400 GR LA CAMPINA;3
3599747;2026-09-14;BQTO06;MAYOR DE VIVERES CANAIMA;Comp_LECHE_EN_POLVO;LECHE EN POLVO 900 GR LA CAMPINA;3
3555979;2026-09-10;PLC07;MAYORCA;Comp_BEBIDAS_LACT;LECHE COMPLETA PASTORENA;2
3727411;2026-09-24;PLC07;MAYORCA;Comp_BEBIDAS_LACT;LECHE COMPLETA SAN SIMON;1
3727415;2026-09-24;PLC07;MAYORCA;Comp_BEBIDAS_LACT;LECHE DESCREMADA SAN SIMON;2
3727418;2026-09-24;PLC07;MAYORCA;Comp_BEBIDAS_LACT;LECHE DESLACTOSADA SAN SIMON;2
3566562;2026-09-10;PLC07;MAYORCA;Comp_LECHE_EN_POLVO;LECHE EN POLVO 200 GR LA CAMPINA;1
3566536;2026-09-10;PLC07;MAYORCA;Comp_LECHE_EN_POLVO;LECHE EN POLVO 400 GR LA CAMPINA;1
3727424;2026-09-24;PLC07;MAYORCA;Comp_LECHE_EN_POLVO;LECHE EN POLVO 400 GR SAN SIMON;5
3566111;2026-09-10;PLC08;MEGA PORTELA;Comp_LECHE_EN_POLVO;LECHE EN POLVO 200 GR LA CAMPINA;5
3566107;2026-09-10;PLC08;MEGA PORTELA;Comp_LECHE_EN_POLVO;LECHE EN POLVO 200 GR SAN SIMON;8
3566110;2026-09-10;PLC08;MEGA PORTELA;Comp_LECHE_EN_POLVO;LECHE EN POLVO 400 GR LA CAMPINA;4
3566106;2026-09-10;PLC08;MEGA PORTELA;Comp_LECHE_EN_POLVO;LECHE EN POLVO 400 GR SAN SIMON;8
3566109;2026-09-10;PLC08;MEGA PORTELA;Comp_LECHE_EN_POLVO;LECHE EN POLVO 900 GR LA CAMPINA;4
3566104;2026-09-10;PLC08;MEGA PORTELA;Comp_LECHE_EN_POLVO;LECHE EN POLVO 900 GR SAN SIMON;8
3719218;2026-09-23;MCY01;MERCANOVA;Comp_BEBIDAS_LACT;LECHE COMPLETA NATULAC;3
3719221;2026-09-23;MCY01;MERCANOVA;Comp_BEBIDAS_LACT;LECHE COMPLETA PASTORENA;3
3719215;2026-09-23;MCY01;MERCANOVA;Comp_BEBIDAS_LACT;LECHE COMPLETA SAN SIMON;6
3719219;2026-09-23;MCY01;MERCANOVA;Comp_BEBIDAS_LACT;LECHE DESCREMADA NATULAC;2
3719222;2026-09-23;MCY01;MERCANOVA;Comp_BEBIDAS_LACT;LECHE DESCREMADA PASTORENA;2
3719216;2026-09-23;MCY01;MERCANOVA;Comp_BEBIDAS_LACT;LECHE DESCREMADA SAN SIMON;3
3719220;2026-09-23;MCY01;MERCANOVA;Comp_BEBIDAS_LACT;LECHE DESLACTOSADA NATULAC;3
3719223;2026-09-23;MCY01;MERCANOVA;Comp_BEBIDAS_LACT;LECHE DESLACTOSADA PASTORENA;2
3719217;2026-09-23;MCY01;MERCANOVA;Comp_BEBIDAS_LACT;LECHE DESLACTOSADA SAN SIMON;6
3578970;2026-09-10;MCY01;MERCANOVA;Comp_LECHE_EN_POLVO;LECHE EN POLVO 200 GR SAN SIMON;1
3578971;2026-09-10;MCY01;MERCANOVA;Comp_LECHE_EN_POLVO;LECHE EN POLVO 400 GR LA CAMPINA;3
3578969;2026-09-10;MCY01;MERCANOVA;Comp_LECHE_EN_POLVO;LECHE EN POLVO 400 GR SAN SIMON;6
3578968;2026-09-10;MCY01;MERCANOVA;Comp_LECHE_EN_POLVO;LECHE EN POLVO 900 GR SAN SIMON;5
3745296;2026-09-24;MCY01;"MERCANOVA EXPRESS; C.A";Comp_BEBIDAS_LACT;LECHE COMPLETA NATULAC;2
3745299;2026-09-24;MCY01;"MERCANOVA EXPRESS; C.A";Comp_BEBIDAS_LACT;LECHE COMPLETA PASTORENA;2
3745298;2026-09-24;MCY01;"MERCANOVA EXPRESS; C.A";Comp_BEBIDAS_LACT;LECHE DESCREMADA NATULAC;3
3745300;2026-09-24;MCY01;"MERCANOVA EXPRESS; C.A";Comp_BEBIDAS_LACT;LECHE DESCREMADA PASTORENA;2
3745302;2026-09-24;MCY01;"MERCANOVA EXPRESS; C.A";Comp_BEBIDAS_LACT;LECHE DESCREMADA SAN SIMON;3
3745297;2026-09-24;MCY01;"MERCANOVA EXPRESS; C.A";Comp_BEBIDAS_LACT;LECHE DESLACTOSADA NATULAC;1
3745301;2026-09-24;MCY01;"MERCANOVA EXPRESS; C.A";Comp_BEBIDAS_LACT;LECHE DESLACTOSADA PASTORENA;2
3745303;2026-09-24;MCY01;"MERCANOVA EXPRESS; C.A";Comp_BEBIDAS_LACT;LECHE DESLACTOSADA SAN SIMON;1
3533095;2026-09-08;PTO03;MERCANTIL INNOVO;Comp_BEBIDAS;DURAZNO KAITO 200ML;6
3782289;2026-09-29;PTO03;MERCANTIL INNOVO;Comp_BEBIDAS;DURAZNO NATULAC 1L;3
3782291;2026-09-29;PTO03;MERCANTIL INNOVO;Comp_BEBIDAS_LACT;LECHE COMPLETA NATULAC;11
3782293;2026-09-29;PTO03;MERCANTIL INNOVO;Comp_BEBIDAS_LACT;LECHE COMPLETA PASTORENA;11
3782292;2026-09-29;PTO03;MERCANTIL INNOVO;Comp_BEBIDAS_LACT;LECHE DESCREMADA NATULAC;8
3533093;2026-09-08;PTO03;MERCANTIL INNOVO;Comp_BEBIDAS_LACT;LECHE DESCREMADA SAN SIMON;4
3533091;2026-09-08;PTO03;MERCANTIL INNOVO;Comp_BEBIDAS_LACT;LECHE DESLACTOSADA NATULAC;6
3782294;2026-09-29;PTO03;MERCANTIL INNOVO;Comp_LECHE_EN_POLVO;LECHE EN POLVO 400 GR LA CAMPINA;3
3782297;2026-09-29;PTO03;MERCANTIL INNOVO;Comp_LECHE_EN_POLVO;LECHE EN POLVO 400 GR SAN SIMON;3
3782295;2026-09-29;PTO03;MERCANTIL INNOVO;Comp_LECHE_EN_POLVO;LECHE EN POLVO 900 GR LA CAMPINA;3
3782296;2026-09-29;PTO03;MERCANTIL INNOVO;Comp_LECHE_EN_POLVO;LECHE EN POLVO 900 GR SAN SIMON;4
3782290;2026-09-29;PTO03;MERCANTIL INNOVO;Comp_BEBIDAS;NARANJA NATULAC 1L;1
3482637;2026-09-03;CCS04;MERCATO MARKET;Comp_DERIV_LACTEOS;CREMA DE LECHE DE PAISA 250GR;2
3557596;2026-09-10;CCS04;MERCATO MARKET;Comp_BEBIDAS_LACT;LECHE COMPLETA NATULAC;6
3557599;2026-09-10;CCS04;MERCATO MARKET;Comp_BEBIDAS_LACT;LECHE COMPLETA PASTORENA;5
3557597;2026-09-10;CCS04;MERCATO MARKET;Comp_BEBIDAS_LACT;LECHE DESCREMADA NATULAC;6
3557600;2026-09-10;CCS04;MERCATO MARKET;Comp_BEBIDAS_LACT;LECHE DESCREMADA PASTORENA;7
3557598;2026-09-10;CCS04;MERCATO MARKET;Comp_BEBIDAS_LACT;LECHE DESLACTOSADA NATULAC;4
3557601;2026-09-10;CCS04;MERCATO MARKET;Comp_BEBIDAS_LACT;LECHE DESLACTOSADA PASTORENA;5
3557595;2026-09-10;CCS04;MERCATO MARKET;Comp_LECHE_EN_POLVO;LECHE EN POLVO 400 GR LA CAMPINA;1
3557593;2026-09-10;CCS04;MERCATO MARKET;Comp_LECHE_EN_POLVO;LECHE EN POLVO 400 GR SAN SIMON;1
3557594;2026-09-10;CCS04;MERCATO MARKET;Comp_LECHE_EN_POLVO;LECHE EN POLVO 900 GR LA CAMPINA;1
3557589;2026-09-10;CCS04;MERCATO MARKET;Comp_DERIV_LACTEOS;MANTEQUILLA PAISA;1
3557590;2026-09-10;CCS04;MERCATO MARKET;Comp_DERIV_LACTEOS;MANTEQUILLA PAISA SIN SAL;1
3557602;2026-09-10;CCS04;MERCATO MARKET;Comp_BEBIDAS;MANZANA NATULAC 1L;4
3482651;2026-09-03;CCS04;MERCATO MARKET;Comp_BEBIDAS;MANZANA PASTORENA;9
3557603;2026-09-10;CCS04;MERCATO MARKET;Comp_BEBIDAS;NARANJA NATULAC 1L;4
3557604;2026-09-10;CCS04;MERCATO MARKET;Comp_BEBIDAS;PERA NATULAC 1L;2
3482652;2026-09-03;CCS04;MERCATO MARKET;Comp_BEBIDAS;PERA PASTORENA;4
3472154;2026-09-02;PLC02;MERCATODO ANZOATEGUI;Comp_BEBIDAS_LACT;LECHE COMPLETA NATULAC;5
3472156;2026-09-02;PLC02;MERCATODO ANZOATEGUI;Comp_BEBIDAS_LACT;LECHE DESCREMADA PASTORENA;1
3472157;2026-09-02;PLC02;MERCATODO ANZOATEGUI;Comp_BEBIDAS_LACT;LECHE DESCREMADA SAN SIMON;4
3472155;2026-09-02;PLC02;MERCATODO ANZOATEGUI;Comp_BEBIDAS_LACT;LECHE DESLACTOSADA NATULAC;5
3571628;2026-09-10;PLC02;MERCATODO ANZOATEGUI;Comp_LECHE_EN_POLVO;LECHE EN POLVO 200 GR LA CAMPINA;3
3571627;2026-09-10;PLC02;MERCATODO ANZOATEGUI;Comp_LECHE_EN_POLVO;LECHE EN POLVO 400 GR LA CAMPINA;3
3571625;2026-09-10;PLC02;MERCATODO ANZOATEGUI;Comp_LECHE_EN_POLVO;LECHE EN POLVO 400 GR SAN SIMON;2
3571626;2026-09-10;PLC02;MERCATODO ANZOATEGUI;Comp_LECHE_EN_POLVO;LECHE EN POLVO 900 GR LA CAMPINA;3
3571624;2026-09-10;PLC02;MERCATODO ANZOATEGUI;Comp_LECHE_EN_POLVO;LECHE EN POLVO 900 GR SAN SIMON;2
3618132;2026-09-10;MCY04;MERCATODO CORINZA;Comp_BEBIDAS_LACT;LECHE COMPLETA SAN SIMON;1
3760247;2026-09-24;MCY04;MERCATODO CORINZA;Comp_BEBIDAS_LACT;LECHE DESCREMADA NATULAC;1
3760251;2026-09-24;MCY04;MERCATODO CORINZA;Comp_BEBIDAS_LACT;LECHE DESCREMADA SAN SIMON;1
3760249;2026-09-24;MCY04;MERCATODO CORINZA;Comp_BEBIDAS_LACT;LECHE DESLACTOSADA NATULAC;1
3760246;2026-09-24;MCY04;MERCATODO CORINZA;Comp_BEBIDAS_LACT;LECHE DESLACTOSADA PASTORENA;3
3760253;2026-09-24;MCY04;MERCATODO CORINZA;Comp_BEBIDAS_LACT;LECHE DESLACTOSADA SAN SIMON;1
3618148;2026-09-10;MCY04;MERCATODO CORINZA;Comp_DERIV_LACTEOS;MANTEQUILLA PAISA SIN SAL;1
3618140;2026-09-10;MCY04;MERCATODO CORINZA;Comp_BEBIDAS;MANZANA FRICA;1
3618144;2026-09-10;MCY04;MERCATODO CORINZA;Comp_BEBIDAS;MANZANA NATULAC 1L;1
3618127;2026-09-10;MCY04;MERCATODO STAR CENTER;Comp_DERIV_LACTEOS;CREMA DE LECHE DE PAISA 250GR;2
3760260;2026-09-24;MCY04;MERCATODO STAR CENTER;Comp_BEBIDAS_LACT;LECHE COMPLETA NATULAC;1
3760266;2026-09-24;MCY04;MERCATODO STAR CENTER;Comp_BEBIDAS_LACT;LECHE COMPLETA PASTORENA;1
3760262;2026-09-24;MCY04;MERCATODO STAR CENTER;Comp_BEBIDAS_LACT;LECHE DESCREMADA NATULAC;1
3760264;2026-09-24;MCY04;MERCATODO STAR CENTER;Comp_BEBIDAS_LACT;LECHE DESLACTOSADA NATULAC;1
3760267;2026-09-24;MCY04;MERCATODO STAR CENTER;Comp_BEBIDAS_LACT;LECHE DESLACTOSADA PASTORENA;1
3760268;2026-09-24;MCY04;MERCATODO STAR CENTER;Comp_LECHE_EN_POLVO;LECHE EN POLVO 400 GR LA CAMPINA;1
3618131;2026-09-10;MCY04;MERCATODO STAR CENTER;Comp_LECHE_EN_POLVO;LECHE EN POLVO 900 GR LA CAMPINA;2
3760231;2026-09-24;MCY04;MERCATODO STAR CENTER;Comp_DERIV_LACTEOS;MANTEQUILLA PAISA;1
3760242;2026-09-24;MCY04;MERCATODO STAR CENTER;Comp_DERIV_LACTEOS;MANTEQUILLA PAISA SIN SAL;1
3568940;2026-09-10;BQTO03;"MERKAFUR; C.A_CABUDARE";Comp_BEBIDAS;DURAZNO NATULAC 1L;4
3568948;2026-09-10;BQTO03;"MERKAFUR; C.A_CABUDARE";Comp_BEBIDAS_LACT;LECHE COMPLETA NATULAC;3
3568950;2026-09-10;BQTO03;"MERKAFUR; C.A_CABUDARE";Comp_BEBIDAS_LACT;LECHE DESLACTOSADA NATULAC;3
3611994;2026-09-15;BQTO03;"MERKAFUR; C.A_CABUDARE";Comp_LECHE_EN_POLVO;LECHE EN POLVO 200 GR LA CAMPINA;1
3568921;2026-09-10;BQTO03;"MERKAFUR; C.A_CABUDARE";Comp_LECHE_EN_POLVO;LECHE EN POLVO 200 GR SAN SIMON;1
3611996;2026-09-15;BQTO03;"MERKAFUR; C.A_CABUDARE";Comp_LECHE_EN_POLVO;LECHE EN POLVO 400 GR LA CAMPINA;1
3611991;2026-09-15;BQTO03;"MERKAFUR; C.A_CABUDARE";Comp_LECHE_EN_POLVO;LECHE EN POLVO 400 GR SAN SIMON;7
3645556;2026-09-17;BQTO03;"MERKAFUR; C.A_CABUDARE";Comp_LECHE_EN_POLVO;LECHE EN POLVO 900 GR LA CAMPINA;2
3645551;2026-09-17;BQTO03;"MERKAFUR; C.A_CABUDARE";Comp_LECHE_EN_POLVO;LECHE EN POLVO 900 GR SAN SIMON;1
3568942;2026-09-10;BQTO03;"MERKAFUR; C.A_CABUDARE";Comp_BEBIDAS;MANZANA NATULAC 1L;4
3568945;2026-09-10;BQTO03;"MERKAFUR; C.A_CABUDARE";Comp_BEBIDAS;NARANJA LIGHT NATULAC 1L;4
3536227;2026-09-08;BQTO03;"MERKAFUR; C.A_CABUDARE";Comp_BEBIDAS;PERA LIGHT NATULAC 1L;4
3536228;2026-09-08;BQTO03;"MERKAFUR; C.A_CABUDARE";Comp_BEBIDAS;PERA LIGHT NATULAC 1L;2
3568936;2026-09-10;BQTO03;"MERKAFUR; C.A_CABUDARE";Comp_BEBIDAS;PERA NATULAC 1L;4
3580790;2026-09-11;BQTO02;MERKAFURT AV LARA;Comp_BEBIDAS_LACT;LECHE COMPLETA NATULAC;2
3580793;2026-09-11;BQTO02;MERKAFURT AV LARA;Comp_BEBIDAS_LACT;LECHE COMPLETA PASTORENA;2
3580791;2026-09-11;BQTO02;MERKAFURT AV LARA;Comp_BEBIDAS_LACT;LECHE DESCREMADA NATULAC;2
3580794;2026-09-11;BQTO02;MERKAFURT AV LARA;Comp_BEBIDAS_LACT;LECHE DESCREMADA PASTORENA;3
3580792;2026-09-11;BQTO02;MERKAFURT AV LARA;Comp_BEBIDAS_LACT;LECHE DESLACTOSADA NATULAC;2
3566081;2026-09-10;BQTO02;MERKAFURT AV LARA;Comp_BEBIDAS_LACT;LECHE DESLACTOSADA PASTORENA;1
3736998;2026-09-25;BQTO02;MERKAFURT AV LARA;Comp_LECHE_EN_POLVO;LECHE EN POLVO 200 GR LA CAMPINA;1
3680116;2026-09-21;BQTO02;MERKAFURT AV LARA;Comp_LECHE_EN_POLVO;LECHE EN POLVO 400 GR LA CAMPINA;1
3736997;2026-09-25;BQTO02;MERKAFURT AV LARA;Comp_LECHE_EN_POLVO;LECHE EN POLVO 400 GR SAN SIMON;1
3736999;2026-09-25;BQTO02;MERKAFURT AV LARA;Comp_LECHE_EN_POLVO;LECHE EN POLVO 900 GR LA CAMPINA;1
3660215;2026-09-18;BQTO02;MERKAFURT AV LARA;Comp_LECHE_EN_POLVO;LECHE EN POLVO 900 GR SAN SIMON;1
3580796;2026-09-11;BQTO02;MERKAFURT AV LARA;Comp_BEBIDAS;MANZANA NATULAC 1L;1
3580795;2026-09-11;BQTO02;MERKAFURT AV LARA;Comp_BEBIDAS;NARANJA NATULAC 1L;1
3580797;2026-09-11;BQTO02;MERKAFURT AV LARA;Comp_BEBIDAS;PERA NATULAC 1L;1
3533894;2026-09-08;BQTO02;MERKAFURT SAMBIL;Comp_BEBIDAS;DURAZNO NATULAC 1L;1
3566091;2026-09-10;BQTO02;MERKAFURT SAMBIL;Comp_BEBIDAS_LACT;LECHE COMPLETA NATULAC;1
3566093;2026-09-10;BQTO02;MERKAFURT SAMBIL;Comp_BEBIDAS_LACT;LECHE DESCREMADA NATULAC;1
3694341;2026-09-22;BQTO02;MERKAFURT SAMBIL;Comp_LECHE_EN_POLVO;LECHE EN POLVO 200 GR LA CAMPINA;1
3694339;2026-09-22;BQTO02;MERKAFURT SAMBIL;Comp_LECHE_EN_POLVO;LECHE EN POLVO 400 GR LA CAMPINA;1
3729270;2026-09-24;BQTO02;MERKAFURT SAMBIL;Comp_LECHE_EN_POLVO;LECHE EN POLVO 400 GR SAN SIMON;1
3729269;2026-09-24;BQTO02;MERKAFURT SAMBIL;Comp_LECHE_EN_POLVO;LECHE EN POLVO 900 GR LA CAMPINA;1
3729268;2026-09-24;BQTO02;MERKAFURT SAMBIL;Comp_LECHE_EN_POLVO;LECHE EN POLVO 900 GR SAN SIMON;1
3533896;2026-09-08;BQTO02;MERKAFURT SAMBIL;Comp_BEBIDAS;MANZANA LIGTH NATULAC 1L;1
3566096;2026-09-10;BQTO02;MERKAFURT SAMBIL;Comp_BEBIDAS;MANZANA NATULAC 1L;1
3533886;2026-09-08;BQTO02;MERKAFURT SAMBIL;Comp_BEBIDAS;NARANJA FRICA;2
3566099;2026-09-10;BQTO02;MERKAFURT SAMBIL;Comp_BEBIDAS;NARANJA PASTORENA;1
3566098;2026-09-10;BQTO02;MERKAFURT SAMBIL;Comp_BEBIDAS;PERA NATULAC 1L;1
3566100;2026-09-10;BQTO02;MERKAFURT SAMBIL;Comp_BEBIDAS;TE DURAZNO 1L PASTORENA;1
3736395;2026-09-25;CCS08;MI NEGOCIO LA FLORIDA;Comp_DERIV_LACTEOS;CREMA DE LECHE DE PAISA 250GR;1
3736394;2026-09-25;CCS08;MI NEGOCIO LA FLORIDA;Comp_DERIV_LACTEOS;CREMA DE LECHE DE PAISA 500GR;1
3690906;2026-09-22;CCS08;MI NEGOCIO LA FLORIDA;Comp_BEBIDAS;DURAZNO FRICA;1
3736383;2026-09-25;CCS08;MI NEGOCIO LA FLORIDA;Comp_BEBIDAS;DURAZNO KAITO 200ML;1
3736379;2026-09-25;CCS08;MI NEGOCIO LA FLORIDA;Comp_BEBIDAS;DURAZNO NATULAC 1L;2
3736384;2026-09-25;CCS08;MI NEGOCIO LA FLORIDA;Comp_BEBIDAS_LACT;LECHE COMPLETA NATULAC;10
3736387;2026-09-25;CCS08;MI NEGOCIO LA FLORIDA;Comp_BEBIDAS_LACT;LECHE COMPLETA PASTORENA;10
3736390;2026-09-25;CCS08;MI NEGOCIO LA FLORIDA;Comp_BEBIDAS_LACT;LECHE COMPLETA SAN SIMON;6
3736385;2026-09-25;CCS08;MI NEGOCIO LA FLORIDA;Comp_BEBIDAS_LACT;LECHE DESCREMADA NATULAC;1
3736388;2026-09-25;CCS08;MI NEGOCIO LA FLORIDA;Comp_BEBIDAS_LACT;LECHE DESCREMADA PASTORENA;10
3736391;2026-09-25;CCS08;MI NEGOCIO LA FLORIDA;Comp_BEBIDAS_LACT;LECHE DESCREMADA SAN SIMON;6
3736386;2026-09-25;CCS08;MI NEGOCIO LA FLORIDA;Comp_BEBIDAS_LACT;LECHE DESLACTOSADA NATULAC;10
3736389;2026-09-25;CCS08;MI NEGOCIO LA FLORIDA;Comp_BEBIDAS_LACT;LECHE DESLACTOSADA PASTORENA;10
3690880;2026-09-22;CCS08;MI NEGOCIO LA FLORIDA;Comp_LECHE_EN_POLVO;LECHE EN POLVO 400 GR LA CAMPINA;4
3690879;2026-09-22;CCS08;MI NEGOCIO LA FLORIDA;Comp_LECHE_EN_POLVO;LECHE EN POLVO 400 GR SAN SIMON;2
3690881;2026-09-22;CCS08;MI NEGOCIO LA FLORIDA;Comp_LECHE_EN_POLVO;LECHE EN POLVO 900 GR LA CAMPINA;3
3690878;2026-09-22;CCS08;MI NEGOCIO LA FLORIDA;Comp_LECHE_EN_POLVO;LECHE EN POLVO 900 GR SAN SIMON;1
3736392;2026-09-25;CCS08;MI NEGOCIO LA FLORIDA;Comp_DERIV_LACTEOS;MANTEQUILLA PAISA;1
3736393;2026-09-25;CCS08;MI NEGOCIO LA FLORIDA;Comp_DERIV_LACTEOS;MANTEQUILLA PAISA SIN SAL;1
3736381;2026-09-25;CCS08;MI NEGOCIO LA FLORIDA;Comp_BEBIDAS;MANZANA KAITO 200ML;1
3736374;2026-09-25;CCS08;MI NEGOCIO LA FLORIDA;Comp_BEBIDAS;MANZANA LIGTH NATULAC 1L;4
3736377;2026-09-25;CCS08;MI NEGOCIO LA FLORIDA;Comp_BEBIDAS;MANZANA NATULAC 1L;6
3690904;2026-09-22;CCS08;MI NEGOCIO LA FLORIDA;Comp_BEBIDAS;NARANJA FRICA;3
3736380;2026-09-25;CCS08;MI NEGOCIO LA FLORIDA;Comp_BEBIDAS;NARANJA KAITO 200ML;1
3736376;2026-09-25;CCS08;MI NEGOCIO LA FLORIDA;Comp_BEBIDAS;NARANJA NATULAC 1L;2
3690905;2026-09-22;CCS08;MI NEGOCIO LA FLORIDA;Comp_BEBIDAS;PERA FRICA;2
3736382;2026-09-25;CCS08;MI NEGOCIO LA FLORIDA;Comp_BEBIDAS;PERA KAITO 200ML;1
3736375;2026-09-25;CCS08;MI NEGOCIO LA FLORIDA;Comp_BEBIDAS;PERA LIGHT NATULAC 1L;2
3736378;2026-09-25;CCS08;MI NEGOCIO LA FLORIDA;Comp_BEBIDAS;PERA NATULAC 1L;2
3736372;2026-09-25;CCS08;MI NEGOCIO LA FLORIDA;Comp_BEBIDAS;TE DURAZNO 1L PARMALAT;4
3736373;2026-09-25;CCS08;MI NEGOCIO LA FLORIDA;Comp_BEBIDAS;TE LIMON 1L PARMALAT;3
3566076;2026-09-10;BQTO02;MI SUPER  LOS LEONES;Comp_BEBIDAS_LACT;LECHE COMPLETA NATULAC;12
3566083;2026-09-10;BQTO02;MI SUPER  LOS LEONES;Comp_BEBIDAS_LACT;LECHE COMPLETA PASTORENA;6
3566078;2026-09-10;BQTO02;MI SUPER  LOS LEONES;Comp_BEBIDAS_LACT;LECHE DESCREMADA NATULAC;12
3566086;2026-09-10;BQTO02;MI SUPER  LOS LEONES;Comp_BEBIDAS_LACT;LECHE DESCREMADA PASTORENA;6
3566080;2026-09-10;BQTO02;MI SUPER  LOS LEONES;Comp_BEBIDAS_LACT;LECHE DESLACTOSADA NATULAC;12
3729276;2026-09-24;BQTO02;MI SUPER  LOS LEONES;Comp_LECHE_EN_POLVO;LECHE EN POLVO 200 GR LA CAMPINA;3
3729275;2026-09-24;BQTO02;MI SUPER  LOS LEONES;Comp_LECHE_EN_POLVO;LECHE EN POLVO 400 GR LA CAMPINA;3
3566092;2026-09-10;BQTO02;MI SUPER  LOS LEONES;Comp_BEBIDAS;MANZANA NATULAC 1L;15
3566089;2026-09-10;BQTO02;MI SUPER  LOS LEONES;Comp_BEBIDAS;NARANJA NATULAC 1L;12
3566095;2026-09-10;BQTO02;MI SUPER  LOS LEONES;Comp_BEBIDAS;PERA NATULAC 1L;6
3649971;2026-09-17;BQTO01;MI SUPER AV 21;Comp_BEBIDAS;DURAZNO NATULAC 1L;2
3570683;2026-09-10;BQTO01;MI SUPER AV 21;Comp_BEBIDAS_LACT;LECHE COMPLETA NATULAC;36
3570684;2026-09-10;BQTO01;MI SUPER AV 21;Comp_BEBIDAS_LACT;LECHE DESCREMADA NATULAC;18
3735014;2026-09-24;BQTO01;MI SUPER AV 21;Comp_LECHE_EN_POLVO;LECHE EN POLVO 200 GR LA CAMPINA;8
3735013;2026-09-24;BQTO01;MI SUPER AV 21;Comp_LECHE_EN_POLVO;LECHE EN POLVO 400 GR LA CAMPINA;4
3735012;2026-09-24;BQTO01;MI SUPER AV 21;Comp_LECHE_EN_POLVO;LECHE EN POLVO 900 GR LA CAMPINA;6
3649970;2026-09-17;BQTO01;MI SUPER AV 21;Comp_BEBIDAS;MANZANA NATULAC 1L;3
3570689;2026-09-10;BQTO01;MI SUPER AV 21;Comp_BEBIDAS;NARANJA NATULAC 1L;2
3570690;2026-09-10;BQTO01;MI SUPER AV 21;Comp_BEBIDAS;PERA NATULAC 1L;2
3521021;2026-09-07;BQTO02;MI SUPER LUJANO;Comp_BEBIDAS;DURAZNO FRICA;1
3548956;2026-09-09;BQTO02;MI SUPER LUJANO;Comp_BEBIDAS;DURAZNO NATULAC 1L;4
3580812;2026-09-11;BQTO02;MI SUPER LUJANO;Comp_BEBIDAS_LACT;LECHE COMPLETA NATULAC;10
3580820;2026-09-11;BQTO02;MI SUPER LUJANO;Comp_BEBIDAS_LACT;LECHE COMPLETA PASTORENA;6
3580815;2026-09-11;BQTO02;MI SUPER LUJANO;Comp_BEBIDAS_LACT;LECHE DESCREMADA NATULAC;9
3521008;2026-09-07;BQTO02;MI SUPER LUJANO;Comp_BEBIDAS_LACT;LECHE DESCREMADA PASTORENA;2
3580817;2026-09-11;BQTO02;MI SUPER LUJANO;Comp_BEBIDAS_LACT;LECHE DESLACTOSADA NATULAC;6
3521010;2026-09-07;BQTO02;MI SUPER LUJANO;Comp_BEBIDAS_LACT;LECHE DESLACTOSADA PASTORENA;1
3740112;2026-09-25;BQTO02;MI SUPER LUJANO;Comp_LECHE_EN_POLVO;LECHE EN POLVO 200 GR LA CAMPINA;11
3740110;2026-09-25;BQTO02;MI SUPER LUJANO;Comp_LECHE_EN_POLVO;LECHE EN POLVO 400 GR LA CAMPINA;8
3680107;2026-09-21;BQTO02;MI SUPER LUJANO;Comp_LECHE_EN_POLVO;LECHE EN POLVO 900 GR LA CAMPINA;4
3740109;2026-09-25;BQTO02;MI SUPER LUJANO;Comp_LECHE_EN_POLVO;LECHE EN POLVO 900 GR SAN SIMON;4
3521023;2026-09-07;BQTO02;MI SUPER LUJANO;Comp_BEBIDAS;MANZANA FRICA;1
3548960;2026-09-09;BQTO02;MI SUPER LUJANO;Comp_BEBIDAS;MANZANA LIGTH NATULAC 1L;4
3580822;2026-09-11;BQTO02;MI SUPER LUJANO;Comp_BEBIDAS;MANZANA NATULAC 1L;4
3548962;2026-09-09;BQTO02;MI SUPER LUJANO;Comp_BEBIDAS;PERA LIGHT NATULAC 1L;4
3580824;2026-09-11;BQTO02;MI SUPER LUJANO;Comp_BEBIDAS;PERA NATULAC 1L;4
3548931;2026-09-09;BQTO02;MI SUPERMARKERT EL LLANERO;Comp_BEBIDAS;DURAZNO FRICA;3
3548934;2026-09-09;BQTO02;MI SUPERMARKERT EL LLANERO;Comp_BEBIDAS;DURAZNO NATULAC 1L;6
3548936;2026-09-09;BQTO02;MI SUPERMARKERT EL LLANERO;Comp_BEBIDAS_LACT;LECHE COMPLETA NATULAC;8
3548937;2026-09-09;BQTO02;MI SUPERMARKERT EL LLANERO;Comp_BEBIDAS_LACT;LECHE DESCREMADA NATULAC;8
3548938;2026-09-09;BQTO02;MI SUPERMARKERT EL LLANERO;Comp_BEBIDAS_LACT;LECHE DESLACTOSADA NATULAC;5
3630996;2026-09-16;BQTO02;MI SUPERMARKERT EL LLANERO;Comp_LECHE_EN_POLVO;LECHE EN POLVO 900 GR SAN SIMON;5
3548932;2026-09-09;BQTO02;MI SUPERMARKERT EL LLANERO;Comp_BEBIDAS;MANZANA FRICA;3
3548930;2026-09-09;BQTO02;MI SUPERMARKERT EL LLANERO;Comp_BEBIDAS;NARANJA FRICA;3
3548933;2026-09-09;BQTO02;MI SUPERMARKERT EL LLANERO;Comp_BEBIDAS;PERA FRICA;3
3548935;2026-09-09;BQTO02;MI SUPERMARKERT EL LLANERO;Comp_BEBIDAS;PERA NATULAC 1L;6
3603959;2026-09-15;PLC06;MULTIMARKET LAS AMERICAS;Comp_BEBIDAS;DURAZNO KAITO 500ML;2
3603949;2026-09-15;PLC06;MULTIMARKET LAS AMERICAS;Comp_BEBIDAS_LACT;LECHE COMPLETA SAN SIMON;4
3603947;2026-09-15;PLC06;MULTIMARKET LAS AMERICAS;Comp_LECHE_EN_POLVO;LECHE EN POLVO 400 GR LA CAMPINA;6
3603948;2026-09-15;PLC06;MULTIMARKET LAS AMERICAS;Comp_LECHE_EN_POLVO;LECHE EN POLVO 900 GR LA CAMPINA;9
3603958;2026-09-15;PLC06;MULTIMARKET LAS AMERICAS;Comp_BEBIDAS;MANZANA KAITO 200ML;2
3644937;2026-09-17;PLC06;MULTIMARKET ORIENTAL;Comp_BEBIDAS_LACT;LECHE COMPLETA SAN SIMON;4
3644938;2026-09-17;PLC06;MULTIMARKET ORIENTAL;Comp_BEBIDAS_LACT;LECHE DESCREMADA SAN SIMON;4
3563482;2026-09-10;PLC06;MULTIMARKET ORIENTAL;Comp_BEBIDAS_LACT;LECHE DESLACTOSADA SAN SIMON;5
3644947;2026-09-17;PLC06;MULTIMARKET ORIENTAL;Comp_LECHE_EN_POLVO;LECHE EN POLVO 400 GR SAN SIMON;3
3765010;2026-09-28;PTO03;"MUNDO MARKET MONAGAS; C.A.";Comp_LECHE_EN_POLVO;LECHE EN POLVO 200 GR LA CAMPINA;2
3765011;2026-09-28;PTO03;"MUNDO MARKET MONAGAS; C.A.";Comp_LECHE_EN_POLVO;LECHE EN POLVO 400 GR SAN SIMON;2
3765009;2026-09-28;PTO03;"MUNDO MARKET MONAGAS; C.A.";Comp_LECHE_EN_POLVO;LECHE EN POLVO 900 GR LA CAMPINA;3
3796884;2026-09-30;CCS05;MURALLA;Comp_DERIV_LACTEOS;CREMA DE LECHE DE PAISA 250GR;1
3796883;2026-09-30;CCS05;MURALLA;Comp_DERIV_LACTEOS;CREMA DE LECHE DE PAISA 500GR;1
3796929;2026-09-30;CCS05;MURALLA;Comp_BEBIDAS;DURAZNO NATULAC 1L;6
3796927;2026-09-30;CCS05;MURALLA;Comp_BEBIDAS;DURAZNO NATULAC 250ML;4
3796940;2026-09-30;CCS05;MURALLA;Comp_BEBIDAS_LACT;LECHE COMPLETA NATULAC;3
3796942;2026-09-30;CCS05;MURALLA;Comp_BEBIDAS_LACT;LECHE COMPLETA PASTORENA;11
3796941;2026-09-30;CCS05;MURALLA;Comp_BEBIDAS_LACT;LECHE DESCREMADA NATULAC;3
3796943;2026-09-30;CCS05;MURALLA;Comp_BEBIDAS_LACT;LECHE DESCREMADA PASTORENA;11
3796938;2026-09-30;CCS05;MURALLA;Comp_BEBIDAS_LACT;LECHE DESLACTOSADA NATULAC;11
3796944;2026-09-30;CCS05;MURALLA;Comp_BEBIDAS_LACT;LECHE DESLACTOSADA PASTORENA;10
3654304;2026-09-18;CCS05;MURALLA;Comp_LECHE_EN_POLVO;LECHE EN POLVO 900 GR LA CAMPINA;3
3796882;2026-09-30;CCS05;MURALLA;Comp_DERIV_LACTEOS;MANTEQUILLA PAISA;2
3796930;2026-09-30;CCS05;MURALLA;Comp_BEBIDAS;MANZANA LIGTH NATULAC 1L;8
3796928;2026-09-30;CCS05;MURALLA;Comp_BEBIDAS;MANZANA NATULAC 1L;6
3796925;2026-09-30;CCS05;MURALLA;Comp_BEBIDAS;MANZANA NATULAC 250ML;2
3796926;2026-09-30;CCS05;MURALLA;Comp_BEBIDAS;PERA NATULAC 250ML;4
3796881;2026-09-30;CCS05;MURALLA;Comp_DERIV_LACTEOS;QUESO DE CABRA ANANKE 500G;1
3796889;2026-09-30;CCS05;MURALLA;Comp_EMBUTIDOS;SALCHICHA TIPO VIENA 225GR PLUMROSE;2
3796931;2026-09-30;CCS05;MURALLA;Comp_BEBIDAS;TE DURAZNO 1L PASTORENA;10
3796932;2026-09-30;CCS05;MURALLA;Comp_BEBIDAS;TE LIMON 1L PASTORENA;6
3799111;2026-09-30;PLC04;NOVA ENCRUCIJADA;Comp_BEBIDAS_LACT;LECHE COMPLETA NATULAC;24
3746100;2026-09-25;PLC04;NOVA ENCRUCIJADA;Comp_BEBIDAS_LACT;LECHE COMPLETA SAN SIMON;40
3669533;2026-09-21;PLC04;NOVA ENCRUCIJADA;Comp_BEBIDAS_LACT;LECHE DESCREMADA NATULAC;8
3746101;2026-09-25;PLC04;NOVA ENCRUCIJADA;Comp_BEBIDAS_LACT;LECHE DESCREMADA SAN SIMON;10
3669534;2026-09-21;PLC04;NOVA ENCRUCIJADA;Comp_BEBIDAS_LACT;LECHE DESLACTOSADA NATULAC;8
3497136;2026-09-04;PLC04;NOVA ENCRUCIJADA;Comp_BEBIDAS_LACT;LECHE DESLACTOSADA SAN SIMON;15
3572951;2026-09-11;PLC04;NOVA ENCRUCIJADA;Comp_LECHE_EN_POLVO;LECHE EN POLVO 200 GR LA CAMPINA;14
3572948;2026-09-11;PLC04;NOVA ENCRUCIJADA;Comp_LECHE_EN_POLVO;LECHE EN POLVO 200 GR SAN SIMON;14
3572950;2026-09-11;PLC04;NOVA ENCRUCIJADA;Comp_LECHE_EN_POLVO;LECHE EN POLVO 400 GR LA CAMPINA;5
3799110;2026-09-30;PLC04;NOVA ENCRUCIJADA;Comp_LECHE_EN_POLVO;LECHE EN POLVO 400 GR SAN SIMON;7
3572949;2026-09-11;PLC04;NOVA ENCRUCIJADA;Comp_LECHE_EN_POLVO;LECHE EN POLVO 900 GR LA CAMPINA;6
3799109;2026-09-30;PLC04;NOVA ENCRUCIJADA;Comp_LECHE_EN_POLVO;LECHE EN POLVO 900 GR SAN SIMON;9
3556119;2026-09-10;PLC05;NOVA SABANAMAR;Comp_LECHE_EN_POLVO;LECHE EN POLVO 200 GR LA CAMPINA;3
3556040;2026-09-10;PLC05;NOVA SABANAMAR;Comp_LECHE_EN_POLVO;LECHE EN POLVO 200 GR SAN SIMON;2
3556041;2026-09-10;PLC05;NOVA SABANAMAR;Comp_LECHE_EN_POLVO;LECHE EN POLVO 400 GR LA CAMPINA;1
3556054;2026-09-10;PLC05;NOVA SABANAMAR;Comp_LECHE_EN_POLVO;LECHE EN POLVO 400 GR SAN SIMON;4
3556042;2026-09-10;PLC05;NOVA SABANAMAR;Comp_LECHE_EN_POLVO;LECHE EN POLVO 900 GR LA CAMPINA;1
3556037;2026-09-10;PLC05;NOVA SABANAMAR;Comp_LECHE_EN_POLVO;LECHE EN POLVO 900 GR SAN SIMON;4
3565998;2026-09-10;PLC05;NOVA TERRANOVA;Comp_LECHE_EN_POLVO;LECHE EN POLVO 200 GR LA CAMPINA;2
3565995;2026-09-10;PLC05;NOVA TERRANOVA;Comp_LECHE_EN_POLVO;LECHE EN POLVO 200 GR SAN SIMON;2
3565997;2026-09-10;PLC05;NOVA TERRANOVA;Comp_LECHE_EN_POLVO;LECHE EN POLVO 400 GR LA CAMPINA;1
3565994;2026-09-10;PLC05;NOVA TERRANOVA;Comp_LECHE_EN_POLVO;LECHE EN POLVO 400 GR SAN SIMON;2
3565996;2026-09-10;PLC05;NOVA TERRANOVA;Comp_LECHE_EN_POLVO;LECHE EN POLVO 900 GR LA CAMPINA;3
3565993;2026-09-10;PLC05;NOVA TERRANOVA;Comp_LECHE_EN_POLVO;LECHE EN POLVO 900 GR SAN SIMON;4
3719275;2026-09-23;BQTO04;NUEVO SIGLO CA;Comp_LECHE_EN_POLVO;LECHE EN POLVO 200 GR LA CAMPINA;2
3719278;2026-09-23;BQTO04;NUEVO SIGLO CA;Comp_LECHE_EN_POLVO;LECHE EN POLVO 400 GR LA CAMPINA;1
3719283;2026-09-23;BQTO04;NUEVO SIGLO CA;Comp_LECHE_EN_POLVO;LECHE EN POLVO 400 GR SAN SIMON;9
3719280;2026-09-23;BQTO04;NUEVO SIGLO CA;Comp_LECHE_EN_POLVO;LECHE EN POLVO 900 GR LA CAMPINA;8
3719286;2026-09-23;BQTO04;NUEVO SIGLO CA;Comp_LECHE_EN_POLVO;LECHE EN POLVO 900 GR SAN SIMON;12
3533881;2026-09-08;BQTO02;PA TODO LOS LEONES;Comp_BEBIDAS_LACT;LECHE COMPLETA NATULAC;20
3533890;2026-09-08;BQTO02;PA TODO LOS LEONES;Comp_BEBIDAS_LACT;LECHE COMPLETA PASTORENA;20
3533884;2026-09-08;BQTO02;PA TODO LOS LEONES;Comp_BEBIDAS_LACT;LECHE DESCREMADA NATULAC;21
3533893;2026-09-08;BQTO02;PA TODO LOS LEONES;Comp_BEBIDAS_LACT;LECHE DESCREMADA PASTORENA;15
3533885;2026-09-08;BQTO02;PA TODO LOS LEONES;Comp_BEBIDAS_LACT;LECHE DESLACTOSADA NATULAC;9
3533895;2026-09-08;BQTO02;PA TODO LOS LEONES;Comp_BEBIDAS_LACT;LECHE DESLACTOSADA PASTORENA;25
3694318;2026-09-22;BQTO02;PA TODO LOS LEONES;Comp_LECHE_EN_POLVO;LECHE EN POLVO 400 GR LA CAMPINA;4
3611828;2026-09-15;BQTO02;PA TODO LOS LEONES;Comp_LECHE_EN_POLVO;LECHE EN POLVO 400 GR SAN SIMON;1
3611830;2026-09-15;BQTO02;PA TODO LOS LEONES;Comp_LECHE_EN_POLVO;LECHE EN POLVO 900 GR LA CAMPINA;3
3694317;2026-09-22;BQTO02;PA TODO LOS LEONES;Comp_LECHE_EN_POLVO;LECHE EN POLVO 900 GR SAN SIMON;6
3533903;2026-09-08;BQTO02;PA TODO LOS LEONES;Comp_BEBIDAS;MANZANA NATULAC 1L;10
3533898;2026-09-08;BQTO02;PA TODO LOS LEONES;Comp_BEBIDAS;NARANJA NATULAC 1L;10
3533901;2026-09-08;BQTO02;PA TODO LOS LEONES;Comp_BEBIDAS;PERA NATULAC 1L;10
3566056;2026-09-10;BQTO02;PA TODO PATARATA;Comp_BEBIDAS_LACT;LECHE COMPLETA NATULAC;5
3566055;2026-09-10;BQTO02;PA TODO PATARATA;Comp_BEBIDAS_LACT;LECHE DESCREMADA PASTORENA;10
3732821;2026-09-24;BQTO02;PA TODO PATARATA;Comp_LECHE_EN_POLVO;LECHE EN POLVO 400 GR LA CAMPINA;4
3732820;2026-09-24;BQTO02;PA TODO PATARATA;Comp_LECHE_EN_POLVO;LECHE EN POLVO 900 GR LA CAMPINA;3
3566058;2026-09-10;BQTO02;PA TODO PATARATA;Comp_BEBIDAS;MANZANA NATULAC 1L;5
3566057;2026-09-10;BQTO02;PA TODO PATARATA;Comp_BEBIDAS;NARANJA NATULAC 1L;5
3533869;2026-09-08;BQTO02;PANADERIA DEL ESTE;Comp_BEBIDAS_LACT;LECHE COMPLETA NATULAC;17
3533870;2026-09-08;BQTO02;PANADERIA DEL ESTE;Comp_BEBIDAS_LACT;LECHE DESCREMADA NATULAC;10
3752471;2026-09-24;BQTO07;PANADERIA DINASTIA;Comp_LECHE_EN_POLVO;LECHE EN POLVO 400 GR SAN SIMON;3
3738657;2026-09-25;BQTO02;PANADERIA LA ORQUIDEA;Comp_LECHE_EN_POLVO;LECHE EN POLVO 400 GR LA CAMPINA;1
3738656;2026-09-25;BQTO02;PANADERIA LA ORQUIDEA;Comp_LECHE_EN_POLVO;LECHE EN POLVO 400 GR SAN SIMON;2
3537192;2026-09-08;BQTO06;PANADERIA REAL PAN;Comp_BEBIDAS;MANZANA NATULAC 1L;2
3580783;2026-09-11;BQTO02;PANADERIA TULIPAN;Comp_BEBIDAS_LACT;LECHE COMPLETA NATULAC;5
3580784;2026-09-11;BQTO02;PANADERIA TULIPAN;Comp_BEBIDAS_LACT;LECHE DESCREMADA NATULAC;15
3580785;2026-09-11;BQTO02;PANADERIA TULIPAN;Comp_BEBIDAS_LACT;LECHE DESLACTOSADA NATULAC;3
3548952;2026-09-09;BQTO02;PANADERIA TULIPAN;Comp_BEBIDAS;MANZANA FRICA;4
3548954;2026-09-09;BQTO02;PANADERIA TULIPAN;Comp_BEBIDAS;MANZANA NATULAC 1L;4
3548950;2026-09-09;BQTO02;PANADERIA TULIPAN;Comp_BEBIDAS;NARANJA FRICA;8
3548959;2026-09-09;BQTO02;PANADERIA TULIPAN;Comp_BEBIDAS;NARANJA NATULAC 1L;4
3548957;2026-09-09;BQTO02;PANADERIA TULIPAN;Comp_BEBIDAS;PERA NATULAC 1L;4
3686088;2026-09-22;CCS08;PARAMO AV. LIBERTADOR;Comp_BEBIDAS;DURAZNO KAITO 200ML;1
3686087;2026-09-22;CCS08;PARAMO AV. LIBERTADOR;Comp_BEBIDAS;DURAZNO NATULAC 1L;2
3797258;2026-09-30;CCS08;PARAMO AV. LIBERTADOR;Comp_BEBIDAS;DURAZNO PASTORENA;1
3739193;2026-09-25;CCS08;PARAMO AV. LIBERTADOR;Comp_BEBIDAS_LACT;LECHE COMPLETA NATULAC;10
3739190;2026-09-25;CCS08;PARAMO AV. LIBERTADOR;Comp_BEBIDAS_LACT;LECHE COMPLETA PASTORENA;10
3652429;2026-09-18;CCS08;PARAMO AV. LIBERTADOR;Comp_BEBIDAS_LACT;LECHE COMPLETA SAN SIMON;3
3739195;2026-09-25;CCS08;PARAMO AV. LIBERTADOR;Comp_BEBIDAS_LACT;LECHE DESCREMADA NATULAC;10
3739191;2026-09-25;CCS08;PARAMO AV. LIBERTADOR;Comp_BEBIDAS_LACT;LECHE DESCREMADA PASTORENA;10
3652430;2026-09-18;CCS08;PARAMO AV. LIBERTADOR;Comp_BEBIDAS_LACT;LECHE DESCREMADA SAN SIMON;2
3739194;2026-09-25;CCS08;PARAMO AV. LIBERTADOR;Comp_BEBIDAS_LACT;LECHE DESLACTOSADA NATULAC;10
3739192;2026-09-25;CCS08;PARAMO AV. LIBERTADOR;Comp_BEBIDAS_LACT;LECHE DESLACTOSADA PASTORENA;10
3797267;2026-09-30;CCS08;PARAMO AV. LIBERTADOR;Comp_DERIV_LACTEOS;MANTEQUILLA PAISA;1
3797266;2026-09-30;CCS08;PARAMO AV. LIBERTADOR;Comp_DERIV_LACTEOS;MANTEQUILLA PAISA SIN SAL;1
3572364;2026-09-11;CCS08;PARAMO AV. LIBERTADOR;Comp_BEBIDAS;MANZANA LIGTH NATULAC 1L;4
3572366;2026-09-11;CCS08;PARAMO AV. LIBERTADOR;Comp_BEBIDAS;MANZANA NATULAC 1L;2
3686089;2026-09-22;CCS08;PARAMO AV. LIBERTADOR;Comp_BEBIDAS;NARANJA KAITO 200ML;1
3739189;2026-09-25;CCS08;PARAMO AV. LIBERTADOR;Comp_BEBIDAS;PERA LIGHT NATULAC 1L;3
3797257;2026-09-30;CCS08;PARAMO AV. LIBERTADOR;Comp_BEBIDAS;PERA NATULAC 1L;12
3797259;2026-09-30;CCS08;PARAMO AV. LIBERTADOR;Comp_BEBIDAS;PERA PASTORENA;1
3686085;2026-09-22;CCS08;PARAMO AV. LIBERTADOR;Comp_BEBIDAS;TE LIMON 1L PARMALAT;2
3557041;2026-09-10;CCS05;PARAMO BARUTA;Comp_LECHE_EN_POLVO;LECHE EN POLVO 400 GR LA CAMPINA;5
3557039;2026-09-10;CCS05;PARAMO BARUTA;Comp_LECHE_EN_POLVO;LECHE EN POLVO 400 GR SAN SIMON;3
3557040;2026-09-10;CCS05;PARAMO BARUTA;Comp_LECHE_EN_POLVO;LECHE EN POLVO 900 GR LA CAMPINA;10
3557037;2026-09-10;CCS05;PARAMO BARUTA;Comp_LECHE_EN_POLVO;LECHE EN POLVO 900 GR SAN SIMON;5
3775369;2026-09-29;CCS07;PARAMO GUATIRE;Comp_DERIV_LACTEOS;CREMA DE LECHE DE PAISA 250GR;4
3775368;2026-09-29;CCS07;PARAMO GUATIRE;Comp_DERIV_LACTEOS;CREMA DE LECHE DE PAISA 500GR;2
3775357;2026-09-29;CCS07;PARAMO GUATIRE;Comp_BEBIDAS;DURAZNO PASTORENA;12
3731669;2026-09-24;CCS07;PARAMO GUATIRE;Comp_BEBIDAS_LACT;LECHE COMPLETA PASTORENA;18
3731670;2026-09-24;CCS07;PARAMO GUATIRE;Comp_BEBIDAS_LACT;LECHE DESCREMADA PASTORENA;18
3731671;2026-09-24;CCS07;PARAMO GUATIRE;Comp_BEBIDAS_LACT;LECHE DESLACTOSADA PASTORENA;18
3642250;2026-09-17;CCS07;PARAMO GUATIRE;Comp_LECHE_EN_POLVO;LECHE EN POLVO 900 GR LA CAMPINA;6
3731674;2026-09-24;CCS07;PARAMO GUATIRE;Comp_LECHE_EN_POLVO;LECHE EN POLVO 900 GR SAN SIMON;12
3775367;2026-09-29;CCS07;PARAMO GUATIRE;Comp_DERIV_LACTEOS;MANTEQUILLA PAISA;1
3695252;2026-09-22;CCS07;PARAMO GUATIRE;Comp_DERIV_LACTEOS;MANTEQUILLA PAISA SIN SAL;1
3695247;2026-09-22;CCS07;PARAMO GUATIRE;Comp_BEBIDAS;MANZANA PASTORENA;9
3775377;2026-09-29;CCS07;PARAMO GUATIRE;Comp_EMBUTIDOS;MORTADELA PLUMROSE DE CARNES 1KG;1
3775358;2026-09-29;CCS07;PARAMO GUATIRE;Comp_BEBIDAS;PERA PASTORENA;8
3775383;2026-09-29;CCS07;PARAMO GUATIRE;Comp_EMBUTIDOS;SALCHICHA TIPO VIENA 450GR FIESTA;1
3775384;2026-09-29;CCS07;PARAMO GUATIRE;Comp_EMBUTIDOS;SALCHICHA TIPO VIENA 450GR PLUMROSE;1
3711470;2026-09-23;PTO01;PEKIN EL GUAMO;Comp_LECHE_EN_POLVO;LECHE EN POLVO 200 GR LA CAMPINA;1
3711469;2026-09-23;PTO01;PEKIN EL GUAMO;Comp_LECHE_EN_POLVO;LECHE EN POLVO 400 GR SAN SIMON;1
3711471;2026-09-23;PTO01;PEKIN EL GUAMO;Comp_LECHE_EN_POLVO;LECHE EN POLVO 900 GR LA CAMPINA;5
3560603;2026-09-10;CCS05;PLAN SUAREZ  TRINIDAD;Comp_LECHE_EN_POLVO;LECHE EN POLVO 900 GR LA CAMPINA;15
3560602;2026-09-10;CCS05;PLAN SUAREZ  TRINIDAD;Comp_LECHE_EN_POLVO;LECHE EN POLVO 900 GR SAN SIMON;12
3560608;2026-09-10;CCS04;PLAN SUAREZ CAURIMARE;Comp_BEBIDAS_LACT;LECHE COMPLETA NATULAC;6
3560611;2026-09-10;CCS04;PLAN SUAREZ CAURIMARE;Comp_BEBIDAS_LACT;LECHE COMPLETA PASTORENA;7
3560609;2026-09-10;CCS04;PLAN SUAREZ CAURIMARE;Comp_BEBIDAS_LACT;LECHE DESCREMADA NATULAC;4
3560612;2026-09-10;CCS04;PLAN SUAREZ CAURIMARE;Comp_BEBIDAS_LACT;LECHE DESCREMADA PASTORENA;5
3560610;2026-09-10;CCS04;PLAN SUAREZ CAURIMARE;Comp_BEBIDAS_LACT;LECHE DESLACTOSADA NATULAC;4
3560613;2026-09-10;CCS04;PLAN SUAREZ CAURIMARE;Comp_BEBIDAS_LACT;LECHE DESLACTOSADA PASTORENA;5
3560607;2026-09-10;CCS04;PLAN SUAREZ CAURIMARE;Comp_LECHE_EN_POLVO;LECHE EN POLVO 900 GR LA CAMPINA;10
3560606;2026-09-10;CCS04;PLAN SUAREZ CAURIMARE;Comp_LECHE_EN_POLVO;LECHE EN POLVO 900 GR SAN SIMON;10
3487473;2026-09-03;CCS04;PLAN SUAREZ CAURIMARE;Comp_BEBIDAS;MANZANA NATULAC 1L;2
3487472;2026-09-03;CCS04;PLAN SUAREZ CAURIMARE;Comp_BEBIDAS;MANZANA PASTORENA;4
3568923;2026-09-10;BQTO03;PLAZA CHINA;Comp_BEBIDAS;DURAZNO NATULAC 1L;8
3568914;2026-09-10;BQTO03;PLAZA CHINA;Comp_BEBIDAS_LACT;LECHE COMPLETA NATULAC;7
3568916;2026-09-10;BQTO03;PLAZA CHINA;Comp_BEBIDAS_LACT;LECHE DESCREMADA NATULAC;1
3611942;2026-09-15;BQTO03;PLAZA CHINA;Comp_LECHE_EN_POLVO;LECHE EN POLVO 200 GR LA CAMPINA;0
3611939;2026-09-15;BQTO03;PLAZA CHINA;Comp_LECHE_EN_POLVO;LECHE EN POLVO 200 GR SAN SIMON;0
3611941;2026-09-15;BQTO03;PLAZA CHINA;Comp_LECHE_EN_POLVO;LECHE EN POLVO 400 GR LA CAMPINA;2
3611938;2026-09-15;BQTO03;PLAZA CHINA;Comp_LECHE_EN_POLVO;LECHE EN POLVO 400 GR SAN SIMON;1
3611940;2026-09-15;BQTO03;PLAZA CHINA;Comp_LECHE_EN_POLVO;LECHE EN POLVO 900 GR LA CAMPINA;3
3611943;2026-09-15;BQTO03;PLAZA CHINA;Comp_LECHE_EN_POLVO;LECHE EN POLVO 900 GR SAN SIMON;2
3568918;2026-09-10;BQTO03;PLAZA CHINA;Comp_BEBIDAS;MANZANA NATULAC 1L;8
3568917;2026-09-10;BQTO03;PLAZA CHINA;Comp_BEBIDAS;NARANJA NATULAC 1L;8
3568919;2026-09-10;BQTO03;PLAZA CHINA;Comp_BEBIDAS;PERA NATULAC 1L;8
3586522;2026-09-11;BQTO01;REDVITAL AV LARA;Comp_BEBIDAS;DURAZNO NATULAC 1L;2
3664321;2026-09-18;BQTO01;REDVITAL AV LARA;Comp_BEBIDAS_LACT;LECHE COMPLETA NATULAC;10
3664326;2026-09-18;BQTO01;REDVITAL AV LARA;Comp_BEBIDAS_LACT;LECHE DESCREMADA NATULAC;6
3664329;2026-09-18;BQTO01;REDVITAL AV LARA;Comp_BEBIDAS_LACT;LECHE DESLACTOSADA NATULAC;4
3586519;2026-09-11;BQTO01;REDVITAL AV LARA;Comp_LECHE_EN_POLVO;LECHE EN POLVO 400 GR LA CAMPINA;1
3586523;2026-09-11;BQTO01;REDVITAL AV LARA;Comp_BEBIDAS;MANZANA NATULAC 1L;2
3586521;2026-09-11;BQTO01;REDVITAL AV LARA;Comp_BEBIDAS;NARANJA NATULAC 1L;1
3586520;2026-09-11;BQTO01;REDVITAL AV LARA;Comp_BEBIDAS;PERA NATULAC 1L;2
3738377;2026-09-25;CCS07;REDVITAL GUARENAS;Comp_DERIV_LACTEOS;CREMA DE LECHE DE PAISA 250GR;4
3738363;2026-09-25;CCS07;REDVITAL GUARENAS;Comp_BEBIDAS;DURAZNO KAITO 200ML;6
3677737;2026-09-21;CCS07;REDVITAL GUARENAS;Comp_BEBIDAS;DURAZNO NATULAC 1L;4
3738365;2026-09-25;CCS07;REDVITAL GUARENAS;Comp_BEBIDAS;DURAZNO NATULAC 250ML;6
3738405;2026-09-25;CCS07;REDVITAL GUARENAS;Comp_BEBIDAS_LACT;LECHE COMPLETA NATULAC;8
3653758;2026-09-18;CCS07;REDVITAL GUARENAS;Comp_BEBIDAS_LACT;LECHE DESCREMADA NATULAC;3
3779277;2026-09-29;CCS07;REDVITAL GUARENAS;Comp_BEBIDAS_LACT;LECHE DESLACTOSADA NATULAC;31
3738396;2026-09-25;CCS07;REDVITAL GUARENAS;Comp_LECHE_EN_POLVO;LECHE EN POLVO 400 GR LA CAMPINA;2
3738395;2026-09-25;CCS07;REDVITAL GUARENAS;Comp_LECHE_EN_POLVO;LECHE EN POLVO 400 GR SAN SIMON;1
3738394;2026-09-25;CCS07;REDVITAL GUARENAS;Comp_LECHE_EN_POLVO;LECHE EN POLVO 900 GR SAN SIMON;4
3779254;2026-09-29;CCS07;REDVITAL GUARENAS;Comp_DERIV_LACTEOS;MANTEQUILLA PAISA SIN SAL;4
3738362;2026-09-25;CCS07;REDVITAL GUARENAS;Comp_BEBIDAS;MANZANA KAITO 200ML;6
3779229;2026-09-29;CCS07;REDVITAL GUARENAS;Comp_BEBIDAS;MANZANA LIGTH NATULAC 1L;4
3779231;2026-09-29;CCS07;REDVITAL GUARENAS;Comp_BEBIDAS;MANZANA NATULAC 1L;3
3738366;2026-09-25;CCS07;REDVITAL GUARENAS;Comp_BEBIDAS;MANZANA NATULAC 250ML;6
3653729;2026-09-18;CCS07;REDVITAL GUARENAS;Comp_BEBIDAS;NARANJA NATULAC 1L;5
3738367;2026-09-25;CCS07;REDVITAL GUARENAS;Comp_BEBIDAS;NARANJA NATULAC 250ML;1
3779230;2026-09-29;CCS07;REDVITAL GUARENAS;Comp_BEBIDAS;PERA NATULAC 1L;13
3738364;2026-09-25;CCS07;REDVITAL GUARENAS;Comp_BEBIDAS;PERA NATULAC 250ML;6
3723305;2026-09-24;VLC04;REDVITAL NAGUANAGUA;Comp_DERIV_LACTEOS;CREMA DE LECHE DE PAISA 250GR;1
3723300;2026-09-24;VLC04;REDVITAL NAGUANAGUA;Comp_DERIV_LACTEOS;CREMA DE LECHE DE PAISA 500GR;1
3723307;2026-09-24;VLC04;REDVITAL NAGUANAGUA;Comp_BEBIDAS;DURAZNO NATULAC 1L;1
3723321;2026-09-24;VLC04;REDVITAL NAGUANAGUA;Comp_BEBIDAS_LACT;LECHE COMPLETA NATULAC;2
3723322;2026-09-24;VLC04;REDVITAL NAGUANAGUA;Comp_BEBIDAS_LACT;LECHE DESCREMADA NATULAC;1
3723323;2026-09-24;VLC04;REDVITAL NAGUANAGUA;Comp_BEBIDAS_LACT;LECHE DESLACTOSADA NATULAC;1
3723308;2026-09-24;VLC04;REDVITAL NAGUANAGUA;Comp_BEBIDAS;NARANJA NATULAC 1L;2
3723309;2026-09-24;VLC04;REDVITAL NAGUANAGUA;Comp_BEBIDAS;PERA NATULAC 1L;1
3497507;2026-09-03;CCS06;REDVITAL SAN ANTONIO;Comp_BEBIDAS_LACT;LECHE COMPLETA NATULAC;9
3497509;2026-09-03;CCS06;REDVITAL SAN ANTONIO;Comp_BEBIDAS_LACT;LECHE DESCREMADA NATULAC;3
3497510;2026-09-03;CCS06;REDVITAL SAN ANTONIO;Comp_BEBIDAS_LACT;LECHE DESCREMADA NATULAC;9
3580137;2026-09-11;PLC09;RIO BODEGON SAMBIL;Comp_BEBIDAS;DURAZNO NATULAC 1L;3
3658557;2026-09-18;PLC09;RIO BODEGON SAMBIL;Comp_BEBIDAS_LACT;LECHE COMPLETA NATULAC;8
3745447;2026-09-25;PLC09;RIO BODEGON SAMBIL;Comp_BEBIDAS_LACT;LECHE COMPLETA SAN SIMON;18
3658558;2026-09-18;PLC09;RIO BODEGON SAMBIL;Comp_BEBIDAS_LACT;LECHE DESCREMADA NATULAC;4
3745448;2026-09-25;PLC09;RIO BODEGON SAMBIL;Comp_BEBIDAS_LACT;LECHE DESCREMADA SAN SIMON;6
3658559;2026-09-18;PLC09;RIO BODEGON SAMBIL;Comp_BEBIDAS_LACT;LECHE DESLACTOSADA NATULAC;8
3711600;2026-09-23;PLC09;RIO BODEGON SAMBIL;Comp_BEBIDAS_LACT;LECHE DESLACTOSADA SAN SIMON;6
3745446;2026-09-25;PLC09;RIO BODEGON SAMBIL;Comp_LECHE_EN_POLVO;LECHE EN POLVO 200 GR LA CAMPINA;3
3745445;2026-09-25;PLC09;RIO BODEGON SAMBIL;Comp_LECHE_EN_POLVO;LECHE EN POLVO 400 GR LA CAMPINA;4
3745443;2026-09-25;PLC09;RIO BODEGON SAMBIL;Comp_LECHE_EN_POLVO;LECHE EN POLVO 400 GR SAN SIMON;6
3745444;2026-09-25;PLC09;RIO BODEGON SAMBIL;Comp_LECHE_EN_POLVO;LECHE EN POLVO 900 GR LA CAMPINA;19
3745442;2026-09-25;PLC09;RIO BODEGON SAMBIL;Comp_LECHE_EN_POLVO;LECHE EN POLVO 900 GR SAN SIMON;9
3580136;2026-09-11;PLC09;RIO BODEGON SAMBIL;Comp_BEBIDAS;MANZANA NATULAC 1L;3
3580135;2026-09-11;PLC09;RIO BODEGON SAMBIL;Comp_BEBIDAS;PERA NATULAC 1L;3
3581169;2026-09-11;CCS05;RIO BOYERA;Comp_BEBIDAS_LACT;LECHE COMPLETA NATULAC;21
3581173;2026-09-11;CCS05;RIO BOYERA;Comp_LECHE_EN_POLVO;LECHE EN POLVO 400 GR LA CAMPINA;7
3581171;2026-09-11;CCS05;RIO BOYERA;Comp_LECHE_EN_POLVO;LECHE EN POLVO 400 GR SAN SIMON;3
3581172;2026-09-11;CCS05;RIO BOYERA;Comp_LECHE_EN_POLVO;LECHE EN POLVO 900 GR LA CAMPINA;7
3581170;2026-09-11;CCS05;RIO BOYERA;Comp_LECHE_EN_POLVO;LECHE EN POLVO 900 GR SAN SIMON;9
3789336;2026-09-29;CCS08;RIO CANDELARIA;Comp_DERIV_LACTEOS;CREMA DE LECHE DE PAISA 250GR;5
3789337;2026-09-29;CCS08;RIO CANDELARIA;Comp_DERIV_LACTEOS;CREMA DE LECHE DE PAISA 500GR;8
3585105;2026-09-11;CCS08;RIO CANDELARIA;Comp_BEBIDAS_LACT;LECHE COMPLETA NATULAC;6
3770479;2026-09-28;CCS08;RIO CANDELARIA;Comp_BEBIDAS_LACT;LECHE COMPLETA PASTORENA;49
3683911;2026-09-21;CCS08;RIO CANDELARIA;Comp_BEBIDAS_LACT;LECHE COMPLETA SAN SIMON;14
3770478;2026-09-28;CCS08;RIO CANDELARIA;Comp_BEBIDAS_LACT;LECHE DESCREMADA NATULAC;14
3770480;2026-09-28;CCS08;RIO CANDELARIA;Comp_BEBIDAS_LACT;LECHE DESCREMADA PASTORENA;14
3770482;2026-09-28;CCS08;RIO CANDELARIA;Comp_BEBIDAS_LACT;LECHE DESCREMADA SAN SIMON;21
3735591;2026-09-23;CCS08;RIO CANDELARIA;Comp_BEBIDAS_LACT;LECHE DESLACTOSADA NATULAC;7
3770481;2026-09-28;CCS08;RIO CANDELARIA;Comp_BEBIDAS_LACT;LECHE DESLACTOSADA PASTORENA;14
3585111;2026-09-11;CCS08;RIO CANDELARIA;Comp_BEBIDAS_LACT;LECHE DESLACTOSADA SAN SIMON;7
3770473;2026-09-28;CCS08;RIO CANDELARIA;Comp_LECHE_EN_POLVO;LECHE EN POLVO 200 GR LA CAMPINA;10
3770472;2026-09-28;CCS08;RIO CANDELARIA;Comp_LECHE_EN_POLVO;LECHE EN POLVO 400 GR LA CAMPINA;20
3585096;2026-09-11;CCS08;RIO CANDELARIA;Comp_LECHE_EN_POLVO;LECHE EN POLVO 400 GR SAN SIMON;6
3770471;2026-09-28;CCS08;RIO CANDELARIA;Comp_LECHE_EN_POLVO;LECHE EN POLVO 900 GR LA CAMPINA;35
3770470;2026-09-28;CCS08;RIO CANDELARIA;Comp_LECHE_EN_POLVO;LECHE EN POLVO 900 GR SAN SIMON;7
3789335;2026-09-29;CCS08;RIO CANDELARIA;Comp_DERIV_LACTEOS;MANTEQUILLA PAISA;5
3683891;2026-09-21;CCS08;RIO CANDELARIA;Comp_BEBIDAS;MANZANA LIGTH NATULAC 1L;12
3683892;2026-09-21;CCS08;RIO CANDELARIA;Comp_BEBIDAS;MANZANA NATULAC 1L;8
3683887;2026-09-21;CCS08;RIO CANDELARIA;Comp_BEBIDAS;NARANJA FRICA;9
3683894;2026-09-21;CCS08;RIO CANDELARIA;Comp_BEBIDAS;NARANJA NATULAC 1L;4
3683888;2026-09-21;CCS08;RIO CANDELARIA;Comp_BEBIDAS;PERA FRICA;6
3683893;2026-09-21;CCS08;RIO CANDELARIA;Comp_BEBIDAS;PERA NATULAC 1L;8
3789339;2026-09-29;CCS08;RIO CANDELARIA;Comp_EMBUTIDOS;SALCHICHA TIPO VIENA 225GR FIESTA;3
3789338;2026-09-29;CCS08;RIO CANDELARIA;Comp_EMBUTIDOS;SALCHICHA TIPO VIENA 450GR FIESTA;1
3683890;2026-09-21;CCS08;RIO CANDELARIA;Comp_BEBIDAS;TE DURAZNO 1L PARMALAT;2
3683889;2026-09-21;CCS08;RIO CANDELARIA;Comp_BEBIDAS;TE LIMON 1L PARMALAT;2
3549391;2026-09-09;CCS07;RIO GUARENAS;Comp_DERIV_LACTEOS;CREMA DE LECHE DE PAISA 250GR;3
3708059;2026-09-23;CCS07;RIO GUARENAS;Comp_DERIV_LACTEOS;CREMA DE LECHE DE PAISA 500GR;1
3708032;2026-09-23;CCS07;RIO GUARENAS;Comp_BEBIDAS;DURAZNO KAITO 200ML;5
3708023;2026-09-23;CCS07;RIO GUARENAS;Comp_BEBIDAS;DURAZNO NATULAC 1L;5
3708027;2026-09-23;CCS07;RIO GUARENAS;Comp_BEBIDAS;DURAZNO NATULAC 250ML;6
3708019;2026-09-23;CCS07;RIO GUARENAS;Comp_BEBIDAS;DURAZNO PASTORENA;5
3708039;2026-09-23;CCS07;RIO GUARENAS;Comp_BEBIDAS_LACT;LECHE COMPLETA NATULAC;5
3708038;2026-09-23;CCS07;RIO GUARENAS;Comp_BEBIDAS_LACT;LECHE COMPLETA PASTORENA;4
3708040;2026-09-23;CCS07;RIO GUARENAS;Comp_BEBIDAS_LACT;LECHE DESCREMADA NATULAC;5
3708037;2026-09-23;CCS07;RIO GUARENAS;Comp_BEBIDAS_LACT;LECHE DESCREMADA PASTORENA;10
3708041;2026-09-23;CCS07;RIO GUARENAS;Comp_BEBIDAS_LACT;LECHE DESLACTOSADA NATULAC;5
3708036;2026-09-23;CCS07;RIO GUARENAS;Comp_BEBIDAS_LACT;LECHE DESLACTOSADA PASTORENA;9
3708060;2026-09-23;CCS07;RIO GUARENAS;Comp_DERIV_LACTEOS;MANTEQUILLA PAISA;1
3708030;2026-09-23;CCS07;RIO GUARENAS;Comp_BEBIDAS;MANZANA KAITO 200ML;3
3708022;2026-09-23;CCS07;RIO GUARENAS;Comp_BEBIDAS;MANZANA NATULAC 1L;2
3708025;2026-09-23;CCS07;RIO GUARENAS;Comp_BEBIDAS;MANZANA NATULAC 250ML;13
3708017;2026-09-23;CCS07;RIO GUARENAS;Comp_BEBIDAS;MANZANA PASTORENA;5
3597632;2026-09-14;CCS07;RIO GUARENAS;Comp_EMBUTIDOS;MORTADELA PLUMROSE DE CARNES 1KG;1
3708031;2026-09-23;CCS07;RIO GUARENAS;Comp_BEBIDAS;NARANJA KAITO 200ML;5
3708024;2026-09-23;CCS07;RIO GUARENAS;Comp_BEBIDAS;NARANJA NATULAC 1L;3
3708028;2026-09-23;CCS07;RIO GUARENAS;Comp_BEBIDAS;NARANJA NATULAC 250ML;7
3708029;2026-09-23;CCS07;RIO GUARENAS;Comp_BEBIDAS;PERA KAITO 200ML;6
3708020;2026-09-23;CCS07;RIO GUARENAS;Comp_BEBIDAS;PERA LIGHT NATULAC 1L;2
3708021;2026-09-23;CCS07;RIO GUARENAS;Comp_BEBIDAS;PERA NATULAC 1L;8
3708026;2026-09-23;CCS07;RIO GUARENAS;Comp_BEBIDAS;PERA NATULAC 250ML;7
3708018;2026-09-23;CCS07;RIO GUARENAS;Comp_BEBIDAS;PERA PASTORENA;5
3677827;2026-09-21;CCS07;RIO GUARENAS;Comp_EMBUTIDOS;SALCHICHA TIPO VIENA 450GR FIESTA;1
3708069;2026-09-23;CCS07;RIO GUARENAS;Comp_EMBUTIDOS;SALCHICHA TIPO VIENA 450GR PLUMROSE;2
3708015;2026-09-23;CCS07;RIO GUARENAS;Comp_BEBIDAS;TE DURAZNO 1L PARMALAT;5
3708013;2026-09-23;CCS07;RIO GUARENAS;Comp_BEBIDAS;TE DURAZNO 1L PASTORENA;5
3708016;2026-09-23;CCS07;RIO GUARENAS;Comp_BEBIDAS;TE LIMON 1L PARMALAT;5
3708014;2026-09-23;CCS07;RIO GUARENAS;Comp_BEBIDAS;TE LIMON 1L PASTORENA;5
3557547;2026-09-10;CCS07;RIO GUATIRE;Comp_DERIV_LACTEOS;CREMA DE LECHE DE PAISA 500GR;1
3731940;2026-09-24;CCS07;RIO GUATIRE;Comp_BEBIDAS;DURAZNO KAITO 200ML;4
3762200;2026-09-28;CCS07;RIO GUATIRE;Comp_BEBIDAS;DURAZNO NATULAC 1L;15
3731937;2026-09-24;CCS07;RIO GUATIRE;Comp_BEBIDAS;DURAZNO NATULAC 250ML;24
3762203;2026-09-28;CCS07;RIO GUATIRE;Comp_BEBIDAS;DURAZNO PASTORENA;4
3762208;2026-09-28;CCS07;RIO GUATIRE;Comp_BEBIDAS_LACT;LECHE COMPLETA NATULAC;1
3731959;2026-09-24;CCS07;RIO GUATIRE;Comp_BEBIDAS_LACT;LECHE COMPLETA PASTORENA;2
3762209;2026-09-28;CCS07;RIO GUATIRE;Comp_BEBIDAS_LACT;LECHE DESCREMADA NATULAC;5
3731960;2026-09-24;CCS07;RIO GUATIRE;Comp_BEBIDAS_LACT;LECHE DESCREMADA PASTORENA;1
3762210;2026-09-28;CCS07;RIO GUATIRE;Comp_BEBIDAS_LACT;LECHE DESLACTOSADA NATULAC;14
3695402;2026-09-22;CCS07;RIO GUATIRE;Comp_BEBIDAS_LACT;LECHE DESLACTOSADA PASTORENA;1
3611465;2026-09-15;CCS07;RIO GUATIRE;Comp_DERIV_LACTEOS;MANTEQUILLA PAISA;1
3731941;2026-09-24;CCS07;RIO GUATIRE;Comp_BEBIDAS;MANZANA KAITO 200ML;8
3762198;2026-09-28;CCS07;RIO GUATIRE;Comp_BEBIDAS;MANZANA NATULAC 1L;15
3731935;2026-09-24;CCS07;RIO GUATIRE;Comp_BEBIDAS;MANZANA NATULAC 250ML;12
3762202;2026-09-28;CCS07;RIO GUATIRE;Comp_BEBIDAS;MANZANA PASTORENA;6
3762230;2026-09-28;CCS07;RIO GUATIRE;Comp_EMBUTIDOS;MORTADELA PLUMROSE DE CARNES 1KG;2
3731943;2026-09-24;CCS07;RIO GUATIRE;Comp_BEBIDAS;NARANJA KAITO 200ML;8
3762201;2026-09-28;CCS07;RIO GUATIRE;Comp_BEBIDAS;NARANJA NATULAC 1L;15
3731934;2026-09-24;CCS07;RIO GUATIRE;Comp_BEBIDAS;NARANJA NATULAC 250ML;17
3731942;2026-09-24;CCS07;RIO GUATIRE;Comp_BEBIDAS;PERA KAITO 200ML;12
3762197;2026-09-28;CCS07;RIO GUATIRE;Comp_BEBIDAS;PERA LIGHT NATULAC 1L;5
3762199;2026-09-28;CCS07;RIO GUATIRE;Comp_BEBIDAS;PERA NATULAC 1L;15
3731936;2026-09-24;CCS07;RIO GUATIRE;Comp_BEBIDAS;PERA NATULAC 250ML;12
3611447;2026-09-15;CCS07;RIO GUATIRE;Comp_BEBIDAS;PERA PASTORENA;1
3762239;2026-09-28;CCS07;RIO GUATIRE;Comp_EMBUTIDOS;SALCHICHA TIPO VIENA 450GR FIESTA;4
3762240;2026-09-28;CCS07;RIO GUATIRE;Comp_EMBUTIDOS;SALCHICHA TIPO VIENA 450GR PLUMROSE;4
3796435;2026-09-30;CCS07;RIO GUATIRE;Comp_BEBIDAS;TE DURAZNO 1L PARMALAT;6
3796436;2026-09-30;CCS07;RIO GUATIRE;Comp_BEBIDAS;TE LIMON 1L PARMALAT;4
3796437;2026-09-30;CCS07;RIO GUATIRE;Comp_BEBIDAS;TE LIMON 1L PASTORENA;2
3597387;2026-09-14;CCS04;Rio Lomas del sol;Comp_BEBIDAS_LACT;LECHE COMPLETA NATULAC;5
3477535;2026-09-02;CCS04;Rio Lomas del sol;Comp_BEBIDAS_LACT;LECHE COMPLETA PASTORENA;6
3597388;2026-09-14;CCS04;Rio Lomas del sol;Comp_BEBIDAS_LACT;LECHE DESCREMADA NATULAC;5
3477534;2026-09-02;CCS04;Rio Lomas del sol;Comp_BEBIDAS_LACT;LECHE DESLACTOSADA NATULAC;6
3579912;2026-09-11;PLC05;RIO PLAYA EL ANGEL;Comp_LECHE_EN_POLVO;LECHE EN POLVO 200 GR LA CAMPINA;12
3579911;2026-09-11;PLC05;RIO PLAYA EL ANGEL;Comp_LECHE_EN_POLVO;LECHE EN POLVO 400 GR LA CAMPINA;24
3579909;2026-09-11;PLC05;RIO PLAYA EL ANGEL;Comp_LECHE_EN_POLVO;LECHE EN POLVO 400 GR SAN SIMON;21
3579910;2026-09-11;PLC05;RIO PLAYA EL ANGEL;Comp_LECHE_EN_POLVO;LECHE EN POLVO 900 GR LA CAMPINA;30
3579908;2026-09-11;PLC05;RIO PLAYA EL ANGEL;Comp_LECHE_EN_POLVO;LECHE EN POLVO 900 GR SAN SIMON;14
3564546;2026-09-10;PLC08;RIO PUENTE REAL;Comp_LECHE_EN_POLVO;LECHE EN POLVO 400 GR LA CAMPINA;1
3564544;2026-09-10;PLC08;RIO PUENTE REAL;Comp_LECHE_EN_POLVO;LECHE EN POLVO 400 GR SAN SIMON;1
3564545;2026-09-10;PLC08;RIO PUENTE REAL;Comp_LECHE_EN_POLVO;LECHE EN POLVO 900 GR LA CAMPINA;1
3564543;2026-09-10;PLC08;RIO PUENTE REAL;Comp_LECHE_EN_POLVO;LECHE EN POLVO 900 GR SAN SIMON;1
3557894;2026-09-10;CCS03;RIO SAN IGNACIO;Comp_LECHE_EN_POLVO;LECHE EN POLVO 900 GR LA CAMPINA;5
3557893;2026-09-10;CCS03;RIO SAN IGNACIO;Comp_LECHE_EN_POLVO;LECHE EN POLVO 900 GR SAN SIMON;4
3784823;2026-09-29;PLC04;RIO SUPERMARKET  31 DE JULIO;Comp_BEBIDAS_LACT;LECHE COMPLETA NATULAC;7
3784824;2026-09-29;PLC04;RIO SUPERMARKET  31 DE JULIO;Comp_BEBIDAS_LACT;LECHE DESCREMADA NATULAC;4
3784825;2026-09-29;PLC04;RIO SUPERMARKET  31 DE JULIO;Comp_BEBIDAS_LACT;LECHE DESLACTOSADA NATULAC;3
3563131;2026-09-10;PLC04;RIO SUPERMARKET  31 DE JULIO;Comp_LECHE_EN_POLVO;LECHE EN POLVO 200 GR SAN SIMON;4
3731871;2026-09-24;PLC04;RIO SUPERMARKET  31 DE JULIO;Comp_LECHE_EN_POLVO;LECHE EN POLVO 400 GR LA CAMPINA;3
3563127;2026-09-10;PLC04;RIO SUPERMARKET  31 DE JULIO;Comp_LECHE_EN_POLVO;LECHE EN POLVO 400 GR SAN SIMON;9
3563129;2026-09-10;PLC04;RIO SUPERMARKET  31 DE JULIO;Comp_LECHE_EN_POLVO;LECHE EN POLVO 900 GR LA CAMPINA;12
3731870;2026-09-24;PLC04;RIO SUPERMARKET  31 DE JULIO;Comp_LECHE_EN_POLVO;LECHE EN POLVO 900 GR SAN SIMON;4
3580831;2026-09-11;BQTO02;RIO SUPERMARKET  CC ARENA PLAZA;Comp_BEBIDAS;DURAZNO NATULAC 1L;14
3580827;2026-09-11;BQTO02;RIO SUPERMARKET  CC ARENA PLAZA;Comp_BEBIDAS_LACT;LECHE COMPLETA NATULAC;18
3521030;2026-09-07;BQTO02;RIO SUPERMARKET  CC ARENA PLAZA;Comp_BEBIDAS_LACT;LECHE COMPLETA PASTORENA;18
3580825;2026-09-11;BQTO02;RIO SUPERMARKET  CC ARENA PLAZA;Comp_BEBIDAS_LACT;LECHE DESCREMADA NATULAC;18
3521031;2026-09-07;BQTO02;RIO SUPERMARKET  CC ARENA PLAZA;Comp_BEBIDAS_LACT;LECHE DESCREMADA PASTORENA;12
3580826;2026-09-11;BQTO02;RIO SUPERMARKET  CC ARENA PLAZA;Comp_BEBIDAS_LACT;LECHE DESLACTOSADA NATULAC;10
3680142;2026-09-21;BQTO02;RIO SUPERMARKET  CC ARENA PLAZA;Comp_LECHE_EN_POLVO;LECHE EN POLVO 200 GR LA CAMPINA;10
3680141;2026-09-21;BQTO02;RIO SUPERMARKET  CC ARENA PLAZA;Comp_LECHE_EN_POLVO;LECHE EN POLVO 400 GR LA CAMPINA;10
3680137;2026-09-21;BQTO02;RIO SUPERMARKET  CC ARENA PLAZA;Comp_LECHE_EN_POLVO;LECHE EN POLVO 400 GR SAN SIMON;2
3680139;2026-09-21;BQTO02;RIO SUPERMARKET  CC ARENA PLAZA;Comp_LECHE_EN_POLVO;LECHE EN POLVO 900 GR LA CAMPINA;24
3680136;2026-09-21;BQTO02;RIO SUPERMARKET  CC ARENA PLAZA;Comp_LECHE_EN_POLVO;LECHE EN POLVO 900 GR SAN SIMON;12
3580830;2026-09-11;BQTO02;RIO SUPERMARKET  CC ARENA PLAZA;Comp_BEBIDAS;MANZANA NATULAC 1L;14
3521032;2026-09-07;BQTO02;RIO SUPERMARKET  CC ARENA PLAZA;Comp_BEBIDAS;NARANJA FRICA;7
3580832;2026-09-11;BQTO02;RIO SUPERMARKET  CC ARENA PLAZA;Comp_BEBIDAS;NARANJA NATULAC 1L;7
3580833;2026-09-11;BQTO02;RIO SUPERMARKET  CC ARENA PLAZA;Comp_BEBIDAS;PERA NATULAC 1L;14
3740182;2026-09-25;PTO01;Rio supermarket alta vista;Comp_LECHE_EN_POLVO;LECHE EN POLVO 200 GR LA CAMPINA;7
3740183;2026-09-25;PTO01;Rio supermarket alta vista;Comp_LECHE_EN_POLVO;LECHE EN POLVO 400 GR LA CAMPINA;11
3740181;2026-09-25;PTO01;Rio supermarket alta vista;Comp_LECHE_EN_POLVO;LECHE EN POLVO 400 GR SAN SIMON;4
3740184;2026-09-25;PTO01;Rio supermarket alta vista;Comp_LECHE_EN_POLVO;LECHE EN POLVO 900 GR LA CAMPINA;11
3693689;2026-09-22;PTO01;Rio supermarket alta vista;Comp_LECHE_EN_POLVO;LECHE EN POLVO 900 GR SAN SIMON;15
3586817;2026-09-11;PLC01;RIO SUPERMARKET C.C. PLAZA MAYOR;Comp_LECHE_EN_POLVO;LECHE EN POLVO 200 GR LA CAMPINA;5
3586816;2026-09-11;PLC01;RIO SUPERMARKET C.C. PLAZA MAYOR;Comp_LECHE_EN_POLVO;LECHE EN POLVO 400 GR LA CAMPINA;1
3586815;2026-09-11;PLC01;RIO SUPERMARKET C.C. PLAZA MAYOR;Comp_LECHE_EN_POLVO;LECHE EN POLVO 400 GR SAN SIMON;1
3586818;2026-09-11;PLC01;RIO SUPERMARKET C.C. PLAZA MAYOR;Comp_LECHE_EN_POLVO;LECHE EN POLVO 900 GR LA CAMPINA;1
3586814;2026-09-11;PLC01;RIO SUPERMARKET C.C. PLAZA MAYOR;Comp_LECHE_EN_POLVO;LECHE EN POLVO 900 GR SAN SIMON;1
3801006;2026-09-30;CCS11;RIO SUPERMARKET EL RECREO;Comp_DERIV_LACTEOS;CREMA DE LECHE DE PAISA 250GR;4
3800990;2026-09-30;CCS11;RIO SUPERMARKET EL RECREO;Comp_DERIV_LACTEOS;CREMA DE LECHE DE PAISA 500GR;4
3800988;2026-09-30;CCS11;RIO SUPERMARKET EL RECREO;Comp_LECHE_EN_POLVO;LECHE EN POLVO 200 GR LA CAMPINA;5
3800985;2026-09-30;CCS11;RIO SUPERMARKET EL RECREO;Comp_LECHE_EN_POLVO;LECHE EN POLVO 400 GR LA CAMPINA;8
3600388;2026-09-14;CCS11;RIO SUPERMARKET EL RECREO;Comp_LECHE_EN_POLVO;LECHE EN POLVO 400 GR SAN SIMON;12
3800738;2026-09-30;CCS11;RIO SUPERMARKET EL RECREO;Comp_LECHE_EN_POLVO;LECHE EN POLVO 900 GR LA CAMPINA;9
3800620;2026-09-30;CCS11;RIO SUPERMARKET EL RECREO;Comp_DERIV_LACTEOS;MANTEQUILLA PAISA;3
3553286;2026-09-09;PLC04;RIO SUPERMARKET JUAN BAUTISTA;Comp_BEBIDAS;DURAZNO NATULAC 1L;8
3594551;2026-09-14;PLC04;RIO SUPERMARKET JUAN BAUTISTA;Comp_BEBIDAS_LACT;LECHE DESCREMADA NATULAC;5
3594552;2026-09-14;PLC04;RIO SUPERMARKET JUAN BAUTISTA;Comp_BEBIDAS_LACT;LECHE DESCREMADA SAN SIMON;15
3553284;2026-09-09;PLC04;RIO SUPERMARKET JUAN BAUTISTA;Comp_BEBIDAS;MANZANA NATULAC 1L;12
3553285;2026-09-09;PLC04;RIO SUPERMARKET JUAN BAUTISTA;Comp_BEBIDAS;PERA NATULAC 1L;12
3694133;2026-09-22;PLC04;RIO SUPERMARKET JUANGRIEGO;Comp_BEBIDAS_LACT;LECHE COMPLETA NATULAC;12
3694134;2026-09-22;PLC04;RIO SUPERMARKET JUANGRIEGO;Comp_BEBIDAS_LACT;LECHE DESLACTOSADA NATULAC;7
3694132;2026-09-22;PLC04;RIO SUPERMARKET JUANGRIEGO;Comp_LECHE_EN_POLVO;LECHE EN POLVO 200 GR LA CAMPINA;8
3570059;2026-09-10;PLC04;RIO SUPERMARKET JUANGRIEGO;Comp_LECHE_EN_POLVO;LECHE EN POLVO 200 GR SAN SIMON;0
3694131;2026-09-22;PLC04;RIO SUPERMARKET JUANGRIEGO;Comp_LECHE_EN_POLVO;LECHE EN POLVO 400 GR LA CAMPINA;12
3694130;2026-09-22;PLC04;RIO SUPERMARKET JUANGRIEGO;Comp_LECHE_EN_POLVO;LECHE EN POLVO 900 GR LA CAMPINA;24
3570057;2026-09-10;PLC04;RIO SUPERMARKET JUANGRIEGO;Comp_LECHE_EN_POLVO;LECHE EN POLVO 900 GR SAN SIMON;20
3552913;2026-09-09;PTO03;RIO SUPERMARKET MATURIN;Comp_BEBIDAS_LACT;LECHE COMPLETA NATULAC;2
3552914;2026-09-09;PTO03;RIO SUPERMARKET MATURIN;Comp_BEBIDAS_LACT;LECHE COMPLETA PASTORENA;2
3506042;2026-09-04;PTO03;RIO SUPERMARKET MATURIN;Comp_BEBIDAS_LACT;LECHE COMPLETA SAN SIMON;2
3552915;2026-09-09;PTO03;RIO SUPERMARKET MATURIN;Comp_BEBIDAS;MANZANA NATULAC 1L;1
3506055;2026-09-04;PTO03;RIO SUPERMARKET MATURIN;Comp_BEBIDAS;NARANJA FRICA;2
3506056;2026-09-04;PTO03;RIO SUPERMARKET MATURIN;Comp_BEBIDAS;NARANJA NATULAC 1L;1
3506057;2026-09-04;PTO03;RIO SUPERMARKET MATURIN;Comp_BEBIDAS;PERA PASTORENA;2
3563081;2026-09-10;PLC05;RIO TERRANOVA;Comp_LECHE_EN_POLVO;LECHE EN POLVO 200 GR LA CAMPINA;3
3563080;2026-09-10;PLC05;RIO TERRANOVA;Comp_LECHE_EN_POLVO;LECHE EN POLVO 400 GR LA CAMPINA;6
3563078;2026-09-10;PLC05;RIO TERRANOVA;Comp_LECHE_EN_POLVO;LECHE EN POLVO 400 GR SAN SIMON;4
3563079;2026-09-10;PLC05;RIO TERRANOVA;Comp_LECHE_EN_POLVO;LECHE EN POLVO 900 GR LA CAMPINA;6
3563077;2026-09-10;PLC05;RIO TERRANOVA;Comp_LECHE_EN_POLVO;LECHE EN POLVO 900 GR SAN SIMON;4
3562058;2026-09-10;CCS04;RIO VIDA SANTA SOFIA;Comp_BEBIDAS_LACT;LECHE COMPLETA PASTORENA;6
3562059;2026-09-10;CCS04;RIO VIDA SANTA SOFIA;Comp_BEBIDAS_LACT;LECHE DESCREMADA PASTORENA;6
3562061;2026-09-10;CCS04;RIO VIDA SANTA SOFIA;Comp_LECHE_EN_POLVO;LECHE EN POLVO 400 GR LA CAMPINA;2
3562063;2026-09-10;CCS04;RIO VIDA SANTA SOFIA;Comp_LECHE_EN_POLVO;LECHE EN POLVO 400 GR SAN SIMON;2
3562060;2026-09-10;CCS04;RIO VIDA SANTA SOFIA;Comp_LECHE_EN_POLVO;LECHE EN POLVO 900 GR LA CAMPINA;4
3562062;2026-09-10;CCS04;RIO VIDA SANTA SOFIA;Comp_LECHE_EN_POLVO;LECHE EN POLVO 900 GR SAN SIMON;2
3562066;2026-09-10;CCS04;RIO VIDA SANTA SOFIA;Comp_BEBIDAS;MANZANA NATULAC 1L;2
3562064;2026-09-10;CCS04;RIO VIDA SANTA SOFIA;Comp_BEBIDAS;MANZANA PASTORENA;5
3562065;2026-09-10;CCS04;RIO VIDA SANTA SOFIA;Comp_BEBIDAS;PERA PASTORENA;2
3471196;2026-09-02;CCS11;RIOVIDA BELLO MONTE;Comp_BEBIDAS;DURAZNO NATULAC 1L;1
3471190;2026-09-02;CCS11;RIOVIDA BELLO MONTE;Comp_BEBIDAS_LACT;LECHE COMPLETA PASTORENA;1
3471193;2026-09-02;CCS11;RIOVIDA BELLO MONTE;Comp_BEBIDAS_LACT;LECHE DESCREMADA NATULAC;19
3471191;2026-09-02;CCS11;RIOVIDA BELLO MONTE;Comp_BEBIDAS_LACT;LECHE DESCREMADA PASTORENA;2
3471192;2026-09-02;CCS11;RIOVIDA BELLO MONTE;Comp_BEBIDAS_LACT;LECHE DESLACTOSADA NATULAC;4
3471194;2026-09-02;CCS11;RIOVIDA BELLO MONTE;Comp_BEBIDAS;NARANJA NATULAC 1L;1
3471195;2026-09-02;CCS11;RIOVIDA BELLO MONTE;Comp_BEBIDAS;PERA NATULAC 1L;1
3796196;2026-09-29;MCY04;San Diego Turmero;Comp_DERIV_LACTEOS;CREMA DE LECHE DE PAISA 250GR;1
3796195;2026-09-29;MCY04;San Diego Turmero;Comp_DERIV_LACTEOS;CREMA DE LECHE DE PAISA 500GR;1
3760026;2026-09-22;MCY04;San Diego Turmero;Comp_BEBIDAS;DURAZNO FRICA;1
3796194;2026-09-29;MCY04;San Diego Turmero;Comp_DERIV_LACTEOS;MANTEQUILLA PAISA;1
3760023;2026-09-22;MCY04;San Diego Turmero;Comp_BEBIDAS;NARANJA FRICA;1
3618066;2026-09-08;MCY04;San Diego Turmero;Comp_EMBUTIDOS;SALCHICHA TIPO VIENA 450GR FIESTA;1
3664344;2026-09-18;BQTO01;SC FOOD C.A.;Comp_LECHE_EN_POLVO;LECHE EN POLVO 400 GR LA CAMPINA;2
3750021;2026-09-25;BQTO01;SC FOOD C.A.;Comp_LECHE_EN_POLVO;LECHE EN POLVO 900 GR LA CAMPINA;6
3641966;2026-09-17;PLC09;SIGO COSTA AZUL;Comp_BEBIDAS;DURAZNO NATULAC 1L;3
3723974;2026-09-24;PLC09;SIGO COSTA AZUL;Comp_BEBIDAS_LACT;LECHE COMPLETA NATULAC;24
3723977;2026-09-24;PLC09;SIGO COSTA AZUL;Comp_BEBIDAS_LACT;LECHE COMPLETA SAN SIMON;20
3723975;2026-09-24;PLC09;SIGO COSTA AZUL;Comp_BEBIDAS_LACT;LECHE DESCREMADA NATULAC;30
3723978;2026-09-24;PLC09;SIGO COSTA AZUL;Comp_BEBIDAS_LACT;LECHE DESCREMADA SAN SIMON;15
3723976;2026-09-24;PLC09;SIGO COSTA AZUL;Comp_BEBIDAS_LACT;LECHE DESLACTOSADA NATULAC;35
3723979;2026-09-24;PLC09;SIGO COSTA AZUL;Comp_BEBIDAS_LACT;LECHE DESLACTOSADA SAN SIMON;10
3723973;2026-09-24;PLC09;SIGO COSTA AZUL;Comp_LECHE_EN_POLVO;LECHE EN POLVO 200 GR LA CAMPINA;11
3723972;2026-09-24;PLC09;SIGO COSTA AZUL;Comp_LECHE_EN_POLVO;LECHE EN POLVO 400 GR LA CAMPINA;4
3723970;2026-09-24;PLC09;SIGO COSTA AZUL;Comp_LECHE_EN_POLVO;LECHE EN POLVO 400 GR SAN SIMON;3
3723971;2026-09-24;PLC09;SIGO COSTA AZUL;Comp_LECHE_EN_POLVO;LECHE EN POLVO 900 GR LA CAMPINA;8
3723969;2026-09-24;PLC09;SIGO COSTA AZUL;Comp_LECHE_EN_POLVO;LECHE EN POLVO 900 GR SAN SIMON;6
3641965;2026-09-17;PLC09;SIGO COSTA AZUL;Comp_BEBIDAS;MANZANA NATULAC 1L;6
3641964;2026-09-17;PLC09;SIGO COSTA AZUL;Comp_BEBIDAS;NARANJA NATULAC 1L;6
3641963;2026-09-17;PLC09;SIGO COSTA AZUL;Comp_BEBIDAS;PERA NATULAC 1L;6
3577912;2026-09-11;PLC04;SIGO PROVEDURIA;Comp_BEBIDAS_LACT;LECHE COMPLETA NATULAC;15
3577913;2026-09-11;PLC04;SIGO PROVEDURIA;Comp_BEBIDAS_LACT;LECHE DESCREMADA NATULAC;3
3577914;2026-09-11;PLC04;SIGO PROVEDURIA;Comp_BEBIDAS_LACT;LECHE DESLACTOSADA NATULAC;6
3577919;2026-09-11;PLC04;SIGO PROVEDURIA;Comp_LECHE_EN_POLVO;LECHE EN POLVO 200 GR LA CAMPINA;5
3577918;2026-09-11;PLC04;SIGO PROVEDURIA;Comp_LECHE_EN_POLVO;LECHE EN POLVO 400 GR LA CAMPINA;4
3577916;2026-09-11;PLC04;SIGO PROVEDURIA;Comp_LECHE_EN_POLVO;LECHE EN POLVO 400 GR SAN SIMON;3
3577917;2026-09-11;PLC04;SIGO PROVEDURIA;Comp_LECHE_EN_POLVO;LECHE EN POLVO 900 GR LA CAMPINA;3
3577915;2026-09-11;PLC04;SIGO PROVEDURIA;Comp_LECHE_EN_POLVO;LECHE EN POLVO 900 GR SAN SIMON;3
3595488;2026-09-14;PLC09;SIGO SAMBIL;Comp_BEBIDAS;DURAZNO NATULAC 1L;3
3743150;2026-09-25;PLC09;SIGO SAMBIL;Comp_BEBIDAS_LACT;LECHE COMPLETA NATULAC;20
3655874;2026-09-18;PLC09;SIGO SAMBIL;Comp_BEBIDAS_LACT;LECHE COMPLETA SAN SIMON;15
3743151;2026-09-25;PLC09;SIGO SAMBIL;Comp_BEBIDAS_LACT;LECHE DESCREMADA NATULAC;15
3655875;2026-09-18;PLC09;SIGO SAMBIL;Comp_BEBIDAS_LACT;LECHE DESCREMADA SAN SIMON;15
3743152;2026-09-25;PLC09;SIGO SAMBIL;Comp_BEBIDAS_LACT;LECHE DESLACTOSADA NATULAC;20
3655873;2026-09-18;PLC09;SIGO SAMBIL;Comp_BEBIDAS_LACT;LECHE DESLACTOSADA SAN SIMON;10
3743163;2026-09-25;PLC09;SIGO SAMBIL;Comp_LECHE_EN_POLVO;LECHE EN POLVO 200 GR LA CAMPINA;6
3743162;2026-09-25;PLC09;SIGO SAMBIL;Comp_LECHE_EN_POLVO;LECHE EN POLVO 400 GR LA CAMPINA;5
3743160;2026-09-25;PLC09;SIGO SAMBIL;Comp_LECHE_EN_POLVO;LECHE EN POLVO 400 GR SAN SIMON;6
3743161;2026-09-25;PLC09;SIGO SAMBIL;Comp_LECHE_EN_POLVO;LECHE EN POLVO 900 GR LA CAMPINA;12
3743159;2026-09-25;PLC09;SIGO SAMBIL;Comp_LECHE_EN_POLVO;LECHE EN POLVO 900 GR SAN SIMON;3
3595487;2026-09-14;PLC09;SIGO SAMBIL;Comp_BEBIDAS;MANZANA NATULAC 1L;6
3595486;2026-09-14;PLC09;SIGO SAMBIL;Comp_BEBIDAS;NARANJA NATULAC 1L;3
3595485;2026-09-14;PLC09;SIGO SAMBIL;Comp_BEBIDAS;PERA NATULAC 1L;6
3702171;2026-09-22;BQTO04;SOL DORADO;Comp_LECHE_EN_POLVO;LECHE EN POLVO 200 GR LA CAMPINA;3
3702172;2026-09-22;BQTO04;SOL DORADO;Comp_LECHE_EN_POLVO;LECHE EN POLVO 400 GR LA CAMPINA;3
3602830;2026-09-15;PTO04;SUP  LUKY GRASS;Comp_BEBIDAS_LACT;LECHE COMPLETA NATULAC;2
3602832;2026-09-15;PTO04;SUP  LUKY GRASS;Comp_BEBIDAS_LACT;LECHE COMPLETA PASTORENA;2
3602831;2026-09-15;PTO04;SUP  LUKY GRASS;Comp_BEBIDAS_LACT;LECHE DESCREMADA NATULAC;2
3602818;2026-09-15;PTO04;SUP  LUKY GRASS;Comp_LECHE_EN_POLVO;LECHE EN POLVO 200 GR LA CAMPINA;2
3602819;2026-09-15;PTO04;SUP  LUKY GRASS;Comp_LECHE_EN_POLVO;LECHE EN POLVO 400 GR LA CAMPINA;2
3602820;2026-09-15;PTO04;SUP  LUKY GRASS;Comp_LECHE_EN_POLVO;LECHE EN POLVO 900 GR LA CAMPINA;2
3602839;2026-09-15;PTO04;SUP  LUKY GRASS;Comp_EMBUTIDOS;MORTADELA PLUMROSE DE CARNES 1KG;2
3745280;2026-09-25;PTO01;SUP ARA;Comp_LECHE_EN_POLVO;LECHE EN POLVO 400 GR SAN SIMON;3
3745279;2026-09-25;PTO01;SUP ARA;Comp_LECHE_EN_POLVO;LECHE EN POLVO 900 GR SAN SIMON;1
3644326;2026-09-17;PTO04;SUP KOBI;Comp_BEBIDAS_LACT;LECHE COMPLETA NATULAC;1
3644327;2026-09-17;PTO04;SUP KOBI;Comp_BEBIDAS_LACT;LECHE COMPLETA SAN SIMON;1
3610979;2026-09-15;PTO04;SUP KOBI;Comp_BEBIDAS_LACT;LECHE DESCREMADA NATULAC;1
3610980;2026-09-15;PTO04;SUP KOBI;Comp_BEBIDAS_LACT;LECHE DESLACTOSADA NATULAC;1
3697171;2026-09-22;PTO04;SUP KOBI;Comp_LECHE_EN_POLVO;LECHE EN POLVO 200 GR LA CAMPINA;2
3610970;2026-09-15;PTO04;SUP KOBI;Comp_LECHE_EN_POLVO;LECHE EN POLVO 400 GR LA CAMPINA;2
3610971;2026-09-15;PTO04;SUP KOBI;Comp_LECHE_EN_POLVO;LECHE EN POLVO 900 GR LA CAMPINA;2
3644340;2026-09-17;PTO04;SUP KOBI;Comp_LECHE_EN_POLVO;LECHE EN POLVO 900 GR SAN SIMON;1
3644365;2026-09-17;PTO04;SUP KOBI;Comp_BEBIDAS;MANZANA KAITO 200ML;2
3644364;2026-09-17;PTO04;SUP KOBI;Comp_BEBIDAS;MANZANA NATULAC 250ML;2
3610985;2026-09-15;PTO04;SUP KOBI;Comp_EMBUTIDOS;MORTADELA PLUMROSE DE CARNES 1KG;1
3636733;2026-09-17;PTO04;SUP LA CASA QUN FUNG;Comp_BEBIDAS_LACT;LECHE COMPLETA NATULAC;1
3636734;2026-09-17;PTO04;SUP LA CASA QUN FUNG;Comp_BEBIDAS_LACT;LECHE COMPLETA PASTORENA;2
3636720;2026-09-17;PTO04;SUP LA CASA QUN FUNG;Comp_LECHE_EN_POLVO;LECHE EN POLVO 200 GR LA CAMPINA;4
3636721;2026-09-17;PTO04;SUP LA CASA QUN FUNG;Comp_LECHE_EN_POLVO;LECHE EN POLVO 400 GR SAN SIMON;1
3636735;2026-09-17;PTO04;SUP LA CASA QUN FUNG;Comp_BEBIDAS;MANZANA NATULAC 1L;1
3636710;2026-09-17;PTO04;SUP LA CASA QUN FUNG;Comp_EMBUTIDOS;MORTADELA PLUMROSE DE CARNES 1KG;1
3736666;2026-09-24;BQTO04;Super market arce 2025;Comp_LECHE_EN_POLVO;LECHE EN POLVO 200 GR LA CAMPINA;2
3736665;2026-09-24;BQTO04;Super market arce 2025;Comp_LECHE_EN_POLVO;LECHE EN POLVO 400 GR LA CAMPINA;2
3736664;2026-09-24;BQTO04;Super market arce 2025;Comp_LECHE_EN_POLVO;LECHE EN POLVO 900 GR LA CAMPINA;2
3740962;2026-09-25;BQTO04;SUPER PLAZA;Comp_LECHE_EN_POLVO;LECHE EN POLVO 200 GR LA CAMPINA;1
3588644;2026-09-10;BQTO04;SUPER PLAZA;Comp_LECHE_EN_POLVO;LECHE EN POLVO 200 GR SAN SIMON;2
3740961;2026-09-25;BQTO04;SUPER PLAZA;Comp_LECHE_EN_POLVO;LECHE EN POLVO 400 GR LA CAMPINA;1
3740963;2026-09-25;BQTO04;SUPER PLAZA;Comp_LECHE_EN_POLVO;LECHE EN POLVO 400 GR SAN SIMON;2
3740960;2026-09-25;BQTO04;SUPER PLAZA;Comp_LECHE_EN_POLVO;LECHE EN POLVO 900 GR LA CAMPINA;2
3740964;2026-09-25;BQTO04;SUPER PLAZA;Comp_LECHE_EN_POLVO;LECHE EN POLVO 900 GR SAN SIMON;2
3686581;2026-09-22;PLC07;SUPERDISTRIBUIDORA LOS LLANOS;Comp_LECHE_EN_POLVO;LECHE EN POLVO 200 GR LA CAMPINA;3
3686585;2026-09-22;PLC07;SUPERDISTRIBUIDORA LOS LLANOS;Comp_LECHE_EN_POLVO;LECHE EN POLVO 400 GR LA CAMPINA;3
3686582;2026-09-22;PLC07;SUPERDISTRIBUIDORA LOS LLANOS;Comp_LECHE_EN_POLVO;LECHE EN POLVO 900 GR LA CAMPINA;3
3686762;2026-09-22;PLC07;SUPERDISTRIBUIDORA LOS LLANOS;Comp_BEBIDAS;MANZANA KAITO 200ML;1
3686747;2026-09-22;PLC07;SUPERDISTRIBUIDORA LOS LLANOS;Comp_BEBIDAS;PERA KAITO 200ML;1
3796324;2026-09-29;MCY04;SUPERLIDER CAGUA (CADA 15 DIAS);Comp_BEBIDAS_LACT;LECHE COMPLETA NATULAC;24
3796326;2026-09-29;MCY04;SUPERLIDER CAGUA (CADA 15 DIAS);Comp_BEBIDAS_LACT;LECHE DESCREMADA NATULAC;7
3796329;2026-09-29;MCY04;SUPERLIDER CAGUA (CADA 15 DIAS);Comp_BEBIDAS_LACT;LECHE DESLACTOSADA NATULAC;9
3796321;2026-09-29;MCY04;SUPERLIDER CAGUA (CADA 15 DIAS);Comp_LECHE_EN_POLVO;LECHE EN POLVO 900 GR SAN SIMON;5
3796337;2026-09-29;MCY04;SUPERLIDER CAGUA (CADA 15 DIAS);Comp_DERIV_LACTEOS;MANTEQUILLA LACTEOS MARACAY;1
3618088;2026-09-08;MCY04;SUPERLIDER CAGUA (CADA 15 DIAS);Comp_BEBIDAS;PERA LIGHT NATULAC 1L;1
3739373;2026-09-24;MCY05;SUPERLIDER EL LIMON;Comp_BEBIDAS_LACT;LECHE COMPLETA NATULAC;9
3739374;2026-09-24;MCY05;SUPERLIDER EL LIMON;Comp_BEBIDAS_LACT;LECHE DESCREMADA NATULAC;2
3739376;2026-09-24;MCY05;SUPERLIDER EL LIMON;Comp_BEBIDAS;MANZANA NATULAC 1L;2
3787517;2026-09-29;MCY01;SUPERLIDER LOS SAMANES;Comp_BEBIDAS_LACT;LECHE COMPLETA NATULAC;34
3787518;2026-09-29;MCY01;SUPERLIDER LOS SAMANES;Comp_BEBIDAS_LACT;LECHE DESCREMADA NATULAC;8
3787519;2026-09-29;MCY01;SUPERLIDER LOS SAMANES;Comp_BEBIDAS_LACT;LECHE DESLACTOSADA NATULAC;6
3578986;2026-09-10;MCY01;SUPERLIDER PALONEGRO;Comp_BEBIDAS_LACT;LECHE DESLACTOSADA NATULAC;6
3610373;2026-09-15;PTO03;SUPERMARKET EJERCITO;Comp_BEBIDAS_LACT;LECHE COMPLETA NATULAC;1
3610374;2026-09-15;PTO03;SUPERMARKET EJERCITO;Comp_BEBIDAS_LACT;LECHE COMPLETA PASTORENA;2
3700321;2026-09-22;PTO03;SUPERMARKET EJERCITO;Comp_BEBIDAS_LACT;LECHE DESCREMADA NATULAC;2
3610361;2026-09-15;PTO03;SUPERMARKET EJERCITO;Comp_LECHE_EN_POLVO;LECHE EN POLVO 200 GR LA CAMPINA;4
3610363;2026-09-15;PTO03;SUPERMARKET EJERCITO;Comp_LECHE_EN_POLVO;LECHE EN POLVO 400 GR LA CAMPINA;3
3610364;2026-09-15;PTO03;SUPERMARKET EJERCITO;Comp_LECHE_EN_POLVO;LECHE EN POLVO 400 GR SAN SIMON;3
3610362;2026-09-15;PTO03;SUPERMARKET EJERCITO;Comp_LECHE_EN_POLVO;LECHE EN POLVO 900 GR LA CAMPINA;3
3610365;2026-09-15;PTO03;SUPERMARKET EJERCITO;Comp_LECHE_EN_POLVO;LECHE EN POLVO 900 GR SAN SIMON;2
3610369;2026-09-15;PTO03;SUPERMARKET EJERCITO;Comp_BEBIDAS;MANZANA KAITO 200ML;1
3566635;2026-09-10;PTO02;SUPERMERCADO CACHAMAY;Comp_LECHE_EN_POLVO;LECHE EN POLVO 200 GR SAN SIMON;3
3566636;2026-09-10;PTO02;SUPERMERCADO CACHAMAY;Comp_LECHE_EN_POLVO;LECHE EN POLVO 400 GR LA CAMPINA;2
3566633;2026-09-10;PTO02;SUPERMERCADO CACHAMAY;Comp_LECHE_EN_POLVO;LECHE EN POLVO 400 GR SAN SIMON;4
3566637;2026-09-10;PTO02;SUPERMERCADO CACHAMAY;Comp_LECHE_EN_POLVO;LECHE EN POLVO 900 GR LA CAMPINA;4
3796277;2026-09-30;MCY04;SUPERMERCADO CANALETO;Comp_DERIV_LACTEOS;CREMA DE LECHE DE PAISA 250GR;1
3760135;2026-09-23;MCY04;SUPERMERCADO CANALETO;Comp_BEBIDAS_LACT;LECHE DESLACTOSADA PASTORENA;1
3760150;2026-09-23;MCY04;SUPERMERCADO CANALETO;Comp_LECHE_EN_POLVO;LECHE EN POLVO 400 GR LA CAMPINA;3
3760153;2026-09-23;MCY04;SUPERMERCADO CANALETO;Comp_LECHE_EN_POLVO;LECHE EN POLVO 400 GR SAN SIMON;2
3760152;2026-09-23;MCY04;SUPERMERCADO CANALETO;Comp_LECHE_EN_POLVO;LECHE EN POLVO 900 GR LA CAMPINA;3
3760145;2026-09-23;MCY04;SUPERMERCADO CANALETO;Comp_BEBIDAS;MANZANA FRICA;1
3760149;2026-09-23;MCY04;SUPERMERCADO CANALETO;Comp_BEBIDAS;MANZANA NATULAC 1L;1
3760140;2026-09-23;MCY04;SUPERMERCADO CANALETO;Comp_BEBIDAS;PERA FRICA;1
3617028;2026-09-15;BQTO01;SUPERMERCADO CENTRO LARENSE;Comp_BEBIDAS_LACT;LECHE COMPLETA PASTORENA;9
3617031;2026-09-15;BQTO01;SUPERMERCADO CENTRO LARENSE;Comp_BEBIDAS_LACT;LECHE DESCREMADA PASTORENA;6
3617034;2026-09-15;BQTO01;SUPERMERCADO CENTRO LARENSE;Comp_BEBIDAS_LACT;LECHE DESLACTOSADA PASTORENA;6
3701155;2026-09-22;BQTO01;SUPERMERCADO CENTRO LARENSE;Comp_LECHE_EN_POLVO;LECHE EN POLVO 200 GR LA CAMPINA;3
3701154;2026-09-22;BQTO01;SUPERMERCADO CENTRO LARENSE;Comp_LECHE_EN_POLVO;LECHE EN POLVO 400 GR LA CAMPINA;2
3701156;2026-09-22;BQTO01;SUPERMERCADO CENTRO LARENSE;Comp_LECHE_EN_POLVO;LECHE EN POLVO 400 GR LA CAMPINA;2
3551595;2026-09-09;BQTO08;SUPERMERCADO DON SAMUEL C.A;Comp_DERIV_LACTEOS;CREMA DE LECHE DE PAISA 500GR;2
3551589;2026-09-09;BQTO08;SUPERMERCADO DON SAMUEL C.A;Comp_BEBIDAS;DURAZNO NATULAC 1L;6
3551593;2026-09-09;BQTO08;SUPERMERCADO DON SAMUEL C.A;Comp_BEBIDAS;DURAZNO NATULAC 250ML;4
3681890;2026-09-21;BQTO08;SUPERMERCADO DON SAMUEL C.A;Comp_BEBIDAS_LACT;LECHE COMPLETA NATULAC;12
3681896;2026-09-21;BQTO08;SUPERMERCADO DON SAMUEL C.A;Comp_BEBIDAS_LACT;LECHE COMPLETA PASTORENA;6
3681902;2026-09-21;BQTO08;SUPERMERCADO DON SAMUEL C.A;Comp_BEBIDAS_LACT;LECHE COMPLETA SAN SIMON;12
3681892;2026-09-21;BQTO08;SUPERMERCADO DON SAMUEL C.A;Comp_BEBIDAS_LACT;LECHE DESCREMADA NATULAC;12
3681898;2026-09-21;BQTO08;SUPERMERCADO DON SAMUEL C.A;Comp_BEBIDAS_LACT;LECHE DESCREMADA PASTORENA;12
3681904;2026-09-21;BQTO08;SUPERMERCADO DON SAMUEL C.A;Comp_BEBIDAS_LACT;LECHE DESCREMADA SAN SIMON;6
3681894;2026-09-21;BQTO08;SUPERMERCADO DON SAMUEL C.A;Comp_BEBIDAS_LACT;LECHE DESLACTOSADA NATULAC;12
3681900;2026-09-21;BQTO08;SUPERMERCADO DON SAMUEL C.A;Comp_BEBIDAS_LACT;LECHE DESLACTOSADA PASTORENA;12
3681906;2026-09-21;BQTO08;SUPERMERCADO DON SAMUEL C.A;Comp_BEBIDAS_LACT;LECHE DESLACTOSADA SAN SIMON;6
3681912;2026-09-21;BQTO08;SUPERMERCADO DON SAMUEL C.A;Comp_LECHE_EN_POLVO;LECHE EN POLVO 200 GR LA CAMPINA;6
3681910;2026-09-21;BQTO08;SUPERMERCADO DON SAMUEL C.A;Comp_LECHE_EN_POLVO;LECHE EN POLVO 400 GR LA CAMPINA;4
3681916;2026-09-21;BQTO08;SUPERMERCADO DON SAMUEL C.A;Comp_LECHE_EN_POLVO;LECHE EN POLVO 400 GR SAN SIMON;6
3681908;2026-09-21;BQTO08;SUPERMERCADO DON SAMUEL C.A;Comp_LECHE_EN_POLVO;LECHE EN POLVO 900 GR LA CAMPINA;13
3681914;2026-09-21;BQTO08;SUPERMERCADO DON SAMUEL C.A;Comp_LECHE_EN_POLVO;LECHE EN POLVO 900 GR SAN SIMON;8
3551594;2026-09-09;BQTO08;SUPERMERCADO DON SAMUEL C.A;Comp_DERIV_LACTEOS;MANTEQUILLA PAISA;3
3551580;2026-09-09;BQTO08;SUPERMERCADO DON SAMUEL C.A;Comp_BEBIDAS;MANZANA FRICA;1
3551583;2026-09-09;BQTO08;SUPERMERCADO DON SAMUEL C.A;Comp_BEBIDAS;MANZANA FRICA 500ML;2
3551585;2026-09-09;BQTO08;SUPERMERCADO DON SAMUEL C.A;Comp_BEBIDAS;MANZANA LIGTH NATULAC 1L;1
3551587;2026-09-09;BQTO08;SUPERMERCADO DON SAMUEL C.A;Comp_BEBIDAS;MANZANA NATULAC 1L;6
3551591;2026-09-09;BQTO08;SUPERMERCADO DON SAMUEL C.A;Comp_BEBIDAS;MANZANA NATULAC 250ML;4
3551579;2026-09-09;BQTO08;SUPERMERCADO DON SAMUEL C.A;Comp_BEBIDAS;NARANJA FRICA;2
3551582;2026-09-09;BQTO08;SUPERMERCADO DON SAMUEL C.A;Comp_BEBIDAS;NARANJA FRICA 500ML;1
3551590;2026-09-09;BQTO08;SUPERMERCADO DON SAMUEL C.A;Comp_BEBIDAS;NARANJA NATULAC 250ML;4
3551581;2026-09-09;BQTO08;SUPERMERCADO DON SAMUEL C.A;Comp_BEBIDAS;PERA FRICA;1
3551584;2026-09-09;BQTO08;SUPERMERCADO DON SAMUEL C.A;Comp_BEBIDAS;PERA FRICA 500ML;2
3551586;2026-09-09;BQTO08;SUPERMERCADO DON SAMUEL C.A;Comp_BEBIDAS;PERA LIGHT NATULAC 1L;2
3551588;2026-09-09;BQTO08;SUPERMERCADO DON SAMUEL C.A;Comp_BEBIDAS;PERA NATULAC 1L;6
3551592;2026-09-09;BQTO08;SUPERMERCADO DON SAMUEL C.A;Comp_BEBIDAS;PERA NATULAC 250ML;4
3697336;2026-09-22;MCY05;SUPERMERCADO EL BOSQUE;Comp_BEBIDAS_LACT;LECHE COMPLETA NATULAC;3
3697337;2026-09-22;MCY05;SUPERMERCADO EL BOSQUE;Comp_BEBIDAS_LACT;LECHE COMPLETA PASTORENA;2
3552340;2026-09-08;MCY05;SUPERMERCADO EL BOSQUE;Comp_BEBIDAS_LACT;LECHE DESCREMADA NATULAC;2
3697338;2026-09-22;MCY05;SUPERMERCADO EL BOSQUE;Comp_BEBIDAS_LACT;LECHE DESCREMADA PASTORENA;2
3684124;2026-09-15;MCY05;SUPERMERCADO EL BOSQUE;Comp_BEBIDAS_LACT;LECHE DESLACTOSADA NATULAC;2
3697340;2026-09-22;MCY05;SUPERMERCADO EL BOSQUE;Comp_LECHE_EN_POLVO;LECHE EN POLVO 400 GR LA CAMPINA;2
3562688;2026-09-10;MCY05;SUPERMERCADO EL BOSQUE;Comp_LECHE_EN_POLVO;LECHE EN POLVO 900 GR LA CAMPINA;2
3697339;2026-09-22;MCY05;SUPERMERCADO EL BOSQUE;Comp_LECHE_EN_POLVO;LECHE EN POLVO 900 GR SAN SIMON;2
3552344;2026-09-08;MCY05;SUPERMERCADO EL BOSQUE;Comp_BEBIDAS;MANZANA NATULAC 1L;2
3552343;2026-09-08;MCY05;SUPERMERCADO EL BOSQUE;Comp_BEBIDAS;NARANJA NATULAC 1L;2
3552345;2026-09-08;MCY05;SUPERMERCADO EL BOSQUE;Comp_BEBIDAS;TE LIMON 1L PARMALAT;1
3599926;2026-09-14;BQTO07;SUPERMERCADO GIRASOL;Comp_LECHE_EN_POLVO;LECHE EN POLVO 200 GR LA CAMPINA;1
3599930;2026-09-14;BQTO07;SUPERMERCADO GIRASOL;Comp_LECHE_EN_POLVO;LECHE EN POLVO 200 GR SAN SIMON;2
3599925;2026-09-14;BQTO07;SUPERMERCADO GIRASOL;Comp_LECHE_EN_POLVO;LECHE EN POLVO 400 GR LA CAMPINA;2
3599929;2026-09-14;BQTO07;SUPERMERCADO GIRASOL;Comp_LECHE_EN_POLVO;LECHE EN POLVO 400 GR SAN SIMON;6
3599927;2026-09-14;BQTO07;SUPERMERCADO GIRASOL;Comp_LECHE_EN_POLVO;LECHE EN POLVO 900 GR LA CAMPINA;1
3599928;2026-09-14;BQTO07;SUPERMERCADO GIRASOL;Comp_LECHE_EN_POLVO;LECHE EN POLVO 900 GR SAN SIMON;4
3552784;2026-09-09;BQTO06;SUPERMERCADO GRAN OFERTA TUREN;Comp_BEBIDAS_LACT;LECHE COMPLETA NATULAC;3
3552786;2026-09-09;BQTO06;SUPERMERCADO GRAN OFERTA TUREN;Comp_BEBIDAS_LACT;LECHE COMPLETA NATULAC;3
3552785;2026-09-09;BQTO06;SUPERMERCADO GRAN OFERTA TUREN;Comp_BEBIDAS_LACT;LECHE DESCREMADA NATULAC;3
3719523;2026-09-23;BQTO06;SUPERMERCADO GRAN OFERTA TUREN;Comp_LECHE_EN_POLVO;LECHE EN POLVO 200 GR LA CAMPINA;2
3552787;2026-09-09;BQTO06;SUPERMERCADO GRAN OFERTA TUREN;Comp_BEBIDAS;MANZANA NATULAC 1L;6
3552788;2026-09-09;BQTO06;SUPERMERCADO GRAN OFERTA TUREN;Comp_BEBIDAS;PERA NATULAC 1L;9
3741910;2026-09-25;BQTO03;SUPERMERCADO KARI CABUDARE;Comp_DERIV_LACTEOS;CREMA DE LECHE DE PAISA 250GR;4
3741909;2026-09-25;BQTO03;SUPERMERCADO KARI CABUDARE;Comp_DERIV_LACTEOS;CREMA DE LECHE DE PAISA 500GR;2
3520885;2026-09-07;BQTO03;SUPERMERCADO KARI CABUDARE;Comp_BEBIDAS;DURAZNO FRICA;1
3568931;2026-09-10;BQTO03;SUPERMERCADO KARI CABUDARE;Comp_BEBIDAS;DURAZNO NATULAC 1L;1
3741892;2026-09-25;BQTO03;SUPERMERCADO KARI CABUDARE;Comp_BEBIDAS_LACT;LECHE COMPLETA NATULAC;15
3741895;2026-09-25;BQTO03;SUPERMERCADO KARI CABUDARE;Comp_BEBIDAS_LACT;LECHE COMPLETA PASTORENA;20
3741893;2026-09-25;BQTO03;SUPERMERCADO KARI CABUDARE;Comp_BEBIDAS_LACT;LECHE DESCREMADA NATULAC;15
3741896;2026-09-25;BQTO03;SUPERMERCADO KARI CABUDARE;Comp_BEBIDAS_LACT;LECHE DESCREMADA PASTORENA;20
3741894;2026-09-25;BQTO03;SUPERMERCADO KARI CABUDARE;Comp_BEBIDAS_LACT;LECHE DESLACTOSADA NATULAC;15
3741897;2026-09-25;BQTO03;SUPERMERCADO KARI CABUDARE;Comp_BEBIDAS_LACT;LECHE DESLACTOSADA PASTORENA;10
3741891;2026-09-25;BQTO03;SUPERMERCADO KARI CABUDARE;Comp_LECHE_EN_POLVO;LECHE EN POLVO 200 GR LA CAMPINA;2
3581233;2026-09-11;BQTO03;SUPERMERCADO KARI CABUDARE;Comp_LECHE_EN_POLVO;LECHE EN POLVO 200 GR SAN SIMON;2
3741890;2026-09-25;BQTO03;SUPERMERCADO KARI CABUDARE;Comp_LECHE_EN_POLVO;LECHE EN POLVO 400 GR LA CAMPINA;6
3741889;2026-09-25;BQTO03;SUPERMERCADO KARI CABUDARE;Comp_LECHE_EN_POLVO;LECHE EN POLVO 400 GR SAN SIMON;1
3659578;2026-09-18;BQTO03;SUPERMERCADO KARI CABUDARE;Comp_LECHE_EN_POLVO;LECHE EN POLVO 900 GR LA CAMPINA;4
3741888;2026-09-25;BQTO03;SUPERMERCADO KARI CABUDARE;Comp_LECHE_EN_POLVO;LECHE EN POLVO 900 GR SAN SIMON;3
3741907;2026-09-25;BQTO03;SUPERMERCADO KARI CABUDARE;Comp_DERIV_LACTEOS;MANTEQUILLA PAISA;2
3741908;2026-09-25;BQTO03;SUPERMERCADO KARI CABUDARE;Comp_DERIV_LACTEOS;MANTEQUILLA PAISA SIN SAL;6
3741899;2026-09-25;BQTO03;SUPERMERCADO KARI CABUDARE;Comp_BEBIDAS;MANZANA FRICA;1
3520888;2026-09-07;BQTO03;SUPERMERCADO KARI CABUDARE;Comp_BEBIDAS;MANZANA FRICA 250ML;1
3741900;2026-09-25;BQTO03;SUPERMERCADO KARI CABUDARE;Comp_BEBIDAS;MANZANA LIGTH NATULAC 1L;1
3741903;2026-09-25;BQTO03;SUPERMERCADO KARI CABUDARE;Comp_BEBIDAS;MANZANA NATULAC 1L;3
3568939;2026-09-10;BQTO03;SUPERMERCADO KARI CABUDARE;Comp_BEBIDAS;MANZANA NATULAC 250ML;2
3741898;2026-09-25;BQTO03;SUPERMERCADO KARI CABUDARE;Comp_BEBIDAS;NARANJA FRICA;1
3520887;2026-09-07;BQTO03;SUPERMERCADO KARI CABUDARE;Comp_BEBIDAS;NARANJA FRICA 250ML;1
3581240;2026-09-11;BQTO03;SUPERMERCADO KARI CABUDARE;Comp_BEBIDAS;NARANJA NATULAC 1L;3
3568934;2026-09-10;BQTO03;SUPERMERCADO KARI CABUDARE;Comp_BEBIDAS;NARANJA NATULAC 250ML;1
3520883;2026-09-07;BQTO03;SUPERMERCADO KARI CABUDARE;Comp_BEBIDAS;PERA FRICA;1
3520889;2026-09-07;BQTO03;SUPERMERCADO KARI CABUDARE;Comp_BEBIDAS;PERA FRICA 250ML;1
3741902;2026-09-25;BQTO03;SUPERMERCADO KARI CABUDARE;Comp_BEBIDAS;PERA LIGHT NATULAC 1L;3
3741901;2026-09-25;BQTO03;SUPERMERCADO KARI CABUDARE;Comp_BEBIDAS;PERA LIGHT NATULAC 1L;1
3741904;2026-09-25;BQTO03;SUPERMERCADO KARI CABUDARE;Comp_BEBIDAS;PERA NATULAC 1L;3
3568937;2026-09-10;BQTO03;SUPERMERCADO KARI CABUDARE;Comp_BEBIDAS;PERA NATULAC 250ML;3
3741905;2026-09-25;BQTO03;SUPERMERCADO KARI CABUDARE;Comp_BEBIDAS;TE DURAZNO 1L PARMALAT;4
3741906;2026-09-25;BQTO03;SUPERMERCADO KARI CABUDARE;Comp_BEBIDAS;TE LIMON 1L PARMALAT;4
3724108;2026-09-24;PLC07;SUPERMERCADO LA ESTRELA;Comp_BEBIDAS_LACT;LECHE COMPLETA NATULAC;1
3687465;2026-09-22;PLC07;SUPERMERCADO LA ESTRELA;Comp_BEBIDAS_LACT;LECHE COMPLETA PASTORENA;2
3724182;2026-09-24;PLC07;SUPERMERCADO LA ESTRELA;Comp_BEBIDAS_LACT;LECHE DESCREMADA NATULAC;1
3687477;2026-09-22;PLC07;SUPERMERCADO LA ESTRELA;Comp_BEBIDAS_LACT;LECHE DESCREMADA PASTORENA;1
3724189;2026-09-24;PLC07;SUPERMERCADO LA ESTRELA;Comp_BEBIDAS_LACT;LECHE DESLACTOSADA NATULAC;1
3687484;2026-09-22;PLC07;SUPERMERCADO LA ESTRELA;Comp_BEBIDAS_LACT;LECHE DESLACTOSADA PASTORENA;1
3724546;2026-09-24;PLC07;SUPERMERCADO LA ESTRELA;Comp_LECHE_EN_POLVO;LECHE EN POLVO 400 GR LA CAMPINA;1
3724532;2026-09-24;PLC07;SUPERMERCADO LA ESTRELA;Comp_LECHE_EN_POLVO;LECHE EN POLVO 400 GR SAN SIMON;1
3724550;2026-09-24;PLC07;SUPERMERCADO LA ESTRELA;Comp_LECHE_EN_POLVO;LECHE EN POLVO 900 GR LA CAMPINA;1
3724539;2026-09-24;PLC07;SUPERMERCADO LA ESTRELA;Comp_LECHE_EN_POLVO;LECHE EN POLVO 900 GR SAN SIMON;1
3724196;2026-09-24;PLC07;SUPERMERCADO LA ESTRELA;Comp_BEBIDAS;MANZANA KAITO 200ML;1
3724192;2026-09-24;PLC07;SUPERMERCADO LA ESTRELA;Comp_BEBIDAS;PERA KAITO 200ML;1
3581219;2026-09-11;BQTO03;SUPERMERCADO LAS AMAPOLAS;Comp_BEBIDAS_LACT;LECHE COMPLETA PASTORENA;20
3520884;2026-09-07;BQTO03;SUPERMERCADO LAS AMAPOLAS;Comp_BEBIDAS_LACT;LECHE DESCREMADA PASTORENA;5
3659558;2026-09-18;BQTO03;SUPERMERCADO LAS AMAPOLAS;Comp_LECHE_EN_POLVO;LECHE EN POLVO 200 GR LA CAMPINA;2
3659559;2026-09-18;BQTO03;SUPERMERCADO LAS AMAPOLAS;Comp_LECHE_EN_POLVO;LECHE EN POLVO 400 GR LA CAMPINA;4
3659562;2026-09-18;BQTO03;SUPERMERCADO LAS AMAPOLAS;Comp_LECHE_EN_POLVO;LECHE EN POLVO 400 GR SAN SIMON;2
3659560;2026-09-18;BQTO03;SUPERMERCADO LAS AMAPOLAS;Comp_LECHE_EN_POLVO;LECHE EN POLVO 900 GR LA CAMPINA;2
3659561;2026-09-18;BQTO03;SUPERMERCADO LAS AMAPOLAS;Comp_LECHE_EN_POLVO;LECHE EN POLVO 900 GR SAN SIMON;4
3581225;2026-09-11;BQTO03;SUPERMERCADO LAS AMAPOLAS;Comp_BEBIDAS;PERA NATULAC 1L;5
3552407;2026-09-09;BQTO01;SUPERMERCADO LUXOR;Comp_BEBIDAS;DURAZNO FRICA;1
3552404;2026-09-09;BQTO01;SUPERMERCADO LUXOR;Comp_BEBIDAS;DURAZNO NATULAC 1L;1
3552405;2026-09-09;BQTO01;SUPERMERCADO LUXOR;Comp_BEBIDAS;DURAZNO NATULAC 1L;6
3552402;2026-09-09;BQTO01;SUPERMERCADO LUXOR;Comp_BEBIDAS_LACT;LECHE DESCREMADA PASTORENA;3
3552400;2026-09-09;BQTO01;SUPERMERCADO LUXOR;Comp_BEBIDAS_LACT;LECHE DESLACTOSADA PASTORENA;15
3552401;2026-09-09;BQTO01;SUPERMERCADO LUXOR;Comp_BEBIDAS_LACT;LECHE DESLACTOSADA SAN SIMON;15
3717983;2026-09-23;BQTO01;SUPERMERCADO LUXOR;Comp_LECHE_EN_POLVO;LECHE EN POLVO 900 GR LA CAMPINA;3
3717982;2026-09-23;BQTO01;SUPERMERCADO LUXOR;Comp_LECHE_EN_POLVO;LECHE EN POLVO 900 GR SAN SIMON;6
3552403;2026-09-09;BQTO01;SUPERMERCADO LUXOR;Comp_BEBIDAS;MANZANA LIGTH NATULAC 1L;2
3552406;2026-09-09;BQTO01;SUPERMERCADO LUXOR;Comp_BEBIDAS;NARANJA FRICA;1
3697378;2026-09-22;MCY05;SUPERMERCADO MAPKET;Comp_BEBIDAS;DURAZNO NATULAC 1L;2
3697372;2026-09-22;MCY05;SUPERMERCADO MAPKET;Comp_BEBIDAS_LACT;LECHE COMPLETA NATULAC;3
3697373;2026-09-22;MCY05;SUPERMERCADO MAPKET;Comp_BEBIDAS_LACT;LECHE COMPLETA NATULAC;3
3697374;2026-09-22;MCY05;SUPERMERCADO MAPKET;Comp_BEBIDAS_LACT;LECHE COMPLETA PASTORENA;5
3684082;2026-09-15;MCY05;SUPERMERCADO MAPKET;Comp_BEBIDAS_LACT;LECHE DESCREMADA NATULAC;5
3697375;2026-09-22;MCY05;SUPERMERCADO MAPKET;Comp_BEBIDAS_LACT;LECHE DESCREMADA PASTORENA;3
3697377;2026-09-22;MCY05;SUPERMERCADO MAPKET;Comp_LECHE_EN_POLVO;LECHE EN POLVO 900 GR LA CAMPINA;1
3697376;2026-09-22;MCY05;SUPERMERCADO MAPKET;Comp_LECHE_EN_POLVO;LECHE EN POLVO 900 GR SAN SIMON;1
3697379;2026-09-22;MCY05;SUPERMERCADO MAPKET;Comp_BEBIDAS;MANZANA LIGTH NATULAC 1L;2
3552336;2026-09-08;MCY05;SUPERMERCADO MAPKET;Comp_BEBIDAS;NARANJA NATULAC 1L;1
3746717;2026-09-25;BQTO06;SUPERMERCADO NUEVA CASA CENTER;Comp_LECHE_EN_POLVO;LECHE EN POLVO 200 GR LA CAMPINA;10
3746716;2026-09-25;BQTO06;SUPERMERCADO NUEVA CASA CENTER;Comp_LECHE_EN_POLVO;LECHE EN POLVO 400 GR LA CAMPINA;9
3668135;2026-09-18;BQTO06;SUPERMERCADO NUEVA CASA CENTER;Comp_LECHE_EN_POLVO;LECHE EN POLVO 400 GR SAN SIMON;5
3746715;2026-09-25;BQTO06;SUPERMERCADO NUEVA CASA CENTER;Comp_LECHE_EN_POLVO;LECHE EN POLVO 900 GR LA CAMPINA;3
3668133;2026-09-18;BQTO06;SUPERMERCADO NUEVA CASA CENTER;Comp_LECHE_EN_POLVO;LECHE EN POLVO 900 GR SAN SIMON;8
3702192;2026-09-22;BQTO04;SUPERMERCADO POPULAR C.A.;Comp_LECHE_EN_POLVO;LECHE EN POLVO 400 GR LA CAMPINA;2
3702193;2026-09-22;BQTO04;SUPERMERCADO POPULAR C.A.;Comp_LECHE_EN_POLVO;LECHE EN POLVO 400 GR LA CAMPINA;2
3702194;2026-09-22;BQTO04;SUPERMERCADO POPULAR C.A.;Comp_LECHE_EN_POLVO;LECHE EN POLVO 900 GR LA CAMPINA;2
3573319;2026-09-11;MCY05;Supermercado San Onofre;Comp_BEBIDAS;DURAZNO PASTORENA;1
3573313;2026-09-11;MCY05;Supermercado San Onofre;Comp_BEBIDAS_LACT;LECHE COMPLETA NATULAC;1
3573315;2026-09-11;MCY05;Supermercado San Onofre;Comp_BEBIDAS_LACT;LECHE DESCREMADA SAN SIMON;2
3573430;2026-09-11;MCY05;Supermercado San Onofre;Comp_LECHE_EN_POLVO;LECHE EN POLVO 400 GR SAN SIMON;3
3573429;2026-09-11;MCY05;Supermercado San Onofre;Comp_LECHE_EN_POLVO;LECHE EN POLVO 900 GR SAN SIMON;1
3573318;2026-09-11;MCY05;Supermercado San Onofre;Comp_BEBIDAS;MANZANA NATULAC 1L;2
3573317;2026-09-11;MCY05;Supermercado San Onofre;Comp_BEBIDAS;NARANJA NATULAC 1L;1
3573311;2026-09-10;MCY05;Supermercado Unimarket limon;Comp_BEBIDAS;DURAZNO NATULAC 1L;1
3573314;2026-09-10;MCY05;Supermercado Unimarket limon;Comp_BEBIDAS_LACT;LECHE COMPLETA NATULAC;2
3573316;2026-09-10;MCY05;Supermercado Unimarket limon;Comp_BEBIDAS_LACT;LECHE DESCREMADA NATULAC;2
3573312;2026-09-10;MCY05;Supermercado Unimarket limon;Comp_BEBIDAS;MANZANA NATULAC 1L;2
3746706;2026-09-24;BQTO06;"SUPERMERCADO XINGZI; C.A";Comp_LECHE_EN_POLVO;LECHE EN POLVO 400 GR LA CAMPINA;4
3650648;2026-09-17;BQTO06;"SUPERMERCADO XINGZI; C.A";Comp_LECHE_EN_POLVO;LECHE EN POLVO 400 GR SAN SIMON;2
3746705;2026-09-24;BQTO06;"SUPERMERCADO XINGZI; C.A";Comp_LECHE_EN_POLVO;LECHE EN POLVO 900 GR LA CAMPINA;2
3702181;2026-09-22;BQTO04;SUPERMERCADO ZARAGOZA;Comp_LECHE_EN_POLVO;LECHE EN POLVO 900 GR LA CAMPINA;1
3702183;2026-09-22;BQTO04;SUPERMERCADO ZARAGOZA;Comp_LECHE_EN_POLVO;LECHE EN POLVO 900 GR SAN SIMON;1
3721260;2026-09-23;MCY02;SUPERMERCADOS LUXOR C.A._EL CASTANO;Comp_BEBIDAS;DURAZNO KAITO 200ML;3
3721265;2026-09-23;MCY02;SUPERMERCADOS LUXOR C.A._EL CASTANO;Comp_BEBIDAS;DURAZNO NATULAC 1L;2
3721262;2026-09-23;MCY02;SUPERMERCADOS LUXOR C.A._EL CASTANO;Comp_BEBIDAS;DURAZNO NATULAC 250ML;3
3721277;2026-09-23;MCY02;SUPERMERCADOS LUXOR C.A._EL CASTANO;Comp_BEBIDAS_LACT;LECHE COMPLETA NATULAC;4
3603186;2026-09-15;MCY02;SUPERMERCADOS LUXOR C.A._EL CASTANO;Comp_BEBIDAS_LACT;LECHE COMPLETA PASTORENA;1
3721281;2026-09-23;MCY02;SUPERMERCADOS LUXOR C.A._EL CASTANO;Comp_BEBIDAS_LACT;LECHE COMPLETA SAN SIMON;1
3721278;2026-09-23;MCY02;SUPERMERCADOS LUXOR C.A._EL CASTANO;Comp_BEBIDAS_LACT;LECHE DESCREMADA NATULAC;1
3721280;2026-09-23;MCY02;SUPERMERCADOS LUXOR C.A._EL CASTANO;Comp_BEBIDAS_LACT;LECHE DESCREMADA PASTORENA;1
3721282;2026-09-23;MCY02;SUPERMERCADOS LUXOR C.A._EL CASTANO;Comp_BEBIDAS_LACT;LECHE DESCREMADA SAN SIMON;1
3721279;2026-09-23;MCY02;SUPERMERCADOS LUXOR C.A._EL CASTANO;Comp_BEBIDAS_LACT;LECHE DESLACTOSADA NATULAC;1
3527768;2026-09-08;MCY02;SUPERMERCADOS LUXOR C.A._EL CASTANO;Comp_BEBIDAS_LACT;LECHE DESLACTOSADA PASTORENA;1
3721283;2026-09-23;MCY02;SUPERMERCADOS LUXOR C.A._EL CASTANO;Comp_BEBIDAS_LACT;LECHE DESLACTOSADA SAN SIMON;1
3721276;2026-09-23;MCY02;SUPERMERCADOS LUXOR C.A._EL CASTANO;Comp_LECHE_EN_POLVO;LECHE EN POLVO 900 GR SAN SIMON;1
3603190;2026-09-15;MCY02;SUPERMERCADOS LUXOR C.A._EL CASTANO;Comp_DERIV_LACTEOS;MANTEQUILLA PAISA;1
3527756;2026-09-08;MCY02;SUPERMERCADOS LUXOR C.A._EL CASTANO;Comp_BEBIDAS;MANZANA KAITO 200ML;3
3603180;2026-09-15;MCY02;SUPERMERCADOS LUXOR C.A._EL CASTANO;Comp_BEBIDAS;MANZANA LIGTH NATULAC 1L;1
3603183;2026-09-15;MCY02;SUPERMERCADOS LUXOR C.A._EL CASTANO;Comp_BEBIDAS;MANZANA NATULAC 1L;2
3603179;2026-09-15;MCY02;SUPERMERCADOS LUXOR C.A._EL CASTANO;Comp_BEBIDAS;MANZANA NATULAC 250ML;3
3721259;2026-09-23;MCY02;SUPERMERCADOS LUXOR C.A._EL CASTANO;Comp_BEBIDAS;NARANJA KAITO 200ML;3
3721263;2026-09-23;MCY02;SUPERMERCADOS LUXOR C.A._EL CASTANO;Comp_BEBIDAS;NARANJA LIGHT NATULAC 1L;1
3721267;2026-09-23;MCY02;SUPERMERCADOS LUXOR C.A._EL CASTANO;Comp_BEBIDAS;NARANJA NATULAC 1L;1
3721261;2026-09-23;MCY02;SUPERMERCADOS LUXOR C.A._EL CASTANO;Comp_BEBIDAS;NARANJA NATULAC 250ML;3
3603177;2026-09-15;MCY02;SUPERMERCADOS LUXOR C.A._EL CASTANO;Comp_BEBIDAS;PERA KAITO 200ML;6
3721264;2026-09-23;MCY02;SUPERMERCADOS LUXOR C.A._EL CASTANO;Comp_BEBIDAS;PERA LIGHT NATULAC 1L;1
3721266;2026-09-23;MCY02;SUPERMERCADOS LUXOR C.A._EL CASTANO;Comp_BEBIDAS;PERA NATULAC 1L;1
3527758;2026-09-08;MCY02;SUPERMERCADOS LUXOR C.A._EL CASTANO;Comp_BEBIDAS;PERA NATULAC 250ML;3
3567272;2026-09-10;PLC02;THE HAO SUPERMARKET;Comp_LECHE_EN_POLVO;LECHE EN POLVO 200 GR LA CAMPINA;2
3567268;2026-09-10;PLC02;THE HAO SUPERMARKET;Comp_LECHE_EN_POLVO;LECHE EN POLVO 400 GR LA CAMPINA;1
3567264;2026-09-10;PLC02;THE HAO SUPERMARKET;Comp_LECHE_EN_POLVO;LECHE EN POLVO 400 GR SAN SIMON;2
3567274;2026-09-10;PLC02;THE HAO SUPERMARKET;Comp_LECHE_EN_POLVO;LECHE EN POLVO 900 GR LA CAMPINA;2
3567262;2026-09-10;PLC02;THE HAO SUPERMARKET;Comp_LECHE_EN_POLVO;LECHE EN POLVO 900 GR SAN SIMON;1
3708253;2026-09-23;PLC03;TODO HOGAR MUNICIPAL;Comp_BEBIDAS;DURAZNO KAITO 200ML;12
3708252;2026-09-23;PLC03;TODO HOGAR MUNICIPAL;Comp_BEBIDAS;DURAZNO NATULAC 1L;6
3708249;2026-09-23;PLC03;TODO HOGAR MUNICIPAL;Comp_BEBIDAS;MANZANA FRICA;2
3708256;2026-09-23;PLC03;TODO HOGAR MUNICIPAL;Comp_BEBIDAS;MANZANA FRICA 500ML;4
3708254;2026-09-23;PLC03;TODO HOGAR MUNICIPAL;Comp_BEBIDAS;MANZANA KAITO 200ML;12
3708255;2026-09-23;PLC03;TODO HOGAR MUNICIPAL;Comp_BEBIDAS;NARANJA FRICA 500ML;4
3708250;2026-09-23;PLC03;TODO HOGAR MUNICIPAL;Comp_BEBIDAS;PERA FRICA;2
3708251;2026-09-23;PLC03;TODO HOGAR MUNICIPAL;Comp_BEBIDAS;PERA NATULAC 1L;6
3708267;2026-09-23;PLC03;TODO HOGAR MUNICIPAL;Comp_BEBIDAS;TE DURAZNO 1L PARMALAT;8
3567233;2026-09-10;PLC02;TODOHOGAR AV. LECHERIA;Comp_LECHE_EN_POLVO;LECHE EN POLVO 200 GR LA CAMPINA;4
3567235;2026-09-10;PLC02;TODOHOGAR AV. LECHERIA;Comp_LECHE_EN_POLVO;LECHE EN POLVO 400 GR LA CAMPINA;1
3567232;2026-09-10;PLC02;TODOHOGAR AV. LECHERIA;Comp_LECHE_EN_POLVO;LECHE EN POLVO 400 GR SAN SIMON;2
3567234;2026-09-10;PLC02;TODOHOGAR AV. LECHERIA;Comp_LECHE_EN_POLVO;LECHE EN POLVO 900 GR LA CAMPINA;3
3567231;2026-09-10;PLC02;TODOHOGAR AV. LECHERIA;Comp_LECHE_EN_POLVO;LECHE EN POLVO 900 GR SAN SIMON;1
3683842;2026-09-21;BQTO01;TORITO EXPRESS;Comp_LECHE_EN_POLVO;LECHE EN POLVO 200 GR LA CAMPINA;3
3683840;2026-09-21;BQTO01;TORITO EXPRESS;Comp_LECHE_EN_POLVO;LECHE EN POLVO 900 GR SAN SIMON;2
3613287;2026-09-15;PTO01;UNARE CENTER;Comp_LECHE_EN_POLVO;LECHE EN POLVO 200 GR LA CAMPINA;6
3728657;2026-09-24;PTO01;UNARE CENTER;Comp_LECHE_EN_POLVO;LECHE EN POLVO 900 GR LA CAMPINA;3
3613282;2026-09-15;PTO01;UNARE CENTER;Comp_LECHE_EN_POLVO;LECHE EN POLVO 900 GR SAN SIMON;1
3668347;2026-09-21;CCS02;UNICASA BOLEITA;Comp_BEBIDAS;DURAZNO PASTORENA;1
3703842;2026-09-23;CCS02;UNICASA BOLEITA;Comp_BEBIDAS_LACT;LECHE COMPLETA PASTORENA;2
3703843;2026-09-23;CCS02;UNICASA BOLEITA;Comp_BEBIDAS_LACT;LECHE DESCREMADA PASTORENA;3
3703844;2026-09-23;CCS02;UNICASA BOLEITA;Comp_BEBIDAS_LACT;LECHE DESLACTOSADA PASTORENA;3
3703837;2026-09-23;CCS02;UNICASA BOLEITA;Comp_LECHE_EN_POLVO;LECHE EN POLVO 400 GR LA CAMPINA;2
3668364;2026-09-21;CCS02;UNICASA BOLEITA;Comp_LECHE_EN_POLVO;LECHE EN POLVO 400 GR SAN SIMON;1
3703839;2026-09-23;CCS02;UNICASA BOLEITA;Comp_LECHE_EN_POLVO;LECHE EN POLVO 900 GR LA CAMPINA;2
3703841;2026-09-23;CCS02;UNICASA BOLEITA;Comp_LECHE_EN_POLVO;LECHE EN POLVO 900 GR SAN SIMON;3
3703817;2026-09-23;CCS02;UNICASA BOLEITA;Comp_BEBIDAS;MANZANA FRICA;1
3703815;2026-09-23;CCS02;UNICASA BOLEITA;Comp_BEBIDAS;NARANJA FRICA;2
3668345;2026-09-21;CCS02;UNICASA BOLEITA;Comp_BEBIDAS;NARANJA PASTORENA;2
3703819;2026-09-23;CCS02;UNICASA BOLEITA;Comp_BEBIDAS;PERA FRICA;1
3521961;2026-09-07;CCS02;UNICASA BOLEITA;Comp_BEBIDAS;PERA PASTORENA;1
3668343;2026-09-21;CCS02;UNICASA BOLEITA;Comp_BEBIDAS;TE LIMON 1L PASTORENA;2
3777624;2026-09-29;CCS08;UNICASA CANDELARIA;Comp_BEBIDAS_LACT;LECHE COMPLETA PASTORENA;12
3777627;2026-09-29;CCS08;UNICASA CANDELARIA;Comp_BEBIDAS_LACT;LECHE COMPLETA SAN SIMON;12
3777625;2026-09-29;CCS08;UNICASA CANDELARIA;Comp_BEBIDAS_LACT;LECHE DESCREMADA PASTORENA;12
3777628;2026-09-29;CCS08;UNICASA CANDELARIA;Comp_BEBIDAS_LACT;LECHE DESCREMADA SAN SIMON;12
3777626;2026-09-29;CCS08;UNICASA CANDELARIA;Comp_BEBIDAS_LACT;LECHE DESLACTOSADA NATULAC;12
3720431;2026-09-22;CCS08;UNICASA CANDELARIA;Comp_BEBIDAS_LACT;LECHE DESLACTOSADA PASTORENA;12
3777629;2026-09-29;CCS08;UNICASA CANDELARIA;Comp_BEBIDAS_LACT;LECHE DESLACTOSADA SAN SIMON;12
3720435;2026-09-22;CCS08;UNICASA CANDELARIA;Comp_LECHE_EN_POLVO;LECHE EN POLVO 400 GR LA CAMPINA;5
3720434;2026-09-22;CCS08;UNICASA CANDELARIA;Comp_LECHE_EN_POLVO;LECHE EN POLVO 400 GR SAN SIMON;4
3720436;2026-09-22;CCS08;UNICASA CANDELARIA;Comp_LECHE_EN_POLVO;LECHE EN POLVO 900 GR LA CAMPINA;7
3720433;2026-09-22;CCS08;UNICASA CANDELARIA;Comp_LECHE_EN_POLVO;LECHE EN POLVO 900 GR SAN SIMON;9
3777621;2026-09-29;CCS08;UNICASA CANDELARIA;Comp_BEBIDAS;MANZANA FRICA;3
3777619;2026-09-29;CCS08;UNICASA CANDELARIA;Comp_BEBIDAS;MANZANA KAITO 200ML;1
3777622;2026-09-29;CCS08;UNICASA CANDELARIA;Comp_BEBIDAS;NARANJA FRICA;1
3777618;2026-09-29;CCS08;UNICASA CANDELARIA;Comp_BEBIDAS;NARANJA KAITO 200ML;2
3777623;2026-09-29;CCS08;UNICASA CANDELARIA;Comp_BEBIDAS;PERA FRICA;1
3777620;2026-09-29;CCS08;UNICASA CANDELARIA;Comp_BEBIDAS;PERA KAITO 200ML;2
3777617;2026-09-29;CCS08;UNICASA CANDELARIA;Comp_BEBIDAS;TE LIMON 1L PARMALAT;2
3471387;2026-09-02;CCS11;UNICASA COLINAS DE BELLO MONTE;Comp_BEBIDAS_LACT;LECHE COMPLETA PASTORENA;15
3471388;2026-09-02;CCS11;UNICASA COLINAS DE BELLO MONTE;Comp_BEBIDAS_LACT;LECHE DESCREMADA PASTORENA;15
3471389;2026-09-02;CCS11;UNICASA COLINAS DE BELLO MONTE;Comp_BEBIDAS_LACT;LECHE DESLACTOSADA PASTORENA;10
3572744;2026-09-11;CCS04;UNICASA CUMBRES DE CURUMO;Comp_BEBIDAS_LACT;LECHE COMPLETA PASTORENA;30
3572745;2026-09-11;CCS04;UNICASA CUMBRES DE CURUMO;Comp_BEBIDAS_LACT;LECHE DESCREMADA PASTORENA;40
3572746;2026-09-11;CCS04;UNICASA CUMBRES DE CURUMO;Comp_BEBIDAS_LACT;LECHE DESLACTOSADA PASTORENA;30
3572738;2026-09-11;CCS04;UNICASA CUMBRES DE CURUMO;Comp_LECHE_EN_POLVO;LECHE EN POLVO 400 GR LA CAMPINA;4
3572740;2026-09-11;CCS04;UNICASA CUMBRES DE CURUMO;Comp_LECHE_EN_POLVO;LECHE EN POLVO 400 GR SAN SIMON;8
3572739;2026-09-11;CCS04;UNICASA CUMBRES DE CURUMO;Comp_LECHE_EN_POLVO;LECHE EN POLVO 900 GR LA CAMPINA;24
3572741;2026-09-11;CCS04;UNICASA CUMBRES DE CURUMO;Comp_LECHE_EN_POLVO;LECHE EN POLVO 900 GR SAN SIMON;18
3572737;2026-09-11;CCS04;UNICASA CUMBRES DE CURUMO;Comp_BEBIDAS;NARANJA PASTORENA;3
3737486;2026-09-23;CCS02;UNICASA EL MARQUES;Comp_BEBIDAS_LACT;LECHE COMPLETA PASTORENA;16
3737491;2026-09-23;CCS02;UNICASA EL MARQUES;Comp_BEBIDAS_LACT;LECHE COMPLETA SAN SIMON;8
3737490;2026-09-23;CCS02;UNICASA EL MARQUES;Comp_BEBIDAS_LACT;LECHE DESCREMADA PASTORENA;16
3737493;2026-09-23;CCS02;UNICASA EL MARQUES;Comp_BEBIDAS_LACT;LECHE DESCREMADA SAN SIMON;8
3737488;2026-09-23;CCS02;UNICASA EL MARQUES;Comp_BEBIDAS_LACT;LECHE DESLACTOSADA PASTORENA;12
3737495;2026-09-23;CCS02;UNICASA EL MARQUES;Comp_BEBIDAS_LACT;LECHE DESLACTOSADA SAN SIMON;4
3737499;2026-09-23;CCS02;UNICASA EL MARQUES;Comp_LECHE_EN_POLVO;LECHE EN POLVO 400 GR LA CAMPINA;5
3737497;2026-09-23;CCS02;UNICASA EL MARQUES;Comp_LECHE_EN_POLVO;LECHE EN POLVO 400 GR SAN SIMON;5
3737501;2026-09-23;CCS02;UNICASA EL MARQUES;Comp_LECHE_EN_POLVO;LECHE EN POLVO 900 GR LA CAMPINA;16
3595270;2026-09-14;CCS02;UNICASA EL MARQUES;Comp_LECHE_EN_POLVO;LECHE EN POLVO 900 GR SAN SIMON;15
3515023;2026-09-07;CCS11;UNICASA LOMAS DE BELLO MONTE;Comp_BEBIDAS_LACT;LECHE COMPLETA PASTORENA;20
3515024;2026-09-07;CCS11;UNICASA LOMAS DE BELLO MONTE;Comp_BEBIDAS_LACT;LECHE DESCREMADA PASTORENA;10
3515025;2026-09-07;CCS11;UNICASA LOMAS DE BELLO MONTE;Comp_BEBIDAS_LACT;LECHE DESLACTOSADA PASTORENA;15
3594822;2026-09-14;CCS11;UNICASA LOMAS DE BELLO MONTE;Comp_LECHE_EN_POLVO;LECHE EN POLVO 400 GR LA CAMPINA;7
3594820;2026-09-14;CCS11;UNICASA LOMAS DE BELLO MONTE;Comp_LECHE_EN_POLVO;LECHE EN POLVO 400 GR SAN SIMON;5
3594821;2026-09-14;CCS11;UNICASA LOMAS DE BELLO MONTE;Comp_LECHE_EN_POLVO;LECHE EN POLVO 900 GR LA CAMPINA;3
3594819;2026-09-14;CCS11;UNICASA LOMAS DE BELLO MONTE;Comp_LECHE_EN_POLVO;LECHE EN POLVO 900 GR SAN SIMON;6
3702182;2026-09-22;BQTO04;VALLE GRANDE;Comp_LECHE_EN_POLVO;LECHE EN POLVO 200 GR LA CAMPINA;2
3702185;2026-09-22;BQTO04;VALLE GRANDE;Comp_LECHE_EN_POLVO;LECHE EN POLVO 400 GR LA CAMPINA;1
3702187;2026-09-22;BQTO04;VALLE GRANDE;Comp_LECHE_EN_POLVO;LECHE EN POLVO 900 GR LA CAMPINA;1
3582919;2026-09-11;BQTO06;VENTURA LIANG;Comp_BEBIDAS_LACT;LECHE COMPLETA PASTORENA;1
3582922;2026-09-11;BQTO06;VENTURA LIANG;Comp_BEBIDAS_LACT;LECHE DESCREMADA PASTORENA;1
3582923;2026-09-11;BQTO06;VENTURA LIANG;Comp_BEBIDAS_LACT;LECHE DESLACTOSADA PASTORENA;1
3746721;2026-09-25;BQTO06;VENTURA LIANG;Comp_LECHE_EN_POLVO;LECHE EN POLVO 200 GR LA CAMPINA;3
3746720;2026-09-25;BQTO06;VENTURA LIANG;Comp_LECHE_EN_POLVO;LECHE EN POLVO 400 GR LA CAMPINA;6
3746719;2026-09-25;BQTO06;VENTURA LIANG;Comp_LECHE_EN_POLVO;LECHE EN POLVO 900 GR LA CAMPINA;4
