idDC;Fecha_DC;Ruta;SucCliente;Segmento;Productos;Precio_Venta_Detal
3774210;2026-09-29;PLC03;MAS X MENOS JUDIBANA;ProdBEBIDAS_LACT;LECHE COMPLETA LIQUIDA PURISIMA;2.59
3774211;2026-09-29;PLC03;MAS X MENOS JUDIBANA;ProdBEBIDAS_LACT;LECHE DESCREMADA LIQUIDA PURISIMA;2.55
3774212;2026-09-29;PLC03;MAS X MENOS JUDIBANA;ProdBEBIDAS_LACT;LECHE  DESLACTOSADA LIQUIDA PURISIMA;2.69
3774220;2026-09-29;PLC03;MAS X MENOS JUDIBANA;ProdBEBIDAS;NECTAR MANZANA 1L TUNAL;2.45
3774221;2026-09-29;PLC03;MAS X MENOS JUDIBANA;ProdBEBIDAS;NECTAR PERA 1L TUNAL;2.45
3774219;2026-09-29;PLC03;MAS X MENOS JUDIBANA;ProdBEBIDAS;NECTAR DURAZNO 1L TUNAL;2.45
3774233;2026-09-29;PLC03;MAS X MENOS JUDIBANA;ProdDERIV_LACTEOS;MANTEQUILLA PURISIMA CON SAL 200G PURISIMA;5.9
3774234;2026-09-29;PLC03;MAS X MENOS JUDIBANA;ProdDERIV_LACTEOS;MANTEQUILLA PURISIMA SIN SAL 200G PURISIMA;5.47
3774236;2026-09-29;PLC03;MAS X MENOS JUDIBANA;ProdEMBUTIDOS;SALCHICHA TIPO VIENA 225G (11unid) ALIMEX;5.43
3560211;2026-09-10;PLC03;MAS X MENOS JUDIBANA;ProdEMBUTIDOS;SALCHICHA TIPO VIENA 450GR (22unid) ALIMEX;6.45
3774217;2026-09-29;PLC03;MAS X MENOS JUDIBANA;ProdBEBIDAS;NARANJADA 1L TUNAL;3
3722399;2026-09-24;PLC03;MAS X MENOS JUDIBANA;ProdBEBIDAS;NECTAR DURAZNO 200 ML TUNAL;3.12
3722400;2026-09-24;PLC03;MAS X MENOS JUDIBANA;ProdBEBIDAS;NECTAR PERA 200 ML TUNAL;3.12
3641581;2026-09-17;PLC03;MAS X MENOS JUDIBANA;ProdBEBIDAS;NECTAR MANZANA 200 ML TUNAL;2.45
3641591;2026-09-17;PLC03;MAS X MENOS JUDIBANA;ProdBEBIDAS;TE FRUTOS ROJOS 50OML;2.71
3722398;2026-09-24;PLC03;MAS X MENOS JUDIBANA;ProdBEBIDAS;NARANJADA  500 ML TUNAL;2.42
3774224;2026-09-29;PLC03;MAS X MENOS JUDIBANA;ProdBEBIDAS;TE FRUTOS ROJOS 1L TUNAL;2.71
3774226;2026-09-29;PLC03;MAS X MENOS JUDIBANA;ProdBEBIDAS;TE DURAZNO 1L TUNAL;2.71
3774225;2026-09-29;PLC03;MAS X MENOS JUDIBANA;ProdBEBIDAS;TE LIMON 1L TUNAL;2.71
3774238;2026-09-29;PLC03;MAS X MENOS JUDIBANA;ProdDERIV_LACTEOS;CREMA DE LECHE DE 250GR PURISIMA;3.43
3774229;2026-09-29;PLC03;MAS X MENOS JUDIBANA;ProdEMBUTIDOS;MORTADELA DE POLLO DE 1 KG;3.41
3774230;2026-09-29;PLC03;MAS X MENOS JUDIBANA;ProdEMBUTIDOS;MORTADELA CCS DE CARNES 900G;3.51
3611952;2026-09-15;BQTO03;AUTOMERCADO LA 9;ProdBEBIDAS_LACT;LECHE COMPLETA LIQUIDA PURISIMA;2.52
3645547;2026-09-17;BQTO03;AUTOMERCADO LA 9;ProdBEBIDAS_LACT;LECHE BARISTA PURISIMA;2.55
3611960;2026-09-15;BQTO03;AUTOMERCADO LA 9;ProdBEBIDAS_LACT;LECHE  DESLACTOSADA LIQUIDA PURISIMA;2.63
3793355;2026-09-29;BQTO03;AUTOMERCADO LA 9;ProdBEBIDAS;NARANJADA 1L TUNAL;0.89
3611966;2026-09-15;BQTO03;AUTOMERCADO LA 9;ProdBEBIDAS;NECTAR MANZANA 1L TUNAL;2.32
3611956;2026-09-15;BQTO03;AUTOMERCADO LA 9;ProdBEBIDAS_LACT;LECHE DESCREMADA LIQUIDA PURISIMA;2.49
3611970;2026-09-15;BQTO03;AUTOMERCADO LA 9;ProdBEBIDAS;NECTAR PERA 1L TUNAL;2.32
3611974;2026-09-15;BQTO03;AUTOMERCADO LA 9;ProdBEBIDAS;NECTAR DURAZNO 1L TUNAL;2.32
3645561;2026-09-17;BQTO03;AUTOMERCADO LA 9;ProdBEBIDAS;TE DURAZNO 1L TUNAL;2.3
3611978;2026-09-15;BQTO03;AUTOMERCADO LA 9;ProdBEBIDAS;TE LIMON 1L TUNAL;2.3
3645567;2026-09-17;BQTO03;AUTOMERCADO LA 9;ProdBEBIDAS;TE FRUTOS ROJOS 1L TUNAL;2.3
3714113;2026-09-23;PTO04;MAX CENTER MATURIN;ProdBEBIDAS_LACT;LECHE EN POLVO PURISIMA 200GR;2.03
3714114;2026-09-23;PTO04;MAX CENTER MATURIN;ProdBEBIDAS_LACT;LECHE EN POLVO PURISIMA 400GR;1.62
3714115;2026-09-23;PTO04;MAX CENTER MATURIN;ProdBEBIDAS_LACT;LECHE EN POLVO PURISIMA 900GR;7.02
3714125;2026-09-23;PTO04;MAX CENTER MATURIN;ProdBEBIDAS_LACT;LECHE COMPLETA LIQUIDA PURISIMA;2.31
3714126;2026-09-23;PTO04;MAX CENTER MATURIN;ProdBEBIDAS_LACT;LECHE DESCREMADA LIQUIDA PURISIMA;2.38
3714127;2026-09-23;PTO04;MAX CENTER MATURIN;ProdBEBIDAS_LACT;LECHE  DESLACTOSADA LIQUIDA PURISIMA;2.38
3714135;2026-09-23;PTO04;MAX CENTER MATURIN;ProdEMBUTIDOS;MORTADELA CCS DE CARNES 500G;2.11
3714136;2026-09-23;PTO04;MAX CENTER MATURIN;ProdEMBUTIDOS;MORTADELA CCS DE CARNES 900G;3.95
3714143;2026-09-23;PTO04;MAX CENTER MATURIN;ProdEMBUTIDOS;SALCHICHA TIPO VIENA 450GR (22unid) ALIMEX;6.32
3714144;2026-09-23;PTO04;MAX CENTER MATURIN;ProdEMBUTIDOS;CHORIZO DE CERDO AHUMADO PARRILLERO ALIMEX;4.22
3714145;2026-09-23;PTO04;MAX CENTER MATURIN;ProdEMBUTIDOS;CHORIZO DE CERDO PICANTE PARRILLERO ALIMEX;4.55
3714146;2026-09-23;PTO04;MAX CENTER MATURIN;ProdDERIV_LACTEOS;CREMA DE LECHE DE 250GR PURISIMA;3.54
3650704;2026-09-17;BQTO06;FIVE DE DICIEMBRE;ProdEMBUTIDOS;MORTADELA CCS DE CARNES 900G;2.8
3493344;2026-09-03;BQTO06;FIVE DE DICIEMBRE;ProdEMBUTIDOS;TOCINETA AHUMADA SIN CUERO 3.5KG ALIMEX;2.88
3493286;2026-09-03;BQTO06;FIVE DE DICIEMBRE;ProdBEBIDAS;NECTAR MANZANA 1L TUNAL;1.78
3650691;2026-09-17;BQTO06;FIVE DE DICIEMBRE;ProdBEBIDAS;NECTAR DURAZNO 1L TUNAL;1.78
3493291;2026-09-03;BQTO06;FIVE DE DICIEMBRE;ProdBEBIDAS;NECTAR PERA 1L TUNAL;1.78
3493330;2026-09-03;BQTO06;FIVE DE DICIEMBRE;ProdBEBIDAS;NECTAR DURAZNO 200 ML TUNAL;2.02
3493328;2026-09-03;BQTO06;FIVE DE DICIEMBRE;ProdBEBIDAS;NECTAR MANZANA 200 ML TUNAL;2.02
3493334;2026-09-03;BQTO06;FIVE DE DICIEMBRE;ProdBEBIDAS;NECTAR DURAZNO 500 ML TUNAL;1.2
3493335;2026-09-03;BQTO06;FIVE DE DICIEMBRE;ProdBEBIDAS;NECTAR MANZANA 500 ML TUNAL;1.2
3650705;2026-09-17;BQTO06;FIVE DE DICIEMBRE;ProdEMBUTIDOS;MORTADELA CCS DE CARNES 500G;1.6
3493296;2026-09-03;BQTO06;FIVE DE DICIEMBRE;ProdBEBIDAS;NARANJADA 1L TUNAL;1.78
3493307;2026-09-03;BQTO06;FIVE DE DICIEMBRE;ProdBEBIDAS_LACT;LECHE DESCREMADA LIQUIDA PURISIMA;2.23
3493326;2026-09-03;BQTO06;FIVE DE DICIEMBRE;ProdBEBIDAS;NECTAR PERA 200 ML TUNAL;2.02
3465787;2026-09-01;BQTO08;MI TIENDA VENEZUELA;ProdBEBIDAS_LACT;LECHE COMPLETA LIQUIDA PURISIMA;2.8
3465789;2026-09-01;BQTO08;MI TIENDA VENEZUELA;ProdBEBIDAS_LACT;LECHE DESCREMADA LIQUIDA PURISIMA;2.8
3465792;2026-09-01;BQTO08;MI TIENDA VENEZUELA;ProdBEBIDAS_LACT;LECHE  DESLACTOSADA LIQUIDA PURISIMA;2.9
3465797;2026-09-01;BQTO08;MI TIENDA VENEZUELA;ProdEMBUTIDOS;MORTADELA CCS DE CARNES 500G;2.1
3778616;2026-09-29;PLC07;AUTOMERCADO CASA LUXOR;ProdBEBIDAS_LACT;LECHE COMPLETA LIQUIDA PURISIMA;3.35
3778641;2026-09-29;PLC07;AUTOMERCADO CASA LUXOR;ProdBEBIDAS_LACT;LECHE DESCREMADA LIQUIDA PURISIMA;3.27
3778651;2026-09-29;PLC07;AUTOMERCADO CASA LUXOR;ProdBEBIDAS_LACT;LECHE  DESLACTOSADA LIQUIDA PURISIMA;3.49
3778683;2026-09-29;PLC07;AUTOMERCADO CASA LUXOR;ProdBEBIDAS_LACT;LECHE COMPLETA BARISTA LIQUIDA PURISIMA;3.25
3532622;2026-09-08;PLC07;AUTOMERCADO CASA LUXOR;ProdBEBIDAS_LACT;Leche en polvo Purisima 500gr;7.48
3460165;2026-09-01;PLC07;AUTOMERCADO CASA LUXOR;ProdBEBIDAS_LACT;Leche en polvo Purisima 1kg;17.26
3532713;2026-09-08;PLC07;AUTOMERCADO CASA LUXOR;ProdBEBIDAS;NECTAR MANZANA 200 ML TUNAL;0.88
3778852;2026-09-29;PLC07;AUTOMERCADO CASA LUXOR;ProdBEBIDAS;NECTAR PERA 200 ML TUNAL;0.88
3778689;2026-09-29;PLC07;AUTOMERCADO CASA LUXOR;ProdBEBIDAS_LACT;LECHE EN POLVO PURISIMA 900GR;17.26
3778693;2026-09-29;PLC07;AUTOMERCADO CASA LUXOR;ProdBEBIDAS_LACT;LECHE EN POLVO PURISIMA 400GR;7.48
3778803;2026-09-29;PLC07;AUTOMERCADO CASA LUXOR;ProdBEBIDAS;NECTAR PERA 1L TUNAL;0.88
3793349;2026-09-29;BQTO03;FRIGORIFICO POLLERA CABUDARE;ProdBEBIDAS_LACT;LECHE COMPLETA LIQUIDA PURISIMA;2.76
3793357;2026-09-29;BQTO03;FRIGORIFICO POLLERA CABUDARE;ProdBEBIDAS_LACT;LECHE DESCREMADA LIQUIDA PURISIMA;2.72
3793368;2026-09-29;BQTO03;FRIGORIFICO POLLERA CABUDARE;ProdBEBIDAS;NARANJADA 1L TUNAL;2.45
3793376;2026-09-29;BQTO03;FRIGORIFICO POLLERA CABUDARE;ProdBEBIDAS;NECTAR DURAZNO 1L TUNAL;2.3
3793371;2026-09-29;BQTO03;FRIGORIFICO POLLERA CABUDARE;ProdBEBIDAS;NECTAR MANZANA 1L TUNAL;2.3
3793375;2026-09-29;BQTO03;FRIGORIFICO POLLERA CABUDARE;ProdBEBIDAS;NECTAR PERA 1L TUNAL;2.3
3793380;2026-09-29;BQTO03;FRIGORIFICO POLLERA CABUDARE;ProdBEBIDAS;TE DURAZNO 1L TUNAL;2.27
3793382;2026-09-29;BQTO03;FRIGORIFICO POLLERA CABUDARE;ProdBEBIDAS;TE LIMON 1L TUNAL;2.27
3793383;2026-09-29;BQTO03;FRIGORIFICO POLLERA CABUDARE;ProdBEBIDAS;TE FRUTOS ROJOS 1L TUNAL;2.27
3492571;2026-09-03;BQTO03;FRIGORIFICO POLLERA CABUDARE;ProdBEBIDAS;NECTAR PERA LIGHT 1 LITRO TUNAL;2.23
3793378;2026-09-29;BQTO03;FRIGORIFICO POLLERA CABUDARE;ProdBEBIDAS;JUGO NARANJA LIGTH 1 LITRO TUNAL;2.45
3492573;2026-09-03;BQTO03;FRIGORIFICO POLLERA CABUDARE;ProdDERIV_LACTEOS;CREMA DE LECHE DE 500GR PURISIMA;6.03
3492574;2026-09-03;BQTO03;FRIGORIFICO POLLERA CABUDARE;ProdDERIV_LACTEOS;CREMA DE LECHE DE 250GR PURISIMA;3.85
3492575;2026-09-03;BQTO03;FRIGORIFICO POLLERA CABUDARE;ProdDERIV_LACTEOS;MANTEQUILLA PURISIMA SIN SAL 200G PURISIMA;5.4
3492576;2026-09-03;BQTO03;FRIGORIFICO POLLERA CABUDARE;ProdDERIV_LACTEOS;MANTEQUILLA PURISIMA CON SAL 200G PURISIMA;5.82
3793360;2026-09-29;BQTO03;FRIGORIFICO POLLERA CABUDARE;ProdBEBIDAS_LACT;LECHE  DESLACTOSADA LIQUIDA PURISIMA;2.88
3645546;2026-09-17;BQTO03;FRIGORIFICO POLLERA CABUDARE;ProdBEBIDAS;NARANJADA  200 ML TUNAL;0.89
3645549;2026-09-17;BQTO03;FRIGORIFICO POLLERA CABUDARE;ProdBEBIDAS;NECTAR DURAZNO 200 ML TUNAL;0.87
3645552;2026-09-17;BQTO03;FRIGORIFICO POLLERA CABUDARE;ProdBEBIDAS;NECTAR MANZANA 200 ML TUNAL;0.87
3645554;2026-09-17;BQTO03;FRIGORIFICO POLLERA CABUDARE;ProdBEBIDAS;NECTAR PERA 200 ML TUNAL;0.87
3793363;2026-09-29;BQTO03;FRIGORIFICO POLLERA CABUDARE;ProdBEBIDAS_LACT;LECHE COMPLETA BARISTA LIQUIDA PURISIMA;2.92
3667687;2026-09-17;BQTO04;CARORITA 17;ProdBEBIDAS_LACT;LECHE COMPLETA LIQUIDA PURISIMA;2.82
3667689;2026-09-17;BQTO04;CARORITA 17;ProdBEBIDAS_LACT;LECHE DESCREMADA LIQUIDA PURISIMA;2.5
3667694;2026-09-17;BQTO04;CARORITA 17;ProdBEBIDAS;NARANJADA 1L TUNAL;2.75
3667697;2026-09-17;BQTO04;CARORITA 17;ProdBEBIDAS;NECTAR MANZANA 1L TUNAL;2.15
3667700;2026-09-17;BQTO04;CARORITA 17;ProdBEBIDAS;NECTAR PERA 1L TUNAL;2.15
3667702;2026-09-17;BQTO04;CARORITA 17;ProdBEBIDAS;NECTAR DURAZNO 1L TUNAL;2.15
3667704;2026-09-17;BQTO04;CARORITA 17;ProdBEBIDAS;TE DURAZNO 1L TUNAL;2.15
3667706;2026-09-17;BQTO04;CARORITA 17;ProdBEBIDAS;TE LIMON 1L TUNAL;2.15
3667708;2026-09-17;BQTO04;CARORITA 17;ProdBEBIDAS;NECTAR MANZANA 200 ML TUNAL;2.73
3667710;2026-09-17;BQTO04;CARORITA 17;ProdBEBIDAS;NECTAR PERA 200 ML TUNAL;2.73
3667712;2026-09-17;BQTO04;CARORITA 17;ProdBEBIDAS;NECTAR DURAZNO 200 ML TUNAL;2.73
3667713;2026-09-17;BQTO04;CARORITA 17;ProdBEBIDAS;TE DURAZNO 500ML TUNAL;1.8
3667717;2026-09-17;BQTO04;CARORITA 17;ProdEMBUTIDOS;MORTADELA CCS DE CARNES 900G;3.55
3667716;2026-09-17;BQTO04;CARORITA 17;ProdEMBUTIDOS;MORTADELA CCS DE CARNES 500G;2.03
3745285;2026-09-24;MCY01;LUXOR LAS ACACIAS;ProdBEBIDAS_LACT;LECHE COMPLETA LIQUIDA PURISIMA;2.56
3745286;2026-09-24;MCY01;LUXOR LAS ACACIAS;ProdBEBIDAS_LACT;LECHE DESCREMADA LIQUIDA PURISIMA;2.51
3745287;2026-09-24;MCY01;LUXOR LAS ACACIAS;ProdBEBIDAS_LACT;LECHE  DESLACTOSADA LIQUIDA PURISIMA;2.78
3493264;2026-09-03;BQTO06;BAZAR COLONIAL;ProdBEBIDAS_LACT;LECHE COMPLETA LIQUIDA PURISIMA;2.4
3650617;2026-09-17;BQTO06;BAZAR COLONIAL;ProdBEBIDAS_LACT;LECHE BARISTA PURISIMA;2.4
3650628;2026-09-17;BQTO06;BAZAR COLONIAL;ProdEMBUTIDOS;MORTADELA CCS DE CARNES 500G;1.9
3650630;2026-09-17;BQTO06;BAZAR COLONIAL;ProdEMBUTIDOS;MORTADELA CCS DE CARNES 900G;3.2
3650632;2026-09-17;BQTO06;BAZAR COLONIAL;ProdDERIV_LACTEOS;CREMA DE LECHE DE 500GR PURISIMA;5.25
3650634;2026-09-17;BQTO06;BAZAR COLONIAL;ProdDERIV_LACTEOS;CREMA DE LECHE DE 250GR PURISIMA;3.1
3567761;2026-09-10;CCS05;AUTOMERCADO SANTA ROSA DE LIMA;ProdBEBIDAS_LACT;LECHE COMPLETA LIQUIDA PURISIMA;2.8
3646578;2026-09-17;CCS05;AUTOMERCADO SANTA ROSA DE LIMA;ProdBEBIDAS;NARANJADA  200 ML TUNAL;2.3
3567762;2026-09-10;CCS05;AUTOMERCADO SANTA ROSA DE LIMA;ProdBEBIDAS_LACT;LECHE DESCREMADA LIQUIDA PURISIMA;2.75
3567763;2026-09-10;CCS05;AUTOMERCADO SANTA ROSA DE LIMA;ProdBEBIDAS_LACT;LECHE  DESLACTOSADA LIQUIDA PURISIMA;2.99
3567764;2026-09-10;CCS05;AUTOMERCADO SANTA ROSA DE LIMA;ProdBEBIDAS_LACT;LECHE COMPLETA BARISTA LIQUIDA PURISIMA;3.05
3567755;2026-09-10;CCS05;AUTOMERCADO SANTA ROSA DE LIMA;ProdEMBUTIDOS;SALCHICHA TIPO VIENA 225G (11unid) ALIMEX;3.9
3567756;2026-09-10;CCS05;AUTOMERCADO SANTA ROSA DE LIMA;ProdEMBUTIDOS;MORTADELA CCS DE CARNES 900G;4.2
3567760;2026-09-10;CCS05;AUTOMERCADO SANTA ROSA DE LIMA;ProdBEBIDAS;NECTAR DURAZNO 200 ML TUNAL;2.99
3786901;2026-09-29;CCS11;FORUM SAN BERBARDINO;ProdJAMONERIA;JAMON PIERNA ALIMEX 98% 5.9kg;12.99
3786897;2026-09-29;CCS11;FORUM SAN BERBARDINO;ProdDERIV_LACTEOS;CREMA DE LECHE DE 500GR PURISIMA;6.59
3786896;2026-09-29;CCS11;FORUM SAN BERBARDINO;ProdDERIV_LACTEOS;CREMA DE LECHE DE 250GR PURISIMA;3.89
3786899;2026-09-29;CCS11;FORUM SAN BERBARDINO;ProdDERIV_LACTEOS;Queso amarillo Purisima semimadurado disco 500gr;32.99
3786868;2026-09-29;CCS11;FORUM SAN BERBARDINO;ProdDERIV_LACTEOS;MANTEQUILLA PURISIMA SIN SAL 200G PURISIMA;6.09
3786866;2026-09-29;CCS11;FORUM SAN BERBARDINO;ProdDERIV_LACTEOS;MANTEQUILLA PURISIMA CON SAL 200G PURISIMA;6.59
3786857;2026-09-29;CCS11;FORUM SAN BERBARDINO;ProdEMBUTIDOS;SALCHICHA TIPO VIENA 225G (11unid) ALIMEX;3.65
3786859;2026-09-29;CCS11;FORUM SAN BERBARDINO;ProdEMBUTIDOS;SALCHICHA TIPO VIENA 450GR (22unid) ALIMEX;7.15
3786861;2026-09-29;CCS11;FORUM SAN BERBARDINO;ProdEMBUTIDOS;SALCHICHA TIPO VIENA 800GR (24unid) ALIMEX;12.25
3786925;2026-09-29;CCS11;FORUM SAN BERBARDINO;ProdBEBIDAS_LACT;LECHE COMPLETA LIQUIDA PURISIMA;2.59
3786926;2026-09-29;CCS11;FORUM SAN BERBARDINO;ProdBEBIDAS_LACT;LECHE DESCREMADA LIQUIDA PURISIMA;2.59
3786927;2026-09-29;CCS11;FORUM SAN BERBARDINO;ProdBEBIDAS_LACT;LECHE  DESLACTOSADA LIQUIDA PURISIMA;2.75
3560714;2026-09-10;CCS11;FORUM SAN BERBARDINO;ProdBEBIDAS_LACT;Leche en polvo Purisima 500gr;6.29
3560716;2026-09-10;CCS11;FORUM SAN BERBARDINO;ProdBEBIDAS_LACT;Leche en polvo Purisima 1kg;12.79
3547679;2026-09-09;CCS11;FORUM SAN BERBARDINO;ProdJAMONERIA;JAMON COCIDO ESTANDAR ITALICO 5.9kg;9.34
3547415;2026-09-09;CCS11;FORUM SAN BERBARDINO;ProdEMBUTIDOS;TOCINETA AHUMADA SIN CUERO 3.5KG ALIMEX;11.69
3786876;2026-09-29;CCS11;FORUM SAN BERBARDINO;ProdEMBUTIDOS;CHORIZO DE CERDO AHUMADO PARRILLERO ALIMEX;14.49
3786874;2026-09-29;CCS11;FORUM SAN BERBARDINO;ProdEMBUTIDOS;CHORIZO DE CERDO PICANTE PARRILLERO ALIMEX;11.99
3786887;2026-09-29;CCS11;FORUM SAN BERBARDINO;ProdEMBUTIDOS;MORTADELA CCS DE CARNES 500G;2.25
3786889;2026-09-29;CCS11;FORUM SAN BERBARDINO;ProdEMBUTIDOS;MORTADELA CCS DE CARNES 900G;3.49
3786898;2026-09-29;CCS11;FORUM SAN BERBARDINO;ProdDERIV_LACTEOS;QUESO DE CABRA 500G PURISIMA;24.95
3604140;2026-09-15;CCS11;FORUM SAN BERBARDINO;ProdEMBUTIDOS;MORTADELA DE POLLO DE 500G;3.25
3560728;2026-09-10;CCS11;FORUM SAN BERBARDINO;ProdEMBUTIDOS;MORTADELA de Pollo Caracas 900gr;3.25
3786920;2026-09-29;CCS11;FORUM SAN BERBARDINO;ProdBEBIDAS_LACT;LECHE EN POLVO PURISIMA 400GR;6.69
3786921;2026-09-29;CCS11;FORUM SAN BERBARDINO;ProdBEBIDAS_LACT;LECHE EN POLVO PURISIMA 900GR;13.99
3786845;2026-09-29;CCS11;FORUM SAN BERBARDINO;ProdBEBIDAS;TE DURAZNO 1L TUNAL;2.75
3786847;2026-09-29;CCS11;FORUM SAN BERBARDINO;ProdBEBIDAS;TE LIMON 1L TUNAL;2.75
3786848;2026-09-29;CCS11;FORUM SAN BERBARDINO;ProdBEBIDAS;TE FRUTOS ROJOS 1L TUNAL;2.75
3786910;2026-09-29;CCS11;FORUM SAN BERBARDINO;ProdBEBIDAS;NARANJADA 1L TUNAL;3.55
3786911;2026-09-29;CCS11;FORUM SAN BERBARDINO;ProdBEBIDAS;NECTAR MANZANA 1L TUNAL;2.77
3786912;2026-09-29;CCS11;FORUM SAN BERBARDINO;ProdBEBIDAS;NECTAR PERA 1L TUNAL;2.77
3786913;2026-09-29;CCS11;FORUM SAN BERBARDINO;ProdBEBIDAS;NECTAR DURAZNO 1L TUNAL;2.77
3786914;2026-09-29;CCS11;FORUM SAN BERBARDINO;ProdBEBIDAS;NARANJADA  200 ML TUNAL;3.2
3786915;2026-09-29;CCS11;FORUM SAN BERBARDINO;ProdBEBIDAS;NECTAR MANZANA 200 ML TUNAL;3.16
3786917;2026-09-29;CCS11;FORUM SAN BERBARDINO;ProdBEBIDAS;NECTAR DURAZNO 200 ML TUNAL;3.16
3786916;2026-09-29;CCS11;FORUM SAN BERBARDINO;ProdBEBIDAS;NECTAR PERA 200 ML TUNAL;3.16
3560720;2026-09-10;CCS11;FORUM SAN BERBARDINO;ProdBEBIDAS_LACT;LECHE BARISTA PURISIMA;2.49
3586822;2026-09-11;PLC01;RIO SUPERMARKET C.C. PLAZA MAYOR;ProdBEBIDAS;NARANJADA 1L TUNAL;3.09
3586823;2026-09-11;PLC01;RIO SUPERMARKET C.C. PLAZA MAYOR;ProdBEBIDAS;NECTAR DURAZNO 1L TUNAL;2.41
3586825;2026-09-11;PLC01;RIO SUPERMARKET C.C. PLAZA MAYOR;ProdBEBIDAS;NECTAR MANZANA 1L TUNAL;2.41
3586824;2026-09-11;PLC01;RIO SUPERMARKET C.C. PLAZA MAYOR;ProdBEBIDAS;NECTAR PERA 1L TUNAL;2.41
3586811;2026-09-11;PLC01;RIO SUPERMARKET C.C. PLAZA MAYOR;ProdBEBIDAS_LACT;LECHE COMPLETA LIQUIDA PURISIMA;3.06
3586812;2026-09-11;PLC01;RIO SUPERMARKET C.C. PLAZA MAYOR;ProdBEBIDAS_LACT;LECHE DESCREMADA LIQUIDA PURISIMA;2.99
3586813;2026-09-11;PLC01;RIO SUPERMARKET C.C. PLAZA MAYOR;ProdBEBIDAS_LACT;LECHE  DESLACTOSADA LIQUIDA PURISIMA;3.16
3586842;2026-09-11;PLC01;RIO SUPERMARKET C.C. PLAZA MAYOR;ProdDERIV_LACTEOS;MANTEQUILLA PURISIMA CON SAL 200G PURISIMA;5.75
3657562;2026-09-18;PLC01;RIO SUPERMARKET C.C. PLAZA MAYOR;ProdBEBIDAS_LACT;LECHE BARISTA PURISIMA;2.84
3586841;2026-09-11;PLC01;RIO SUPERMARKET C.C. PLAZA MAYOR;ProdDERIV_LACTEOS;MANTEQUILLA PURISIMA SIN SAL 200G PURISIMA;5.29
3586836;2026-09-11;PLC01;RIO SUPERMARKET C.C. PLAZA MAYOR;ProdEMBUTIDOS;SALCHICHA TIPO VIENA 800GR (24unid) ALIMEX;10.25
3586838;2026-09-11;PLC01;RIO SUPERMARKET C.C. PLAZA MAYOR;ProdEMBUTIDOS;SALCHICHA TIPO VIENA 225G (11unid) ALIMEX;3.25
3778561;2026-09-29;PLC01;RIO SUPERMARKET C.C. PLAZA MAYOR;ProdBEBIDAS;NECTAR PERA LIGHT 1 LITRO TUNAL;2.53
3778562;2026-09-29;PLC01;RIO SUPERMARKET C.C. PLAZA MAYOR;ProdBEBIDAS;JUGO NARANJA LIGTH 1 LITRO TUNAL;2.55
3778560;2026-09-29;PLC01;RIO SUPERMARKET C.C. PLAZA MAYOR;ProdBEBIDAS;TE LIMON 1L TUNAL;2.38
3586831;2026-09-11;PLC01;RIO SUPERMARKET C.C. PLAZA MAYOR;ProdBEBIDAS;NARANJADA  200 ML TUNAL;0.91
3586832;2026-09-11;PLC01;RIO SUPERMARKET C.C. PLAZA MAYOR;ProdBEBIDAS;NECTAR MANZANA 200 ML TUNAL;0.91
3629040;2026-09-16;PLC01;RIO SUPERMARKET C.C. PLAZA MAYOR;ProdBEBIDAS;NECTAR PERA 200 ML TUNAL;0.88
3629022;2026-09-16;PLC01;RIO SUPERMARKET C.C. PLAZA MAYOR;ProdBEBIDAS;NECTAR DURAZNO 200 ML TUNAL;0.88
3778538;2026-09-29;PLC01;RIO SUPERMARKET C.C. PLAZA MAYOR;ProdBEBIDAS_LACT;LECHE EN POLVO PURISIMA 900GR;12.9
3778539;2026-09-29;PLC01;RIO SUPERMARKET C.C. PLAZA MAYOR;ProdBEBIDAS_LACT;LECHE EN POLVO PURISIMA 400GR;6.15
3778566;2026-09-29;PLC01;RIO SUPERMARKET C.C. PLAZA MAYOR;ProdDERIV_LACTEOS;CREMA DE LECHE DE 500GR PURISIMA;5.49
3586837;2026-09-11;PLC01;RIO SUPERMARKET C.C. PLAZA MAYOR;ProdEMBUTIDOS;SALCHICHA TIPO VIENA 450GR (22unid) ALIMEX;5.95
3778559;2026-09-29;PLC01;RIO SUPERMARKET C.C. PLAZA MAYOR;ProdBEBIDAS;TE FRUTOS ROJOS 1L TUNAL;2.38
3778567;2026-09-29;PLC01;RIO SUPERMARKET C.C. PLAZA MAYOR;ProdDERIV_LACTEOS;CREMA DE LECHE DE 250GR PURISIMA;3.25
3778578;2026-09-29;PLC01;RIO SUPERMARKET C.C. PLAZA MAYOR;ProdEMBUTIDOS;MORTADELA CCS DE CARNES 500G;1.83
3778579;2026-09-29;PLC01;RIO SUPERMARKET C.C. PLAZA MAYOR;ProdEMBUTIDOS;MORTADELA CCS DE CARNES 900G;3.1
3778558;2026-09-29;PLC01;RIO SUPERMARKET C.C. PLAZA MAYOR;ProdBEBIDAS;TE DURAZNO 1L TUNAL;2.41
3775414;2026-09-29;CCS07;EMPORIUM LA PARADA;ProdBEBIDAS_LACT;LECHE BARISTA PURISIMA;3.45
3775415;2026-09-29;CCS07;EMPORIUM LA PARADA;ProdBEBIDAS_LACT;LECHE COMPLETA LIQUIDA PURISIMA;2.39
3775416;2026-09-29;CCS07;EMPORIUM LA PARADA;ProdBEBIDAS_LACT;LECHE DESCREMADA LIQUIDA PURISIMA;2.39
3775417;2026-09-29;CCS07;EMPORIUM LA PARADA;ProdBEBIDAS_LACT;LECHE  DESLACTOSADA LIQUIDA PURISIMA;2.59
3775432;2026-09-29;CCS07;EMPORIUM LA PARADA;ProdBEBIDAS;NARANJADA 1L TUNAL;3.15
3775433;2026-09-29;CCS07;EMPORIUM LA PARADA;ProdBEBIDAS;NECTAR MANZANA 1L TUNAL;2.49
3775434;2026-09-29;CCS07;EMPORIUM LA PARADA;ProdBEBIDAS;NECTAR PERA 1L TUNAL;2.49
3775435;2026-09-29;CCS07;EMPORIUM LA PARADA;ProdBEBIDAS;NECTAR DURAZNO 1L TUNAL;2.49
3775436;2026-09-29;CCS07;EMPORIUM LA PARADA;ProdBEBIDAS;NARANJADA  200 ML TUNAL;2.85
3775438;2026-09-29;CCS07;EMPORIUM LA PARADA;ProdBEBIDAS;NECTAR PERA 200 ML TUNAL;2.85
3775439;2026-09-29;CCS07;EMPORIUM LA PARADA;ProdBEBIDAS;NECTAR DURAZNO 200 ML TUNAL;2.85
3775440;2026-09-29;CCS07;EMPORIUM LA PARADA;ProdBEBIDAS;TE DURAZNO 1L TUNAL;2.49
3775441;2026-09-29;CCS07;EMPORIUM LA PARADA;ProdBEBIDAS;TE LIMON 1L TUNAL;2.49
3775442;2026-09-29;CCS07;EMPORIUM LA PARADA;ProdBEBIDAS;TE FRUTOS ROJOS 1L TUNAL;2.49
3775437;2026-09-29;CCS07;EMPORIUM LA PARADA;ProdBEBIDAS;NECTAR MANZANA 200 ML TUNAL;2.85
3775449;2026-09-29;CCS07;EMPORIUM LA PARADA;ProdHUEVOS;HUEVO EMPACADO- 1X12 PLASTICO TUNAL;3.15
3775450;2026-09-29;CCS07;EMPORIUM LA PARADA;ProdHUEVOS;HUEVO EMPACADO- ESTUCHADO 1X6 TUNAL;1.55
3497478;2026-09-03;CCS06;REDVITAL SAN ANTONIO;ProdBEBIDAS;NARANJADA 1L TUNAL;3.04
3497482;2026-09-03;CCS06;REDVITAL SAN ANTONIO;ProdBEBIDAS;NECTAR MANZANA 1L TUNAL;2.38
3497480;2026-09-03;CCS06;REDVITAL SAN ANTONIO;ProdBEBIDAS;NECTAR PERA 1L TUNAL;2.38
3497484;2026-09-03;CCS06;REDVITAL SAN ANTONIO;ProdBEBIDAS;NECTAR DURAZNO 1L TUNAL;2.38
3497488;2026-09-03;CCS06;REDVITAL SAN ANTONIO;ProdBEBIDAS;JUGO NARANJA LIGTH 1 LITRO TUNAL;2.51
3497490;2026-09-03;CCS06;REDVITAL SAN ANTONIO;ProdBEBIDAS;NARANJADA  200 ML TUNAL;0.92
3497492;2026-09-03;CCS06;REDVITAL SAN ANTONIO;ProdBEBIDAS;NECTAR MANZANA 200 ML TUNAL;0.9
3497494;2026-09-03;CCS06;REDVITAL SAN ANTONIO;ProdBEBIDAS;NECTAR PERA 200 ML TUNAL;0.9
3497496;2026-09-03;CCS06;REDVITAL SAN ANTONIO;ProdBEBIDAS;NECTAR DURAZNO 200 ML TUNAL;0.9
3497498;2026-09-03;CCS06;REDVITAL SAN ANTONIO;ProdBEBIDAS_LACT;LECHE BARISTA PURISIMA;2.69
3497500;2026-09-03;CCS06;REDVITAL SAN ANTONIO;ProdBEBIDAS_LACT;LECHE  DESLACTOSADA LIQUIDA PURISIMA;2.65
3497502;2026-09-03;CCS06;REDVITAL SAN ANTONIO;ProdBEBIDAS_LACT;LECHE DESCREMADA LIQUIDA PURISIMA;2.51
3497505;2026-09-03;CCS06;REDVITAL SAN ANTONIO;ProdBEBIDAS_LACT;LECHE COMPLETA LIQUIDA PURISIMA;2.56
3497524;2026-09-03;CCS06;REDVITAL SAN ANTONIO;ProdDERIV_LACTEOS;MANTEQUILLA PURISIMA CON SAL 200G PURISIMA;5.4
3497526;2026-09-03;CCS06;REDVITAL SAN ANTONIO;ProdDERIV_LACTEOS;MANTEQUILLA PURISIMA SIN SAL 200G PURISIMA;5
3497486;2026-09-03;CCS06;REDVITAL SAN ANTONIO;ProdBEBIDAS;NECTAR PERA LIGHT 1 LITRO TUNAL;2.5
3497520;2026-09-03;CCS06;REDVITAL SAN ANTONIO;ProdDERIV_LACTEOS;CREMA DE LECHE DE 500GR PURISIMA;5.6
3497522;2026-09-03;CCS06;REDVITAL SAN ANTONIO;ProdDERIV_LACTEOS;CREMA DE LECHE DE 250GR PURISIMA;3.32
3663332;2026-09-18;CCS11;CENTRAL MADEIRENSE CONCORDIA;ProdEMBUTIDOS;SALCHICHA TIPO VIENA 800GR (24unid) ALIMEX;11.69
3576923;2026-09-11;CCS11;CENTRAL MADEIRENSE CONCORDIA;ProdEMBUTIDOS;SALCHICHA TIPO VIENA 450GR (22unid) ALIMEX;7.19
3576939;2026-09-11;CCS11;CENTRAL MADEIRENSE CONCORDIA;ProdJAMONERIA;JAMON PIERNA ALIMEX 98% 5.9kg;11.79
3495563;2026-09-03;CCS11;CENTRAL MADEIRENSE CONCORDIA;ProdJAMONERIA;JAMON AHUMADO VISKING ALIMEX 3.3 KG;15.52
3576918;2026-09-11;CCS11;CENTRAL MADEIRENSE CONCORDIA;ProdBEBIDAS_LACT;LECHE COMPLETA LIQUIDA PURISIMA;2.75
3576919;2026-09-11;CCS11;CENTRAL MADEIRENSE CONCORDIA;ProdBEBIDAS_LACT;LECHE DESCREMADA LIQUIDA PURISIMA;2.65
3576920;2026-09-11;CCS11;CENTRAL MADEIRENSE CONCORDIA;ProdBEBIDAS_LACT;LECHE  DESLACTOSADA LIQUIDA PURISIMA;2.79
3786883;2026-09-29;CCS11;CENTRAL MADEIRENSE CONCORDIA;ProdDERIV_LACTEOS;MANTEQUILLA PURISIMA CON SAL 200G PURISIMA;6.94
3576925;2026-09-11;CCS11;CENTRAL MADEIRENSE CONCORDIA;ProdDERIV_LACTEOS;MANTEQUILLA PURISIMA SIN SAL 200G PURISIMA;6.13
3786893;2026-09-29;CCS11;CENTRAL MADEIRENSE CONCORDIA;ProdEMBUTIDOS;MORTADELA TAPARA Alimex;13.97
3576929;2026-09-11;CCS11;CENTRAL MADEIRENSE CONCORDIA;ProdDERIV_LACTEOS;CREMA DE LECHE DE 500GR PURISIMA;6.62
3576928;2026-09-11;CCS11;CENTRAL MADEIRENSE CONCORDIA;ProdDERIV_LACTEOS;CREMA DE LECHE DE 250GR PURISIMA;3.91
3786877;2026-09-29;CCS11;CENTRAL MADEIRENSE CONCORDIA;ProdEMBUTIDOS;SALCHICHA TIPO VIENA 225G (11unid) ALIMEX;3.75
3495545;2026-09-03;CCS11;CENTRAL MADEIRENSE CONCORDIA;ProdBEBIDAS_LACT;LECHE BARISTA PURISIMA;3.55
3700912;2026-09-22;CCS11;CENTRAL MADEIRENSE CONCORDIA;ProdEMBUTIDOS;TOCINETA AHUMADA SIN CUERO 3.5KG ALIMEX;6.79
3576934;2026-09-11;CCS11;CENTRAL MADEIRENSE CONCORDIA;ProdBEBIDAS;NARANJADA 1L TUNAL;3.38
3576935;2026-09-11;CCS11;CENTRAL MADEIRENSE CONCORDIA;ProdBEBIDAS;NECTAR MANZANA 1L TUNAL;2.63
3576936;2026-09-11;CCS11;CENTRAL MADEIRENSE CONCORDIA;ProdBEBIDAS;NECTAR PERA 1L TUNAL;2.63
3576937;2026-09-11;CCS11;CENTRAL MADEIRENSE CONCORDIA;ProdBEBIDAS;NECTAR DURAZNO 1L TUNAL;2.63
3786871;2026-09-29;CCS11;CENTRAL MADEIRENSE CONCORDIA;ProdBEBIDAS;TE DURAZNO 1L TUNAL;2.51
3786873;2026-09-29;CCS11;CENTRAL MADEIRENSE CONCORDIA;ProdBEBIDAS;TE LIMON 1L TUNAL;2.51
3569109;2026-09-10;PLC05;KALIMAN 2;ProdBEBIDAS_LACT;LECHE COMPLETA LIQUIDA PURISIMA;2.39
3569110;2026-09-10;PLC05;KALIMAN 2;ProdBEBIDAS_LACT;LECHE DESCREMADA LIQUIDA PURISIMA;2.39
3569111;2026-09-10;PLC05;KALIMAN 2;ProdBEBIDAS_LACT;LECHE  DESLACTOSADA LIQUIDA PURISIMA;2.39
3520402;2026-09-07;PLC05;KALIMAN 2;ProdBEBIDAS_LACT;Leche en polvo Purisima 1kg;11.99
3660139;2026-09-18;PLC05;KALIMAN 2;ProdBEBIDAS_LACT;LECHE EN POLVO PURISIMA 200GR;3.05
3569113;2026-09-10;PLC05;KALIMAN 2;ProdBEBIDAS_LACT;LECHE EN POLVO PURISIMA 900GR;11.99
3517783;2026-09-07;PLC02;TODOHOGAR AV. LECHERIA;ProdBEBIDAS_LACT;LECHE BARISTA PURISIMA;2.79
3767011;2026-09-28;PLC02;TODOHOGAR AV. LECHERIA;ProdBEBIDAS_LACT;LECHE COMPLETA LIQUIDA PURISIMA;2.69
3767012;2026-09-28;PLC02;TODOHOGAR AV. LECHERIA;ProdBEBIDAS_LACT;LECHE DESCREMADA LIQUIDA PURISIMA;2.79
3767013;2026-09-28;PLC02;TODOHOGAR AV. LECHERIA;ProdBEBIDAS_LACT;LECHE  DESLACTOSADA LIQUIDA PURISIMA;2.69
3460596;2026-09-01;PLC02;TODOHOGAR AV. LECHERIA;ProdBEBIDAS_LACT;Leche en polvo Purisima 1kg;15.89
3767019;2026-09-28;PLC02;TODOHOGAR AV. LECHERIA;ProdBEBIDAS_LACT;LECHE EN POLVO PURISIMA 900GR;13.89
3767018;2026-09-28;PLC02;TODOHOGAR AV. LECHERIA;ProdBEBIDAS_LACT;LECHE EN POLVO PURISIMA 400GR;6.89
3767017;2026-09-28;PLC02;TODOHOGAR AV. LECHERIA;ProdBEBIDAS_LACT;LECHE EN POLVO PURISIMA 200GR;3.55
3797078;2026-09-30;PLC02;TODOHOGAR AV. LECHERIA;ProdBEBIDAS;NARANJADA  200 ML TUNAL;0.89
3797081;2026-09-30;PLC02;TODOHOGAR AV. LECHERIA;ProdBEBIDAS;NECTAR DURAZNO 200 ML TUNAL;0.95
3797080;2026-09-30;PLC02;TODOHOGAR AV. LECHERIA;ProdBEBIDAS;NECTAR PERA 200 ML TUNAL;0.89
3797082;2026-09-30;PLC02;TODOHOGAR AV. LECHERIA;ProdBEBIDAS;NARANJADA  500 ML TUNAL;1.99
3797113;2026-09-30;PLC02;TODOHOGAR AV. LECHERIA;ProdBEBIDAS;NARANJADA 1L TUNAL;2.58
3567250;2026-09-10;PLC02;TODOHOGAR AV. LECHERIA;ProdBEBIDAS;NECTAR DURAZNO 1L TUNAL;2.25
3797111;2026-09-30;PLC02;TODOHOGAR AV. LECHERIA;ProdBEBIDAS;NECTAR PERA 1L TUNAL;2.25
3797112;2026-09-30;PLC02;TODOHOGAR AV. LECHERIA;ProdBEBIDAS;NECTAR MANZANA 1L TUNAL;2.25
3797063;2026-09-30;PLC02;TODOHOGAR AV. LECHERIA;ProdDERIV_LACTEOS;MANTEQUILLA PURISIMA SIN SAL 200G PURISIMA;5.39
3797062;2026-09-30;PLC02;TODOHOGAR AV. LECHERIA;ProdDERIV_LACTEOS;MANTEQUILLA PURISIMA CON SAL 200G PURISIMA;5.85
3797093;2026-09-30;PLC02;TODOHOGAR AV. LECHERIA;ProdEMBUTIDOS;SALCHICHA TIPO VIENA 450GR (22unid) ALIMEX;5.09
3567247;2026-09-10;PLC02;TODOHOGAR AV. LECHERIA;ProdEMBUTIDOS;SALCHICHA TIPO VIENA 225G (11unid) ALIMEX;3.49
3567245;2026-09-10;PLC02;TODOHOGAR AV. LECHERIA;ProdEMBUTIDOS;SALCHICHA TIPO VIENA 800GR (24unid) ALIMEX;10.99
3797095;2026-09-30;PLC02;TODOHOGAR AV. LECHERIA;ProdEMBUTIDOS;CHORIZO DE CERDO AHUMADO PARRILLERO ALIMEX;4.85
3797094;2026-09-30;PLC02;TODOHOGAR AV. LECHERIA;ProdEMBUTIDOS;CHORIZO DE CERDO PICANTE PARRILLERO ALIMEX;4.65
3698807;2026-09-22;PLC02;TODOHOGAR AV. LECHERIA;ProdEMBUTIDOS;MORTADELA CCS DE CARNES 500G;2.09
3698808;2026-09-22;PLC02;TODOHOGAR AV. LECHERIA;ProdEMBUTIDOS;MORTADELA CCS DE CARNES 900G;3.75
3797079;2026-09-30;PLC02;TODOHOGAR AV. LECHERIA;ProdBEBIDAS;NECTAR MANZANA 200 ML TUNAL;0.89
3744059;2026-09-25;PLC02;TODOHOGAR AV. LECHERIA;ProdBEBIDAS;NECTAR PERA 500 ML TUNAL;1.55
3493596;2026-09-03;PLC02;TODOHOGAR AV. LECHERIA;ProdBEBIDAS;NECTAR DURAZNO 500 ML TUNAL;1.55
3698799;2026-09-22;PLC02;TODOHOGAR AV. LECHERIA;ProdBEBIDAS;NECTAR MANZANA 500 ML TUNAL;1.55
3612159;2026-09-15;PLC02;TODOHOGAR AV. LECHERIA;ProdBEBIDAS;NECTAR PERA LIGHT 1 LITRO TUNAL;2.35
3797110;2026-09-30;PLC02;TODOHOGAR AV. LECHERIA;ProdBEBIDAS;TE DURAZNO 1L TUNAL;2.25
3797105;2026-09-30;PLC02;TODOHOGAR AV. LECHERIA;ProdBEBIDAS;TE FRUTOS ROJOS 1L TUNAL;2.4
3797108;2026-09-30;PLC02;TODOHOGAR AV. LECHERIA;ProdBEBIDAS;JUGO NARANJA LIGTH 1 LITRO TUNAL;2.35
3797064;2026-09-30;PLC02;TODOHOGAR AV. LECHERIA;ProdDERIV_LACTEOS;CREMA DE LECHE DE 500GR PURISIMA;5.69
3797083;2026-09-30;PLC02;TODOHOGAR AV. LECHERIA;ProdBEBIDAS;TE LIMON 500ML TUNAL;1.29
3797091;2026-09-30;PLC02;TODOHOGAR AV. LECHERIA;ProdEMBUTIDOS;MORTADELA DE POLLO DE 500G;2.09
3797092;2026-09-30;PLC02;TODOHOGAR AV. LECHERIA;ProdEMBUTIDOS;MORTADELA de Pollo Caracas 900gr;2.8
3797106;2026-09-30;PLC02;TODOHOGAR AV. LECHERIA;ProdBEBIDAS;TE LIMON 1L TUNAL;2.35
3797109;2026-09-30;PLC02;TODOHOGAR AV. LECHERIA;ProdBEBIDAS;NECTAR MANZANA LIGHT 1 LITRO TUNAL;2.35
3514432;2026-09-07;CCS06;FRESCO MARKET CLUB DEL CAMPO;ProdDERIV_LACTEOS;QUESO DE CABRA 500G PURISIMA;21.84
3514423;2026-09-07;CCS06;FRESCO MARKET CLUB DEL CAMPO;ProdDERIV_LACTEOS;CREMA DE LECHE DE 500GR PURISIMA;6.02
3514424;2026-09-07;CCS06;FRESCO MARKET CLUB DEL CAMPO;ProdDERIV_LACTEOS;CREMA DE LECHE DE 250GR PURISIMA;3.63
3514425;2026-09-07;CCS06;FRESCO MARKET CLUB DEL CAMPO;ProdDERIV_LACTEOS;MANTEQUILLA PURISIMA CON SAL 200G PURISIMA;5.81
3497506;2026-09-04;CCS06;FRESCO MARKET CLUB DEL CAMPO;ProdBEBIDAS;NARANJADA 1L TUNAL;3.02
3497508;2026-09-04;CCS06;FRESCO MARKET CLUB DEL CAMPO;ProdBEBIDAS;NECTAR MANZANA 1L TUNAL;2.35
3497511;2026-09-04;CCS06;FRESCO MARKET CLUB DEL CAMPO;ProdBEBIDAS;NECTAR PERA 1L TUNAL;2.53
3497512;2026-09-04;CCS06;FRESCO MARKET CLUB DEL CAMPO;ProdBEBIDAS;NECTAR DURAZNO 1L TUNAL;2.35
3497514;2026-09-04;CCS06;FRESCO MARKET CLUB DEL CAMPO;ProdBEBIDAS;TE FRUTOS ROJOS 1L TUNAL;2.42
3497517;2026-09-04;CCS06;FRESCO MARKET CLUB DEL CAMPO;ProdBEBIDAS;TE LIMON 1L TUNAL;2.42
3497519;2026-09-04;CCS06;FRESCO MARKET CLUB DEL CAMPO;ProdBEBIDAS;TE DURAZNO 1L TUNAL;2.42
3514443;2026-09-07;CCS06;FRESCO MARKET CLUB DEL CAMPO;ProdBEBIDAS_LACT;LECHE BARISTA PURISIMA;2.85
3514442;2026-09-07;CCS06;FRESCO MARKET CLUB DEL CAMPO;ProdBEBIDAS_LACT;LECHE  DESLACTOSADA LIQUIDA PURISIMA;2.7
3514441;2026-09-07;CCS06;FRESCO MARKET CLUB DEL CAMPO;ProdBEBIDAS_LACT;LECHE DESCREMADA LIQUIDA PURISIMA;2.64
3514440;2026-09-07;CCS06;FRESCO MARKET CLUB DEL CAMPO;ProdBEBIDAS_LACT;LECHE COMPLETA LIQUIDA PURISIMA;2.68
3514429;2026-09-07;CCS06;FRESCO MARKET CLUB DEL CAMPO;ProdEMBUTIDOS;SALCHICHA TIPO VIENA 800GR (24unid) ALIMEX;10.65
3514430;2026-09-07;CCS06;FRESCO MARKET CLUB DEL CAMPO;ProdEMBUTIDOS;SALCHICHA TIPO VIENA 450GR (22unid) ALIMEX;6.72
3514431;2026-09-07;CCS06;FRESCO MARKET CLUB DEL CAMPO;ProdEMBUTIDOS;SALCHICHA TIPO VIENA 225G (11unid) ALIMEX;3.47
3787447;2026-09-29;MCY01;MAS X MENOS;ProdBEBIDAS_LACT;LECHE COMPLETA LIQUIDA PURISIMA;2.59
3787445;2026-09-29;MCY01;MAS X MENOS;ProdBEBIDAS_LACT;LECHE DESCREMADA LIQUIDA PURISIMA;2.55
3787446;2026-09-29;MCY01;MAS X MENOS;ProdBEBIDAS_LACT;LECHE  DESLACTOSADA LIQUIDA PURISIMA;2.69
3573182;2026-09-11;PLC09;MAS X MENOS;ProdBEBIDAS;NECTAR MANZANA 1L TUNAL;2.11
3573183;2026-09-11;PLC09;MAS X MENOS;ProdBEBIDAS;NECTAR PERA 1L TUNAL;2.11
3573184;2026-09-11;PLC09;MAS X MENOS;ProdBEBIDAS;NECTAR DURAZNO 1L TUNAL;2.11
3787458;2026-09-29;MCY01;MAS X MENOS;ProdDERIV_LACTEOS;CREMA DE LECHE DE 250GR PURISIMA;3.43
3519949;2026-09-03;MCY01;MAS X MENOS;ProdBEBIDAS;NECTAR MANZANA 500 ML TUNAL;1.84
3787450;2026-09-29;MCY01;MAS X MENOS;ProdBEBIDAS;NECTAR PERA 500 ML TUNAL;1.84
3787451;2026-09-29;MCY01;MAS X MENOS;ProdBEBIDAS;NECTAR DURAZNO 500 ML TUNAL;1.84
3787461;2026-09-29;MCY01;MAS X MENOS;ProdEMBUTIDOS;SALCHICHA TIPO VIENA 450GR (22unid) ALIMEX;6.45
3787455;2026-09-29;MCY01;MAS X MENOS;ProdDERIV_LACTEOS;MANTEQUILLA PURISIMA CON SAL 200G PURISIMA;6.09
3787454;2026-09-29;MCY01;MAS X MENOS;ProdDERIV_LACTEOS;MANTEQUILLA PURISIMA SIN SAL 200G PURISIMA;5.65
3788556;2026-09-30;PLC09;MAS X MENOS;ProdBEBIDAS;NARANJADA 1L TUNAL;2.59
3764808;2026-09-28;PLC06;MAS X MENOS;ProdEMBUTIDOS;SALCHICHA TIPO VIENA 225G (11unid) ALIMEX;3.51
3764814;2026-09-28;PLC06;MAS X MENOS;ProdEMBUTIDOS;TOCINETA AHUMADA SIN CUERO 3.5KG ALIMEX;3.41
3714492;2026-09-23;PLC06;MAS X MENOS;ProdEMBUTIDOS;Salchicha el tunal de pollo 450gr;5.43
3742999;2026-09-25;PLC06;MAS X MENOS;ProdEMBUTIDOS;MORTADELA CCS DE CARNES 900G;3.51
3714496;2026-09-23;PLC06;MAS X MENOS;ProdEMBUTIDOS;MORTADELA de Pollo Caracas 900gr;3.41
3633111;2026-09-15;MCY01;MAS X MENOS;ProdDERIV_LACTEOS;QUESO DE CABRA EN BARRA 3.3 KG PURISIMA;5.65
3788565;2026-09-30;PLC09;MAS X MENOS;ProdBEBIDAS;NECTAR DURAZNO 200 ML TUNAL;2.69
3788563;2026-09-30;PLC09;MAS X MENOS;ProdBEBIDAS;NECTAR MANZANA 200 ML TUNAL;2.69
3788564;2026-09-30;PLC09;MAS X MENOS;ProdBEBIDAS;NECTAR PERA 200 ML TUNAL;2.69
3743000;2026-09-25;PLC06;MAS X MENOS;ProdEMBUTIDOS;MORTADELA DE POLLO DE 1 KG;3.41
3795340;2026-09-30;BQTO02;PANADERIA TULIPAN;ProdEMBUTIDOS;SALCHICHA TIPO VIENA 800GR (24unid) ALIMEX;12.25
3795341;2026-09-30;BQTO02;PANADERIA TULIPAN;ProdEMBUTIDOS;SALCHICHA TIPO VIENA 225G (11unid) ALIMEX;3.88
3795342;2026-09-30;BQTO02;PANADERIA TULIPAN;ProdDERIV_LACTEOS;MANTEQUILLA PURISIMA CON SAL 200G PURISIMA;6.98
3795336;2026-09-30;BQTO02;PANADERIA TULIPAN;ProdDERIV_LACTEOS;CREMA DE LECHE DE 500GR PURISIMA;6.92
3795337;2026-09-30;BQTO02;PANADERIA TULIPAN;ProdDERIV_LACTEOS;CREMA DE LECHE DE 250GR PURISIMA;4.08
3505453;2026-09-04;BQTO02;PANADERIA TULIPAN;ProdEMBUTIDOS;CHORIZO DE CERDO PICANTE PARRILLERO ALIMEX;13
3795338;2026-09-30;BQTO02;PANADERIA TULIPAN;ProdDERIV_LACTEOS;QUESO DE CABRA 500G PURISIMA;20.44
3795339;2026-09-30;BQTO02;PANADERIA TULIPAN;ProdDERIV_LACTEOS;Queso amarillo Purisima semimadurado disco 500gr;31.55
3479091;2026-09-02;BQTO02;PANADERIA TULIPAN;ProdEMBUTIDOS;TOCINETA AHUMADA SIN CUERO 3.5KG ALIMEX;3.88
3479099;2026-09-02;BQTO02;PANADERIA TULIPAN;ProdDERIV_LACTEOS;Queso amarillo Purisima semimadurado barra;31.55
3757065;2026-09-28;BQTO02;PANADERIA TULIPAN;ProdEMBUTIDOS;CHORIZO DE CERDO AHUMADO PARRILLERO ALIMEX;5.31
3781103;2026-09-29;VLC01;KROMI PREBO;ProdHUEVOS;HUEVO EMPACADO- ESTUCHADO 15 und TUNAL;3.24
3781104;2026-09-29;VLC01;KROMI PREBO;ProdHUEVOS;HUEVO TIPO  GRANEL 30 UND TUNAL;6.09
3781098;2026-09-29;VLC01;KROMI PREBO;ProdBEBIDAS;TE DURAZNO 1L TUNAL;2.25
3781100;2026-09-29;VLC01;KROMI PREBO;ProdBEBIDAS;TE FRUTOS ROJOS 1L TUNAL;2.25
3781099;2026-09-29;VLC01;KROMI PREBO;ProdBEBIDAS;TE LIMON 1L TUNAL;2.25
3781121;2026-09-29;VLC01;KROMI PREBO;ProdDERIV_LACTEOS;CREMA DE LECHE DE 500GR PURISIMA;5.52
3781122;2026-09-29;VLC01;KROMI PREBO;ProdDERIV_LACTEOS;CREMA DE LECHE DE 250GR PURISIMA;3.27
3781118;2026-09-29;VLC01;KROMI PREBO;ProdEMBUTIDOS;SALCHICHA TIPO VIENA 225G (11unid) ALIMEX;3.34
3781117;2026-09-29;VLC01;KROMI PREBO;ProdEMBUTIDOS;SALCHICHA TIPO VIENA 450GR (22unid) ALIMEX;5.45
3781116;2026-09-29;VLC01;KROMI PREBO;ProdEMBUTIDOS;SALCHICHA TIPO VIENA 800GR (24unid) ALIMEX;9.35
3557220;2026-09-09;VLC01;KROMI PREBO;ProdEMBUTIDOS;MORTADELA CCS DE CARNES 1KG;4.12
3781092;2026-09-29;VLC01;KROMI PREBO;ProdBEBIDAS;NARANJADA 1L TUNAL;2.95
3781093;2026-09-29;VLC01;KROMI PREBO;ProdBEBIDAS;NECTAR MANZANA 1L TUNAL;2.3
3781094;2026-09-29;VLC01;KROMI PREBO;ProdBEBIDAS;NECTAR PERA 1L TUNAL;2.3
3781095;2026-09-29;VLC01;KROMI PREBO;ProdBEBIDAS;NECTAR DURAZNO 1L TUNAL;2.3
3781097;2026-09-29;VLC01;KROMI PREBO;ProdBEBIDAS;NECTAR PERA LIGHT 1 LITRO TUNAL;2.4
3781096;2026-09-29;VLC01;KROMI PREBO;ProdBEBIDAS;JUGO NARANJA LIGTH 1 LITRO TUNAL;2.4
3575627;2026-09-10;VLC01;KROMI PREBO;ProdBEBIDAS_LACT;Leche en polvo Purisima 1kg;12.7
3575626;2026-09-10;VLC01;KROMI PREBO;ProdBEBIDAS_LACT;Leche en polvo Purisima 500gr;6.2
3781126;2026-09-29;VLC01;KROMI PREBO;ProdDERIV_LACTEOS;MANTEQUILLA PURISIMA SIN SAL 200G PURISIMA;5.2
3781125;2026-09-29;VLC01;KROMI PREBO;ProdDERIV_LACTEOS;MANTEQUILLA PURISIMA CON SAL 200G PURISIMA;5.6
3781091;2026-09-29;VLC01;KROMI PREBO;ProdBEBIDAS;NARANJADA  200 ML TUNAL;2.64
3781090;2026-09-29;VLC01;KROMI PREBO;ProdBEBIDAS;NECTAR MANZANA 200 ML TUNAL;2.6
3781089;2026-09-29;VLC01;KROMI PREBO;ProdBEBIDAS;NECTAR PERA 200 ML TUNAL;2.6
3781088;2026-09-29;VLC01;KROMI PREBO;ProdBEBIDAS;NECTAR DURAZNO 200 ML TUNAL;2.6
3781081;2026-09-29;VLC01;KROMI PREBO;ProdBEBIDAS_LACT;LECHE BARISTA PURISIMA;3.25
3781080;2026-09-29;VLC01;KROMI PREBO;ProdBEBIDAS_LACT;LECHE  DESLACTOSADA LIQUIDA PURISIMA;2.75
3781082;2026-09-29;VLC01;KROMI PREBO;ProdBEBIDAS_LACT;LECHE DESCREMADA LIQUIDA PURISIMA;2.41
3781083;2026-09-29;VLC01;KROMI PREBO;ProdBEBIDAS_LACT;LECHE COMPLETA LIQUIDA PURISIMA;2.66
3781074;2026-09-29;VLC01;KROMI PREBO;ProdBEBIDAS_LACT;LECHE EN POLVO PURISIMA 900GR;12.7
3781075;2026-09-29;VLC01;KROMI PREBO;ProdBEBIDAS_LACT;LECHE EN POLVO PURISIMA 400GR;6.2
3781112;2026-09-29;VLC01;KROMI PREBO;ProdJAMONERIA;JAMON PIERNA ALIMEX 98% 5.9kg;11.45
3781111;2026-09-29;VLC01;KROMI PREBO;ProdJAMONERIA;JAMON AREPERO AHUMADO;8.5
3781110;2026-09-29;VLC01;KROMI PREBO;ProdJAMONERIA;JAMON AHUMADO VISKING ITALICO 3.5 KG;8.99
3799900;2026-09-30;VLC01;KROMI PREBO;ProdEMBUTIDOS;TOCINETA AHUMADA SIN CUERO 3.5KG ALIMEX;16.4
3799899;2026-09-30;VLC01;KROMI PREBO;ProdEMBUTIDOS;MORTADELA TAPARA Alimex;12.2
3524970;2026-09-07;VLC01;KROMI PREBO;ProdDERIV_LACTEOS;QUESO DE CABRA 500G PURISIMA;15.5
3781106;2026-09-29;VLC01;KROMI PREBO;ProdDERIV_LACTEOS;Queso amarillo Purisima semimadurado disco 500gr;26.2
3781128;2026-09-29;VLC01;KROMI PREBO;ProdEMBUTIDOS;MORTADELA CCS DE CARNES 900G;3.75
3731709;2026-09-24;VLC01;KROMI PREBO;ProdEMBUTIDOS;CHORIZO DE CERDO AHUMADO PARRILLERO ALIMEX;12.54
3731708;2026-09-24;VLC01;KROMI PREBO;ProdEMBUTIDOS;CHORIZO DE CERDO PICANTE PARRILLERO ALIMEX;11.76
3799898;2026-09-30;VLC01;KROMI PREBO;ProdEMBUTIDOS;MORTADELA ECONOMICA ITALICO 1KG;9.2
3496630;2026-09-03;BQTO01;CASA IDEAS LE;ProdBEBIDAS;NARANJADA 1L TUNAL;3.3
3496633;2026-09-03;BQTO01;CASA IDEAS LE;ProdBEBIDAS;NECTAR MANZANA 1L TUNAL;2.24
3496634;2026-09-03;BQTO01;CASA IDEAS LE;ProdBEBIDAS;NECTAR PERA 1L TUNAL;2.24
3467488;2026-09-01;BQTO01;CASA IDEAS LE;ProdBEBIDAS;NECTAR DURAZNO 1L TUNAL;0
3467491;2026-09-01;BQTO01;CASA IDEAS LE;ProdBEBIDAS;NARANJADA  200 ML TUNAL;0
3496656;2026-09-03;BQTO01;CASA IDEAS LE;ProdBEBIDAS;NECTAR DURAZNO 200 ML TUNAL;2.5
3496659;2026-09-03;BQTO01;CASA IDEAS LE;ProdBEBIDAS;NECTAR PERA 200 ML TUNAL;2.5
3496637;2026-09-03;BQTO01;CASA IDEAS LE;ProdBEBIDAS;TE DURAZNO 1L TUNAL;1.5
3496642;2026-09-03;BQTO01;CASA IDEAS LE;ProdBEBIDAS;TE LIMON 1L TUNAL;1.5
3496648;2026-09-03;BQTO01;CASA IDEAS LE;ProdBEBIDAS;TE FRUTOS ROJOS 1L TUNAL;1.5
3787057;2026-09-29;BQTO01;CASA IDEAS LE;ProdBEBIDAS_LACT;LECHE COMPLETA LIQUIDA PURISIMA;2.95
3467510;2026-09-01;BQTO01;CASA IDEAS LE;ProdDERIV_LACTEOS;MANTEQUILLA PURISIMA SIN SAL 200G PURISIMA;0
3467511;2026-09-01;BQTO01;CASA IDEAS LE;ProdDERIV_LACTEOS;MANTEQUILLA PURISIMA CON SAL 200G PURISIMA;0
3496654;2026-09-03;BQTO01;CASA IDEAS LE;ProdBEBIDAS;NECTAR MANZANA 200 ML TUNAL;2.5
3787058;2026-09-29;BQTO01;CASA IDEAS LE;ProdBEBIDAS_LACT;LECHE  DESLACTOSADA LIQUIDA PURISIMA;3.05
3779261;2026-09-29;CCS07;REDVITAL GUARENAS;ProdHUEVOS;HUEVO EMPACADO- ESTUCHADO 1X12 TUNAL;2.7
3779262;2026-09-29;CCS07;REDVITAL GUARENAS;ProdHUEVOS;HUEVO TIPO  GRANEL 30 UND TUNAL;6.29
3498489;2026-09-04;CCS07;REDVITAL GUARENAS;ProdBEBIDAS_LACT;Leche en polvo Purisima 500gr;6.82
3779273;2026-09-29;CCS07;REDVITAL GUARENAS;ProdBEBIDAS_LACT;LECHE BARISTA PURISIMA;2.72
3779274;2026-09-29;CCS07;REDVITAL GUARENAS;ProdBEBIDAS_LACT;LECHE COMPLETA LIQUIDA PURISIMA;2.58
3779275;2026-09-29;CCS07;REDVITAL GUARENAS;ProdBEBIDAS_LACT;LECHE DESCREMADA LIQUIDA PURISIMA;2.53
3779276;2026-09-29;CCS07;REDVITAL GUARENAS;ProdBEBIDAS_LACT;LECHE  DESLACTOSADA LIQUIDA PURISIMA;2.67
3779225;2026-09-29;CCS07;REDVITAL GUARENAS;ProdBEBIDAS;NARANJADA 1L TUNAL;3.04
3779228;2026-09-29;CCS07;REDVITAL GUARENAS;ProdBEBIDAS;NECTAR DURAZNO 1L TUNAL;2.38
3779226;2026-09-29;CCS07;REDVITAL GUARENAS;ProdBEBIDAS;NECTAR MANZANA 1L TUNAL;2.38
3779227;2026-09-29;CCS07;REDVITAL GUARENAS;ProdBEBIDAS;NECTAR PERA 1L TUNAL;2.38
3779223;2026-09-29;CCS07;REDVITAL GUARENAS;ProdBEBIDAS;JUGO NARANJA LIGTH 1 LITRO TUNAL;2.51
3779222;2026-09-29;CCS07;REDVITAL GUARENAS;ProdBEBIDAS;NECTAR MANZANA LIGHT 1 LITRO TUNAL;2.5
3779224;2026-09-29;CCS07;REDVITAL GUARENAS;ProdBEBIDAS;NECTAR PERA LIGHT 1 LITRO TUNAL;2.5
3514123;2026-09-07;CCS07;REDVITAL GUARENAS;ProdBEBIDAS;NARANJADA  500 ML TUNAL;2.1
3514124;2026-09-07;CCS07;REDVITAL GUARENAS;ProdBEBIDAS;NECTAR PERA 500 ML TUNAL;1.6
3514125;2026-09-07;CCS07;REDVITAL GUARENAS;ProdBEBIDAS;NECTAR DURAZNO 500 ML TUNAL;1.6
3779236;2026-09-29;CCS07;REDVITAL GUARENAS;ProdBEBIDAS;NARANJADA  200 ML TUNAL;0.92
3779237;2026-09-29;CCS07;REDVITAL GUARENAS;ProdBEBIDAS;NECTAR MANZANA 200 ML TUNAL;0.9
3779239;2026-09-29;CCS07;REDVITAL GUARENAS;ProdBEBIDAS;NECTAR DURAZNO 200 ML TUNAL;0.9
3779238;2026-09-29;CCS07;REDVITAL GUARENAS;ProdBEBIDAS;NECTAR PERA 200 ML TUNAL;0.9
3779250;2026-09-29;CCS07;REDVITAL GUARENAS;ProdDERIV_LACTEOS;CREMA DE LECHE DE 500GR PURISIMA;5.6
3779251;2026-09-29;CCS07;REDVITAL GUARENAS;ProdDERIV_LACTEOS;CREMA DE LECHE DE 250GR PURISIMA;3.32
3779252;2026-09-29;CCS07;REDVITAL GUARENAS;ProdDERIV_LACTEOS;MANTEQUILLA PURISIMA SIN SAL 200G PURISIMA;5.22
3779253;2026-09-29;CCS07;REDVITAL GUARENAS;ProdDERIV_LACTEOS;MANTEQUILLA PURISIMA CON SAL 200G PURISIMA;5.63
3779257;2026-09-29;CCS07;REDVITAL GUARENAS;ProdEMBUTIDOS;MORTADELA de Pollo Caracas 900gr;3.75
3779243;2026-09-29;CCS07;REDVITAL GUARENAS;ProdBEBIDAS;TE DURAZNO 1L TUNAL;2.35
3779244;2026-09-29;CCS07;REDVITAL GUARENAS;ProdBEBIDAS;TE LIMON 1L TUNAL;2.35
3779245;2026-09-29;CCS07;REDVITAL GUARENAS;ProdBEBIDAS;TE FRUTOS ROJOS 1L TUNAL;2.35
3738383;2026-09-25;CCS07;REDVITAL GUARENAS;ProdDERIV_LACTEOS;QUESO DE CABRA 500G PURISIMA;17.3
3574553;2026-09-11;CCS07;REDVITAL GUARENAS;ProdEMBUTIDOS;MORTADELA DE POLLO DE 1 KG;3.73
3779258;2026-09-29;CCS07;REDVITAL GUARENAS;ProdEMBUTIDOS;MORTADELA DE POLLO DE 500G;3.29
3779266;2026-09-29;CCS07;REDVITAL GUARENAS;ProdBEBIDAS_LACT;LECHE EN POLVO PURISIMA 900GR;13.03
3779268;2026-09-29;CCS07;REDVITAL GUARENAS;ProdBEBIDAS_LACT;LECHE EN POLVO PURISIMA 200GR;3.3
3779267;2026-09-29;CCS07;REDVITAL GUARENAS;ProdBEBIDAS_LACT;LECHE EN POLVO PURISIMA 400GR;6.82
3721251;2026-09-23;MCY02;SUPERMERCADOS LUXOR C.A._EL CASTANO;ProdBEBIDAS;NARANJADA 1L TUNAL;5.7
3721252;2026-09-23;MCY02;SUPERMERCADOS LUXOR C.A._EL CASTANO;ProdBEBIDAS;NECTAR PERA 1L TUNAL;2.33
3721254;2026-09-23;MCY02;SUPERMERCADOS LUXOR C.A._EL CASTANO;ProdBEBIDAS;TE FRUTOS ROJOS 1L TUNAL;2.31
3721253;2026-09-23;MCY02;SUPERMERCADOS LUXOR C.A._EL CASTANO;ProdBEBIDAS;TE LIMON 1L TUNAL;2.31
3721255;2026-09-23;MCY02;SUPERMERCADOS LUXOR C.A._EL CASTANO;ProdBEBIDAS;NARANJADA  200 ML TUNAL;2.66
3603162;2026-09-15;MCY02;SUPERMERCADOS LUXOR C.A._EL CASTANO;ProdBEBIDAS;NECTAR PERA 200 ML TUNAL;2.39
3603163;2026-09-15;MCY02;SUPERMERCADOS LUXOR C.A._EL CASTANO;ProdBEBIDAS;NECTAR PERA 500 ML TUNAL;1.39
3603164;2026-09-15;MCY02;SUPERMERCADOS LUXOR C.A._EL CASTANO;ProdBEBIDAS;JUGO NARANJA LIGTH 1 LITRO TUNAL;2.15
3484172;2026-09-03;MCY02;SUPERMERCADOS LUXOR C.A._EL CASTANO;ProdBEBIDAS;NECTAR PERA LIGHT 1 LITRO TUNAL;2.45
3721272;2026-09-23;MCY02;SUPERMERCADOS LUXOR C.A._EL CASTANO;ProdBEBIDAS_LACT;LECHE BARISTA PURISIMA;2.56
3721273;2026-09-23;MCY02;SUPERMERCADOS LUXOR C.A._EL CASTANO;ProdBEBIDAS_LACT;LECHE DESCREMADA LIQUIDA PURISIMA;2.51
3721274;2026-09-23;MCY02;SUPERMERCADOS LUXOR C.A._EL CASTANO;ProdBEBIDAS_LACT;LECHE  DESLACTOSADA LIQUIDA PURISIMA;2.78
3721286;2026-09-24;MCY02;SUPERMERCADOS LUXOR C.A._EL CASTANO;ProdDERIV_LACTEOS;MANTEQUILLA PURISIMA SIN SAL 200G PURISIMA;5.92
3721287;2026-09-24;MCY02;SUPERMERCADOS LUXOR C.A._EL CASTANO;ProdDERIV_LACTEOS;MANTEQUILLA PURISIMA CON SAL 200G PURISIMA;6.38
3484189;2026-09-03;MCY02;SUPERMERCADOS LUXOR C.A._EL CASTANO;ProdEMBUTIDOS;SALCHICHA TIPO VIENA 800GR (24unid) ALIMEX;11.08
3721291;2026-09-24;MCY02;SUPERMERCADOS LUXOR C.A._EL CASTANO;ProdEMBUTIDOS;SALCHICHA TIPO VIENA 450GR (22unid) ALIMEX;6.46
3721292;2026-09-24;MCY02;SUPERMERCADOS LUXOR C.A._EL CASTANO;ProdEMBUTIDOS;SALCHICHA TIPO VIENA 225G (11unid) ALIMEX;3.51
3603153;2026-09-15;MCY02;SUPERMERCADOS LUXOR C.A._EL CASTANO;ProdBEBIDAS_LACT;LECHE COMPLETA LIQUIDA PURISIMA;2.29
3603165;2026-09-15;MCY02;SUPERMERCADOS LUXOR C.A._EL CASTANO;ProdBEBIDAS;NECTAR MANZANA LIGHT 1 LITRO TUNAL;2.15
3603170;2026-09-15;MCY02;SUPERMERCADOS LUXOR C.A._EL CASTANO;ProdBEBIDAS;NECTAR DURAZNO 1L TUNAL;2.15
3721256;2026-09-23;MCY02;SUPERMERCADOS LUXOR C.A._EL CASTANO;ProdBEBIDAS;NECTAR DURAZNO 200 ML TUNAL;2.66
3721258;2026-09-23;MCY02;SUPERMERCADOS LUXOR C.A._EL CASTANO;ProdBEBIDAS;NECTAR MANZANA 500 ML TUNAL;1.57
3721275;2026-09-23;MCY02;SUPERMERCADOS LUXOR C.A._EL CASTANO;ProdBEBIDAS_LACT;LECHE EN POLVO PURISIMA 900GR;13.85
3498330;2026-09-04;CCS11;CENTRAL MADEIRENSE SAN JOSE;ProdBEBIDAS_LACT;LECHE BARISTA PURISIMA;3.55
3574817;2026-09-11;CCS11;CENTRAL MADEIRENSE SAN JOSE;ProdBEBIDAS_LACT;LECHE DESCREMADA LIQUIDA PURISIMA;2.65
3574818;2026-09-11;CCS11;CENTRAL MADEIRENSE SAN JOSE;ProdBEBIDAS_LACT;LECHE  DESLACTOSADA LIQUIDA PURISIMA;2.79
3574816;2026-09-11;CCS11;CENTRAL MADEIRENSE SAN JOSE;ProdBEBIDAS_LACT;LECHE COMPLETA LIQUIDA PURISIMA;2.75
3574827;2026-09-11;CCS11;CENTRAL MADEIRENSE SAN JOSE;ProdBEBIDAS;NECTAR MANZANA 1L TUNAL;2.63
3574829;2026-09-11;CCS11;CENTRAL MADEIRENSE SAN JOSE;ProdBEBIDAS;NECTAR DURAZNO 1L TUNAL;2.63
3574830;2026-09-11;CCS11;CENTRAL MADEIRENSE SAN JOSE;ProdBEBIDAS;TE DURAZNO 1L TUNAL;2.63
3574831;2026-09-11;CCS11;CENTRAL MADEIRENSE SAN JOSE;ProdBEBIDAS;TE LIMON 1L TUNAL;2.63
3574838;2026-09-11;CCS11;CENTRAL MADEIRENSE SAN JOSE;ProdEMBUTIDOS;SALCHICHA TIPO VIENA 225G (11unid) ALIMEX;3.93
3574839;2026-09-11;CCS11;CENTRAL MADEIRENSE SAN JOSE;ProdEMBUTIDOS;SALCHICHA TIPO VIENA 450GR (22unid) ALIMEX;7.19
3574840;2026-09-11;CCS11;CENTRAL MADEIRENSE SAN JOSE;ProdEMBUTIDOS;SALCHICHA TIPO VIENA 800GR (24unid) ALIMEX;12.35
3574843;2026-09-11;CCS11;CENTRAL MADEIRENSE SAN JOSE;ProdDERIV_LACTEOS;MANTEQUILLA PURISIMA SIN SAL 200G PURISIMA;6.13
3574844;2026-09-11;CCS11;CENTRAL MADEIRENSE SAN JOSE;ProdDERIV_LACTEOS;MANTEQUILLA PURISIMA CON SAL 200G PURISIMA;6.61
3574848;2026-09-11;CCS11;CENTRAL MADEIRENSE SAN JOSE;ProdDERIV_LACTEOS;CREMA DE LECHE DE 250GR PURISIMA;3.91
3498358;2026-09-04;CCS11;CENTRAL MADEIRENSE SAN JOSE;ProdDERIV_LACTEOS;QUESO DE CABRA 500G PURISIMA;6.62
3574850;2026-09-11;CCS11;CENTRAL MADEIRENSE SAN JOSE;ProdJAMONERIA;JAMON PIERNA ALIMEX 98% 5.9kg;11.79
3574847;2026-09-11;CCS11;CENTRAL MADEIRENSE SAN JOSE;ProdDERIV_LACTEOS;CREMA DE LECHE DE 500GR PURISIMA;6.62
3776253;2026-09-29;CCS11;CENTRAL MADEIRENSE SAN JOSE;ProdEMBUTIDOS;MORTADELA TAPARA Alimex;13.97
3574828;2026-09-11;CCS11;CENTRAL MADEIRENSE SAN JOSE;ProdBEBIDAS;NECTAR PERA 1L TUNAL;2.63
3724432;2026-09-24;MCY02;DELI PLAZA (A FINAL DE MES);ProdBEBIDAS_LACT;LECHE COMPLETA LIQUIDA PURISIMA;2.75
3724443;2026-09-24;MCY02;DELI PLAZA (A FINAL DE MES);ProdBEBIDAS;TE FRUTOS ROJOS 1L TUNAL;2.45
3487620;2026-09-03;MCY02;DELI PLAZA (A FINAL DE MES);ProdBEBIDAS;TE LIMON 1L TUNAL;2.45
3724447;2026-09-24;MCY02;DELI PLAZA (A FINAL DE MES);ProdBEBIDAS;NARANJADA 1L TUNAL;2.99
3487624;2026-09-04;MCY02;DELI PLAZA (A FINAL DE MES);ProdBEBIDAS;NECTAR MANZANA 1L TUNAL;2.39
3724452;2026-09-24;MCY02;DELI PLAZA (A FINAL DE MES);ProdBEBIDAS;NARANJADA  200 ML TUNAL;2.95
3724453;2026-09-24;MCY02;DELI PLAZA (A FINAL DE MES);ProdBEBIDAS;NECTAR PERA 200 ML TUNAL;2.89
3487632;2026-09-04;MCY02;DELI PLAZA (A FINAL DE MES);ProdDERIV_LACTEOS;MANTEQUILLA PURISIMA SIN SAL 200G PURISIMA;5.99
3487633;2026-09-04;MCY02;DELI PLAZA (A FINAL DE MES);ProdDERIV_LACTEOS;MANTEQUILLA PURISIMA CON SAL 200G PURISIMA;6.49
3724471;2026-09-25;MCY02;DELI PLAZA (A FINAL DE MES);ProdEMBUTIDOS;SALCHICHA TIPO VIENA 800GR (24unid) ALIMEX;10.84
3724472;2026-09-25;MCY02;DELI PLAZA (A FINAL DE MES);ProdEMBUTIDOS;SALCHICHA TIPO VIENA 450GR (22unid) ALIMEX;6.89
3607712;2026-09-15;MCY02;DELI PLAZA (A FINAL DE MES);ProdEMBUTIDOS;SALCHICHA TIPO VIENA 225G (11unid) ALIMEX;3.75
3724465;2026-09-25;MCY02;DELI PLAZA (A FINAL DE MES);ProdDERIV_LACTEOS;CREMA DE LECHE DE 500GR PURISIMA;6.39
3724466;2026-09-25;MCY02;DELI PLAZA (A FINAL DE MES);ProdDERIV_LACTEOS;CREMA DE LECHE DE 250GR PURISIMA;3.79
3607689;2026-09-15;MCY02;DELI PLAZA (A FINAL DE MES);ProdBEBIDAS_LACT;LECHE DESCREMADA LIQUIDA PURISIMA;2.75
3724433;2026-09-24;MCY02;DELI PLAZA (A FINAL DE MES);ProdBEBIDAS_LACT;LECHE  DESLACTOSADA LIQUIDA PURISIMA;2.89
3724437;2026-09-24;MCY02;DELI PLAZA (A FINAL DE MES);ProdBEBIDAS_LACT;LECHE EN POLVO PURISIMA 900GR;14.45
3724436;2026-09-24;MCY02;DELI PLAZA (A FINAL DE MES);ProdBEBIDAS_LACT;LECHE EN POLVO PURISIMA 400GR;6.79
3724448;2026-09-24;MCY02;DELI PLAZA (A FINAL DE MES);ProdBEBIDAS;NECTAR DURAZNO 1L TUNAL;2.39
3724449;2026-09-24;MCY02;DELI PLAZA (A FINAL DE MES);ProdBEBIDAS;NECTAR PERA 1L TUNAL;2.39
3724461;2026-09-24;MCY02;DELI PLAZA (A FINAL DE MES);ProdEMBUTIDOS;MORTADELA DE POLLO DE 1 KG;4.49
3724462;2026-09-24;MCY02;DELI PLAZA (A FINAL DE MES);ProdEMBUTIDOS;MORTADELA DE POLLO DE 500G;2.25
3800380;2026-09-30;MCY02;EUROMARKET;ProdBEBIDAS_LACT;LECHE COMPLETA LIQUIDA PURISIMA;2.05
3800379;2026-09-30;MCY02;EUROMARKET;ProdBEBIDAS_LACT;LECHE DESCREMADA LIQUIDA PURISIMA;1.99
3800381;2026-09-30;MCY02;EUROMARKET;ProdBEBIDAS_LACT;LECHE  DESLACTOSADA LIQUIDA PURISIMA;2.15
3800378;2026-09-30;MCY02;EUROMARKET;ProdBEBIDAS_LACT;LECHE BARISTA PURISIMA;2.15
3800392;2026-09-30;MCY02;EUROMARKET;ProdBEBIDAS;NARANJADA 1L TUNAL;2.84
3768144;2026-09-29;MCY02;EUROMARKET;ProdBEBIDAS;NECTAR PERA 1L TUNAL;2.21
3768146;2026-09-29;MCY02;EUROMARKET;ProdBEBIDAS;NECTAR PERA LIGHT 1 LITRO TUNAL;2.43
3800399;2026-09-30;MCY02;EUROMARKET;ProdBEBIDAS;TE LIMON 1L TUNAL;2.19
3800398;2026-09-30;MCY02;EUROMARKET;ProdBEBIDAS;TE FRUTOS ROJOS 1L TUNAL;2.19
3517403;2026-09-07;MCY02;EUROMARKET;ProdBEBIDAS_LACT;Leche en polvo Purisima 500gr;6.61
3517404;2026-09-07;MCY02;EUROMARKET;ProdBEBIDAS_LACT;Leche en polvo Purisima 1kg;13.75
3768150;2026-09-29;MCY02;EUROMARKET;ProdEMBUTIDOS;MORTADELA CCS DE CARNES 500G;2.2
3768152;2026-09-29;MCY02;EUROMARKET;ProdEMBUTIDOS;MORTADELA CCS DE CARNES 900G;3.45
3628784;2026-09-16;MCY02;EUROMARKET;ProdEMBUTIDOS;SALCHICHA TIPO VIENA 800GR (24unid) ALIMEX;10.61
3782808;2026-09-30;MCY02;EUROMARKET;ProdEMBUTIDOS;TOCINETA AHUMADA SIN CUERO 3.5KG ALIMEX;3.45
3499776;2026-09-04;MCY02;EUROMARKET;ProdEMBUTIDOS;SALCHICHA TIPO VIENA 225G (11unid) ALIMEX;3.86
3800404;2026-09-30;MCY02;EUROMARKET;ProdDERIV_LACTEOS;MANTEQUILLA PURISIMA SIN SAL 200G PURISIMA;5.39
3800401;2026-09-30;MCY02;EUROMARKET;ProdDERIV_LACTEOS;QUESO DE CABRA 500G PURISIMA;18.71
3782803;2026-09-30;MCY02;EUROMARKET;ProdDERIV_LACTEOS;CREMA DE LECHE DE 500GR PURISIMA;5.51
3800407;2026-09-30;MCY02;EUROMARKET;ProdDERIV_LACTEOS;CREMA DE LECHE DE 250GR PURISIMA;3.25
3800405;2026-09-30;MCY02;EUROMARKET;ProdDERIV_LACTEOS;MANTEQUILLA PURISIMA CON SAL 200G PURISIMA;5.8
3768154;2026-09-29;MCY02;EUROMARKET;ProdBEBIDAS;NARANJADA  500 ML TUNAL;1.96
3744575;2026-09-25;MCY02;EUROMARKET;ProdBEBIDAS_LACT;LECHE EN POLVO PURISIMA 400GR;6.61
3744576;2026-09-25;MCY02;EUROMARKET;ProdBEBIDAS_LACT;LECHE EN POLVO PURISIMA 900GR;13.75
3800387;2026-09-30;MCY02;EUROMARKET;ProdBEBIDAS;NARANJADA  200 ML TUNAL;2.61
3800386;2026-09-30;MCY02;EUROMARKET;ProdBEBIDAS;NECTAR PERA 200 ML TUNAL;2.58
3713832;2026-09-24;MCY02;EUROMARKET;ProdBEBIDAS;NECTAR MANZANA 1L TUNAL;2.21
3800395;2026-09-30;MCY02;EUROMARKET;ProdBEBIDAS;NECTAR MANZANA LIGHT 1 LITRO TUNAL;2.43
3768147;2026-09-29;MCY02;EUROMARKET;ProdBEBIDAS;TE DURAZNO 1L TUNAL;2.19
3768151;2026-09-29;MCY02;EUROMARKET;ProdEMBUTIDOS;MORTADELA DE POLLO DE 500G;1.94
3768153;2026-09-29;MCY02;EUROMARKET;ProdEMBUTIDOS;MORTADELA DE POLLO DE 1 KG;3.45
3768156;2026-09-29;MCY02;EUROMARKET;ProdEMBUTIDOS;SALCHICHA TIPO VIENA 450GR (22unid) ALIMEX;6.21
3768158;2026-09-29;MCY02;EUROMARKET;ProdEMBUTIDOS;Salchicha el tunal de pollo 250gr;2.64
3800394;2026-09-30;MCY02;EUROMARKET;ProdBEBIDAS;JUGO NARANJA LIGTH 1 LITRO TUNAL;2.44
3596724;2026-09-15;MCY02;EUROMARKET;ProdBEBIDAS;NECTAR DURAZNO 200 ML TUNAL;2.58
3475906;2026-09-03;MCY02;EUROMARKET;ProdHUEVOS;HUEVO EMPACADO- ESTUCHADO 15 und TUNAL;3.03
3744535;2026-09-25;MCY02;EUROMARKET;ProdBEBIDAS;NECTAR MANZANA 200 ML TUNAL;2.58
3800393;2026-09-30;MCY02;EUROMARKET;ProdBEBIDAS;NECTAR DURAZNO 1L TUNAL;2.21
3768155;2026-09-29;MCY02;EUROMARKET;ProdBEBIDAS;TE LIMON 500ML TUNAL;1.2
3744568;2026-09-26;MCY02;EUROMARKET;ProdDERIV_LACTEOS;Queso amarillo Purisima semimadurado disco 500gr;14.64
3744580;2026-09-25;MCY02;EUROMARKET;ProdBEBIDAS;TE DURAZNO 500ML TUNAL;1.2
3768157;2026-09-29;MCY02;EUROMARKET;ProdEMBUTIDOS;Salchicha el tunal de pollo 450gr;5.5
3768159;2026-09-29;MCY02;EUROMARKET;ProdEMBUTIDOS;CHORIZO DE CERDO AHUMADO PARRILLERO ALIMEX;4.54
3768160;2026-09-29;MCY02;EUROMARKET;ProdEMBUTIDOS;CHORIZO DE CERDO PICANTE PARRILLERO ALIMEX;4.71
3572444;2026-09-11;CCS10;CENTRAL MADEIRENSE CATIA;ProdEMBUTIDOS;SALCHICHA TIPO VIENA 450GR (22unid) ALIMEX;7.19
3572446;2026-09-11;CCS10;CENTRAL MADEIRENSE CATIA;ProdDERIV_LACTEOS;CREMA DE LECHE DE 500GR PURISIMA;6.13
3756552;2026-09-28;CCS10;CENTRAL MADEIRENSE CATIA;ProdBEBIDAS;NARANJADA 1L TUNAL;3.4
3572451;2026-09-11;CCS10;CENTRAL MADEIRENSE CATIA;ProdBEBIDAS_LACT;LECHE COMPLETA LIQUIDA PURISIMA;2.75
3511828;2026-09-07;CCS10;CENTRAL MADEIRENSE CATIA;ProdDERIV_LACTEOS;MANTEQUILLA PURISIMA CON SAL 200G PURISIMA;6.61
3572448;2026-09-11;CCS10;CENTRAL MADEIRENSE CATIA;ProdBEBIDAS_LACT;LECHE BARISTA PURISIMA;3.55
3588006;2026-09-14;CCS10;CENTRAL MADEIRENSE CATIA;ProdDERIV_LACTEOS;MANTEQUILLA PURISIMA SIN SAL 200G PURISIMA;6.13
3756556;2026-09-28;CCS10;CENTRAL MADEIRENSE CATIA;ProdEMBUTIDOS;SALCHICHA TIPO VIENA 800GR (24unid) ALIMEX;11.69
3646235;2026-09-17;BQTO02;MERKAFURT AV LARA;ProdDERIV_LACTEOS;MANTEQUILLA PURISIMA SIN SAL 200G PURISIMA;5.6
3759954;2026-09-28;BQTO02;MERKAFURT AV LARA;ProdDERIV_LACTEOS;MANTEQUILLA PURISIMA CON SAL 200G PURISIMA;6.09
3759975;2026-09-28;BQTO02;MERKAFURT AV LARA;ProdDERIV_LACTEOS;CREMA DE LECHE DE 500GR PURISIMA;6.25
3759976;2026-09-28;BQTO02;MERKAFURT AV LARA;ProdDERIV_LACTEOS;CREMA DE LECHE DE 250GR PURISIMA;3.65
3759969;2026-09-28;BQTO02;MERKAFURT AV LARA;ProdEMBUTIDOS;SALCHICHA TIPO VIENA 800GR (24unid) ALIMEX;10.95
3596825;2026-09-14;BQTO02;MERKAFURT AV LARA;ProdEMBUTIDOS;CHORIZO DE CERDO AHUMADO PARRILLERO ALIMEX;13.01
3596826;2026-09-14;BQTO02;MERKAFURT AV LARA;ProdEMBUTIDOS;CHORIZO DE CERDO PICANTE PARRILLERO ALIMEX;12.21
3759956;2026-09-28;BQTO02;MERKAFURT AV LARA;ProdBEBIDAS_LACT;LECHE COMPLETA LIQUIDA PURISIMA;2.65
3759957;2026-09-28;BQTO02;MERKAFURT AV LARA;ProdBEBIDAS_LACT;LECHE DESCREMADA LIQUIDA PURISIMA;2.6
3759958;2026-09-28;BQTO02;MERKAFURT AV LARA;ProdBEBIDAS_LACT;LECHE  DESLACTOSADA LIQUIDA PURISIMA;2.74
3646232;2026-09-17;BQTO02;MERKAFURT AV LARA;ProdBEBIDAS_LACT;LECHE BARISTA PURISIMA;2.74
3759971;2026-09-28;BQTO02;MERKAFURT AV LARA;ProdEMBUTIDOS;SALCHICHA TIPO VIENA 225G (11unid) ALIMEX;3.49
3759962;2026-09-28;BQTO02;MERKAFURT AV LARA;ProdBEBIDAS;NECTAR MANZANA 1L TUNAL;2.45
3759960;2026-09-28;BQTO02;MERKAFURT AV LARA;ProdBEBIDAS;NARANJADA 1L TUNAL;3.14
3759961;2026-09-28;BQTO02;MERKAFURT AV LARA;ProdBEBIDAS;NECTAR DURAZNO 1L TUNAL;2.45
3759963;2026-09-28;BQTO02;MERKAFURT AV LARA;ProdBEBIDAS;NECTAR PERA 1L TUNAL;2.45
3759959;2026-09-28;BQTO02;MERKAFURT AV LARA;ProdBEBIDAS_LACT;LECHE COMPLETA BARISTA LIQUIDA PURISIMA;2.95
3759965;2026-09-28;BQTO02;MERKAFURT AV LARA;ProdEMBUTIDOS;MORTADELA CCS DE CARNES 900G;3.95
3759970;2026-09-28;BQTO02;MERKAFURT AV LARA;ProdEMBUTIDOS;SALCHICHA TIPO VIENA 450GR (22unid) ALIMEX;6.4
3582583;2026-09-11;VLC02;KROMI MANONGO;ProdBEBIDAS_LACT;LECHE COMPLETA LIQUIDA PURISIMA;2.53
3582584;2026-09-11;VLC02;KROMI MANONGO;ProdBEBIDAS_LACT;LECHE DESCREMADA LIQUIDA PURISIMA;2.47
3582585;2026-09-11;VLC02;KROMI MANONGO;ProdBEBIDAS_LACT;LECHE  DESLACTOSADA LIQUIDA PURISIMA;2.61
3582582;2026-09-11;VLC02;KROMI MANONGO;ProdBEBIDAS_LACT;LECHE BARISTA PURISIMA;2.8
3734017;2026-09-24;VLC02;KROMI MANONGO;ProdBEBIDAS;TE DURAZNO 1L TUNAL;2.25
3734018;2026-09-24;VLC02;KROMI MANONGO;ProdBEBIDAS;TE LIMON 1L TUNAL;2.25
3734019;2026-09-24;VLC02;KROMI MANONGO;ProdBEBIDAS;TE FRUTOS ROJOS 1L TUNAL;2.2
3710513;2026-09-23;VLC02;KROMI MANONGO;ProdJAMONERIA;JAMON PIERNA ALIMEX 98% 5.9kg;11.65
3570415;2026-09-10;VLC02;KROMI MANONGO;ProdEMBUTIDOS;MORTADELA TAPARA Alimex;12.5
3570413;2026-09-10;VLC02;KROMI MANONGO;ProdJAMONERIA;JAMON AHUMADO VISKING ALIMEX 3.3 KG;13.65
3570414;2026-09-10;VLC02;KROMI MANONGO;ProdJAMONERIA;JAMON AHUMADO VISKING ITALICO 3.5 KG;11.25
3503942;2026-09-04;VLC02;KROMI MANONGO;ProdBEBIDAS_LACT;Leche en polvo Purisima 500gr;6.2
3503943;2026-09-04;VLC02;KROMI MANONGO;ProdBEBIDAS_LACT;Leche en polvo Purisima 1kg;12.7
3734007;2026-09-24;VLC02;KROMI MANONGO;ProdBEBIDAS;NARANJADA 1L TUNAL;2.95
3734008;2026-09-24;VLC02;KROMI MANONGO;ProdBEBIDAS;NECTAR DURAZNO 1L TUNAL;2.3
3734009;2026-09-24;VLC02;KROMI MANONGO;ProdBEBIDAS;NECTAR MANZANA 1L TUNAL;2.3
3734010;2026-09-24;VLC02;KROMI MANONGO;ProdBEBIDAS;NECTAR PERA 1L TUNAL;2.3
3734011;2026-09-24;VLC02;KROMI MANONGO;ProdBEBIDAS;JUGO NARANJA LIGTH 1 LITRO TUNAL;2.4
3734012;2026-09-24;VLC02;KROMI MANONGO;ProdBEBIDAS;NECTAR PERA LIGHT 1 LITRO TUNAL;2.4
3570417;2026-09-10;VLC02;KROMI MANONGO;ProdJAMONERIA;JAMON AREPERO AHUMADO;13.65
3570409;2026-09-10;VLC02;KROMI MANONGO;ProdEMBUTIDOS;TOCINETA AHUMADA SIN CUERO 3.5KG ALIMEX;18.39
3503973;2026-09-04;VLC02;KROMI MANONGO;ProdDERIV_LACTEOS;MANTEQUILLA PURISIMA CON SAL 200G PURISIMA;6.08
3503974;2026-09-04;VLC02;KROMI MANONGO;ProdDERIV_LACTEOS;MANTEQUILLA PURISIMA SIN SAL 200G PURISIMA;5.63
3752781;2026-09-25;VLC02;KROMI MANONGO;ProdDERIV_LACTEOS;CREMA DE LECHE DE 250GR PURISIMA;3.27
3752782;2026-09-25;VLC02;KROMI MANONGO;ProdDERIV_LACTEOS;CREMA DE LECHE DE 500GR PURISIMA;5.52
3710534;2026-09-23;VLC02;KROMI MANONGO;ProdEMBUTIDOS;SALCHICHA TIPO VIENA 225G (11unid) ALIMEX;3.34
3710533;2026-09-23;VLC02;KROMI MANONGO;ProdEMBUTIDOS;SALCHICHA TIPO VIENA 450GR (22unid) ALIMEX;6.08
3710532;2026-09-23;VLC02;KROMI MANONGO;ProdEMBUTIDOS;SALCHICHA TIPO VIENA 800GR (24unid) ALIMEX;10.41
3785581;2026-09-29;VLC02;KROMI MANONGO;ProdEMBUTIDOS;CHORIZO DE CERDO PICANTE PARRILLERO ALIMEX;11.8
3662306;2026-09-18;VLC02;KROMI MANONGO;ProdDERIV_LACTEOS;QUESO DE CABRA 500G PURISIMA;15.5
3785577;2026-09-29;VLC02;KROMI MANONGO;ProdDERIV_LACTEOS;Queso amarillo Purisima semimadurado disco 500gr;26.6
3662318;2026-09-18;VLC02;KROMI MANONGO;ProdBEBIDAS_LACT;LECHE EN POLVO PURISIMA 900GR;12.7
3662319;2026-09-18;VLC02;KROMI MANONGO;ProdBEBIDAS_LACT;LECHE EN POLVO PURISIMA 400GR;6.2
3614350;2026-09-15;VLC02;KROMI MANONGO;ProdEMBUTIDOS;MORTADELA CCS DE CARNES 1KG;4.12
3785580;2026-09-29;VLC02;KROMI MANONGO;ProdEMBUTIDOS;CHORIZO DE CERDO AHUMADO PARRILLERO ALIMEX;12.55
3745351;2026-09-25;MCY01;Hiper Mercado Metro;ProdEMBUTIDOS;MORTADELA CCS DE CARNES 900G;3.77
3745352;2026-09-25;MCY01;Hiper Mercado Metro;ProdEMBUTIDOS;MORTADELA CCS DE CARNES 500G;1.95
3745357;2026-09-25;MCY01;Hiper Mercado Metro;ProdDERIV_LACTEOS;CREMA DE LECHE DE 500GR PURISIMA;5.6
3745358;2026-09-25;MCY01;Hiper Mercado Metro;ProdDERIV_LACTEOS;CREMA DE LECHE DE 250GR PURISIMA;3.31
3745332;2026-09-25;MCY01;Hiper Mercado Metro;ProdBEBIDAS_LACT;LECHE COMPLETA LIQUIDA PURISIMA;2.49
3745333;2026-09-25;MCY01;Hiper Mercado Metro;ProdBEBIDAS_LACT;LECHE DESCREMADA LIQUIDA PURISIMA;2.94
3745334;2026-09-25;MCY01;Hiper Mercado Metro;ProdBEBIDAS_LACT;LECHE  DESLACTOSADA LIQUIDA PURISIMA;2.69
3745347;2026-09-25;MCY01;Hiper Mercado Metro;ProdBEBIDAS_LACT;LECHE EN POLVO PURISIMA 900GR;13.14
3745348;2026-09-25;MCY01;Hiper Mercado Metro;ProdBEBIDAS_LACT;LECHE EN POLVO PURISIMA 400GR;6.53
3745338;2026-09-25;MCY01;Hiper Mercado Metro;ProdBEBIDAS;NECTAR MANZANA 1L TUNAL;2.16
3745339;2026-09-25;MCY01;Hiper Mercado Metro;ProdBEBIDAS;NECTAR PERA 1L TUNAL;2.16
3745340;2026-09-25;MCY01;Hiper Mercado Metro;ProdBEBIDAS;NECTAR DURAZNO 1L TUNAL;2.16
3520025;2026-09-04;MCY01;Hiper Mercado Metro;ProdBEBIDAS;NECTAR DURAZNO 200 ML TUNAL;0.93
3520026;2026-09-04;MCY01;Hiper Mercado Metro;ProdBEBIDAS;NECTAR MANZANA 200 ML TUNAL;0.96
3745361;2026-09-25;MCY01;Hiper Mercado Metro;ProdDERIV_LACTEOS;MANTEQUILLA PURISIMA SIN SAL 200G PURISIMA;5
3745362;2026-09-25;MCY01;Hiper Mercado Metro;ProdDERIV_LACTEOS;MANTEQUILLA PURISIMA CON SAL 200G PURISIMA;5.39
3520028;2026-09-04;MCY01;Hiper Mercado Metro;ProdBEBIDAS;NECTAR PERA 200 ML TUNAL;0.96
3745368;2026-09-25;MCY01;Hiper Mercado Metro;ProdEMBUTIDOS;SALCHICHA TIPO VIENA 800GR (24unid) ALIMEX;9.91
3745369;2026-09-25;MCY01;Hiper Mercado Metro;ProdEMBUTIDOS;SALCHICHA TIPO VIENA 450GR (22unid) ALIMEX;5.78
3745370;2026-09-25;MCY01;Hiper Mercado Metro;ProdEMBUTIDOS;SALCHICHA TIPO VIENA 225G (11unid) ALIMEX;3.14
3479387;2026-09-02;MCY05;Hiper Mercado Metro;ProdEMBUTIDOS;MORTADELA CCS DE CARNES 1KG;3.77
3680202;2026-09-21;MCY01;Hiper Mercado Metro;ProdBEBIDAS_LACT;LECHE BARISTA PURISIMA;2.94
3717487;2026-09-23;MCY05;Hiper Mercado Metro;ProdBEBIDAS;NARANJADA 1L TUNAL;2.16
3745371;2026-09-25;MCY01;Hiper Mercado Metro;ProdEMBUTIDOS;Salchicha el tunal de pollo 450gr;4.91
3745372;2026-09-25;MCY01;Hiper Mercado Metro;ProdEMBUTIDOS;Salchicha el tunal de pollo 250gr;2.42
3796233;2026-09-29;MCY04;CAMPOLLANO 3;ProdBEBIDAS_LACT;LECHE COMPLETA LIQUIDA PURISIMA;2.84
3796239;2026-09-29;MCY04;CAMPOLLANO 3;ProdBEBIDAS_LACT;LECHE DESCREMADA LIQUIDA PURISIMA;2.93
3689904;2026-09-22;MCY04;CAMPOLLANO 3;ProdBEBIDAS_LACT;LECHE  DESLACTOSADA LIQUIDA PURISIMA;2.93
3486002;2026-09-01;MCY04;CAMPOLLANO 3;ProdBEBIDAS;NARANJADA 1L TUNAL;3.12
3486003;2026-09-01;MCY04;CAMPOLLANO 3;ProdBEBIDAS;NECTAR MANZANA 1L TUNAL;2.42
3486004;2026-09-01;MCY04;CAMPOLLANO 3;ProdBEBIDAS;NECTAR PERA 1L TUNAL;2.42
3486005;2026-09-01;MCY04;CAMPOLLANO 3;ProdBEBIDAS;NECTAR DURAZNO 1L TUNAL;2.62
3796248;2026-09-29;MCY04;CAMPOLLANO 3;ProdEMBUTIDOS;SALCHICHA TIPO VIENA 800GR (24unid) ALIMEX;11.5
3486010;2026-09-01;MCY04;CAMPOLLANO 3;ProdEMBUTIDOS;TOCINETA AHUMADA SIN CUERO 3.5KG ALIMEX;6.72
3486011;2026-09-01;MCY04;CAMPOLLANO 3;ProdEMBUTIDOS;SALCHICHA TIPO VIENA 225G (11unid) ALIMEX;3.65
3689887;2026-09-22;MCY04;CAMPOLLANO 3;ProdDERIV_LACTEOS;MANTEQUILLA PURISIMA CON SAL 200G PURISIMA;6.28
3689888;2026-09-22;MCY04;CAMPOLLANO 3;ProdDERIV_LACTEOS;MANTEQUILLA PURISIMA SIN SAL 200G PURISIMA;5.81
3796251;2026-09-29;MCY04;CAMPOLLANO 3;ProdEMBUTIDOS;SALCHICHA TIPO VIENA 450GR (22unid) ALIMEX;6.72
3796262;2026-09-29;MCY04;CAMPOLLANO 3;ProdDERIV_LACTEOS;CREMA DE LECHE DE 500GR PURISIMA;6.5
3796265;2026-09-29;MCY04;CAMPOLLANO 3;ProdDERIV_LACTEOS;CREMA DE LECHE DE 250GR PURISIMA;3.84
3689909;2026-09-22;MCY04;CAMPOLLANO 3;ProdBEBIDAS;NARANJADA  200 ML TUNAL;0.94
3689910;2026-09-22;MCY04;CAMPOLLANO 3;ProdBEBIDAS;NECTAR MANZANA 200 ML TUNAL;0.92
3689911;2026-09-22;MCY04;CAMPOLLANO 3;ProdBEBIDAS;NECTAR PERA 200 ML TUNAL;0.92
3689912;2026-09-22;MCY04;CAMPOLLANO 3;ProdBEBIDAS;NECTAR DURAZNO 200 ML TUNAL;0.92
3766860;2026-09-28;BQTO06;MAYOR DE VIVERES CANAIMA;ProdBEBIDAS_LACT;LECHE BARISTA PURISIMA;2.65
3766861;2026-09-28;BQTO06;MAYOR DE VIVERES CANAIMA;ProdBEBIDAS_LACT;LECHE COMPLETA LIQUIDA PURISIMA;2.44
3766862;2026-09-28;BQTO06;MAYOR DE VIVERES CANAIMA;ProdBEBIDAS_LACT;LECHE DESCREMADA LIQUIDA PURISIMA;2.39
3766863;2026-09-28;BQTO06;MAYOR DE VIVERES CANAIMA;ProdBEBIDAS_LACT;LECHE  DESLACTOSADA LIQUIDA PURISIMA;2.52
3766864;2026-09-28;BQTO06;MAYOR DE VIVERES CANAIMA;ProdBEBIDAS;NARANJADA 1L TUNAL;2.62
3766867;2026-09-28;BQTO06;MAYOR DE VIVERES CANAIMA;ProdBEBIDAS;NECTAR DURAZNO 1L TUNAL;2.05
3766865;2026-09-28;BQTO06;MAYOR DE VIVERES CANAIMA;ProdBEBIDAS;NECTAR MANZANA 1L TUNAL;2.05
3766866;2026-09-28;BQTO06;MAYOR DE VIVERES CANAIMA;ProdBEBIDAS;NECTAR PERA 1L TUNAL;2.05
3668183;2026-09-18;BQTO06;MAYOR DE VIVERES CANAIMA;ProdBEBIDAS;NECTAR DURAZNO 200 ML TUNAL;2.1
3766868;2026-09-28;BQTO06;MAYOR DE VIVERES CANAIMA;ProdBEBIDAS;NECTAR MANZANA 200 ML TUNAL;2.34
3766869;2026-09-28;BQTO06;MAYOR DE VIVERES CANAIMA;ProdBEBIDAS;NECTAR PERA 200 ML TUNAL;2.34
3668188;2026-09-18;BQTO06;MAYOR DE VIVERES CANAIMA;ProdBEBIDAS;TE DURAZNO 1L TUNAL;2.1
3766872;2026-09-28;BQTO06;MAYOR DE VIVERES CANAIMA;ProdBEBIDAS;TE LIMON 1L TUNAL;2.1
3766871;2026-09-28;BQTO06;MAYOR DE VIVERES CANAIMA;ProdBEBIDAS;TE FRUTOS ROJOS 1L TUNAL;2.1
3668193;2026-09-18;BQTO06;MAYOR DE VIVERES CANAIMA;ProdDERIV_LACTEOS;CREMA DE LECHE DE 500GR PURISIMA;5.36
3668194;2026-09-18;BQTO06;MAYOR DE VIVERES CANAIMA;ProdDERIV_LACTEOS;CREMA DE LECHE DE 250GR PURISIMA;3.12
3668195;2026-09-18;BQTO06;MAYOR DE VIVERES CANAIMA;ProdDERIV_LACTEOS;MANTEQUILLA PURISIMA CON SAL 200G PURISIMA;5.5
3668196;2026-09-18;BQTO06;MAYOR DE VIVERES CANAIMA;ProdDERIV_LACTEOS;MANTEQUILLA PURISIMA SIN SAL 200G PURISIMA;5.15
3505265;2026-09-04;BQTO06;MAYOR DE VIVERES CANAIMA;ProdEMBUTIDOS;TOCINETA AHUMADA SIN CUERO 3.5KG ALIMEX;1.83
3668199;2026-09-18;BQTO06;MAYOR DE VIVERES CANAIMA;ProdEMBUTIDOS;MORTADELA CCS DE CARNES 500G;1.83
3668200;2026-09-18;BQTO06;MAYOR DE VIVERES CANAIMA;ProdEMBUTIDOS;MORTADELA CCS DE CARNES 900G;3.06
3578210;2026-09-11;PLC06;AIKOZ  ANACO CENTER;ProdBEBIDAS_LACT;LECHE COMPLETA LIQUIDA PURISIMA;2.59
3578215;2026-09-11;PLC06;AIKOZ  ANACO CENTER;ProdBEBIDAS_LACT;LECHE DESCREMADA LIQUIDA PURISIMA;2.55
3578216;2026-09-11;PLC06;AIKOZ  ANACO CENTER;ProdBEBIDAS_LACT;LECHE  DESLACTOSADA LIQUIDA PURISIMA;2.69
3739096;2026-09-25;PLC06;AIKOZ  ANACO CENTER;ProdEMBUTIDOS;SALCHICHA TIPO VIENA 225G (11unid) ALIMEX;3.51
3739097;2026-09-25;PLC06;AIKOZ  ANACO CENTER;ProdEMBUTIDOS;SALCHICHA TIPO VIENA 450GR (22unid) ALIMEX;6.45
3578199;2026-09-11;PLC06;AIKOZ  ANACO CENTER;ProdDERIV_LACTEOS;CREMA DE LECHE DE 500GR PURISIMA;5.47
3792438;2026-09-30;PLC06;AIKOZ  ANACO CENTER;ProdDERIV_LACTEOS;MANTEQUILLA PURISIMA SIN SAL 200G PURISIMA;5.47
3578214;2026-09-11;PLC06;AIKOZ  ANACO CENTER;ProdBEBIDAS_LACT;LECHE BARISTA PURISIMA;2.59
3792439;2026-09-30;PLC06;AIKOZ  ANACO CENTER;ProdDERIV_LACTEOS;MANTEQUILLA PURISIMA CON SAL 200G PURISIMA;5.9
3622161;2026-09-16;PLC06;AIKOZ  ANACO CENTER;ProdBEBIDAS;NARANJADA 1L TUNAL;3
3622162;2026-09-16;PLC06;AIKOZ  ANACO CENTER;ProdBEBIDAS;NECTAR MANZANA 1L TUNAL;2.45
3622163;2026-09-16;PLC06;AIKOZ  ANACO CENTER;ProdBEBIDAS;NECTAR PERA 1L TUNAL;2.45
3653583;2026-09-18;PLC06;AIKOZ  ANACO CENTER;ProdBEBIDAS;NECTAR MANZANA 200 ML TUNAL;3.12
3653585;2026-09-18;PLC06;AIKOZ  ANACO CENTER;ProdBEBIDAS;NECTAR DURAZNO 200 ML TUNAL;3.12
3653584;2026-09-18;PLC06;AIKOZ  ANACO CENTER;ProdBEBIDAS;NECTAR PERA 200 ML TUNAL;3.12
3653586;2026-09-18;PLC06;AIKOZ  ANACO CENTER;ProdBEBIDAS;NARANJADA  500 ML TUNAL;2.42
3653590;2026-09-18;PLC06;AIKOZ  ANACO CENTER;ProdBEBIDAS;TE DURAZNO 1L TUNAL;2.71
3653591;2026-09-18;PLC06;AIKOZ  ANACO CENTER;ProdBEBIDAS;TE LIMON 1L TUNAL;2.71
3739098;2026-09-25;PLC06;AIKOZ  ANACO CENTER;ProdEMBUTIDOS;Salchicha el tunal de pollo 450gr;5.43
3792444;2026-09-30;PLC06;AIKOZ  ANACO CENTER;ProdEMBUTIDOS;MORTADELA DE POLLO DE 1 KG;3.41
3725102;2026-09-24;PLC06;AIKOZ  ANACO CENTER;ProdJAMONERIA;JAMON PIERNA ALIMEX 98% 5.9kg;12.37
3725103;2026-09-24;PLC06;AIKOZ  ANACO CENTER;ProdJAMONERIA;JAMON COCIDO ESTANDAR ITALICO 5.9kg;9.14
3739100;2026-09-25;PLC06;AIKOZ  ANACO CENTER;ProdEMBUTIDOS;MORTADELA de Pollo Caracas 900gr;3.41
3787994;2026-09-30;PLC07;MAS POR MENOS EL ROBLE;ProdEMBUTIDOS;SALCHICHA TIPO VIENA 450GR (22unid) ALIMEX;6.45
3787993;2026-09-30;PLC07;MAS POR MENOS EL ROBLE;ProdEMBUTIDOS;SALCHICHA TIPO VIENA 225G (11unid) ALIMEX;3.51
3787882;2026-09-30;PLC07;MAS POR MENOS EL ROBLE;ProdDERIV_LACTEOS;MANTEQUILLA PURISIMA SIN SAL 200G PURISIMA;5.47
3787883;2026-09-30;PLC07;MAS POR MENOS EL ROBLE;ProdDERIV_LACTEOS;MANTEQUILLA PURISIMA CON SAL 200G PURISIMA;5.9
3788367;2026-09-30;PLC07;MAS POR MENOS EL ROBLE;ProdBEBIDAS;NECTAR DURAZNO 1L TUNAL;2.45
3755045;2026-09-28;PLC07;MAS POR MENOS EL ROBLE;ProdBEBIDAS;NECTAR PERA 1L TUNAL;2.45
3788369;2026-09-30;PLC07;MAS POR MENOS EL ROBLE;ProdBEBIDAS;NECTAR MANZANA 1L TUNAL;2.45
3789212;2026-09-30;PLC07;MAS POR MENOS EL ROBLE;ProdBEBIDAS_LACT;LECHE COMPLETA LIQUIDA PURISIMA;2.59
3572783;2026-09-11;PLC07;MAS POR MENOS EL ROBLE;ProdBEBIDAS_LACT;LECHE DESCREMADA LIQUIDA PURISIMA;2.55
3789229;2026-09-30;PLC07;MAS POR MENOS EL ROBLE;ProdBEBIDAS_LACT;LECHE  DESLACTOSADA LIQUIDA PURISIMA;2.69
3468661;2026-09-02;PLC07;MAS POR MENOS EL ROBLE;ProdBEBIDAS_LACT;LECHE BARISTA PURISIMA;2.59
3788433;2026-09-30;PLC07;MAS POR MENOS EL ROBLE;ProdBEBIDAS;TE LIMON 1L TUNAL;2.71
3788468;2026-09-30;PLC07;MAS POR MENOS EL ROBLE;ProdBEBIDAS;TE DURAZNO 1L TUNAL;2.71
3788437;2026-09-30;PLC07;MAS POR MENOS EL ROBLE;ProdBEBIDAS;TE FRUTOS ROJOS 1L TUNAL;2.71
3755034;2026-09-28;PLC07;MAS POR MENOS EL ROBLE;ProdBEBIDAS;NARANJADA 1L TUNAL;3
3788363;2026-09-30;PLC07;MAS POR MENOS EL ROBLE;ProdBEBIDAS;NARANJADA  500 ML TUNAL;2.42
3671075;2026-09-21;PLC07;MAS POR MENOS EL ROBLE;ProdBEBIDAS;NECTAR DURAZNO 200 ML TUNAL;3.12
3671090;2026-09-21;PLC07;MAS POR MENOS EL ROBLE;ProdBEBIDAS;NECTAR MANZANA 200 ML TUNAL;3.12
3671095;2026-09-21;PLC07;MAS POR MENOS EL ROBLE;ProdBEBIDAS;NECTAR PERA 200 ML TUNAL;3.12
3787927;2026-09-30;PLC07;MAS POR MENOS EL ROBLE;ProdDERIV_LACTEOS;CREMA DE LECHE DE 250GR PURISIMA;3.43
3736095;2026-09-25;PLC07;MAS POR MENOS EL ROBLE;ProdBEBIDAS;TE LIMON 500ML TUNAL;2.71
3793313;2026-09-29;BQTO03;SUPERMERCADO KARI CABUDARE;ProdBEBIDAS_LACT;LECHE COMPLETA LIQUIDA PURISIMA;2.69
3793314;2026-09-29;BQTO03;SUPERMERCADO KARI CABUDARE;ProdBEBIDAS_LACT;LECHE DESCREMADA LIQUIDA PURISIMA;2.63
3793353;2026-09-30;BQTO03;SUPERMERCADO KARI CABUDARE;ProdBEBIDAS_LACT;LECHE  DESLACTOSADA LIQUIDA PURISIMA;2.77
3793316;2026-09-29;BQTO03;SUPERMERCADO KARI CABUDARE;ProdBEBIDAS_LACT;LECHE COMPLETA BARISTA LIQUIDA PURISIMA;2.66
3628261;2026-09-16;BQTO03;SUPERMERCADO KARI CABUDARE;ProdBEBIDAS;NARANJADA 1L TUNAL;2.34
3793319;2026-09-29;BQTO03;SUPERMERCADO KARI CABUDARE;ProdBEBIDAS;NECTAR DURAZNO 1L TUNAL;2.34
3793317;2026-09-29;BQTO03;SUPERMERCADO KARI CABUDARE;ProdBEBIDAS;NECTAR MANZANA 1L TUNAL;2.34
3793318;2026-09-29;BQTO03;SUPERMERCADO KARI CABUDARE;ProdBEBIDAS;NECTAR PERA 1L TUNAL;2.34
3793322;2026-09-29;BQTO03;SUPERMERCADO KARI CABUDARE;ProdBEBIDAS;NARANJADA  200 ML TUNAL;0.89
3492547;2026-09-03;BQTO03;SUPERMERCADO KARI CABUDARE;ProdDERIV_LACTEOS;CREMA DE LECHE DE 500GR PURISIMA;5.87
3492548;2026-09-03;BQTO03;SUPERMERCADO KARI CABUDARE;ProdDERIV_LACTEOS;CREMA DE LECHE DE 250GR PURISIMA;3.47
3477483;2026-09-02;BQTO03;SUPERMERCADO KARI CABUDARE;ProdDERIV_LACTEOS;MANTEQUILLA PURISIMA SIN SAL 200G PURISIMA;5.31
3477484;2026-09-02;BQTO03;SUPERMERCADO KARI CABUDARE;ProdDERIV_LACTEOS;MANTEQUILLA PURISIMA CON SAL 200G PURISIMA;5.73
3793325;2026-09-29;BQTO03;SUPERMERCADO KARI CABUDARE;ProdBEBIDAS;NECTAR DURAZNO 200 ML TUNAL;0.89
3793324;2026-09-29;BQTO03;SUPERMERCADO KARI CABUDARE;ProdBEBIDAS;NECTAR PERA 200 ML TUNAL;0.89
3793320;2026-09-29;BQTO03;SUPERMERCADO KARI CABUDARE;ProdBEBIDAS;JUGO NARANJA LIGTH 1 LITRO TUNAL;3.03
3793323;2026-09-29;BQTO03;SUPERMERCADO KARI CABUDARE;ProdBEBIDAS;NECTAR MANZANA 200 ML TUNAL;0.89
3793315;2026-09-29;BQTO03;SUPERMERCADO KARI CABUDARE;ProdBEBIDAS_LACT;LECHE BARISTA PURISIMA;2.77
3793321;2026-09-29;BQTO03;SUPERMERCADO KARI CABUDARE;ProdBEBIDAS;NECTAR PERA LIGHT 1 LITRO TUNAL;3.03
3664358;2026-09-18;BQTO01;FRIGORIFICO LA POLLERA PASEO;ProdDERIV_LACTEOS;CREMA DE LECHE DE 500GR PURISIMA;5.3
3664359;2026-09-18;BQTO01;FRIGORIFICO LA POLLERA PASEO;ProdDERIV_LACTEOS;CREMA DE LECHE DE 250GR PURISIMA;3.19
3664361;2026-09-18;BQTO01;FRIGORIFICO LA POLLERA PASEO;ProdDERIV_LACTEOS;MANTEQUILLA PURISIMA SIN SAL 200G PURISIMA;5.1
3664360;2026-09-18;BQTO01;FRIGORIFICO LA POLLERA PASEO;ProdDERIV_LACTEOS;MANTEQUILLA PURISIMA CON SAL 200G PURISIMA;5.5
3769877;2026-09-28;BQTO01;FRIGORIFICO LA POLLERA PASEO;ProdBEBIDAS;NARANJADA 1L TUNAL;2.95
3769880;2026-09-28;BQTO01;FRIGORIFICO LA POLLERA PASEO;ProdBEBIDAS;NECTAR DURAZNO 1L TUNAL;2.3
3769878;2026-09-28;BQTO01;FRIGORIFICO LA POLLERA PASEO;ProdBEBIDAS;NECTAR MANZANA 1L TUNAL;2.3
3769881;2026-09-28;BQTO01;FRIGORIFICO LA POLLERA PASEO;ProdBEBIDAS;JUGO NARANJA LIGTH 1 LITRO TUNAL;2.27
3769882;2026-09-28;BQTO01;FRIGORIFICO LA POLLERA PASEO;ProdBEBIDAS;NECTAR PERA LIGHT 1 LITRO TUNAL;2.27
3769884;2026-09-28;BQTO01;FRIGORIFICO LA POLLERA PASEO;ProdBEBIDAS;TE LIMON 1L TUNAL;2.27
3769885;2026-09-28;BQTO01;FRIGORIFICO LA POLLERA PASEO;ProdBEBIDAS;TE FRUTOS ROJOS 1L TUNAL;2.27
3600593;2026-09-14;BQTO01;FRIGORIFICO LA POLLERA PASEO;ProdBEBIDAS;NARANJADA  200 ML TUNAL;0.89
3600596;2026-09-14;BQTO01;FRIGORIFICO LA POLLERA PASEO;ProdBEBIDAS;NECTAR MANZANA 200 ML TUNAL;0.87
3600598;2026-09-14;BQTO01;FRIGORIFICO LA POLLERA PASEO;ProdBEBIDAS;NECTAR PERA 200 ML TUNAL;0.87
3600600;2026-09-14;BQTO01;FRIGORIFICO LA POLLERA PASEO;ProdBEBIDAS;NECTAR DURAZNO 200 ML TUNAL;0.87
3769879;2026-09-28;BQTO01;FRIGORIFICO LA POLLERA PASEO;ProdBEBIDAS;NECTAR PERA 1L TUNAL;2.3
3769883;2026-09-28;BQTO01;FRIGORIFICO LA POLLERA PASEO;ProdBEBIDAS;TE DURAZNO 1L TUNAL;2.27
3769888;2026-09-28;BQTO01;FRIGORIFICO LA POLLERA PASEO;ProdBEBIDAS_LACT;LECHE COMPLETA LIQUIDA PURISIMA;2.65
3769889;2026-09-28;BQTO01;FRIGORIFICO LA POLLERA PASEO;ProdBEBIDAS_LACT;LECHE DESCREMADA LIQUIDA PURISIMA;2.6
3769890;2026-09-28;BQTO01;FRIGORIFICO LA POLLERA PASEO;ProdBEBIDAS_LACT;LECHE  DESLACTOSADA LIQUIDA PURISIMA;2.78
3769887;2026-09-28;BQTO01;FRIGORIFICO LA POLLERA PASEO;ProdBEBIDAS_LACT;LECHE BARISTA PURISIMA;2.92
3582530;2026-09-11;PLC08;AIKOZ BARCELONA;ProdBEBIDAS_LACT;LECHE COMPLETA LIQUIDA PURISIMA;2.59
3582531;2026-09-11;PLC08;AIKOZ BARCELONA;ProdBEBIDAS_LACT;LECHE DESCREMADA LIQUIDA PURISIMA;2.55
3582532;2026-09-11;PLC08;AIKOZ BARCELONA;ProdBEBIDAS_LACT;LECHE  DESLACTOSADA LIQUIDA PURISIMA;2.69
3582537;2026-09-11;PLC08;AIKOZ BARCELONA;ProdEMBUTIDOS;SALCHICHA TIPO VIENA 225G (11unid) ALIMEX;3.51
3582534;2026-09-11;PLC08;AIKOZ BARCELONA;ProdDERIV_LACTEOS;CREMA DE LECHE DE 250GR PURISIMA;3.43
3741470;2026-09-25;PLC08;AIKOZ BARCELONA;ProdDERIV_LACTEOS;CREMA DE LECHE DE 500GR PURISIMA;5.82
3794475;2026-09-30;PLC08;AIKOZ BARCELONA;ProdDERIV_LACTEOS;MANTEQUILLA PURISIMA CON SAL 200G PURISIMA;5.9
3794476;2026-09-30;PLC08;AIKOZ BARCELONA;ProdDERIV_LACTEOS;MANTEQUILLA PURISIMA SIN SAL 200G PURISIMA;5.47
3781379;2026-09-29;PLC08;AIKOZ BARCELONA;ProdEMBUTIDOS;MORTADELA CCS DE CARNES 900G;3.51
3794460;2026-09-30;PLC08;AIKOZ BARCELONA;ProdEMBUTIDOS;MORTADELA de Pollo Caracas 900gr;3.51
3794468;2026-09-30;PLC08;AIKOZ BARCELONA;ProdEMBUTIDOS;SALCHICHA TIPO VIENA 800GR (24unid) ALIMEX;11.07
3582538;2026-09-11;PLC08;AIKOZ BARCELONA;ProdEMBUTIDOS;SALCHICHA TIPO VIENA 450GR (22unid) ALIMEX;6.47
3741472;2026-09-25;PLC08;AIKOZ BARCELONA;ProdBEBIDAS;NARANJADA 1L TUNAL;3
3741473;2026-09-25;PLC08;AIKOZ BARCELONA;ProdBEBIDAS;NECTAR DURAZNO 1L TUNAL;2.45
3582528;2026-09-11;PLC08;AIKOZ BARCELONA;ProdBEBIDAS;NECTAR PERA 1L TUNAL;2.45
3582527;2026-09-11;PLC08;AIKOZ BARCELONA;ProdBEBIDAS;NECTAR MANZANA 1L TUNAL;2.45
3741477;2026-09-25;PLC08;AIKOZ BARCELONA;ProdBEBIDAS;NECTAR DURAZNO 200 ML TUNAL;3.12
3704418;2026-09-23;PLC08;AIKOZ BARCELONA;ProdBEBIDAS;NECTAR MANZANA 200 ML TUNAL;3.12
3741476;2026-09-25;PLC08;AIKOZ BARCELONA;ProdBEBIDAS;NECTAR PERA 200 ML TUNAL;3.12
3704420;2026-09-23;PLC08;AIKOZ BARCELONA;ProdBEBIDAS;TE LIMON 1L TUNAL;2.71
3704421;2026-09-23;PLC08;AIKOZ BARCELONA;ProdBEBIDAS;TE FRUTOS ROJOS 1L TUNAL;2.71
3704422;2026-09-23;PLC08;AIKOZ BARCELONA;ProdBEBIDAS;TE DURAZNO 1L TUNAL;2.71
3533690;2026-09-08;PLC08;AIKOZ BARCELONA;ProdEMBUTIDOS;TOCINETA AHUMADA SIN CUERO 3.5KG ALIMEX;6.45
3794461;2026-09-30;PLC08;AIKOZ BARCELONA;ProdEMBUTIDOS;MORTADELA DE POLLO DE 1 KG;3.41
3618533;2026-09-15;BQTO06;AUTOMERCADO SUPER OFERTA;ProdBEBIDAS;NARANJADA 1L TUNAL;2.18
3618532;2026-09-15;BQTO06;AUTOMERCADO SUPER OFERTA;ProdBEBIDAS;NECTAR MANZANA 1L TUNAL;2.78
3464139;2026-09-01;BQTO06;AUTOMERCADO SUPER OFERTA;ProdBEBIDAS;NECTAR PERA 1L TUNAL;2.18
3464142;2026-09-01;BQTO06;AUTOMERCADO SUPER OFERTA;ProdBEBIDAS;TE DURAZNO 1L TUNAL;2.3
3618536;2026-09-15;BQTO06;AUTOMERCADO SUPER OFERTA;ProdBEBIDAS;TE LIMON 1L TUNAL;2.3
3618517;2026-09-15;BQTO06;AUTOMERCADO SUPER OFERTA;ProdBEBIDAS_LACT;LECHE BARISTA PURISIMA;2.79
3618519;2026-09-15;BQTO06;AUTOMERCADO SUPER OFERTA;ProdBEBIDAS_LACT;LECHE COMPLETA LIQUIDA PURISIMA;2.83
3618521;2026-09-15;BQTO06;AUTOMERCADO SUPER OFERTA;ProdBEBIDAS_LACT;LECHE DESCREMADA LIQUIDA PURISIMA;2.79
3618523;2026-09-15;BQTO06;AUTOMERCADO SUPER OFERTA;ProdBEBIDAS_LACT;LECHE  DESLACTOSADA LIQUIDA PURISIMA;3.24
3618490;2026-09-15;BQTO06;AUTOMERCADO SUPER OFERTA;ProdEMBUTIDOS;SALCHICHA TIPO VIENA 800GR (24unid) ALIMEX;11.5
3618493;2026-09-15;BQTO06;AUTOMERCADO SUPER OFERTA;ProdEMBUTIDOS;SALCHICHA TIPO VIENA 450GR (22unid) ALIMEX;6.5
3464202;2026-09-01;BQTO06;AUTOMERCADO SUPER OFERTA;ProdEMBUTIDOS;TOCINETA AHUMADA SIN CUERO 3.5KG ALIMEX;3.8
3618499;2026-09-15;BQTO06;AUTOMERCADO SUPER OFERTA;ProdEMBUTIDOS;MORTADELA CCS DE CARNES 500G;2.3
3618502;2026-09-15;BQTO06;AUTOMERCADO SUPER OFERTA;ProdEMBUTIDOS;MORTADELA CCS DE CARNES 900G;3.8
3464216;2026-09-01;BQTO06;AUTOMERCADO SUPER OFERTA;ProdDERIV_LACTEOS;MANTEQUILLA PURISIMA CON SAL 200G PURISIMA;6.01
3464219;2026-09-01;BQTO06;AUTOMERCADO SUPER OFERTA;ProdDERIV_LACTEOS;MANTEQUILLA PURISIMA SIN SAL 200G PURISIMA;6.01
3618496;2026-09-15;BQTO06;AUTOMERCADO SUPER OFERTA;ProdEMBUTIDOS;SALCHICHA TIPO VIENA 225G (11unid) ALIMEX;3.5
3618534;2026-09-15;BQTO06;AUTOMERCADO SUPER OFERTA;ProdBEBIDAS;NECTAR DURAZNO 1L TUNAL;2.18
3788687;2026-09-30;PLC02;MAS X MENOS AV.LECHERIA;ProdBEBIDAS_LACT;LECHE COMPLETA LIQUIDA PURISIMA;2.59
3788688;2026-09-30;PLC02;MAS X MENOS AV.LECHERIA;ProdBEBIDAS_LACT;LECHE DESCREMADA LIQUIDA PURISIMA;2.55
3788689;2026-09-30;PLC02;MAS X MENOS AV.LECHERIA;ProdBEBIDAS_LACT;LECHE  DESLACTOSADA LIQUIDA PURISIMA;2.69
3788710;2026-09-30;PLC02;MAS X MENOS AV.LECHERIA;ProdEMBUTIDOS;SALCHICHA TIPO VIENA 800GR (24unid) ALIMEX;11.07
3788712;2026-09-30;PLC02;MAS X MENOS AV.LECHERIA;ProdEMBUTIDOS;SALCHICHA TIPO VIENA 450GR (22unid) ALIMEX;3.51
3788705;2026-09-30;PLC02;MAS X MENOS AV.LECHERIA;ProdDERIV_LACTEOS;MANTEQUILLA PURISIMA SIN SAL 200G PURISIMA;5.47
3788706;2026-09-30;PLC02;MAS X MENOS AV.LECHERIA;ProdDERIV_LACTEOS;MANTEQUILLA PURISIMA CON SAL 200G PURISIMA;5.9
3721198;2026-09-24;PLC02;MAS X MENOS AV.LECHERIA;ProdBEBIDAS;NECTAR DURAZNO 1L TUNAL;2.45
3788702;2026-09-30;PLC02;MAS X MENOS AV.LECHERIA;ProdBEBIDAS;NECTAR PERA 1L TUNAL;2.45
3721200;2026-09-24;PLC02;MAS X MENOS AV.LECHERIA;ProdBEBIDAS;NARANJADA 1L TUNAL;3.12
3688625;2026-09-22;PLC02;MAS X MENOS AV.LECHERIA;ProdBEBIDAS_LACT;LECHE BARISTA PURISIMA;2.69
3650182;2026-09-17;PLC02;MAS X MENOS AV.LECHERIA;ProdBEBIDAS;TE LIMON 1L TUNAL;2.71
3721195;2026-09-24;PLC02;MAS X MENOS AV.LECHERIA;ProdBEBIDAS;TE FRUTOS ROJOS 1L TUNAL;2.71
3650183;2026-09-17;PLC02;MAS X MENOS AV.LECHERIA;ProdBEBIDAS;TE DURAZNO 1L TUNAL;2.71
3788697;2026-09-30;PLC02;MAS X MENOS AV.LECHERIA;ProdBEBIDAS;NECTAR PERA 200 ML TUNAL;3.12
3788698;2026-09-30;PLC02;MAS X MENOS AV.LECHERIA;ProdBEBIDAS;NECTAR DURAZNO 200 ML TUNAL;3.12
3788696;2026-09-30;PLC02;MAS X MENOS AV.LECHERIA;ProdBEBIDAS;NECTAR MANZANA 200 ML TUNAL;3.12
3721196;2026-09-24;PLC02;MAS X MENOS AV.LECHERIA;ProdBEBIDAS;NECTAR MANZANA 1L TUNAL;2.45
3788700;2026-09-30;PLC02;MAS X MENOS AV.LECHERIA;ProdBEBIDAS;NARANJADA  500 ML TUNAL;2.42
3567331;2026-09-10;PLC02;MAS X MENOS AV.LECHERIA;ProdDERIV_LACTEOS;CREMA DE LECHE DE 500GR PURISIMA;5.82
3688647;2026-09-22;PLC02;MAS X MENOS AV.LECHERIA;ProdEMBUTIDOS;TOCINETA AHUMADA SIN CUERO 3.5KG ALIMEX;11
3771354;2026-09-29;PLC02;MAS X MENOS AV.LECHERIA;ProdEMBUTIDOS;SALCHICHA TIPO VIENA 225G (11unid) ALIMEX;3.51
3567332;2026-09-10;PLC02;MAS X MENOS AV.LECHERIA;ProdDERIV_LACTEOS;CREMA DE LECHE DE 250GR PURISIMA;3.43
3708355;2026-09-23;PLC02;MAS X MENOS AV.LECHERIA;ProdJAMONERIA;JAMON AHUMADO VISKING ALIMEX 3.3 KG;15.17
3771342;2026-09-29;PLC02;MAS X MENOS AV.LECHERIA;ProdBEBIDAS;NECTAR DURAZNO 500 ML TUNAL;2.42
3572334;2026-09-11;CCS08;PARAMO AV. LIBERTADOR;ProdBEBIDAS_LACT;LECHE COMPLETA LIQUIDA PURISIMA;2.53
3572335;2026-09-11;CCS08;PARAMO AV. LIBERTADOR;ProdBEBIDAS_LACT;LECHE DESCREMADA LIQUIDA PURISIMA;2.48
3572336;2026-09-11;CCS08;PARAMO AV. LIBERTADOR;ProdBEBIDAS_LACT;LECHE  DESLACTOSADA LIQUIDA PURISIMA;2.62
3572352;2026-09-11;CCS08;PARAMO AV. LIBERTADOR;ProdBEBIDAS;NARANJADA  200 ML TUNAL;2.76
3572353;2026-09-11;CCS08;PARAMO AV. LIBERTADOR;ProdBEBIDAS;NECTAR MANZANA 200 ML TUNAL;2.69
3572354;2026-09-11;CCS08;PARAMO AV. LIBERTADOR;ProdBEBIDAS;NECTAR PERA 200 ML TUNAL;2.69
3572355;2026-09-11;CCS08;PARAMO AV. LIBERTADOR;ProdBEBIDAS;NECTAR DURAZNO 200 ML TUNAL;2.69
3572356;2026-09-11;CCS08;PARAMO AV. LIBERTADOR;ProdBEBIDAS;NECTAR PERA 500 ML TUNAL;1.59
3572357;2026-09-11;CCS08;PARAMO AV. LIBERTADOR;ProdBEBIDAS;NECTAR DURAZNO 500 ML TUNAL;1.59
3572358;2026-09-11;CCS08;PARAMO AV. LIBERTADOR;ProdBEBIDAS;NECTAR PERA LIGHT 1 LITRO TUNAL;2.49
3526418;2026-09-08;CCS08;PARAMO AV. LIBERTADOR;ProdBEBIDAS;NARANJADA 1L TUNAL;2.38
3572359;2026-09-11;CCS08;PARAMO AV. LIBERTADOR;ProdBEBIDAS;NECTAR MANZANA 1L TUNAL;2.38
3572360;2026-09-11;CCS08;PARAMO AV. LIBERTADOR;ProdBEBIDAS;NECTAR PERA 1L TUNAL;2.38
3606989;2026-09-15;CCS08;PARAMO AV. LIBERTADOR;ProdBEBIDAS;NECTAR DURAZNO 1L TUNAL;2.38
3526416;2026-09-08;CCS08;PARAMO AV. LIBERTADOR;ProdBEBIDAS;TE DURAZNO 1L TUNAL;2.38
3572361;2026-09-11;CCS08;PARAMO AV. LIBERTADOR;ProdBEBIDAS;TE LIMON 1L TUNAL;2.38
3572362;2026-09-11;CCS08;PARAMO AV. LIBERTADOR;ProdBEBIDAS;TE FRUTOS ROJOS 1L TUNAL;2.38
3797262;2026-09-30;CCS08;PARAMO AV. LIBERTADOR;ProdEMBUTIDOS;SALCHICHA TIPO VIENA 225G (11unid) ALIMEX;3.69
3797263;2026-09-30;CCS08;PARAMO AV. LIBERTADOR;ProdEMBUTIDOS;SALCHICHA TIPO VIENA 450GR (22unid) ALIMEX;6.83
3686112;2026-09-22;CCS08;PARAMO AV. LIBERTADOR;ProdEMBUTIDOS;SALCHICHA TIPO VIENA 800GR (24unid) ALIMEX;11.72
3572370;2026-09-11;CCS08;PARAMO AV. LIBERTADOR;ProdDERIV_LACTEOS;CREMA DE LECHE DE 500GR PURISIMA;5.88
3572371;2026-09-11;CCS08;PARAMO AV. LIBERTADOR;ProdDERIV_LACTEOS;CREMA DE LECHE DE 250GR PURISIMA;3.47
3572373;2026-09-11;CCS08;PARAMO AV. LIBERTADOR;ProdDERIV_LACTEOS;MANTEQUILLA PURISIMA SIN SAL 200G PURISIMA;5.56
3739201;2026-09-25;CCS08;PARAMO AV. LIBERTADOR;ProdDERIV_LACTEOS;MANTEQUILLA PURISIMA CON SAL 200G PURISIMA;5.96
3606985;2026-09-15;CCS08;PARAMO AV. LIBERTADOR;ProdBEBIDAS;JUGO NARANJA LIGTH 1 LITRO TUNAL;2.49
3526422;2026-09-08;CCS08;PARAMO AV. LIBERTADOR;ProdEMBUTIDOS;TOCINETA AHUMADA SIN CUERO 3.5KG ALIMEX;6.83
3552811;2026-09-09;PTO03;MAS POR MENOS MATURIN;ProdBEBIDAS_LACT;LECHE COMPLETA LIQUIDA PURISIMA;2.59
3552812;2026-09-09;PTO03;MAS POR MENOS MATURIN;ProdBEBIDAS_LACT;LECHE DESCREMADA LIQUIDA PURISIMA;2.55
3552813;2026-09-09;PTO03;MAS POR MENOS MATURIN;ProdBEBIDAS_LACT;LECHE  DESLACTOSADA LIQUIDA PURISIMA;2.69
3552817;2026-09-09;PTO03;MAS POR MENOS MATURIN;ProdBEBIDAS;NECTAR MANZANA 1L TUNAL;2.45
3552818;2026-09-09;PTO03;MAS POR MENOS MATURIN;ProdBEBIDAS;NECTAR PERA 1L TUNAL;2.45
3552819;2026-09-09;PTO03;MAS POR MENOS MATURIN;ProdBEBIDAS;NECTAR DURAZNO 1L TUNAL;2.45
3552814;2026-09-09;PTO03;MAS POR MENOS MATURIN;ProdBEBIDAS;NECTAR MANZANA 500 ML TUNAL;1.54
3552815;2026-09-09;PTO03;MAS POR MENOS MATURIN;ProdBEBIDAS;NECTAR PERA 500 ML TUNAL;1.54
3552816;2026-09-09;PTO03;MAS POR MENOS MATURIN;ProdBEBIDAS;NECTAR DURAZNO 500 ML TUNAL;1.54
3552823;2026-09-09;PTO03;MAS POR MENOS MATURIN;ProdDERIV_LACTEOS;MANTEQUILLA PURISIMA SIN SAL 200G PURISIMA;5.18
3552824;2026-09-09;PTO03;MAS POR MENOS MATURIN;ProdDERIV_LACTEOS;MANTEQUILLA PURISIMA CON SAL 200G PURISIMA;4.59
3552825;2026-09-09;PTO03;MAS POR MENOS MATURIN;ProdEMBUTIDOS;SALCHICHA TIPO VIENA 800GR (24unid) ALIMEX;10.66
3578394;2026-09-11;PLC09;SIGO SAMBIL;ProdBEBIDAS_LACT;LECHE COMPLETA LIQUIDA PURISIMA;2.49
3578395;2026-09-11;PLC09;SIGO SAMBIL;ProdBEBIDAS_LACT;LECHE DESCREMADA LIQUIDA PURISIMA;2.49
3578396;2026-09-11;PLC09;SIGO SAMBIL;ProdBEBIDAS_LACT;LECHE  DESLACTOSADA LIQUIDA PURISIMA;2.49
3578397;2026-09-11;PLC09;SIGO SAMBIL;ProdBEBIDAS_LACT;LECHE COMPLETA BARISTA LIQUIDA PURISIMA;2.69
3516192;2026-09-07;PLC09;SIGO SAMBIL;ProdBEBIDAS_LACT;Leche en polvo Purisima 500gr;6.7
3516193;2026-09-07;PLC09;SIGO SAMBIL;ProdBEBIDAS_LACT;Leche en polvo Purisima 1kg;13.49
3578414;2026-09-11;PLC09;SIGO SAMBIL;ProdBEBIDAS;NARANJADA 1L TUNAL;2.39
3578415;2026-09-11;PLC09;SIGO SAMBIL;ProdBEBIDAS;NECTAR MANZANA 1L TUNAL;1.85
3578416;2026-09-11;PLC09;SIGO SAMBIL;ProdBEBIDAS;NECTAR PERA 1L TUNAL;1.85
3578417;2026-09-11;PLC09;SIGO SAMBIL;ProdBEBIDAS;NECTAR DURAZNO 1L TUNAL;1.85
3578418;2026-09-11;PLC09;SIGO SAMBIL;ProdBEBIDAS;JUGO NARANJA LIGTH 1 LITRO TUNAL;1.99
3578419;2026-09-11;PLC09;SIGO SAMBIL;ProdBEBIDAS;NECTAR PERA LIGHT 1 LITRO TUNAL;1.89
3578420;2026-09-11;PLC09;SIGO SAMBIL;ProdBEBIDAS;NARANJADA  200 ML TUNAL;0.7
3578421;2026-09-11;PLC09;SIGO SAMBIL;ProdBEBIDAS;NECTAR MANZANA 200 ML TUNAL;0.7
3578422;2026-09-11;PLC09;SIGO SAMBIL;ProdBEBIDAS;NECTAR PERA 200 ML TUNAL;0.7
3578423;2026-09-11;PLC09;SIGO SAMBIL;ProdBEBIDAS;NECTAR DURAZNO 200 ML TUNAL;0.7
3578411;2026-09-11;PLC09;SIGO SAMBIL;ProdBEBIDAS;TE DURAZNO 1L TUNAL;1.79
3578412;2026-09-11;PLC09;SIGO SAMBIL;ProdBEBIDAS;TE LIMON 1L TUNAL;1.79
3578413;2026-09-11;PLC09;SIGO SAMBIL;ProdBEBIDAS;TE FRUTOS ROJOS 1L TUNAL;1.79
3578429;2026-09-11;PLC09;SIGO SAMBIL;ProdBEBIDAS_LACT;LECHE EN POLVO PURISIMA 200GR;3.4
3578428;2026-09-11;PLC09;SIGO SAMBIL;ProdBEBIDAS_LACT;LECHE EN POLVO PURISIMA 400GR;6.7
3578427;2026-09-11;PLC09;SIGO SAMBIL;ProdBEBIDAS_LACT;LECHE EN POLVO PURISIMA 900GR;13.49
3708504;2026-09-23;PLC09;SIGO SAMBIL;ProdBEBIDAS_LACT;LECHE BARISTA PURISIMA;2.49
3794675;2026-09-30;PLC09;SIGO SAMBIL;ProdBEBIDAS;NECTAR MANZANA LIGHT 1 LITRO TUNAL;1.95
3555779;2026-09-10;PLC01;AIKOZ SECTOR VENECIA;ProdBEBIDAS_LACT;LECHE COMPLETA LIQUIDA PURISIMA;2.59
3555780;2026-09-10;PLC01;AIKOZ SECTOR VENECIA;ProdBEBIDAS_LACT;LECHE DESCREMADA LIQUIDA PURISIMA;2.55
3555781;2026-09-10;PLC01;AIKOZ SECTOR VENECIA;ProdBEBIDAS_LACT;LECHE  DESLACTOSADA LIQUIDA PURISIMA;2.69
3555793;2026-09-10;PLC01;AIKOZ SECTOR VENECIA;ProdBEBIDAS;NECTAR DURAZNO 1L TUNAL;2.45
3555795;2026-09-10;PLC01;AIKOZ SECTOR VENECIA;ProdBEBIDAS;NECTAR PERA 1L TUNAL;2.45
3555794;2026-09-10;PLC01;AIKOZ SECTOR VENECIA;ProdBEBIDAS;NECTAR MANZANA 1L TUNAL;2.45
3555789;2026-09-10;PLC01;AIKOZ SECTOR VENECIA;ProdDERIV_LACTEOS;MANTEQUILLA PURISIMA CON SAL 200G PURISIMA;5.9
3738218;2026-09-25;PLC01;AIKOZ SECTOR VENECIA;ProdDERIV_LACTEOS;CREMA DE LECHE DE 500GR PURISIMA;5.82
3738219;2026-09-25;PLC01;AIKOZ SECTOR VENECIA;ProdDERIV_LACTEOS;CREMA DE LECHE DE 250GR PURISIMA;3.43
3555787;2026-09-10;PLC01;AIKOZ SECTOR VENECIA;ProdEMBUTIDOS;SALCHICHA TIPO VIENA 225G (11unid) ALIMEX;3.51
3555786;2026-09-10;PLC01;AIKOZ SECTOR VENECIA;ProdEMBUTIDOS;SALCHICHA TIPO VIENA 450GR (22unid) ALIMEX;6.45
3555785;2026-09-10;PLC01;AIKOZ SECTOR VENECIA;ProdEMBUTIDOS;SALCHICHA TIPO VIENA 800GR (24unid) ALIMEX;11.07
3738202;2026-09-25;PLC01;AIKOZ SECTOR VENECIA;ProdBEBIDAS;NARANJADA 1L TUNAL;3
3738235;2026-09-25;PLC01;AIKOZ SECTOR VENECIA;ProdBEBIDAS;NECTAR DURAZNO 200 ML TUNAL;3.12
3738237;2026-09-25;PLC01;AIKOZ SECTOR VENECIA;ProdBEBIDAS;NECTAR MANZANA 200 ML TUNAL;3.12
3738209;2026-09-25;PLC01;AIKOZ SECTOR VENECIA;ProdBEBIDAS;NECTAR PERA 200 ML TUNAL;3.12
3738234;2026-09-25;PLC01;AIKOZ SECTOR VENECIA;ProdBEBIDAS;NARANJADA  500 ML TUNAL;2.42
3738220;2026-09-25;PLC01;AIKOZ SECTOR VENECIA;ProdDERIV_LACTEOS;MANTEQUILLA PURISIMA SIN SAL 200G PURISIMA;5.47
3738238;2026-09-25;PLC01;AIKOZ SECTOR VENECIA;ProdBEBIDAS;TE LIMON 1L TUNAL;2.71
3738240;2026-09-25;PLC01;AIKOZ SECTOR VENECIA;ProdBEBIDAS;TE FRUTOS ROJOS 1L TUNAL;2.71
3738239;2026-09-25;PLC01;AIKOZ SECTOR VENECIA;ProdBEBIDAS;TE DURAZNO 1L TUNAL;2.71
3739426;2026-09-25;MCY05;Supermercado San Onofre;ProdBEBIDAS_LACT;LECHE COMPLETA LIQUIDA PURISIMA;2.35
3739427;2026-09-25;MCY05;Supermercado San Onofre;ProdBEBIDAS_LACT;LECHE DESCREMADA LIQUIDA PURISIMA;2.65
3739420;2026-09-25;MCY05;Supermercado San Onofre;ProdBEBIDAS;NECTAR MANZANA 1L TUNAL;2.38
3739421;2026-09-25;MCY05;Supermercado San Onofre;ProdBEBIDAS;NECTAR PERA 1L TUNAL;2.38
3508440;2026-09-04;MCY05;Supermercado San Onofre;ProdBEBIDAS;NECTAR MANZANA 200 ML TUNAL;2.68
3508443;2026-09-04;MCY05;Supermercado San Onofre;ProdBEBIDAS;NECTAR PERA 200 ML TUNAL;2.64
3508444;2026-09-04;MCY05;Supermercado San Onofre;ProdBEBIDAS;NECTAR DURAZNO 200 ML TUNAL;2.68
3508449;2026-09-04;MCY05;Supermercado San Onofre;ProdDERIV_LACTEOS;CREMA DE LECHE DE 500GR PURISIMA;4.11
3739419;2026-09-25;MCY05;Supermercado San Onofre;ProdBEBIDAS;NARANJADA 1L TUNAL;2.99
3785601;2026-09-28;MCY05;Supermercado San Onofre;ProdBEBIDAS_LACT;LECHE  DESLACTOSADA LIQUIDA PURISIMA;2.85
3739411;2026-09-25;MCY05;Supermercado San Onofre;ProdEMBUTIDOS;SALCHICHA TIPO VIENA 800GR (24unid) ALIMEX;12.56
3739417;2026-09-25;MCY05;Supermercado San Onofre;ProdEMBUTIDOS;SALCHICHA TIPO VIENA 450GR (22unid) ALIMEX;9.56
3739422;2026-09-25;MCY05;Supermercado San Onofre;ProdBEBIDAS;NECTAR DURAZNO 1L TUNAL;2.38
3739423;2026-09-25;MCY05;Supermercado San Onofre;ProdBEBIDAS;TE DURAZNO 1L TUNAL;2.38
3739424;2026-09-25;MCY05;Supermercado San Onofre;ProdBEBIDAS;TE LIMON 1L TUNAL;2.3
3739425;2026-09-25;MCY05;Supermercado San Onofre;ProdBEBIDAS;TE FRUTOS ROJOS 1L TUNAL;2.3
3526603;2026-09-04;BQTO08;HIPERMERCADO EL PLACER C.A;ProdEMBUTIDOS;SALCHICHA TIPO VIENA 225G (11unid) ALIMEX;3.4
3480779;2026-09-02;BQTO08;HIPERMERCADO EL PLACER C.A;ProdBEBIDAS_LACT;Leche en polvo Purisima 500gr;6.34
3480780;2026-09-02;BQTO08;HIPERMERCADO EL PLACER C.A;ProdBEBIDAS_LACT;Leche en polvo Purisima 1kg;12.74
3480781;2026-09-02;BQTO08;HIPERMERCADO EL PLACER C.A;ProdBEBIDAS_LACT;LECHE COMPLETA LIQUIDA PURISIMA;2.7
3480782;2026-09-02;BQTO08;HIPERMERCADO EL PLACER C.A;ProdBEBIDAS_LACT;LECHE DESCREMADA LIQUIDA PURISIMA;2.7
3480783;2026-09-02;BQTO08;HIPERMERCADO EL PLACER C.A;ProdBEBIDAS_LACT;LECHE  DESLACTOSADA LIQUIDA PURISIMA;2.79
3480784;2026-09-02;BQTO08;HIPERMERCADO EL PLACER C.A;ProdBEBIDAS_LACT;LECHE COMPLETA BARISTA LIQUIDA PURISIMA;2.85
3480785;2026-09-02;BQTO08;HIPERMERCADO EL PLACER C.A;ProdBEBIDAS;NARANJADA 1L TUNAL;1.84
3774617;2026-09-29;PLC07;SUPERMERCADO LA ESTRELA;ProdEMBUTIDOS;SALCHICHA TIPO VIENA 225G (11unid) ALIMEX;3.71
3774614;2026-09-29;PLC07;SUPERMERCADO LA ESTRELA;ProdEMBUTIDOS;SALCHICHA TIPO VIENA 450GR (22unid) ALIMEX;6.83
3483622;2026-09-03;PLC07;SUPERMERCADO LA ESTRELA;ProdBEBIDAS;NARANJADA 1L TUNAL;3.07
3563383;2026-09-10;PLC07;SUPERMERCADO LA ESTRELA;ProdBEBIDAS;NECTAR DURAZNO 1L TUNAL;2.4
3563356;2026-09-10;PLC07;SUPERMERCADO LA ESTRELA;ProdBEBIDAS;NECTAR PERA 1L TUNAL;2.4
3563316;2026-09-10;PLC07;SUPERMERCADO LA ESTRELA;ProdBEBIDAS;NARANJADA  200 ML TUNAL;0.96
3563327;2026-09-10;PLC07;SUPERMERCADO LA ESTRELA;ProdBEBIDAS;NECTAR MANZANA 200 ML TUNAL;0.94
3563331;2026-09-10;PLC07;SUPERMERCADO LA ESTRELA;ProdBEBIDAS;NECTAR PERA 200 ML TUNAL;0.94
3563340;2026-09-10;PLC07;SUPERMERCADO LA ESTRELA;ProdBEBIDAS;NECTAR DURAZNO 200 ML TUNAL;0.94
3724305;2026-09-24;PLC07;SUPERMERCADO LA ESTRELA;ProdBEBIDAS;NECTAR DURAZNO 500 ML TUNAL;1.67
3724309;2026-09-24;PLC07;SUPERMERCADO LA ESTRELA;ProdBEBIDAS;NECTAR PERA 500 ML TUNAL;1.67
3724308;2026-09-24;PLC07;SUPERMERCADO LA ESTRELA;ProdBEBIDAS;NECTAR MANZANA 500 ML TUNAL;1.67
3529957;2026-09-08;PLC07;SUPERMERCADO LA ESTRELA;ProdBEBIDAS_LACT;Leche en polvo Purisima 1kg;14.87
3529930;2026-09-08;PLC07;SUPERMERCADO LA ESTRELA;ProdBEBIDAS_LACT;Leche en polvo Purisima 500gr;8.05
3774735;2026-09-29;PLC07;SUPERMERCADO LA ESTRELA;ProdBEBIDAS_LACT;LECHE EN POLVO PURISIMA 900GR;14.87
3774747;2026-09-29;PLC07;SUPERMERCADO LA ESTRELA;ProdBEBIDAS_LACT;LECHE EN POLVO PURISIMA 400GR;8.05
3724217;2026-09-24;PLC07;SUPERMERCADO LA ESTRELA;ProdBEBIDAS_LACT;LECHE COMPLETA LIQUIDA PURISIMA;3
3724229;2026-09-24;PLC07;SUPERMERCADO LA ESTRELA;ProdBEBIDAS_LACT;LECHE  DESLACTOSADA LIQUIDA PURISIMA;3.1
3724232;2026-09-24;PLC07;SUPERMERCADO LA ESTRELA;ProdBEBIDAS_LACT;LECHE COMPLETA BARISTA LIQUIDA PURISIMA;2.92
3562993;2026-09-10;PLC07;SUPERMERCADO LA ESTRELA;ProdBEBIDAS_LACT;LECHE EN POLVO PURISIMA 200GR;3.64
3519566;2026-09-07;CCS04;Rio Lomas del sol;ProdDERIV_LACTEOS;MANTEQUILLA PURISIMA SIN SAL 200G PURISIMA;5.29
3519567;2026-09-07;CCS04;Rio Lomas del sol;ProdDERIV_LACTEOS;MANTEQUILLA PURISIMA CON SAL 200G PURISIMA;5.75
3519570;2026-09-07;CCS04;Rio Lomas del sol;ProdEMBUTIDOS;SALCHICHA TIPO VIENA 800GR (24unid) ALIMEX;10.25
3519571;2026-09-07;CCS04;Rio Lomas del sol;ProdEMBUTIDOS;SALCHICHA TIPO VIENA 450GR (22unid) ALIMEX;5.95
3519572;2026-09-07;CCS04;Rio Lomas del sol;ProdEMBUTIDOS;SALCHICHA TIPO VIENA 225G (11unid) ALIMEX;3.25
3597412;2026-09-14;CCS04;Rio Lomas del sol;ProdBEBIDAS;NARANJADA 1L TUNAL;2.92
3597413;2026-09-14;CCS04;Rio Lomas del sol;ProdBEBIDAS;NECTAR DURAZNO 1L TUNAL;2.29
3597414;2026-09-14;CCS04;Rio Lomas del sol;ProdBEBIDAS;NECTAR MANZANA 1L TUNAL;2.29
3597415;2026-09-14;CCS04;Rio Lomas del sol;ProdBEBIDAS;NECTAR PERA 1L TUNAL;2.29
3477553;2026-09-02;CCS04;Rio Lomas del sol;ProdBEBIDAS;JUGO NARANJA LIGTH 1 LITRO TUNAL;2.55
3477552;2026-09-02;CCS04;Rio Lomas del sol;ProdBEBIDAS;NECTAR PERA LIGHT 1 LITRO TUNAL;2.53
3477554;2026-09-02;CCS04;Rio Lomas del sol;ProdBEBIDAS;NARANJADA  200 ML TUNAL;0.88
3477555;2026-09-02;CCS04;Rio Lomas del sol;ProdBEBIDAS;NECTAR DURAZNO 200 ML TUNAL;0.88
3477545;2026-09-02;CCS04;Rio Lomas del sol;ProdBEBIDAS;TE DURAZNO 1L TUNAL;2.38
3477546;2026-09-02;CCS04;Rio Lomas del sol;ProdBEBIDAS;TE LIMON 1L TUNAL;2.38
3597411;2026-09-14;CCS04;Rio Lomas del sol;ProdBEBIDAS;TE FRUTOS ROJOS 1L TUNAL;2.26
3519569;2026-09-07;CCS04;Rio Lomas del sol;ProdDERIV_LACTEOS;CREMA DE LECHE DE 250GR PURISIMA;3.25
3519568;2026-09-07;CCS04;Rio Lomas del sol;ProdDERIV_LACTEOS;CREMA DE LECHE DE 500GR PURISIMA;5.49
3597376;2026-09-14;CCS04;Rio Lomas del sol;ProdEMBUTIDOS;MORTADELA CCS DE CARNES 500G;2.53
3597395;2026-09-14;CCS04;Rio Lomas del sol;ProdBEBIDAS_LACT;LECHE EN POLVO PURISIMA 900GR;14.33
3597396;2026-09-14;CCS04;Rio Lomas del sol;ProdBEBIDAS_LACT;LECHE EN POLVO PURISIMA 400GR;6.83
3477538;2026-09-02;CCS04;Rio Lomas del sol;ProdBEBIDAS_LACT;Leche en polvo Purisima 500gr;6.05
3477539;2026-09-02;CCS04;Rio Lomas del sol;ProdBEBIDAS_LACT;Leche en polvo Purisima 1kg;12.99
3597416;2026-09-14;CCS04;Rio Lomas del sol;ProdBEBIDAS_LACT;LECHE COMPLETA LIQUIDA PURISIMA;2.75
3597417;2026-09-14;CCS04;Rio Lomas del sol;ProdBEBIDAS_LACT;LECHE DESCREMADA LIQUIDA PURISIMA;2.69
3597418;2026-09-14;CCS04;Rio Lomas del sol;ProdBEBIDAS_LACT;LECHE  DESLACTOSADA LIQUIDA PURISIMA;2.84
3519562;2026-09-07;CCS04;Rio Lomas del sol;ProdEMBUTIDOS;MORTADELA CCS DE CARNES 900G;4.06
3505793;2026-09-04;PLC08;RIO PUENTE REAL;ProdBEBIDAS;NECTAR MANZANA 1L TUNAL;2.05
3505794;2026-09-04;PLC08;RIO PUENTE REAL;ProdBEBIDAS;NECTAR PERA 1L TUNAL;2.05
3505795;2026-09-04;PLC08;RIO PUENTE REAL;ProdBEBIDAS;NECTAR DURAZNO 1L TUNAL;2.05
3505796;2026-09-04;PLC08;RIO PUENTE REAL;ProdBEBIDAS;JUGO NARANJA LIGTH 1 LITRO TUNAL;2.55
3505797;2026-09-04;PLC08;RIO PUENTE REAL;ProdBEBIDAS;NECTAR DURAZNO LIGTH 1 LITRO TUNAL;2.53
3505798;2026-09-04;PLC08;RIO PUENTE REAL;ProdBEBIDAS;NARANJADA  200 ML TUNAL;0.88
3505799;2026-09-04;PLC08;RIO PUENTE REAL;ProdBEBIDAS;NECTAR DURAZNO 200 ML TUNAL;0.88
3505800;2026-09-04;PLC08;RIO PUENTE REAL;ProdBEBIDAS;NECTAR MANZANA 200 ML TUNAL;0.88
3767064;2026-09-28;PLC08;RIO PUENTE REAL;ProdBEBIDAS_LACT;LECHE COMPLETA LIQUIDA PURISIMA;2.75
3767065;2026-09-28;PLC08;RIO PUENTE REAL;ProdBEBIDAS_LACT;LECHE DESCREMADA LIQUIDA PURISIMA;2.69
3767066;2026-09-28;PLC08;RIO PUENTE REAL;ProdBEBIDAS_LACT;LECHE  DESLACTOSADA LIQUIDA PURISIMA;2.84
3550447;2026-09-09;PLC08;RIO PUENTE REAL;ProdBEBIDAS_LACT;Leche en polvo Purisima 500gr;6.05
3550446;2026-09-09;PLC08;RIO PUENTE REAL;ProdBEBIDAS_LACT;Leche en polvo Purisima 1kg;12.99
3799572;2026-09-30;PLC08;RIO PUENTE REAL;ProdDERIV_LACTEOS;MANTEQUILLA PURISIMA CON SAL 200G PURISIMA;5.75
3799575;2026-09-30;PLC08;RIO PUENTE REAL;ProdDERIV_LACTEOS;CREMA DE LECHE DE 250GR PURISIMA;3.25
3505818;2026-09-04;PLC08;RIO PUENTE REAL;ProdDERIV_LACTEOS;CREMA DE LECHE DE 500GR PURISIMA;5.49
3767054;2026-09-28;PLC08;RIO PUENTE REAL;ProdEMBUTIDOS;SALCHICHA TIPO VIENA 800GR (24unid) ALIMEX;10.25
3767055;2026-09-28;PLC08;RIO PUENTE REAL;ProdEMBUTIDOS;SALCHICHA TIPO VIENA 450GR (22unid) ALIMEX;5.95
3767056;2026-09-28;PLC08;RIO PUENTE REAL;ProdEMBUTIDOS;SALCHICHA TIPO VIENA 225G (11unid) ALIMEX;3.25
3799573;2026-09-30;PLC08;RIO PUENTE REAL;ProdDERIV_LACTEOS;MANTEQUILLA PURISIMA SIN SAL 200G PURISIMA;5.29
3767059;2026-09-28;PLC08;RIO PUENTE REAL;ProdBEBIDAS_LACT;LECHE EN POLVO PURISIMA 900GR;12.9
3767060;2026-09-28;PLC08;RIO PUENTE REAL;ProdBEBIDAS_LACT;LECHE EN POLVO PURISIMA 400GR;6.15
3752476;2026-09-25;BQTO07;LOS MOLINOS;ProdBEBIDAS_LACT;LECHE COMPLETA LIQUIDA PURISIMA;2.96
3786770;2026-09-29;BQTO07;LOS MOLINOS;ProdBEBIDAS_LACT;LECHE DESCREMADA LIQUIDA PURISIMA;2.91
3786771;2026-09-29;BQTO07;LOS MOLINOS;ProdBEBIDAS_LACT;LECHE  DESLACTOSADA LIQUIDA PURISIMA;3.01
3539893;2026-09-08;BQTO07;LOS MOLINOS;ProdBEBIDAS;NARANJADA 1L TUNAL;2.49
3539892;2026-09-08;BQTO07;LOS MOLINOS;ProdBEBIDAS;NECTAR MANZANA 1L TUNAL;2.49
3700099;2026-09-22;BQTO07;LOS MOLINOS;ProdBEBIDAS;NECTAR PERA 1L TUNAL;2.49
3539895;2026-09-08;BQTO07;LOS MOLINOS;ProdBEBIDAS;TE FRUTOS ROJOS 1L TUNAL;2.33
3539897;2026-09-08;BQTO07;LOS MOLINOS;ProdBEBIDAS;JUGO NARANJA LIGTH 1 LITRO TUNAL;2.54
3700102;2026-09-22;BQTO07;LOS MOLINOS;ProdBEBIDAS;NECTAR PERA LIGHT 1 LITRO TUNAL;2.54
3504684;2026-09-04;BQTO07;LOS MOLINOS;ProdBEBIDAS;TE LIMON 500ML TUNAL;1.35
3504685;2026-09-04;BQTO07;LOS MOLINOS;ProdBEBIDAS;TE DURAZNO 500ML TUNAL;1.58
3504686;2026-09-04;BQTO07;LOS MOLINOS;ProdBEBIDAS;NECTAR DURAZNO 500 ML TUNAL;1.25
3504687;2026-09-04;BQTO07;LOS MOLINOS;ProdBEBIDAS;NARANJADA  200 ML TUNAL;2.38
3504688;2026-09-04;BQTO07;LOS MOLINOS;ProdBEBIDAS;NECTAR PERA 200 ML TUNAL;2.38
3504689;2026-09-04;BQTO07;LOS MOLINOS;ProdBEBIDAS;NECTAR DURAZNO 200 ML TUNAL;2.38
3786769;2026-09-29;BQTO07;LOS MOLINOS;ProdBEBIDAS_LACT;LECHE BARISTA PURISIMA;2.96
3539894;2026-09-08;BQTO07;LOS MOLINOS;ProdBEBIDAS;NECTAR DURAZNO 1L TUNAL;2.38
3700083;2026-09-22;BQTO07;LOS MOLINOS;ProdEMBUTIDOS;SALCHICHA TIPO VIENA 225G (11unid) ALIMEX;3.65
3464813;2026-09-01;BQTO07;LOS MOLINOS;ProdEMBUTIDOS;SALCHICHA TIPO VIENA 450GR (22unid) ALIMEX;6.37
3700078;2026-09-22;BQTO07;LOS MOLINOS;ProdEMBUTIDOS;SALCHICHA TIPO VIENA 800GR (24unid) ALIMEX;11.15
3700060;2026-09-22;BQTO07;LOS MOLINOS;ProdEMBUTIDOS;MORTADELA CCS DE CARNES 900G;3.75
3700062;2026-09-22;BQTO07;LOS MOLINOS;ProdEMBUTIDOS;MORTADELA CCS DE CARNES 500G;2.25
3700070;2026-09-22;BQTO07;LOS MOLINOS;ProdDERIV_LACTEOS;MANTEQUILLA PURISIMA CON SAL 200G PURISIMA;5.6
3700064;2026-09-22;BQTO07;LOS MOLINOS;ProdDERIV_LACTEOS;CREMA DE LECHE DE 500GR PURISIMA;6
3700066;2026-09-22;BQTO07;LOS MOLINOS;ProdDERIV_LACTEOS;CREMA DE LECHE DE 250GR PURISIMA;3.48
3700068;2026-09-22;BQTO07;LOS MOLINOS;ProdDERIV_LACTEOS;MANTEQUILLA PURISIMA SIN SAL 200G PURISIMA;5.69
3700101;2026-09-22;BQTO07;LOS MOLINOS;ProdBEBIDAS;NECTAR MANZANA LIGHT 1 LITRO TUNAL;316
3539896;2026-09-08;BQTO07;LOS MOLINOS;ProdBEBIDAS;JUGO PINA LIGTH 1 LITRO TUNAL;3.1
3796683;2026-09-30;BQTO02;PANADERIA LA ORQUIDEA;ProdEMBUTIDOS;SALCHICHA TIPO VIENA 800GR (24unid) ALIMEX;12.95
3796684;2026-09-30;BQTO02;PANADERIA LA ORQUIDEA;ProdEMBUTIDOS;SALCHICHA TIPO VIENA 450GR (22unid) ALIMEX;7.54
3660256;2026-09-18;BQTO02;PANADERIA LA ORQUIDEA;ProdEMBUTIDOS;TOCINETA AHUMADA SIN CUERO 3.5KG ALIMEX;5.85
3631065;2026-09-16;BQTO02;PANADERIA LA ORQUIDEA;ProdEMBUTIDOS;CHORIZO DE CERDO AHUMADO PARRILLERO ALIMEX;5.85
3796685;2026-09-30;BQTO02;PANADERIA LA ORQUIDEA;ProdDERIV_LACTEOS;MANTEQUILLA PURISIMA SIN SAL 200G PURISIMA;7.29
3796686;2026-09-30;BQTO02;PANADERIA LA ORQUIDEA;ProdDERIV_LACTEOS;MANTEQUILLA PURISIMA CON SAL 200G PURISIMA;7.29
3479045;2026-09-02;BQTO02;PANADERIA LA ORQUIDEA;ProdDERIV_LACTEOS;QUESO DE CABRA 500G PURISIMA;22.83
3631068;2026-09-16;BQTO02;PANADERIA LA ORQUIDEA;ProdEMBUTIDOS;CHORIZO DE CERDO PICANTE PARRILLERO ALIMEX;4.89
3479034;2026-09-02;BQTO02;PANADERIA LA ORQUIDEA;ProdBEBIDAS;NARANJADA 1L TUNAL;3.36
3479031;2026-09-02;BQTO02;PANADERIA LA ORQUIDEA;ProdBEBIDAS;NECTAR DURAZNO 1L TUNAL;2.81
3479032;2026-09-02;BQTO02;PANADERIA LA ORQUIDEA;ProdBEBIDAS;NECTAR MANZANA 1L TUNAL;2.81
3479033;2026-09-02;BQTO02;PANADERIA LA ORQUIDEA;ProdBEBIDAS;NECTAR PERA 1L TUNAL;2.81
3596803;2026-09-14;BQTO02;PANADERIA LA ORQUIDEA;ProdBEBIDAS;JUGO NARANJA LIGTH 1 LITRO TUNAL;3.36
3596804;2026-09-14;BQTO02;PANADERIA LA ORQUIDEA;ProdBEBIDAS;NECTAR DURAZNO LIGTH 1 LITRO TUNAL;2.96
3479035;2026-09-02;BQTO02;PANADERIA LA ORQUIDEA;ProdBEBIDAS;NECTAR PERA LIGHT 1 LITRO TUNAL;2.93
3479036;2026-09-02;BQTO02;PANADERIA LA ORQUIDEA;ProdBEBIDAS;TE DURAZNO 1L TUNAL;2.77
3479037;2026-09-02;BQTO02;PANADERIA LA ORQUIDEA;ProdBEBIDAS;TE LIMON 1L TUNAL;2.77
3596808;2026-09-14;BQTO02;PANADERIA LA ORQUIDEA;ProdBEBIDAS;TE FRUTOS ROJOS 1L TUNAL;2.77
3796680;2026-09-30;BQTO02;PANADERIA LA ORQUIDEA;ProdDERIV_LACTEOS;CREMA DE LECHE DE 500GR PURISIMA;7.32
3796681;2026-09-30;BQTO02;PANADERIA LA ORQUIDEA;ProdDERIV_LACTEOS;CREMA DE LECHE DE 250GR PURISIMA;4.09
3796682;2026-09-30;BQTO02;PANADERIA LA ORQUIDEA;ProdEMBUTIDOS;MORTADELA CCS DE CARNES 900G;4
3479026;2026-09-02;BQTO02;PANADERIA LA ORQUIDEA;ProdBEBIDAS_LACT;LECHE COMPLETA LIQUIDA PURISIMA;3.52
3479027;2026-09-02;BQTO02;PANADERIA LA ORQUIDEA;ProdBEBIDAS_LACT;LECHE DESCREMADA LIQUIDA PURISIMA;3.44
3479028;2026-09-02;BQTO02;PANADERIA LA ORQUIDEA;ProdBEBIDAS_LACT;LECHE  DESLACTOSADA LIQUIDA PURISIMA;4.03
3479029;2026-09-02;BQTO02;PANADERIA LA ORQUIDEA;ProdBEBIDAS_LACT;LECHE BARISTA PURISIMA;3.69
3757344;2026-09-28;PLC03;AIKOZ  PUERTO LA CRUZ;ProdBEBIDAS_LACT;LECHE COMPLETA LIQUIDA PURISIMA;2.59
3757345;2026-09-28;PLC03;AIKOZ  PUERTO LA CRUZ;ProdBEBIDAS_LACT;LECHE DESCREMADA LIQUIDA PURISIMA;2.55
3757346;2026-09-28;PLC03;AIKOZ  PUERTO LA CRUZ;ProdBEBIDAS_LACT;LECHE  DESLACTOSADA LIQUIDA PURISIMA;2.69
3757363;2026-09-28;PLC03;AIKOZ  PUERTO LA CRUZ;ProdBEBIDAS;NARANJADA 1L TUNAL;3
3757364;2026-09-28;PLC03;AIKOZ  PUERTO LA CRUZ;ProdBEBIDAS;NECTAR MANZANA 1L TUNAL;2.45
3542386;2026-09-09;PLC03;AIKOZ  PUERTO LA CRUZ;ProdBEBIDAS;NECTAR PERA 1L TUNAL;2.45
3542384;2026-09-09;PLC03;AIKOZ  PUERTO LA CRUZ;ProdBEBIDAS;NECTAR DURAZNO 1L TUNAL;2.45
3757350;2026-09-28;PLC03;AIKOZ  PUERTO LA CRUZ;ProdEMBUTIDOS;SALCHICHA TIPO VIENA 225G (11unid) ALIMEX;3.51
3757370;2026-09-28;PLC03;AIKOZ  PUERTO LA CRUZ;ProdBEBIDAS;TE DURAZNO 1L TUNAL;2.71
3757371;2026-09-28;PLC03;AIKOZ  PUERTO LA CRUZ;ProdBEBIDAS;TE LIMON 1L TUNAL;2.71
3757369;2026-09-28;PLC03;AIKOZ  PUERTO LA CRUZ;ProdBEBIDAS;TE FRUTOS ROJOS 1L TUNAL;2.71
3757356;2026-09-28;PLC03;AIKOZ  PUERTO LA CRUZ;ProdBEBIDAS;NARANJADA  200 ML TUNAL;3.17
3757357;2026-09-28;PLC03;AIKOZ  PUERTO LA CRUZ;ProdBEBIDAS;NECTAR DURAZNO 200 ML TUNAL;3.12
3757359;2026-09-28;PLC03;AIKOZ  PUERTO LA CRUZ;ProdBEBIDAS;NECTAR PERA 200 ML TUNAL;3.12
3757358;2026-09-28;PLC03;AIKOZ  PUERTO LA CRUZ;ProdBEBIDAS;NECTAR MANZANA 200 ML TUNAL;3.12
3660120;2026-09-18;PLC03;AIKOZ  PUERTO LA CRUZ;ProdDERIV_LACTEOS;CREMA DE LECHE DE 250GR PURISIMA;3.43
3630665;2026-09-16;PLC03;AIKOZ  PUERTO LA CRUZ;ProdBEBIDAS;NARANJADA  500 ML TUNAL;2.42
3542378;2026-09-09;PLC03;AIKOZ  PUERTO LA CRUZ;ProdDERIV_LACTEOS;MANTEQUILLA PURISIMA CON SAL 200G PURISIMA;5.9
3757351;2026-09-28;PLC03;AIKOZ  PUERTO LA CRUZ;ProdEMBUTIDOS;MORTADELA CCS DE CARNES 900G;3.16
3757352;2026-09-28;PLC03;AIKOZ  PUERTO LA CRUZ;ProdEMBUTIDOS;MORTADELA DE POLLO DE 1 KG;3.07
3769902;2026-09-28;BQTO01;REDVITAL AV LARA;ProdBEBIDAS_LACT;LECHE BARISTA PURISIMA;2.72
3769905;2026-09-28;BQTO01;REDVITAL AV LARA;ProdBEBIDAS_LACT;LECHE COMPLETA LIQUIDA PURISIMA;2.58
3769914;2026-09-28;BQTO01;REDVITAL AV LARA;ProdBEBIDAS_LACT;LECHE  DESLACTOSADA LIQUIDA PURISIMA;2.67
3769909;2026-09-28;BQTO01;REDVITAL AV LARA;ProdBEBIDAS_LACT;LECHE DESCREMADA LIQUIDA PURISIMA;2.53
3508695;2026-09-04;BQTO01;REDVITAL AV LARA;ProdBEBIDAS;NARANJADA 1L TUNAL;3.04
3508699;2026-09-04;BQTO01;REDVITAL AV LARA;ProdBEBIDAS;NECTAR MANZANA 1L TUNAL;2.38
3508702;2026-09-04;BQTO01;REDVITAL AV LARA;ProdBEBIDAS;NECTAR PERA 1L TUNAL;2.38
3600601;2026-09-14;BQTO01;REDVITAL AV LARA;ProdBEBIDAS;JUGO NARANJA LIGTH 1 LITRO TUNAL;2.51
3600602;2026-09-14;BQTO01;REDVITAL AV LARA;ProdBEBIDAS;NECTAR PERA LIGHT 1 LITRO TUNAL;2.5
3508706;2026-09-04;BQTO01;REDVITAL AV LARA;ProdBEBIDAS;TE DURAZNO 1L TUNAL;2.35
3508708;2026-09-04;BQTO01;REDVITAL AV LARA;ProdBEBIDAS;TE FRUTOS ROJOS 1L TUNAL;2.35
3508709;2026-09-04;BQTO01;REDVITAL AV LARA;ProdBEBIDAS;NARANJADA  200 ML TUNAL;0.92
3600609;2026-09-14;BQTO01;REDVITAL AV LARA;ProdBEBIDAS;NARANJADA  500 ML TUNAL;2.1
3600610;2026-09-14;BQTO01;REDVITAL AV LARA;ProdBEBIDAS;NECTAR DURAZNO 500 ML TUNAL;1.8
3600611;2026-09-14;BQTO01;REDVITAL AV LARA;ProdBEBIDAS;NECTAR PERA 500 ML TUNAL;1.8
3508704;2026-09-04;BQTO01;REDVITAL AV LARA;ProdBEBIDAS;NECTAR DURAZNO 1L TUNAL;2.38
3508712;2026-09-04;BQTO01;REDVITAL AV LARA;ProdBEBIDAS;NECTAR MANZANA 200 ML TUNAL;0.9
3508714;2026-09-04;BQTO01;REDVITAL AV LARA;ProdBEBIDAS;NECTAR PERA 200 ML TUNAL;0.9
3508715;2026-09-04;BQTO01;REDVITAL AV LARA;ProdBEBIDAS;NECTAR DURAZNO 200 ML TUNAL;0.9
3500120;2026-09-04;CCS06;CENTRAL MADEIRENSE SAN ANTONIO;ProdBEBIDAS;NARANJADA 1L TUNAL;3.38
3500121;2026-09-04;CCS06;CENTRAL MADEIRENSE SAN ANTONIO;ProdBEBIDAS;NECTAR MANZANA 1L TUNAL;2.63
3500122;2026-09-04;CCS06;CENTRAL MADEIRENSE SAN ANTONIO;ProdBEBIDAS;NECTAR PERA 1L TUNAL;2.63
3500123;2026-09-04;CCS06;CENTRAL MADEIRENSE SAN ANTONIO;ProdBEBIDAS;NECTAR DURAZNO 1L TUNAL;2.63
3500126;2026-09-04;CCS06;CENTRAL MADEIRENSE SAN ANTONIO;ProdBEBIDAS;TE LIMON 1L TUNAL;2.63
3500127;2026-09-04;CCS06;CENTRAL MADEIRENSE SAN ANTONIO;ProdBEBIDAS;TE DURAZNO 1L TUNAL;2.63
3500141;2026-09-04;CCS06;CENTRAL MADEIRENSE SAN ANTONIO;ProdEMBUTIDOS;TOCINETA AHUMADA SIN CUERO 3.5KG ALIMEX;12.35
3500142;2026-09-04;CCS06;CENTRAL MADEIRENSE SAN ANTONIO;ProdEMBUTIDOS;SALCHICHA TIPO VIENA 450GR (22unid) ALIMEX;7.19
3500143;2026-09-04;CCS06;CENTRAL MADEIRENSE SAN ANTONIO;ProdEMBUTIDOS;SALCHICHA TIPO VIENA 225G (11unid) ALIMEX;3.93
3500146;2026-09-04;CCS06;CENTRAL MADEIRENSE SAN ANTONIO;ProdBEBIDAS_LACT;LECHE BARISTA PURISIMA;3.55
3500147;2026-09-04;CCS06;CENTRAL MADEIRENSE SAN ANTONIO;ProdBEBIDAS_LACT;LECHE COMPLETA LIQUIDA PURISIMA;2.75
3500148;2026-09-04;CCS06;CENTRAL MADEIRENSE SAN ANTONIO;ProdBEBIDAS_LACT;LECHE DESCREMADA LIQUIDA PURISIMA;2.65
3500149;2026-09-04;CCS06;CENTRAL MADEIRENSE SAN ANTONIO;ProdBEBIDAS_LACT;LECHE  DESLACTOSADA LIQUIDA PURISIMA;2.79
3556956;2026-09-10;PLC07;MAS X MENOS  PETRUCCI;ProdEMBUTIDOS;SALCHICHA TIPO VIENA 800GR (24unid) ALIMEX;11.07
3798533;2026-09-30;PLC07;MAS X MENOS  PETRUCCI;ProdEMBUTIDOS;SALCHICHA TIPO VIENA 450GR (22unid) ALIMEX;6.45
3557059;2026-09-10;PLC07;MAS X MENOS  PETRUCCI;ProdEMBUTIDOS;SALCHICHA TIPO VIENA 225G (11unid) ALIMEX;3.51
3798400;2026-09-30;PLC07;MAS X MENOS  PETRUCCI;ProdBEBIDAS;NARANJADA 1L TUNAL;3
3798989;2026-09-30;PLC07;MAS X MENOS  PETRUCCI;ProdBEBIDAS_LACT;LECHE COMPLETA LIQUIDA PURISIMA;2.59
3797828;2026-09-30;PLC07;MAS X MENOS  PETRUCCI;ProdDERIV_LACTEOS;CREMA DE LECHE DE 500GR PURISIMA;5.82
3797830;2026-09-30;PLC07;MAS X MENOS  PETRUCCI;ProdDERIV_LACTEOS;CREMA DE LECHE DE 250GR PURISIMA;3.43
3798523;2026-09-30;PLC07;MAS X MENOS  PETRUCCI;ProdDERIV_LACTEOS;MANTEQUILLA PURISIMA SIN SAL 200G PURISIMA;5.47
3798526;2026-09-30;PLC07;MAS X MENOS  PETRUCCI;ProdDERIV_LACTEOS;MANTEQUILLA PURISIMA CON SAL 200G PURISIMA;5.9
3799015;2026-09-30;PLC07;MAS X MENOS  PETRUCCI;ProdBEBIDAS_LACT;LECHE DESCREMADA LIQUIDA PURISIMA;2.55
3799018;2026-09-30;PLC07;MAS X MENOS  PETRUCCI;ProdBEBIDAS_LACT;LECHE  DESLACTOSADA LIQUIDA PURISIMA;2.69
3798451;2026-09-30;PLC07;MAS X MENOS  PETRUCCI;ProdBEBIDAS;NARANJADA  500 ML TUNAL;2.42
3713681;2026-09-23;PLC07;MAS X MENOS  PETRUCCI;ProdBEBIDAS;NECTAR DURAZNO 200 ML TUNAL;3.12
3719305;2026-09-24;PLC07;MAS X MENOS  PETRUCCI;ProdBEBIDAS;NECTAR PERA 200 ML TUNAL;2.45
3798412;2026-09-30;PLC07;MAS X MENOS  PETRUCCI;ProdBEBIDAS;NECTAR DURAZNO 1L TUNAL;2.45
3798448;2026-09-30;PLC07;MAS X MENOS  PETRUCCI;ProdBEBIDAS;NECTAR PERA 1L TUNAL;2.45
3798417;2026-09-30;PLC07;MAS X MENOS  PETRUCCI;ProdBEBIDAS;NECTAR MANZANA 1L TUNAL;2.45
3771855;2026-09-29;PLC07;MAS X MENOS  PETRUCCI;ProdBEBIDAS;TE FRUTOS ROJOS 1L TUNAL;2.71
3771858;2026-09-29;PLC07;MAS X MENOS  PETRUCCI;ProdBEBIDAS;TE LIMON 1L TUNAL;2.71
3771862;2026-09-29;PLC07;MAS X MENOS  PETRUCCI;ProdBEBIDAS;TE DURAZNO 1L TUNAL;2.71
3617005;2026-09-15;BQTO01;SUPERMERCADO CENTRO LARENSE;ProdBEBIDAS_LACT;LECHE COMPLETA LIQUIDA PURISIMA;2.6
3617010;2026-09-15;BQTO01;SUPERMERCADO CENTRO LARENSE;ProdBEBIDAS_LACT;LECHE  DESLACTOSADA LIQUIDA PURISIMA;2.7
3617006;2026-09-15;BQTO01;SUPERMERCADO CENTRO LARENSE;ProdBEBIDAS_LACT;LECHE DESCREMADA LIQUIDA PURISIMA;2.6
3617013;2026-09-15;BQTO01;SUPERMERCADO CENTRO LARENSE;ProdBEBIDAS;NARANJADA 1L TUNAL;2.8
3617018;2026-09-15;BQTO01;SUPERMERCADO CENTRO LARENSE;ProdBEBIDAS;NECTAR MANZANA 1L TUNAL;2.2
3467492;2026-09-01;BQTO01;SUPERMERCADO CENTRO LARENSE;ProdBEBIDAS;NECTAR PERA 1L TUNAL;2.2
3617019;2026-09-15;BQTO01;SUPERMERCADO CENTRO LARENSE;ProdBEBIDAS;NECTAR DURAZNO 1L TUNAL;2.2
3617022;2026-09-15;BQTO01;SUPERMERCADO CENTRO LARENSE;ProdBEBIDAS;TE DURAZNO 1L TUNAL;2.2
3617025;2026-09-15;BQTO01;SUPERMERCADO CENTRO LARENSE;ProdBEBIDAS;TE LIMON 1L TUNAL;2.2
3617002;2026-09-15;BQTO01;SUPERMERCADO CENTRO LARENSE;ProdBEBIDAS_LACT;LECHE BARISTA PURISIMA;2.9
3549772;2026-09-09;PLC05;RIO PLAYA EL ANGEL;ProdBEBIDAS_LACT;Leche en polvo Purisima 500gr;6.05
3549773;2026-09-09;PLC05;RIO PLAYA EL ANGEL;ProdBEBIDAS_LACT;Leche en polvo Purisima 1kg;12.99
3762531;2026-09-28;PLC05;RIO PLAYA EL ANGEL;ProdBEBIDAS_LACT;LECHE COMPLETA LIQUIDA PURISIMA;2.75
3762532;2026-09-28;PLC05;RIO PLAYA EL ANGEL;ProdBEBIDAS_LACT;LECHE DESCREMADA LIQUIDA PURISIMA;2.69
3743924;2026-09-25;PLC05;RIO PLAYA EL ANGEL;ProdBEBIDAS_LACT;LECHE  DESLACTOSADA LIQUIDA PURISIMA;3.16
3579917;2026-09-11;PLC05;RIO PLAYA EL ANGEL;ProdBEBIDAS;NARANJADA  200 ML TUNAL;0.8
3579918;2026-09-11;PLC05;RIO PLAYA EL ANGEL;ProdBEBIDAS;NECTAR MANZANA 200 ML TUNAL;0.79
3579919;2026-09-11;PLC05;RIO PLAYA EL ANGEL;ProdBEBIDAS;NECTAR PERA 200 ML TUNAL;0.79
3579920;2026-09-11;PLC05;RIO PLAYA EL ANGEL;ProdBEBIDAS;NECTAR DURAZNO 200 ML TUNAL;0.79
3475351;2026-09-02;PLC05;RIO PLAYA EL ANGEL;ProdBEBIDAS;TE LIMON 1L TUNAL;2.05
3475359;2026-09-02;PLC05;RIO PLAYA EL ANGEL;ProdBEBIDAS;NARANJADA 1L TUNAL;2.27
3513736;2026-09-07;PLC05;RIO PLAYA EL ANGEL;ProdBEBIDAS;NECTAR PERA LIGHT 1 LITRO TUNAL;2.18
3579906;2026-09-11;PLC05;RIO PLAYA EL ANGEL;ProdBEBIDAS_LACT;LECHE EN POLVO PURISIMA 900GR;14.33
3579907;2026-09-11;PLC05;RIO PLAYA EL ANGEL;ProdBEBIDAS_LACT;LECHE EN POLVO PURISIMA 400GR;6.05
3655408;2026-09-18;PLC05;RIO PLAYA EL ANGEL;ProdBEBIDAS;NECTAR MANZANA 1L TUNAL;0.76
3762536;2026-09-28;PLC05;RIO PLAYA EL ANGEL;ProdBEBIDAS_LACT;LECHE EN POLVO PURISIMA 200GR;6.15
3556005;2026-09-10;PLC05;NOVA SABANAMAR;ProdBEBIDAS_LACT;LECHE COMPLETA LIQUIDA PURISIMA;2.39
3556006;2026-09-10;PLC05;NOVA SABANAMAR;ProdBEBIDAS_LACT;LECHE DESCREMADA LIQUIDA PURISIMA;2.39
3556007;2026-09-10;PLC05;NOVA SABANAMAR;ProdBEBIDAS_LACT;LECHE  DESLACTOSADA LIQUIDA PURISIMA;2.39
3556010;2026-09-10;PLC05;NOVA SABANAMAR;ProdBEBIDAS_LACT;Leche en polvo Purisima 500gr;5.5
3556011;2026-09-10;PLC05;NOVA SABANAMAR;ProdBEBIDAS_LACT;Leche en polvo Purisima 1kg;11.7
3773294;2026-09-29;PLC05;NOVA SABANAMAR;ProdBEBIDAS_LACT;LECHE EN POLVO PURISIMA 900GR;11.7
3773295;2026-09-29;PLC05;NOVA SABANAMAR;ProdBEBIDAS_LACT;LECHE EN POLVO PURISIMA 400GR;5.5
3773296;2026-09-29;PLC05;NOVA SABANAMAR;ProdBEBIDAS_LACT;LECHE EN POLVO PURISIMA 200GR;2.8
3491097;2026-09-03;PLC05;NOVA SABANAMAR;ProdBEBIDAS;NECTAR MANZANA 1L TUNAL;1.86
3491098;2026-09-03;PLC05;NOVA SABANAMAR;ProdBEBIDAS;NECTAR DURAZNO 1L TUNAL;1.86
3687416;2026-09-22;PLC05;NOVA SABANAMAR;ProdBEBIDAS_LACT;LECHE BARISTA PURISIMA;11.7
3464837;2026-09-01;BQTO07;SUPERMERCADO GIRASOL;ProdDERIV_LACTEOS;CREMA DE LECHE DE 500GR PURISIMA;2.76
3464839;2026-09-01;BQTO07;SUPERMERCADO GIRASOL;ProdDERIV_LACTEOS;MANTEQUILLA PURISIMA SIN SAL 200G PURISIMA;4.42
3464840;2026-09-01;BQTO07;SUPERMERCADO GIRASOL;ProdDERIV_LACTEOS;MANTEQUILLA PURISIMA CON SAL 200G PURISIMA;4.92
3464851;2026-09-01;BQTO07;SUPERMERCADO GIRASOL;ProdEMBUTIDOS;MORTADELA CCS DE CARNES 900G;2.73
3464852;2026-09-01;BQTO07;SUPERMERCADO GIRASOL;ProdEMBUTIDOS;MORTADELA CCS DE CARNES 500G;1.6
3786784;2026-09-29;BQTO07;SUPERMERCADO GIRASOL;ProdBEBIDAS;NARANJADA 1L TUNAL;2.39
3786786;2026-09-29;BQTO07;SUPERMERCADO GIRASOL;ProdBEBIDAS;NECTAR MANZANA 1L TUNAL;2.39
3786788;2026-09-29;BQTO07;SUPERMERCADO GIRASOL;ProdBEBIDAS;NECTAR PERA 1L TUNAL;2.39
3786790;2026-09-29;BQTO07;SUPERMERCADO GIRASOL;ProdBEBIDAS;NECTAR DURAZNO 1L TUNAL;2.39
3464816;2026-09-01;BQTO07;SUPERMERCADO GIRASOL;ProdBEBIDAS;TE LIMON 1L TUNAL;1.84
3768958;2026-09-28;BQTO07;SUPERMERCADO GIRASOL;ProdBEBIDAS;NARANJADA  200 ML TUNAL;2.13
3464826;2026-09-01;BQTO07;SUPERMERCADO GIRASOL;ProdBEBIDAS;NECTAR MANZANA 500 ML TUNAL;1.26
3768954;2026-09-28;BQTO07;SUPERMERCADO GIRASOL;ProdBEBIDAS;NECTAR PERA 500 ML TUNAL;1.62
3768955;2026-09-28;BQTO07;SUPERMERCADO GIRASOL;ProdBEBIDAS;NECTAR DURAZNO 500 ML TUNAL;1.62
3768956;2026-09-28;BQTO07;SUPERMERCADO GIRASOL;ProdBEBIDAS;TE DURAZNO 500ML TUNAL;1.62
3768961;2026-09-28;BQTO07;SUPERMERCADO GIRASOL;ProdBEBIDAS;NECTAR PERA 200 ML TUNAL;2.13
3786792;2026-09-29;BQTO07;SUPERMERCADO GIRASOL;ProdBEBIDAS_LACT;LECHE COMPLETA LIQUIDA PURISIMA;2.32
3464766;2026-09-01;BQTO07;SUPERMERCADO GIRASOL;ProdBEBIDAS_LACT;LECHE BARISTA PURISIMA;2.43
3786794;2026-09-29;BQTO07;SUPERMERCADO GIRASOL;ProdBEBIDAS_LACT;LECHE DESCREMADA LIQUIDA PURISIMA;2.3
3786796;2026-09-29;BQTO07;SUPERMERCADO GIRASOL;ProdBEBIDAS_LACT;LECHE  DESLACTOSADA LIQUIDA PURISIMA;2.44
3464814;2026-09-01;BQTO07;SUPERMERCADO GIRASOL;ProdBEBIDAS;TE DURAZNO 1L TUNAL;1.84
3768957;2026-09-28;BQTO07;SUPERMERCADO GIRASOL;ProdBEBIDAS;TE LIMON 500ML TUNAL;1.62
3768953;2026-09-28;BQTO07;SUPERMERCADO GIRASOL;ProdBEBIDAS;NARANJADA  500 ML TUNAL;1.7
3768959;2026-09-28;BQTO07;SUPERMERCADO GIRASOL;ProdBEBIDAS;NECTAR DURAZNO 200 ML TUNAL;2.13
3464838;2026-09-01;BQTO07;SUPERMERCADO GIRASOL;ProdDERIV_LACTEOS;QUESO DE CABRA 500G PURISIMA;2.76
3464846;2026-09-01;BQTO07;SUPERMERCADO GIRASOL;ProdEMBUTIDOS;SALCHICHA TIPO VIENA 800GR (24unid) ALIMEX;9.06
3464847;2026-09-01;BQTO07;SUPERMERCADO GIRASOL;ProdEMBUTIDOS;SALCHICHA TIPO VIENA 450GR (22unid) ALIMEX;5.28
3464848;2026-09-01;BQTO07;SUPERMERCADO GIRASOL;ProdEMBUTIDOS;SALCHICHA TIPO VIENA 225G (11unid) ALIMEX;2.87
3768960;2026-09-28;BQTO07;SUPERMERCADO GIRASOL;ProdBEBIDAS;NECTAR MANZANA 200 ML TUNAL;2.13
3492334;2026-09-03;BQTO02;PA TODO PATARATA;ProdBEBIDAS;NARANJADA 1L TUNAL;3.06
3646282;2026-09-17;BQTO02;PA TODO PATARATA;ProdBEBIDAS;NECTAR PERA 1L TUNAL;2.4
3492336;2026-09-03;BQTO02;PA TODO PATARATA;ProdBEBIDAS;NECTAR MANZANA 1L TUNAL;2.4
3492337;2026-09-03;BQTO02;PA TODO PATARATA;ProdBEBIDAS;NECTAR DURAZNO 1L TUNAL;2.4
3492338;2026-09-03;BQTO02;PA TODO PATARATA;ProdBEBIDAS;NECTAR DURAZNO 500 ML TUNAL;1.53
3492339;2026-09-03;BQTO02;PA TODO PATARATA;ProdBEBIDAS;NECTAR MANZANA 500 ML TUNAL;1.53
3492340;2026-09-03;BQTO02;PA TODO PATARATA;ProdBEBIDAS;NECTAR PERA 500 ML TUNAL;1.53
3646286;2026-09-17;BQTO02;PA TODO PATARATA;ProdBEBIDAS;TE DURAZNO 1L TUNAL;2.37
3646295;2026-09-17;BQTO02;PA TODO PATARATA;ProdBEBIDAS;TE LIMON 1L TUNAL;2.37
3646291;2026-09-17;BQTO02;PA TODO PATARATA;ProdBEBIDAS;TE FRUTOS ROJOS 1L TUNAL;2.37
3646340;2026-09-17;BQTO02;PA TODO PATARATA;ProdBEBIDAS_LACT;LECHE COMPLETA LIQUIDA PURISIMA;2.77
3646345;2026-09-17;BQTO02;PA TODO PATARATA;ProdBEBIDAS_LACT;LECHE DESCREMADA LIQUIDA PURISIMA;2.71
3646349;2026-09-17;BQTO02;PA TODO PATARATA;ProdBEBIDAS_LACT;LECHE  DESLACTOSADA LIQUIDA PURISIMA;2.86
3492347;2026-09-03;BQTO02;PA TODO PATARATA;ProdBEBIDAS_LACT;LECHE BARISTA PURISIMA;2.91
3492348;2026-09-03;BQTO02;PA TODO PATARATA;ProdEMBUTIDOS;SALCHICHA TIPO VIENA 800GR (24unid) ALIMEX;10.54
3492349;2026-09-03;BQTO02;PA TODO PATARATA;ProdEMBUTIDOS;SALCHICHA TIPO VIENA 225G (11unid) ALIMEX;3.34
3492350;2026-09-03;BQTO02;PA TODO PATARATA;ProdDERIV_LACTEOS;MANTEQUILLA PURISIMA CON SAL 200G PURISIMA;5.74
3492351;2026-09-03;BQTO02;PA TODO PATARATA;ProdDERIV_LACTEOS;MANTEQUILLA PURISIMA SIN SAL 200G PURISIMA;5.32
3492352;2026-09-03;BQTO02;PA TODO PATARATA;ProdEMBUTIDOS;MORTADELA CCS DE CARNES 900G;3.43
3492353;2026-09-03;BQTO02;PA TODO PATARATA;ProdEMBUTIDOS;MORTADELA CCS DE CARNES 500G;2.03
3793358;2026-09-29;BQTO03;PLAZA CHINA;ProdBEBIDAS_LACT;LECHE COMPLETA LIQUIDA PURISIMA;2.6
3793364;2026-09-29;BQTO03;PLAZA CHINA;ProdBEBIDAS_LACT;LECHE  DESLACTOSADA LIQUIDA PURISIMA;2.6
3793361;2026-09-29;BQTO03;PLAZA CHINA;ProdBEBIDAS_LACT;LECHE DESCREMADA LIQUIDA PURISIMA;2.6
3793369;2026-09-29;BQTO03;PLAZA CHINA;ProdBEBIDAS;NARANJADA 1L TUNAL;2.95
3793372;2026-09-29;BQTO03;PLAZA CHINA;ProdBEBIDAS;NECTAR MANZANA 1L TUNAL;2.95
3793373;2026-09-29;BQTO03;PLAZA CHINA;ProdBEBIDAS;NECTAR PERA 1L TUNAL;2.95
3793377;2026-09-29;BQTO03;PLAZA CHINA;ProdBEBIDAS;NECTAR DURAZNO 1L TUNAL;2.95
3793379;2026-09-29;BQTO03;PLAZA CHINA;ProdBEBIDAS;NECTAR MANZANA LIGHT 1 LITRO TUNAL;3.1
3793381;2026-09-29;BQTO03;PLAZA CHINA;ProdBEBIDAS;NECTAR PERA LIGHT 1 LITRO TUNAL;3.1
3611937;2026-09-15;BQTO03;PLAZA CHINA;ProdBEBIDAS;NECTAR DURAZNO LIGTH 1 LITRO TUNAL;3.1
3611933;2026-09-15;BQTO03;PLAZA CHINA;ProdBEBIDAS;NARANJADA  200 ML TUNAL;0.9
3611934;2026-09-15;BQTO03;PLAZA CHINA;ProdBEBIDAS;NECTAR DURAZNO 200 ML TUNAL;0.9
3611935;2026-09-15;BQTO03;PLAZA CHINA;ProdBEBIDAS;NECTAR MANZANA 200 ML TUNAL;0.9
3645527;2026-09-17;BQTO03;PLAZA CHINA;ProdBEBIDAS;NECTAR PERA 200 ML TUNAL;0.9
3575220;2026-09-11;PLC05;AIKOZ AB. AVENIDA BOLIVAR;ProdBEBIDAS_LACT;LECHE COMPLETA LIQUIDA PURISIMA;2.59
3575221;2026-09-11;PLC05;AIKOZ AB. AVENIDA BOLIVAR;ProdBEBIDAS_LACT;LECHE DESCREMADA LIQUIDA PURISIMA;2.55
3575222;2026-09-11;PLC05;AIKOZ AB. AVENIDA BOLIVAR;ProdBEBIDAS_LACT;LECHE  DESLACTOSADA LIQUIDA PURISIMA;2.69
3652016;2026-09-18;PLC05;AIKOZ AB. AVENIDA BOLIVAR;ProdBEBIDAS_LACT;LECHE BARISTA PURISIMA;2.69
3741179;2026-09-25;PLC05;AIKOZ AB. AVENIDA BOLIVAR;ProdBEBIDAS;NARANJADA 1L TUNAL;2.59
3741180;2026-09-25;PLC05;AIKOZ AB. AVENIDA BOLIVAR;ProdBEBIDAS;NARANJADA  500 ML TUNAL;2.09
3741181;2026-09-25;PLC05;AIKOZ AB. AVENIDA BOLIVAR;ProdBEBIDAS;NECTAR DURAZNO 1L TUNAL;2.11
3741182;2026-09-25;PLC05;AIKOZ AB. AVENIDA BOLIVAR;ProdBEBIDAS;NECTAR PERA 1L TUNAL;2.11
3741183;2026-09-25;PLC05;AIKOZ AB. AVENIDA BOLIVAR;ProdBEBIDAS;TE DURAZNO 1L TUNAL;2.34
3741184;2026-09-25;PLC05;AIKOZ AB. AVENIDA BOLIVAR;ProdBEBIDAS;TE LIMON 1L TUNAL;2.34
3741185;2026-09-25;PLC05;AIKOZ AB. AVENIDA BOLIVAR;ProdBEBIDAS;TE FRUTOS ROJOS 1L TUNAL;2.34
3770632;2026-09-29;VLC03;BALYS GUAYOS GUACARA;ProdBEBIDAS;NARANJADA 1L TUNAL;2.84
3770633;2026-09-29;VLC03;BALYS GUAYOS GUACARA;ProdBEBIDAS;NECTAR DURAZNO 1L TUNAL;2.22
3770634;2026-09-29;VLC03;BALYS GUAYOS GUACARA;ProdBEBIDAS;NECTAR MANZANA 1L TUNAL;2.22
3770635;2026-09-29;VLC03;BALYS GUAYOS GUACARA;ProdBEBIDAS;NECTAR PERA 1L TUNAL;2.22
3770637;2026-09-29;VLC03;BALYS GUAYOS GUACARA;ProdBEBIDAS;TE DURAZNO 1L TUNAL;2.19
3770638;2026-09-29;VLC03;BALYS GUAYOS GUACARA;ProdBEBIDAS;TE LIMON 1L TUNAL;2.19
3770639;2026-09-29;VLC03;BALYS GUAYOS GUACARA;ProdBEBIDAS;TE FRUTOS ROJOS 1L TUNAL;2.19
3770649;2026-09-29;VLC03;BALYS GUAYOS GUACARA;ProdBEBIDAS;NARANJADA  200 ML TUNAL;2.37
3770650;2026-09-29;VLC03;BALYS GUAYOS GUACARA;ProdBEBIDAS;NECTAR DURAZNO 200 ML TUNAL;2.37
3770651;2026-09-29;VLC03;BALYS GUAYOS GUACARA;ProdBEBIDAS;NECTAR MANZANA 200 ML TUNAL;2.37
3770652;2026-09-29;VLC03;BALYS GUAYOS GUACARA;ProdBEBIDAS;NECTAR PERA 200 ML TUNAL;2.37
3770660;2026-09-29;VLC03;BALYS GUAYOS GUACARA;ProdBEBIDAS_LACT;LECHE COMPLETA LIQUIDA PURISIMA;2.38
3770661;2026-09-29;VLC03;BALYS GUAYOS GUACARA;ProdBEBIDAS_LACT;LECHE DESCREMADA LIQUIDA PURISIMA;2.33
3770662;2026-09-29;VLC03;BALYS GUAYOS GUACARA;ProdBEBIDAS_LACT;LECHE  DESLACTOSADA LIQUIDA PURISIMA;2.47
3633702;2026-09-17;VLC03;BALYS GUAYOS GUACARA;ProdJAMONERIA;JAMON PIERNA ALIMEX 98% 5.9kg;11.05
3554067;2026-09-10;VLC03;BALYS GUAYOS GUACARA;ProdJAMONERIA;JAMON DE ESPALDA ALIMEX 4.4KG;9.76
3633704;2026-09-17;VLC03;BALYS GUAYOS GUACARA;ProdEMBUTIDOS;TOCINETA AHUMADA SIN CUERO 3.5KG ALIMEX;18.37
3554066;2026-09-10;VLC03;BALYS GUAYOS GUACARA;ProdJAMONERIA;JAMON COCIDO ESTANDAR ITALICO 5.9kg;9.56
3770672;2026-09-29;VLC03;BALYS GUAYOS GUACARA;ProdDERIV_LACTEOS;MANTEQUILLA PURISIMA SIN SAL 200G PURISIMA;5.29
3770673;2026-09-29;VLC03;BALYS GUAYOS GUACARA;ProdDERIV_LACTEOS;MANTEQUILLA PURISIMA CON SAL 200G PURISIMA;5.26
3770679;2026-09-29;VLC03;BALYS GUAYOS GUACARA;ProdEMBUTIDOS;SALCHICHA TIPO VIENA 800GR (24unid) ALIMEX;9.85
3770680;2026-09-29;VLC03;BALYS GUAYOS GUACARA;ProdEMBUTIDOS;SALCHICHA TIPO VIENA 450GR (22unid) ALIMEX;5.63
3770681;2026-09-29;VLC03;BALYS GUAYOS GUACARA;ProdEMBUTIDOS;SALCHICHA TIPO VIENA 225G (11unid) ALIMEX;3.06
3770685;2026-09-29;VLC03;BALYS GUAYOS GUACARA;ProdDERIV_LACTEOS;CREMA DE LECHE DE 500GR PURISIMA;5.46
3770686;2026-09-29;VLC03;BALYS GUAYOS GUACARA;ProdDERIV_LACTEOS;CREMA DE LECHE DE 250GR PURISIMA;3.24
3643452;2026-09-17;VLC03;BALYS GUAYOS GUACARA;ProdBEBIDAS_LACT;LECHE EN POLVO PURISIMA 900GR;13.29
3643453;2026-09-17;VLC03;BALYS GUAYOS GUACARA;ProdBEBIDAS_LACT;LECHE EN POLVO PURISIMA 200GR;3.36
3643461;2026-09-17;VLC03;BALYS GUAYOS GUACARA;ProdEMBUTIDOS;MORTADELA CCS DE CARNES 900G;3.2
3643479;2026-09-17;VLC03;BALYS GUAYOS GUACARA;ProdEMBUTIDOS;CHORIZO DE CERDO PICANTE PARRILLERO ALIMEX;11.93
3643502;2026-09-17;VLC03;BALYS GUAYOS GUACARA;ProdHUEVOS;HUEVO EMPACADO- ESTUCHADO 1X12 TUNAL;2.71
3643504;2026-09-17;VLC03;BALYS GUAYOS GUACARA;ProdHUEVOS;HUEVO EMPACADO- ESTUCHADO 15 und TUNAL;3.55
3554055;2026-09-10;VLC03;BALYS GUAYOS GUACARA;ProdBEBIDAS;NARANJADA  500 ML TUNAL;1.96
3799603;2026-09-30;PLC09;KALIMAN I;ProdBEBIDAS_LACT;LECHE COMPLETA LIQUIDA PURISIMA;2.39
3799604;2026-09-30;PLC09;KALIMAN I;ProdBEBIDAS_LACT;LECHE  DESLACTOSADA LIQUIDA PURISIMA;2.39
3799610;2026-09-30;PLC09;KALIMAN I;ProdBEBIDAS_LACT;LECHE EN POLVO PURISIMA 200GR;3.05
3491512;2026-09-03;PLC09;KALIMAN I;ProdBEBIDAS_LACT;LECHE DESCREMADA LIQUIDA PURISIMA;2.39
3629478;2026-09-16;PLC09;KALIMAN I;ProdBEBIDAS_LACT;LECHE BARISTA PURISIMA;3.05
3799609;2026-09-30;PLC09;KALIMAN I;ProdBEBIDAS_LACT;LECHE EN POLVO PURISIMA 400GR;5.95
3799608;2026-09-30;PLC09;KALIMAN I;ProdBEBIDAS_LACT;LECHE EN POLVO PURISIMA 900GR;11.99
3574151;2026-09-11;CCS08;MI NEGOCIO LA FLORIDA;ProdBEBIDAS_LACT;LECHE BARISTA PURISIMA;2.9
3574152;2026-09-11;CCS08;MI NEGOCIO LA FLORIDA;ProdBEBIDAS_LACT;LECHE COMPLETA LIQUIDA PURISIMA;2.76
3574153;2026-09-11;CCS08;MI NEGOCIO LA FLORIDA;ProdBEBIDAS_LACT;LECHE DESCREMADA LIQUIDA PURISIMA;2.7
3574154;2026-09-11;CCS08;MI NEGOCIO LA FLORIDA;ProdBEBIDAS_LACT;LECHE  DESLACTOSADA LIQUIDA PURISIMA;2.85
3574157;2026-09-11;CCS08;MI NEGOCIO LA FLORIDA;ProdDERIV_LACTEOS;MANTEQUILLA PURISIMA SIN SAL 200G PURISIMA;5.68
3574158;2026-09-11;CCS08;MI NEGOCIO LA FLORIDA;ProdDERIV_LACTEOS;MANTEQUILLA PURISIMA CON SAL 200G PURISIMA;6.12
3529404;2026-09-08;CCS08;MI NEGOCIO LA FLORIDA;ProdEMBUTIDOS;SALCHICHA TIPO VIENA 225G (11unid) ALIMEX;3.56
3736349;2026-09-25;CCS08;MI NEGOCIO LA FLORIDA;ProdEMBUTIDOS;SALCHICHA TIPO VIENA 450GR (22unid) ALIMEX;6.55
3497334;2026-09-04;CCS08;MI NEGOCIO LA FLORIDA;ProdEMBUTIDOS;MORTADELA CCS DE CARNES 1KG;3.65
3574170;2026-09-11;CCS08;MI NEGOCIO LA FLORIDA;ProdBEBIDAS;NARANJADA  200 ML TUNAL;2.93
3574171;2026-09-11;CCS08;MI NEGOCIO LA FLORIDA;ProdBEBIDAS;NECTAR MANZANA 200 ML TUNAL;2.9
3574172;2026-09-11;CCS08;MI NEGOCIO LA FLORIDA;ProdBEBIDAS;NECTAR PERA 200 ML TUNAL;2.9
3574173;2026-09-11;CCS08;MI NEGOCIO LA FLORIDA;ProdBEBIDAS;NECTAR DURAZNO 200 ML TUNAL;2.9
3574174;2026-09-11;CCS08;MI NEGOCIO LA FLORIDA;ProdBEBIDAS;JUGO NARANJA LIGTH 1 LITRO TUNAL;2.58
3574175;2026-09-11;CCS08;MI NEGOCIO LA FLORIDA;ProdBEBIDAS;NECTAR MANZANA LIGHT 1 LITRO TUNAL;2.55
3574176;2026-09-11;CCS08;MI NEGOCIO LA FLORIDA;ProdBEBIDAS;NECTAR PERA LIGHT 1 LITRO TUNAL;2.55
3574177;2026-09-11;CCS08;MI NEGOCIO LA FLORIDA;ProdBEBIDAS;NARANJADA 1L TUNAL;3.11
3574178;2026-09-11;CCS08;MI NEGOCIO LA FLORIDA;ProdBEBIDAS;NECTAR MANZANA 1L TUNAL;2.42
3574179;2026-09-11;CCS08;MI NEGOCIO LA FLORIDA;ProdBEBIDAS;NECTAR PERA 1L TUNAL;2.42
3574180;2026-09-11;CCS08;MI NEGOCIO LA FLORIDA;ProdBEBIDAS;NECTAR DURAZNO 1L TUNAL;2.42
3736341;2026-09-25;CCS08;MI NEGOCIO LA FLORIDA;ProdDERIV_LACTEOS;CREMA DE LECHE DE 500GR PURISIMA;6.36
3736342;2026-09-25;CCS08;MI NEGOCIO LA FLORIDA;ProdDERIV_LACTEOS;CREMA DE LECHE DE 250GR PURISIMA;3.76
3736343;2026-09-25;CCS08;MI NEGOCIO LA FLORIDA;ProdDERIV_LACTEOS;QUESO DE CABRA 500G PURISIMA;29.9
3574192;2026-09-11;CCS08;MI NEGOCIO LA FLORIDA;ProdBEBIDAS_LACT;LECHE EN POLVO PURISIMA 400GR;7.06
3574193;2026-09-11;CCS08;MI NEGOCIO LA FLORIDA;ProdBEBIDAS_LACT;LECHE EN POLVO PURISIMA 900GR;14.2
3580334;2026-09-11;VLC03;CATANIA LA ISABELICA;ProdJAMONERIA;JAMON PIERNA ALIMEX 98% 5.9kg;11.79
3766383;2026-09-28;VLC03;CATANIA LA ISABELICA;ProdJAMONERIA;JAMON COCIDO ESTANDAR ITALICO 5.9kg;10.2
3580336;2026-09-11;VLC03;CATANIA LA ISABELICA;ProdJAMONERIA;JAMON DE ESPALDA ALIMEX 4.4KG;10.39
3580352;2026-09-11;VLC03;CATANIA LA ISABELICA;ProdEMBUTIDOS;TOCINETA AHUMADA SIN CUERO 3.5KG ALIMEX;18.62
3580341;2026-09-11;VLC03;CATANIA LA ISABELICA;ProdJAMONERIA;JAMON AREPERO AHUMADO;11.69
3580351;2026-09-11;VLC03;CATANIA LA ISABELICA;ProdJAMONERIA;JAMON AHUMADO VISKING ITALICO 3.5 KG;11.73
3580338;2026-09-11;VLC03;CATANIA LA ISABELICA;ProdEMBUTIDOS;MORTADELA TAPARA Alimex;12.79
3580347;2026-09-11;VLC03;CATANIA LA ISABELICA;ProdDERIV_LACTEOS;QUESO DE CABRA 500G PURISIMA;17.04
3580348;2026-09-11;VLC03;CATANIA LA ISABELICA;ProdDERIV_LACTEOS;Queso amarillo Purisima semimadurado disco 500gr;23.99
3580331;2026-09-11;VLC03;CATANIA LA ISABELICA;ProdEMBUTIDOS;CHORIZO DE CERDO AHUMADO PARRILLERO ALIMEX;13.04
3580332;2026-09-11;VLC03;CATANIA LA ISABELICA;ProdEMBUTIDOS;CHORIZO DE CERDO PICANTE PARRILLERO ALIMEX;12.24
3580354;2026-09-11;VLC03;CATANIA LA ISABELICA;ProdDERIV_LACTEOS;CREMA DE LECHE DE 500GR PURISIMA;5.88
3580356;2026-09-11;VLC03;CATANIA LA ISABELICA;ProdDERIV_LACTEOS;CREMA DE LECHE DE 250GR PURISIMA;3.48
3580363;2026-09-11;VLC03;CATANIA LA ISABELICA;ProdEMBUTIDOS;MORTADELA CCS DE CARNES 500G;1.99
3580364;2026-09-11;VLC03;CATANIA LA ISABELICA;ProdEMBUTIDOS;MORTADELA CCS DE CARNES 900G;3.67
3580366;2026-09-11;VLC03;CATANIA LA ISABELICA;ProdEMBUTIDOS;MORTADELA de Pollo Caracas 900gr;3.65
3580370;2026-09-11;VLC03;CATANIA LA ISABELICA;ProdEMBUTIDOS;SALCHICHA TIPO VIENA 800GR (24unid) ALIMEX;10.24
3580371;2026-09-11;VLC03;CATANIA LA ISABELICA;ProdEMBUTIDOS;SALCHICHA TIPO VIENA 450GR (22unid) ALIMEX;5.97
3580372;2026-09-11;VLC03;CATANIA LA ISABELICA;ProdEMBUTIDOS;SALCHICHA TIPO VIENA 225G (11unid) ALIMEX;3.25
3580375;2026-09-11;VLC03;CATANIA LA ISABELICA;ProdHUEVOS;HUEVO EMPACADO- ESTUCHADO 1X12 TUNAL;2.79
3742228;2026-09-25;VLC03;CATANIA LA ISABELICA;ProdBEBIDAS;TE DURAZNO 1L TUNAL;2.19
3742229;2026-09-25;VLC03;CATANIA LA ISABELICA;ProdBEBIDAS;TE FRUTOS ROJOS 1L TUNAL;2.19
3742234;2026-09-25;VLC03;CATANIA LA ISABELICA;ProdBEBIDAS;NARANJADA  200 ML TUNAL;2.74
3742235;2026-09-25;VLC03;CATANIA LA ISABELICA;ProdBEBIDAS;NECTAR DURAZNO 200 ML TUNAL;2.69
3742236;2026-09-25;VLC03;CATANIA LA ISABELICA;ProdBEBIDAS;NECTAR MANZANA 200 ML TUNAL;2.69
3742237;2026-09-25;VLC03;CATANIA LA ISABELICA;ProdBEBIDAS;NECTAR PERA 200 ML TUNAL;2.69
3742242;2026-09-25;VLC03;CATANIA LA ISABELICA;ProdBEBIDAS;NARANJADA 1L TUNAL;2.89
3742243;2026-09-25;VLC03;CATANIA LA ISABELICA;ProdBEBIDAS;NECTAR DURAZNO 1L TUNAL;2.19
3742244;2026-09-25;VLC03;CATANIA LA ISABELICA;ProdBEBIDAS;NECTAR MANZANA 1L TUNAL;2.19
3742245;2026-09-25;VLC03;CATANIA LA ISABELICA;ProdBEBIDAS;NECTAR PERA 1L TUNAL;2.19
3742249;2026-09-25;VLC03;CATANIA LA ISABELICA;ProdBEBIDAS_LACT;LECHE EN POLVO PURISIMA 200GR;3.5
3742248;2026-09-25;VLC03;CATANIA LA ISABELICA;ProdBEBIDAS_LACT;LECHE EN POLVO PURISIMA 400GR;6.89
3742254;2026-09-25;VLC03;CATANIA LA ISABELICA;ProdBEBIDAS_LACT;LECHE COMPLETA LIQUIDA PURISIMA;2.29
3742255;2026-09-25;VLC03;CATANIA LA ISABELICA;ProdBEBIDAS_LACT;LECHE DESCREMADA LIQUIDA PURISIMA;2.29
3742256;2026-09-25;VLC03;CATANIA LA ISABELICA;ProdBEBIDAS_LACT;LECHE  DESLACTOSADA LIQUIDA PURISIMA;2.39
3742257;2026-09-25;VLC03;CATANIA LA ISABELICA;ProdBEBIDAS_LACT;LECHE COMPLETA BARISTA LIQUIDA PURISIMA;2.83
3580359;2026-09-11;VLC03;CATANIA LA ISABELICA;ProdDERIV_LACTEOS;MANTEQUILLA PURISIMA SIN SAL 200G PURISIMA;5.18
3580360;2026-09-11;VLC03;CATANIA LA ISABELICA;ProdDERIV_LACTEOS;MANTEQUILLA PURISIMA CON SAL 200G PURISIMA;5.59
3742199;2026-09-25;VLC03;CATANIA LA ISABELICA;ProdJAMONERIA;JAMON AHUMADO VISKING ALIMEX 3.3 KG;14.79
3742211;2026-09-25;VLC03;CATANIA LA ISABELICA;ProdEMBUTIDOS;MORTADELA DE POLLO DE 1 KG;3.65
3580376;2026-09-11;VLC03;CATANIA LA ISABELICA;ProdHUEVOS;HUEVO EMPACADO- 1X12 PLASTICO TUNAL;2.79
3799100;2026-09-30;PLC04;NOVA ENCRUCIJADA;ProdBEBIDAS_LACT;LECHE COMPLETA LIQUIDA PURISIMA;2.39
3799101;2026-09-30;PLC04;NOVA ENCRUCIJADA;ProdBEBIDAS_LACT;LECHE DESCREMADA LIQUIDA PURISIMA;2.39
3572939;2026-09-11;PLC04;NOVA ENCRUCIJADA;ProdBEBIDAS_LACT;LECHE  DESLACTOSADA LIQUIDA PURISIMA;2.39
3497139;2026-09-04;PLC04;NOVA ENCRUCIJADA;ProdBEBIDAS_LACT;Leche en polvo Purisima 1kg;11.7
3497140;2026-09-04;PLC04;NOVA ENCRUCIJADA;ProdBEBIDAS_LACT;Leche en polvo Purisima 500gr;5.5
3714856;2026-09-23;PLC04;NOVA ENCRUCIJADA;ProdBEBIDAS_LACT;LECHE BARISTA PURISIMA;2.39
3572943;2026-09-11;PLC04;NOVA ENCRUCIJADA;ProdBEBIDAS_LACT;LECHE EN POLVO PURISIMA 900GR;11.7
3572945;2026-09-11;PLC04;NOVA ENCRUCIJADA;ProdBEBIDAS_LACT;LECHE EN POLVO PURISIMA 200GR;2.8
3572944;2026-09-11;PLC04;NOVA ENCRUCIJADA;ProdBEBIDAS_LACT;LECHE EN POLVO PURISIMA 400GR;5.5
3464124;2026-09-01;BQTO06;HIPERMERCADO SOL;ProdBEBIDAS;TE DURAZNO 1L TUNAL;2.34
3464212;2026-09-01;BQTO06;HIPERMERCADO SOL;ProdBEBIDAS;TE DURAZNO 500ML TUNAL;1.6
3618504;2026-09-15;BQTO06;HIPERMERCADO SOL;ProdBEBIDAS;TE LIMON 1L TUNAL;2.34
3464138;2026-09-01;BQTO06;HIPERMERCADO SOL;ProdBEBIDAS;TE LIMON 500ML TUNAL;1.28
3618498;2026-09-15;BQTO06;HIPERMERCADO SOL;ProdBEBIDAS;NARANJADA 1L TUNAL;3.04
3618501;2026-09-15;BQTO06;HIPERMERCADO SOL;ProdBEBIDAS;NECTAR DURAZNO 1L TUNAL;2.22
3464190;2026-09-01;BQTO06;HIPERMERCADO SOL;ProdBEBIDAS;NECTAR MANZANA 1L TUNAL;2.22
3464194;2026-09-01;BQTO06;HIPERMERCADO SOL;ProdBEBIDAS;NECTAR PERA 1L TUNAL;2.22
3464197;2026-09-01;BQTO06;HIPERMERCADO SOL;ProdBEBIDAS;NARANJADA  200 ML TUNAL;0.92
3464200;2026-09-01;BQTO06;HIPERMERCADO SOL;ProdBEBIDAS;NECTAR DURAZNO 200 ML TUNAL;0.9
3618507;2026-09-15;BQTO06;HIPERMERCADO SOL;ProdBEBIDAS;NECTAR MANZANA 200 ML TUNAL;0.9
3464206;2026-09-01;BQTO06;HIPERMERCADO SOL;ProdBEBIDAS;NECTAR PERA 200 ML TUNAL;0.9
3464209;2026-09-01;BQTO06;HIPERMERCADO SOL;ProdBEBIDAS;NARANJADA  500 ML TUNAL;2.09
3464224;2026-09-01;BQTO06;HIPERMERCADO SOL;ProdBEBIDAS_LACT;LECHE BARISTA PURISIMA;2.83
3464225;2026-09-01;BQTO06;HIPERMERCADO SOL;ProdBEBIDAS_LACT;LECHE COMPLETA LIQUIDA PURISIMA;2.7
3464226;2026-09-01;BQTO06;HIPERMERCADO SOL;ProdBEBIDAS_LACT;LECHE DESCREMADA LIQUIDA PURISIMA;2.79
3464227;2026-09-01;BQTO06;HIPERMERCADO SOL;ProdBEBIDAS_LACT;LECHE  DESLACTOSADA LIQUIDA PURISIMA;2.8
3464230;2026-09-01;BQTO06;HIPERMERCADO SOL;ProdDERIV_LACTEOS;MANTEQUILLA PURISIMA SIN SAL 200G PURISIMA;5.53
3464231;2026-09-01;BQTO06;HIPERMERCADO SOL;ProdDERIV_LACTEOS;MANTEQUILLA PURISIMA CON SAL 200G PURISIMA;5.96
3464234;2026-09-01;BQTO06;HIPERMERCADO SOL;ProdDERIV_LACTEOS;CREMA DE LECHE DE 500GR PURISIMA;6.19
3464235;2026-09-01;BQTO06;HIPERMERCADO SOL;ProdDERIV_LACTEOS;CREMA DE LECHE DE 250GR PURISIMA;3.67
3464240;2026-09-01;BQTO06;HIPERMERCADO SOL;ProdEMBUTIDOS;SALCHICHA TIPO VIENA 800GR (24unid) ALIMEX;10.26
3464241;2026-09-01;BQTO06;HIPERMERCADO SOL;ProdEMBUTIDOS;SALCHICHA TIPO VIENA 450GR (22unid) ALIMEX;5.99
3464242;2026-09-01;BQTO06;HIPERMERCADO SOL;ProdEMBUTIDOS;SALCHICHA TIPO VIENA 225G (11unid) ALIMEX;2.28
3549233;2026-09-09;CCS07;EMPORIUM GUARENAS MIRANDA;ProdBEBIDAS;TE DURAZNO 1L TUNAL;2.49
3549235;2026-09-09;CCS07;EMPORIUM GUARENAS MIRANDA;ProdBEBIDAS;TE LIMON 1L TUNAL;2.49
3549237;2026-09-09;CCS07;EMPORIUM GUARENAS MIRANDA;ProdBEBIDAS;TE FRUTOS ROJOS 1L TUNAL;2.49
3549257;2026-09-09;CCS07;EMPORIUM GUARENAS MIRANDA;ProdBEBIDAS;NECTAR MANZANA LIGHT 1 LITRO TUNAL;2.55
3549259;2026-09-09;CCS07;EMPORIUM GUARENAS MIRANDA;ProdBEBIDAS;NECTAR PERA LIGHT 1 LITRO TUNAL;2.55
3549261;2026-09-09;CCS07;EMPORIUM GUARENAS MIRANDA;ProdBEBIDAS;NECTAR DURAZNO LIGTH 1 LITRO TUNAL;2.55
3549239;2026-09-09;CCS07;EMPORIUM GUARENAS MIRANDA;ProdBEBIDAS;NARANJADA  200 ML TUNAL;2.85
3549241;2026-09-09;CCS07;EMPORIUM GUARENAS MIRANDA;ProdBEBIDAS;NECTAR MANZANA 200 ML TUNAL;2.85
3549243;2026-09-09;CCS07;EMPORIUM GUARENAS MIRANDA;ProdBEBIDAS;NECTAR PERA 200 ML TUNAL;2.85
3549245;2026-09-09;CCS07;EMPORIUM GUARENAS MIRANDA;ProdBEBIDAS;NECTAR DURAZNO 200 ML TUNAL;2.85
3549247;2026-09-09;CCS07;EMPORIUM GUARENAS MIRANDA;ProdBEBIDAS;NARANJADA 1L TUNAL;3.15
3549249;2026-09-09;CCS07;EMPORIUM GUARENAS MIRANDA;ProdBEBIDAS;NECTAR MANZANA 1L TUNAL;2.49
3549253;2026-09-09;CCS07;EMPORIUM GUARENAS MIRANDA;ProdBEBIDAS;NECTAR PERA 1L TUNAL;2.49
3549255;2026-09-09;CCS07;EMPORIUM GUARENAS MIRANDA;ProdBEBIDAS;NECTAR DURAZNO 1L TUNAL;2.49
3617458;2026-09-16;CCS07;EMPORIUM GUARENAS MIRANDA;ProdHUEVOS;HUEVO EMPACADO- ESTUCHADO 1X6 TUNAL;1.55
3617457;2026-09-16;CCS07;EMPORIUM GUARENAS MIRANDA;ProdHUEVOS;HUEVO EMPACADO- 1X12 PLASTICO TUNAL;3.15
3549272;2026-09-09;CCS07;EMPORIUM GUARENAS MIRANDA;ProdBEBIDAS_LACT;LECHE BARISTA PURISIMA;3.45
3549274;2026-09-09;CCS07;EMPORIUM GUARENAS MIRANDA;ProdBEBIDAS_LACT;LECHE COMPLETA LIQUIDA PURISIMA;2.55
3549276;2026-09-09;CCS07;EMPORIUM GUARENAS MIRANDA;ProdBEBIDAS_LACT;LECHE DESCREMADA LIQUIDA PURISIMA;2.49
3549277;2026-09-09;CCS07;EMPORIUM GUARENAS MIRANDA;ProdBEBIDAS_LACT;LECHE  DESLACTOSADA LIQUIDA PURISIMA;2.59
3787490;2026-09-29;MCY01;AUTOMERCADO CATANIA;ProdBEBIDAS_LACT;LECHE COMPLETA LIQUIDA PURISIMA;2.29
3787491;2026-09-29;MCY01;AUTOMERCADO CATANIA;ProdBEBIDAS_LACT;LECHE DESCREMADA LIQUIDA PURISIMA;2.29
3787492;2026-09-29;MCY01;AUTOMERCADO CATANIA;ProdBEBIDAS_LACT;LECHE  DESLACTOSADA LIQUIDA PURISIMA;2.29
3787493;2026-09-29;MCY01;AUTOMERCADO CATANIA;ProdBEBIDAS_LACT;LECHE BARISTA PURISIMA;2.68
3519770;2026-09-01;MCY01;AUTOMERCADO CATANIA;ProdBEBIDAS_LACT;Leche en polvo Purisima 500gr;6.9
3519792;2026-09-01;MCY01;AUTOMERCADO CATANIA;ProdBEBIDAS;NARANJADA  200 ML TUNAL;2.74
3519794;2026-09-01;MCY01;AUTOMERCADO CATANIA;ProdBEBIDAS;NECTAR DURAZNO 200 ML TUNAL;2.7
3519796;2026-09-01;MCY01;AUTOMERCADO CATANIA;ProdBEBIDAS;NECTAR MANZANA 200 ML TUNAL;2.7
3519798;2026-09-01;MCY01;AUTOMERCADO CATANIA;ProdBEBIDAS;NECTAR PERA 200 ML TUNAL;2.7
3787502;2026-09-29;MCY01;AUTOMERCADO CATANIA;ProdDERIV_LACTEOS;MANTEQUILLA PURISIMA SIN SAL 200G PURISIMA;5.18
3787501;2026-09-29;MCY01;AUTOMERCADO CATANIA;ProdDERIV_LACTEOS;MANTEQUILLA PURISIMA CON SAL 200G PURISIMA;5.59
3633222;2026-09-15;MCY01;AUTOMERCADO CATANIA;ProdEMBUTIDOS;SALCHICHA TIPO VIENA 225G (11unid) ALIMEX;3.25
3633226;2026-09-15;MCY01;AUTOMERCADO CATANIA;ProdEMBUTIDOS;SALCHICHA TIPO VIENA 450GR (22unid) ALIMEX;5.98
3633229;2026-09-15;MCY01;AUTOMERCADO CATANIA;ProdEMBUTIDOS;SALCHICHA TIPO VIENA 800GR (24unid) ALIMEX;10.25
3787506;2026-09-29;MCY01;AUTOMERCADO CATANIA;ProdDERIV_LACTEOS;CREMA DE LECHE DE 500GR PURISIMA;5.89
3787507;2026-09-29;MCY01;AUTOMERCADO CATANIA;ProdDERIV_LACTEOS;CREMA DE LECHE DE 250GR PURISIMA;3.48
3787512;2026-09-29;MCY01;AUTOMERCADO CATANIA;ProdBEBIDAS;NARANJADA 1L TUNAL;2.6
3787513;2026-09-29;MCY01;AUTOMERCADO CATANIA;ProdBEBIDAS;NECTAR DURAZNO 1L TUNAL;1.98
3787514;2026-09-29;MCY01;AUTOMERCADO CATANIA;ProdBEBIDAS;NECTAR MANZANA 1L TUNAL;1.98
3787515;2026-09-29;MCY01;AUTOMERCADO CATANIA;ProdBEBIDAS;NECTAR PERA 1L TUNAL;1.98
3787498;2026-09-29;MCY01;AUTOMERCADO CATANIA;ProdEMBUTIDOS;CHORIZO DE CERDO AHUMADO PARRILLERO ALIMEX;13.04
3633236;2026-09-15;MCY01;AUTOMERCADO CATANIA;ProdEMBUTIDOS;CHORIZO DE CERDO PICANTE PARRILLERO ALIMEX;12.24
3633250;2026-09-15;MCY01;AUTOMERCADO CATANIA;ProdEMBUTIDOS;MORTADELA CCS DE CARNES 500G;2
3633247;2026-09-15;MCY01;AUTOMERCADO CATANIA;ProdEMBUTIDOS;MORTADELA CCS DE CARNES 900G;3.67
3519903;2026-09-03;MCY01;AUTOMERCADO CATANIA;ProdEMBUTIDOS;MORTADELA de Pollo Caracas 900gr;3.65
3787494;2026-09-29;MCY01;AUTOMERCADO CATANIA;ProdBEBIDAS_LACT;LECHE EN POLVO PURISIMA 400GR;6.34
3787495;2026-09-29;MCY01;AUTOMERCADO CATANIA;ProdBEBIDAS_LACT;LECHE EN POLVO PURISIMA 200GR;3.22
3633245;2026-09-15;MCY01;AUTOMERCADO CATANIA;ProdEMBUTIDOS;MORTADELA DE POLLO DE 1 KG;3.65
3459262;2026-09-01;BQTO02;FRIGORIFICO POLLERA NUEVA SEGOVIA;ProdEMBUTIDOS;TOCINETA AHUMADA SIN CUERO 3.5KG ALIMEX;19.98
3772478;2026-09-29;BQTO02;FRIGORIFICO POLLERA NUEVA SEGOVIA;ProdEMBUTIDOS;SALCHICHA TIPO VIENA 450GR (22unid) ALIMEX;6.22
3772479;2026-09-29;BQTO02;FRIGORIFICO POLLERA NUEVA SEGOVIA;ProdEMBUTIDOS;SALCHICHA TIPO VIENA 225G (11unid) ALIMEX;3.39
3459260;2026-09-01;BQTO02;FRIGORIFICO POLLERA NUEVA SEGOVIA;ProdJAMONERIA;JAMON PIERNA ALIMEX 98% 5.9kg;11.4
3459261;2026-09-01;BQTO02;FRIGORIFICO POLLERA NUEVA SEGOVIA;ProdJAMONERIA;JAMON DE ESPALDA ALIMEX 4.4KG;10.95
3459263;2026-09-01;BQTO02;FRIGORIFICO POLLERA NUEVA SEGOVIA;ProdJAMONERIA;JAMON AREPERO AHUMADO;11.8
3459264;2026-09-01;BQTO02;FRIGORIFICO POLLERA NUEVA SEGOVIA;ProdJAMONERIA;JAMON AHUMADO VISKING ALIMEX 3.3 KG;14.65
3459265;2026-09-01;BQTO02;FRIGORIFICO POLLERA NUEVA SEGOVIA;ProdJAMONERIA;JAMON AHUMADO VISKING ITALICO 3.5 KG;12.3
3772467;2026-09-29;BQTO02;FRIGORIFICO POLLERA NUEVA SEGOVIA;ProdBEBIDAS_LACT;LECHE COMPLETA LIQUIDA PURISIMA;2.76
3772468;2026-09-29;BQTO02;FRIGORIFICO POLLERA NUEVA SEGOVIA;ProdBEBIDAS_LACT;LECHE DESCREMADA LIQUIDA PURISIMA;2.72
3772466;2026-09-29;BQTO02;FRIGORIFICO POLLERA NUEVA SEGOVIA;ProdBEBIDAS_LACT;LECHE  DESLACTOSADA LIQUIDA PURISIMA;2.88
3772469;2026-09-29;BQTO02;FRIGORIFICO POLLERA NUEVA SEGOVIA;ProdBEBIDAS;NARANJADA 1L TUNAL;2.95
3772470;2026-09-29;BQTO02;FRIGORIFICO POLLERA NUEVA SEGOVIA;ProdBEBIDAS;NECTAR DURAZNO 1L TUNAL;2.3
3772472;2026-09-29;BQTO02;FRIGORIFICO POLLERA NUEVA SEGOVIA;ProdBEBIDAS;NECTAR PERA 1L TUNAL;2.3
3772471;2026-09-29;BQTO02;FRIGORIFICO POLLERA NUEVA SEGOVIA;ProdBEBIDAS;NECTAR MANZANA 1L TUNAL;2.3
3772480;2026-09-29;BQTO02;FRIGORIFICO POLLERA NUEVA SEGOVIA;ProdDERIV_LACTEOS;CREMA DE LECHE DE 500GR PURISIMA;5.3
3772481;2026-09-29;BQTO02;FRIGORIFICO POLLERA NUEVA SEGOVIA;ProdDERIV_LACTEOS;CREMA DE LECHE DE 250GR PURISIMA;3.19
3772464;2026-09-29;BQTO02;FRIGORIFICO POLLERA NUEVA SEGOVIA;ProdDERIV_LACTEOS;MANTEQUILLA PURISIMA SIN SAL 200G PURISIMA;5.1
3772465;2026-09-29;BQTO02;FRIGORIFICO POLLERA NUEVA SEGOVIA;ProdDERIV_LACTEOS;MANTEQUILLA PURISIMA CON SAL 200G PURISIMA;5.5
3772477;2026-09-29;BQTO02;FRIGORIFICO POLLERA NUEVA SEGOVIA;ProdEMBUTIDOS;SALCHICHA TIPO VIENA 800GR (24unid) ALIMEX;9.6
3772473;2026-09-29;BQTO02;FRIGORIFICO POLLERA NUEVA SEGOVIA;ProdBEBIDAS;JUGO NARANJA LIGTH 1 LITRO TUNAL;2.45
3772474;2026-09-29;BQTO02;FRIGORIFICO POLLERA NUEVA SEGOVIA;ProdBEBIDAS;TE DURAZNO 1L TUNAL;2.27
3772475;2026-09-29;BQTO02;FRIGORIFICO POLLERA NUEVA SEGOVIA;ProdBEBIDAS;TE LIMON 1L TUNAL;2.27
3772476;2026-09-29;BQTO02;FRIGORIFICO POLLERA NUEVA SEGOVIA;ProdBEBIDAS;TE FRUTOS ROJOS 1L TUNAL;2.27
3767745;2026-09-28;VLC02;KROMI NORTE;ProdBEBIDAS_LACT;LECHE BARISTA PURISIMA;3.09
3767746;2026-09-28;VLC02;KROMI NORTE;ProdBEBIDAS_LACT;LECHE COMPLETA LIQUIDA PURISIMA;2.53
3767747;2026-09-28;VLC02;KROMI NORTE;ProdBEBIDAS_LACT;LECHE DESCREMADA LIQUIDA PURISIMA;2.41
3767748;2026-09-28;VLC02;KROMI NORTE;ProdBEBIDAS_LACT;LECHE  DESLACTOSADA LIQUIDA PURISIMA;2.61
3767750;2026-09-28;VLC02;KROMI NORTE;ProdDERIV_LACTEOS;CREMA DE LECHE DE 500GR PURISIMA;5.51
3767749;2026-09-28;VLC02;KROMI NORTE;ProdDERIV_LACTEOS;CREMA DE LECHE DE 250GR PURISIMA;3.42
3767753;2026-09-28;VLC02;KROMI NORTE;ProdEMBUTIDOS;SALCHICHA TIPO VIENA 800GR (24unid) ALIMEX;9.35
3767754;2026-09-28;VLC02;KROMI NORTE;ProdEMBUTIDOS;SALCHICHA TIPO VIENA 450GR (22unid) ALIMEX;5.45
3670747;2026-09-21;VLC02;KROMI NORTE;ProdEMBUTIDOS;SALCHICHA TIPO VIENA 225G (11unid) ALIMEX;3.34
3767752;2026-09-28;VLC02;KROMI NORTE;ProdDERIV_LACTEOS;MANTEQUILLA PURISIMA SIN SAL 200G PURISIMA;5.65
3767751;2026-09-28;VLC02;KROMI NORTE;ProdDERIV_LACTEOS;MANTEQUILLA PURISIMA CON SAL 200G PURISIMA;6.1
3767743;2026-09-28;VLC02;KROMI NORTE;ProdBEBIDAS_LACT;LECHE EN POLVO PURISIMA 900GR;12.7
3767744;2026-09-28;VLC02;KROMI NORTE;ProdBEBIDAS_LACT;LECHE EN POLVO PURISIMA 400GR;6.2
3767757;2026-09-28;VLC02;KROMI NORTE;ProdJAMONERIA;JAMON PIERNA ALIMEX 98% 5.9kg;11.45
3767759;2026-09-28;VLC02;KROMI NORTE;ProdJAMONERIA;JAMON AHUMADO VISKING ALIMEX 3.3 KG;12.5
3767761;2026-09-28;VLC02;KROMI NORTE;ProdJAMONERIA;JAMON AREPERO AHUMADO;11
3767764;2026-09-28;VLC02;KROMI NORTE;ProdEMBUTIDOS;TOCINETA AHUMADA SIN CUERO 3.5KG ALIMEX;16.4
3767765;2026-09-28;VLC02;KROMI NORTE;ProdEMBUTIDOS;MORTADELA TAPARA Alimex;12.2
3777032;2026-09-29;PLC02;AIKOZ  AV. LECHERIA;ProdBEBIDAS_LACT;LECHE COMPLETA LIQUIDA PURISIMA;2.59
3777033;2026-09-29;PLC02;AIKOZ  AV. LECHERIA;ProdBEBIDAS_LACT;LECHE DESCREMADA LIQUIDA PURISIMA;2.55
3777034;2026-09-29;PLC02;AIKOZ  AV. LECHERIA;ProdBEBIDAS_LACT;LECHE  DESLACTOSADA LIQUIDA PURISIMA;2.69
3777056;2026-09-29;PLC02;AIKOZ  AV. LECHERIA;ProdDERIV_LACTEOS;MANTEQUILLA PURISIMA SIN SAL 200G PURISIMA;5.47
3777055;2026-09-29;PLC02;AIKOZ  AV. LECHERIA;ProdDERIV_LACTEOS;MANTEQUILLA PURISIMA CON SAL 200G PURISIMA;5.9
3777065;2026-09-29;PLC02;AIKOZ  AV. LECHERIA;ProdEMBUTIDOS;SALCHICHA TIPO VIENA 800GR (24unid) ALIMEX;11.07
3763395;2026-09-28;PLC02;AIKOZ  AV. LECHERIA;ProdEMBUTIDOS;SALCHICHA TIPO VIENA 450GR (22unid) ALIMEX;6.11
3777066;2026-09-29;PLC02;AIKOZ  AV. LECHERIA;ProdEMBUTIDOS;SALCHICHA TIPO VIENA 225G (11unid) ALIMEX;3.33
3777049;2026-09-29;PLC02;AIKOZ  AV. LECHERIA;ProdBEBIDAS;NECTAR MANZANA 200 ML TUNAL;3.12
3777050;2026-09-29;PLC02;AIKOZ  AV. LECHERIA;ProdBEBIDAS;NECTAR PERA 200 ML TUNAL;3.12
3777040;2026-09-29;PLC02;AIKOZ  AV. LECHERIA;ProdBEBIDAS;NARANJADA 1L TUNAL;3
3777052;2026-09-29;PLC02;AIKOZ  AV. LECHERIA;ProdBEBIDAS;NARANJADA  500 ML TUNAL;2.42
3777041;2026-09-29;PLC02;AIKOZ  AV. LECHERIA;ProdBEBIDAS;NECTAR MANZANA 1L TUNAL;2.45
3567288;2026-09-10;PLC02;AIKOZ  AV. LECHERIA;ProdBEBIDAS;NECTAR DURAZNO 1L TUNAL;2.45
3777043;2026-09-29;PLC02;AIKOZ  AV. LECHERIA;ProdBEBIDAS;TE LIMON 1L TUNAL;2.71
3739287;2026-09-25;PLC02;AIKOZ  AV. LECHERIA;ProdBEBIDAS;TE DURAZNO 1L TUNAL;2.71
3777060;2026-09-29;PLC02;AIKOZ  AV. LECHERIA;ProdDERIV_LACTEOS;CREMA DE LECHE DE 500GR PURISIMA;5.82
3777042;2026-09-29;PLC02;AIKOZ  AV. LECHERIA;ProdBEBIDAS;NECTAR PERA 1L TUNAL;2.45
3777044;2026-09-29;PLC02;AIKOZ  AV. LECHERIA;ProdBEBIDAS;TE FRUTOS ROJOS 1L TUNAL;2.71
3777051;2026-09-29;PLC02;AIKOZ  AV. LECHERIA;ProdBEBIDAS;NECTAR DURAZNO 200 ML TUNAL;3.12
3777059;2026-09-29;PLC02;AIKOZ  AV. LECHERIA;ProdDERIV_LACTEOS;CREMA DE LECHE DE 250GR PURISIMA;3.43
3763396;2026-09-28;PLC02;AIKOZ  AV. LECHERIA;ProdEMBUTIDOS;TOCINETA AHUMADA SIN CUERO 3.5KG ALIMEX;11.07
3777064;2026-09-29;PLC02;AIKOZ  AV. LECHERIA;ProdEMBUTIDOS;SALCHICHA TIPO COCTEL 450 GR ALIMEX;6.11
3799501;2026-09-30;BQTO03;KARI TRAKI;ProdBEBIDAS_LACT;LECHE COMPLETA LIQUIDA PURISIMA;2.39
3799503;2026-09-30;BQTO03;KARI TRAKI;ProdBEBIDAS_LACT;LECHE DESCREMADA LIQUIDA PURISIMA;2.74
3763663;2026-09-28;BQTO03;KARI TRAKI;ProdBEBIDAS_LACT;LECHE  DESLACTOSADA LIQUIDA PURISIMA;2.77
3799504;2026-09-30;BQTO03;KARI TRAKI;ProdBEBIDAS_LACT;LECHE COMPLETA BARISTA LIQUIDA PURISIMA;2.66
3628256;2026-09-16;BQTO03;KARI TRAKI;ProdBEBIDAS;NARANJADA 1L TUNAL;3.03
3799505;2026-09-30;BQTO03;KARI TRAKI;ProdBEBIDAS;NECTAR MANZANA 1L TUNAL;2.34
3799507;2026-09-30;BQTO03;KARI TRAKI;ProdBEBIDAS;NECTAR DURAZNO 1L TUNAL;2.34
3799508;2026-09-30;BQTO03;KARI TRAKI;ProdBEBIDAS;NARANJADA  200 ML TUNAL;0.89
3799510;2026-09-30;BQTO03;KARI TRAKI;ProdBEBIDAS;NECTAR PERA 200 ML TUNAL;0.89
3799511;2026-09-30;BQTO03;KARI TRAKI;ProdBEBIDAS;NECTAR DURAZNO 200 ML TUNAL;0.89
3659584;2026-09-18;BQTO03;KARI TRAKI;ProdBEBIDAS;NECTAR DURAZNO LIGTH 1 LITRO TUNAL;2.33
3659585;2026-09-18;BQTO03;KARI TRAKI;ProdBEBIDAS;TE LIMON 1L TUNAL;2.33
3659586;2026-09-18;BQTO03;KARI TRAKI;ProdBEBIDAS;TE FRUTOS ROJOS 1L TUNAL;2.33
3597239;2026-09-14;BQTO03;KARI TRAKI;ProdBEBIDAS;TE DURAZNO 1L TUNAL;2.34
3799506;2026-09-30;BQTO03;KARI TRAKI;ProdBEBIDAS;NECTAR PERA 1L TUNAL;2.34
3799502;2026-09-30;BQTO03;KARI TRAKI;ProdBEBIDAS_LACT;LECHE BARISTA PURISIMA;2.35
3799512;2026-09-30;BQTO03;KARI TRAKI;ProdBEBIDAS;NECTAR PERA 500 ML TUNAL;1.59
3799513;2026-09-30;BQTO03;KARI TRAKI;ProdBEBIDAS;NECTAR DURAZNO 500 ML TUNAL;1.59
3799509;2026-09-30;BQTO03;KARI TRAKI;ProdBEBIDAS;NECTAR MANZANA 200 ML TUNAL;0.89
3465811;2026-09-01;BQTO08;INVERSIONES LANDES MG;ProdBEBIDAS_LACT;Leche en polvo Purisima 500gr;7.71
3465812;2026-09-01;BQTO08;INVERSIONES LANDES MG;ProdBEBIDAS;NARANJADA 1L TUNAL;3.19
3465813;2026-09-01;BQTO08;INVERSIONES LANDES MG;ProdBEBIDAS;NECTAR MANZANA 1L TUNAL;2.42
3465814;2026-09-01;BQTO08;INVERSIONES LANDES MG;ProdBEBIDAS;NECTAR PERA 1L TUNAL;2.42
3465815;2026-09-01;BQTO08;INVERSIONES LANDES MG;ProdBEBIDAS;NECTAR DURAZNO 1L TUNAL;2.49
3574034;2026-09-11;CCS10;AUTOMERCADO AVILA;ProdEMBUTIDOS;SALCHICHA TIPO VIENA 450GR (22unid) ALIMEX;6.4
3671485;2026-09-21;CCS10;AUTOMERCADO AVILA;ProdDERIV_LACTEOS;CREMA DE LECHE DE 500GR PURISIMA;5.2
3761686;2026-09-28;CCS10;AUTOMERCADO AVILA;ProdBEBIDAS_LACT;LECHE COMPLETA LIQUIDA PURISIMA;2.58
3704682;2026-09-23;CCS10;AUTOMERCADO AVILA;ProdDERIV_LACTEOS;MANTEQUILLA PURISIMA SIN SAL 200G PURISIMA;5.2
3704686;2026-09-23;CCS10;AUTOMERCADO AVILA;ProdBEBIDAS;NECTAR DURAZNO 200 ML TUNAL;0.91
3761679;2026-09-28;CCS10;AUTOMERCADO AVILA;ProdEMBUTIDOS;TOCINETA AHUMADA SIN CUERO 3.5KG ALIMEX;6.4
3574035;2026-09-11;CCS10;AUTOMERCADO AVILA;ProdBEBIDAS_LACT;LECHE BARISTA PURISIMA;2.58
3775499;2026-09-29;PLC09;SIGO COSTA AZUL;ProdBEBIDAS_LACT;LECHE COMPLETA LIQUIDA PURISIMA;2.49
3775500;2026-09-29;PLC09;SIGO COSTA AZUL;ProdBEBIDAS_LACT;LECHE DESCREMADA LIQUIDA PURISIMA;2.49
3775501;2026-09-29;PLC09;SIGO COSTA AZUL;ProdBEBIDAS_LACT;LECHE  DESLACTOSADA LIQUIDA PURISIMA;2.49
3775502;2026-09-29;PLC09;SIGO COSTA AZUL;ProdBEBIDAS_LACT;LECHE COMPLETA BARISTA LIQUIDA PURISIMA;2.69
3560864;2026-09-10;PLC09;SIGO COSTA AZUL;ProdBEBIDAS_LACT;Leche en polvo Purisima 500gr;6.7
3458503;2026-09-01;PLC09;SIGO COSTA AZUL;ProdBEBIDAS_LACT;LECHE BARISTA PURISIMA;13.49
3775515;2026-09-29;PLC09;SIGO COSTA AZUL;ProdBEBIDAS;NARANJADA 1L TUNAL;2.45
3775516;2026-09-29;PLC09;SIGO COSTA AZUL;ProdBEBIDAS;NECTAR MANZANA 1L TUNAL;1.89
3775517;2026-09-29;PLC09;SIGO COSTA AZUL;ProdBEBIDAS;NECTAR PERA 1L TUNAL;1.89
3560883;2026-09-10;PLC09;SIGO COSTA AZUL;ProdBEBIDAS;NARANJADA  200 ML TUNAL;0.7
3560884;2026-09-10;PLC09;SIGO COSTA AZUL;ProdBEBIDAS;NECTAR MANZANA 200 ML TUNAL;0.7
3560885;2026-09-10;PLC09;SIGO COSTA AZUL;ProdBEBIDAS;NECTAR PERA 200 ML TUNAL;0.7
3775520;2026-09-29;PLC09;SIGO COSTA AZUL;ProdBEBIDAS;NECTAR PERA LIGHT 1 LITRO TUNAL;1.95
3487116;2026-09-03;PLC09;SIGO COSTA AZUL;ProdBEBIDAS;TE LIMON 1L TUNAL;1.79
3775523;2026-09-29;PLC09;SIGO COSTA AZUL;ProdBEBIDAS;TE FRUTOS ROJOS 1L TUNAL;1.85
3775518;2026-09-29;PLC09;SIGO COSTA AZUL;ProdBEBIDAS;NECTAR DURAZNO 1L TUNAL;1.89
3775519;2026-09-29;PLC09;SIGO COSTA AZUL;ProdBEBIDAS;JUGO NARANJA LIGTH 1 LITRO TUNAL;1.99
3775524;2026-09-29;PLC09;SIGO COSTA AZUL;ProdBEBIDAS;TE DURAZNO 1L TUNAL;1.85
3775506;2026-09-29;PLC09;SIGO COSTA AZUL;ProdBEBIDAS_LACT;LECHE EN POLVO PURISIMA 200GR;3.4
3775507;2026-09-29;PLC09;SIGO COSTA AZUL;ProdBEBIDAS_LACT;LECHE EN POLVO PURISIMA 400GR;6.7
3775508;2026-09-29;PLC09;SIGO COSTA AZUL;ProdBEBIDAS_LACT;LECHE EN POLVO PURISIMA 900GR;13.49
3560865;2026-09-10;PLC09;SIGO COSTA AZUL;ProdBEBIDAS_LACT;Leche en polvo Purisima 1kg;13.49
3607547;2026-09-15;PLC09;SIGO COSTA AZUL;ProdBEBIDAS;TE DURAZNO 500ML TUNAL;1.79
3577086;2026-09-11;VLC04;CATANIA PATIO TRIGAL;ProdBEBIDAS;NARANJADA 1L TUNAL;2.89
3577090;2026-09-11;VLC04;CATANIA PATIO TRIGAL;ProdBEBIDAS;NECTAR DURAZNO 1L TUNAL;2.19
3577088;2026-09-11;VLC04;CATANIA PATIO TRIGAL;ProdBEBIDAS;NECTAR MANZANA 1L TUNAL;2.19
3577089;2026-09-11;VLC04;CATANIA PATIO TRIGAL;ProdBEBIDAS;NECTAR PERA 1L TUNAL;2.19
3577091;2026-09-11;VLC04;CATANIA PATIO TRIGAL;ProdBEBIDAS;TE DURAZNO 1L TUNAL;2.19
3577092;2026-09-11;VLC04;CATANIA PATIO TRIGAL;ProdBEBIDAS;TE LIMON 1L TUNAL;2.19
3577093;2026-09-11;VLC04;CATANIA PATIO TRIGAL;ProdBEBIDAS;TE FRUTOS ROJOS 1L TUNAL;2.19
3756878;2026-09-28;VLC04;CATANIA PATIO TRIGAL;ProdBEBIDAS;NARANJADA  200 ML TUNAL;2.74
3577097;2026-09-11;VLC04;CATANIA PATIO TRIGAL;ProdBEBIDAS;NECTAR DURAZNO 200 ML TUNAL;2.69
3577098;2026-09-11;VLC04;CATANIA PATIO TRIGAL;ProdBEBIDAS;NECTAR MANZANA 200 ML TUNAL;2.69
3577104;2026-09-11;VLC04;CATANIA PATIO TRIGAL;ProdBEBIDAS_LACT;LECHE BARISTA PURISIMA;2.83
3577105;2026-09-11;VLC04;CATANIA PATIO TRIGAL;ProdBEBIDAS_LACT;LECHE COMPLETA LIQUIDA PURISIMA;2.29
3577106;2026-09-11;VLC04;CATANIA PATIO TRIGAL;ProdBEBIDAS_LACT;LECHE DESCREMADA LIQUIDA PURISIMA;2.29
3577107;2026-09-11;VLC04;CATANIA PATIO TRIGAL;ProdBEBIDAS_LACT;LECHE  DESLACTOSADA LIQUIDA PURISIMA;2.39
3577113;2026-09-11;VLC04;CATANIA PATIO TRIGAL;ProdBEBIDAS_LACT;LECHE EN POLVO PURISIMA 200GR;3.5
3577111;2026-09-11;VLC04;CATANIA PATIO TRIGAL;ProdBEBIDAS_LACT;LECHE EN POLVO PURISIMA 400GR;6.89
3577112;2026-09-11;VLC04;CATANIA PATIO TRIGAL;ProdBEBIDAS_LACT;LECHE EN POLVO PURISIMA 900GR;14.99
3577072;2026-09-11;VLC04;CATANIA PATIO TRIGAL;ProdDERIV_LACTEOS;MANTEQUILLA PURISIMA SIN SAL 200G PURISIMA;5.18
3577071;2026-09-11;VLC04;CATANIA PATIO TRIGAL;ProdDERIV_LACTEOS;MANTEQUILLA PURISIMA CON SAL 200G PURISIMA;5.59
3577069;2026-09-11;VLC04;CATANIA PATIO TRIGAL;ProdDERIV_LACTEOS;CREMA DE LECHE DE 250GR PURISIMA;3.48
3577070;2026-09-11;VLC04;CATANIA PATIO TRIGAL;ProdDERIV_LACTEOS;CREMA DE LECHE DE 500GR PURISIMA;5.88
3577076;2026-09-11;VLC04;CATANIA PATIO TRIGAL;ProdEMBUTIDOS;SALCHICHA TIPO VIENA 225G (11unid) ALIMEX;3.25
3577077;2026-09-11;VLC04;CATANIA PATIO TRIGAL;ProdEMBUTIDOS;SALCHICHA TIPO VIENA 450GR (22unid) ALIMEX;5.97
3577078;2026-09-11;VLC04;CATANIA PATIO TRIGAL;ProdEMBUTIDOS;SALCHICHA TIPO VIENA 800GR (24unid) ALIMEX;10.24
3756913;2026-09-28;VLC04;CATANIA PATIO TRIGAL;ProdEMBUTIDOS;CHORIZO DE CERDO AHUMADO PARRILLERO ALIMEX;13.04
3756914;2026-09-28;VLC04;CATANIA PATIO TRIGAL;ProdEMBUTIDOS;CHORIZO DE CERDO PICANTE PARRILLERO ALIMEX;12.24
3756917;2026-09-28;VLC04;CATANIA PATIO TRIGAL;ProdBEBIDAS;JUGO NARANJA LIGTH 1 LITRO TUNAL;2.35
3756918;2026-09-28;VLC04;CATANIA PATIO TRIGAL;ProdBEBIDAS;NECTAR PERA LIGHT 1 LITRO TUNAL;2.33
3577099;2026-09-11;VLC04;CATANIA PATIO TRIGAL;ProdBEBIDAS;NECTAR PERA 200 ML TUNAL;2.69
3577291;2026-09-11;CCS07;EMPORIUM GUARENAS PALMA REAL;ProdBEBIDAS;NARANJADA  200 ML TUNAL;2.85
3577292;2026-09-11;CCS07;EMPORIUM GUARENAS PALMA REAL;ProdBEBIDAS;NECTAR PERA 200 ML TUNAL;2.85
3577293;2026-09-11;CCS07;EMPORIUM GUARENAS PALMA REAL;ProdBEBIDAS;NECTAR DURAZNO 200 ML TUNAL;2.85
3577290;2026-09-11;CCS07;EMPORIUM GUARENAS PALMA REAL;ProdBEBIDAS;NECTAR DURAZNO 1L TUNAL;2.49
3577288;2026-09-11;CCS07;EMPORIUM GUARENAS PALMA REAL;ProdBEBIDAS;NECTAR MANZANA 1L TUNAL;2.49
3577289;2026-09-11;CCS07;EMPORIUM GUARENAS PALMA REAL;ProdBEBIDAS;NECTAR PERA 1L TUNAL;2.46
3783459;2026-09-29;CCS07;EMPORIUM GUARENAS PALMA REAL;ProdBEBIDAS;TE DURAZNO 1L TUNAL;2.49
3783460;2026-09-29;CCS07;EMPORIUM GUARENAS PALMA REAL;ProdBEBIDAS;TE LIMON 1L TUNAL;2.49
3783461;2026-09-29;CCS07;EMPORIUM GUARENAS PALMA REAL;ProdBEBIDAS;TE FRUTOS ROJOS 1L TUNAL;2.49
3577298;2026-09-11;CCS07;EMPORIUM GUARENAS PALMA REAL;ProdBEBIDAS_LACT;LECHE BARISTA PURISIMA;3.45
3577299;2026-09-11;CCS07;EMPORIUM GUARENAS PALMA REAL;ProdBEBIDAS_LACT;LECHE COMPLETA LIQUIDA PURISIMA;2.55
3577300;2026-09-11;CCS07;EMPORIUM GUARENAS PALMA REAL;ProdBEBIDAS_LACT;LECHE DESCREMADA LIQUIDA PURISIMA;2.49
3577301;2026-09-11;CCS07;EMPORIUM GUARENAS PALMA REAL;ProdBEBIDAS_LACT;LECHE  DESLACTOSADA LIQUIDA PURISIMA;2.59
3670205;2026-09-21;CCS07;EMPORIUM GUARENAS PALMA REAL;ProdHUEVOS;HUEVO EMPACADO- ESTUCHADO 1X6 TUNAL;1.55
3783465;2026-09-29;CCS07;EMPORIUM GUARENAS PALMA REAL;ProdHUEVOS;HUEVO EMPACADO- 1X12 PLASTICO TUNAL;3.15
3638372;2026-09-17;CCS08;FORUM ZONA RENTAL;ProdBEBIDAS;TE DURAZNO 1L TUNAL;2.75
3638373;2026-09-17;CCS08;FORUM ZONA RENTAL;ProdBEBIDAS;TE LIMON 1L TUNAL;2.75
3638374;2026-09-17;CCS08;FORUM ZONA RENTAL;ProdBEBIDAS;TE FRUTOS ROJOS 1L TUNAL;2.75
3638384;2026-09-17;CCS08;FORUM ZONA RENTAL;ProdBEBIDAS;NARANJADA  200 ML TUNAL;3.2
3638385;2026-09-17;CCS08;FORUM ZONA RENTAL;ProdBEBIDAS;NECTAR MANZANA 200 ML TUNAL;3.16
3638386;2026-09-17;CCS08;FORUM ZONA RENTAL;ProdBEBIDAS;NECTAR PERA 200 ML TUNAL;3.16
3638387;2026-09-17;CCS08;FORUM ZONA RENTAL;ProdBEBIDAS;NECTAR DURAZNO 200 ML TUNAL;3.16
3638388;2026-09-17;CCS08;FORUM ZONA RENTAL;ProdBEBIDAS;NARANJADA 1L TUNAL;3.55
3638389;2026-09-17;CCS08;FORUM ZONA RENTAL;ProdBEBIDAS;NECTAR MANZANA 1L TUNAL;2.77
3638390;2026-09-17;CCS08;FORUM ZONA RENTAL;ProdBEBIDAS;NECTAR PERA 1L TUNAL;2.77
3638391;2026-09-17;CCS08;FORUM ZONA RENTAL;ProdBEBIDAS;NECTAR DURAZNO 1L TUNAL;2.77
3588892;2026-09-14;CCS08;FORUM ZONA RENTAL;ProdEMBUTIDOS;MORTADELA CCS DE CARNES 1KG;3.49
3588894;2026-09-14;CCS08;FORUM ZONA RENTAL;ProdEMBUTIDOS;MORTADELA de Pollo Caracas 900gr;3.25
3514376;2026-09-07;CCS08;FORUM ZONA RENTAL;ProdEMBUTIDOS;SALCHICHA TIPO VIENA 225G (11unid) ALIMEX;3.69
3514377;2026-09-07;CCS08;FORUM ZONA RENTAL;ProdEMBUTIDOS;SALCHICHA TIPO VIENA 450GR (22unid) ALIMEX;6.75
3638398;2026-09-17;CCS08;FORUM ZONA RENTAL;ProdBEBIDAS_LACT;LECHE COMPLETA LIQUIDA PURISIMA;2.59
3638399;2026-09-17;CCS08;FORUM ZONA RENTAL;ProdBEBIDAS_LACT;LECHE DESCREMADA LIQUIDA PURISIMA;2.59
3638400;2026-09-17;CCS08;FORUM ZONA RENTAL;ProdBEBIDAS_LACT;LECHE  DESLACTOSADA LIQUIDA PURISIMA;2.75
3638359;2026-09-17;CCS08;FORUM ZONA RENTAL;ProdDERIV_LACTEOS;QUESO DE CABRA 500G PURISIMA;22.29
3638360;2026-09-17;CCS08;FORUM ZONA RENTAL;ProdDERIV_LACTEOS;Queso amarillo Purisima semimadurado disco 500gr;32.99
3638363;2026-09-17;CCS08;FORUM ZONA RENTAL;ProdDERIV_LACTEOS;MANTEQUILLA PURISIMA SIN SAL 200G PURISIMA;6.09
3638364;2026-09-17;CCS08;FORUM ZONA RENTAL;ProdDERIV_LACTEOS;MANTEQUILLA PURISIMA CON SAL 200G PURISIMA;6.59
3514378;2026-09-07;CCS08;FORUM ZONA RENTAL;ProdEMBUTIDOS;SALCHICHA TIPO VIENA 800GR (24unid) ALIMEX;11.69
3514364;2026-09-07;CCS08;FORUM ZONA RENTAL;ProdDERIV_LACTEOS;CREMA DE LECHE DE 250GR PURISIMA;3.65
3514365;2026-09-07;CCS08;FORUM ZONA RENTAL;ProdDERIV_LACTEOS;CREMA DE LECHE DE 500GR PURISIMA;6.19
3779914;2026-09-29;PLC03;CON TODO CALLE LIBERTAD PLC;ProdBEBIDAS_LACT;LECHE COMPLETA LIQUIDA PURISIMA;2.59
3564679;2026-09-10;PLC03;CON TODO CALLE LIBERTAD PLC;ProdBEBIDAS_LACT;LECHE  DESLACTOSADA LIQUIDA PURISIMA;2.69
3463137;2026-09-01;PLC03;CON TODO CALLE LIBERTAD PLC;ProdDERIV_LACTEOS;MANTEQUILLA PURISIMA CON SAL 200G PURISIMA;5.9
3463138;2026-09-01;PLC03;CON TODO CALLE LIBERTAD PLC;ProdDERIV_LACTEOS;MANTEQUILLA PURISIMA SIN SAL 200G PURISIMA;5.47
3779923;2026-09-29;PLC03;CON TODO CALLE LIBERTAD PLC;ProdBEBIDAS;NARANJADA 1L TUNAL;3
3779925;2026-09-29;PLC03;CON TODO CALLE LIBERTAD PLC;ProdBEBIDAS;NECTAR MANZANA 1L TUNAL;2.45
3779926;2026-09-29;PLC03;CON TODO CALLE LIBERTAD PLC;ProdBEBIDAS;NECTAR PERA 1L TUNAL;2.45
3779915;2026-09-29;PLC03;CON TODO CALLE LIBERTAD PLC;ProdBEBIDAS_LACT;LECHE DESCREMADA LIQUIDA PURISIMA;2.55
3779924;2026-09-29;PLC03;CON TODO CALLE LIBERTAD PLC;ProdBEBIDAS;NECTAR DURAZNO 1L TUNAL;2.45
3727664;2026-09-24;PLC03;CON TODO CALLE LIBERTAD PLC;ProdBEBIDAS;NARANJADA  200 ML TUNAL;3.17
3727665;2026-09-24;PLC03;CON TODO CALLE LIBERTAD PLC;ProdBEBIDAS;NECTAR PERA 200 ML TUNAL;3.12
3779928;2026-09-29;PLC03;CON TODO CALLE LIBERTAD PLC;ProdBEBIDAS;TE LIMON 1L TUNAL;2.71
3779927;2026-09-29;PLC03;CON TODO CALLE LIBERTAD PLC;ProdBEBIDAS;TE FRUTOS ROJOS 1L TUNAL;2.71
3564681;2026-09-10;PLC03;CON TODO CALLE LIBERTAD PLC;ProdEMBUTIDOS;SALCHICHA TIPO VIENA 225G (11unid) ALIMEX;3.51
3766891;2026-09-28;BQTO06;VENTURA LIANG;ProdBEBIDAS;NECTAR MANZANA 1L TUNAL;2
3766892;2026-09-28;BQTO06;VENTURA LIANG;ProdBEBIDAS;NECTAR PERA 1L TUNAL;2
3766893;2026-09-28;BQTO06;VENTURA LIANG;ProdBEBIDAS;NARANJADA  200 ML TUNAL;2.3
3766895;2026-09-28;BQTO06;VENTURA LIANG;ProdBEBIDAS;NECTAR MANZANA 200 ML TUNAL;2.26
3766896;2026-09-28;BQTO06;VENTURA LIANG;ProdBEBIDAS;NECTAR PERA 200 ML TUNAL;2.26
3766894;2026-09-28;BQTO06;VENTURA LIANG;ProdBEBIDAS;NECTAR DURAZNO 200 ML TUNAL;2.26
3505206;2026-09-04;BQTO06;VENTURA LIANG;ProdBEBIDAS;TE DURAZNO 1L TUNAL;8
3668157;2026-09-18;BQTO06;VENTURA LIANG;ProdBEBIDAS;TE LIMON 1L TUNAL;1.96
3505208;2026-09-04;BQTO06;VENTURA LIANG;ProdBEBIDAS;TE FRUTOS ROJOS 1L TUNAL;2.1
3766877;2026-09-28;BQTO06;VENTURA LIANG;ProdBEBIDAS_LACT;LECHE BARISTA PURISIMA;2.68
3766878;2026-09-28;BQTO06;VENTURA LIANG;ProdBEBIDAS_LACT;LECHE COMPLETA LIQUIDA PURISIMA;2.32
3766879;2026-09-28;BQTO06;VENTURA LIANG;ProdBEBIDAS_LACT;LECHE DESCREMADA LIQUIDA PURISIMA;2.27
3766880;2026-09-28;BQTO06;VENTURA LIANG;ProdBEBIDAS_LACT;LECHE  DESLACTOSADA LIQUIDA PURISIMA;2.4
3766910;2026-09-28;BQTO06;VENTURA LIANG;ProdDERIV_LACTEOS;MANTEQUILLA PURISIMA SIN SAL 200G PURISIMA;5.18
3766906;2026-09-28;BQTO06;VENTURA LIANG;ProdEMBUTIDOS;SALCHICHA TIPO VIENA 800GR (24unid) ALIMEX;9.27
3766907;2026-09-28;BQTO06;VENTURA LIANG;ProdEMBUTIDOS;SALCHICHA TIPO VIENA 450GR (22unid) ALIMEX;5.41
3766908;2026-09-28;BQTO06;VENTURA LIANG;ProdEMBUTIDOS;SALCHICHA TIPO VIENA 225G (11unid) ALIMEX;2.93
3766889;2026-09-28;BQTO06;VENTURA LIANG;ProdBEBIDAS;NARANJADA 1L TUNAL;2.55
3766890;2026-09-28;BQTO06;VENTURA LIANG;ProdBEBIDAS;NECTAR DURAZNO 1L TUNAL;2
3766899;2026-09-28;BQTO06;VENTURA LIANG;ProdEMBUTIDOS;MORTADELA CCS DE CARNES 500G;1.6
3766900;2026-09-28;BQTO06;VENTURA LIANG;ProdEMBUTIDOS;MORTADELA CCS DE CARNES 900G;3.6
3766909;2026-09-28;BQTO06;VENTURA LIANG;ProdDERIV_LACTEOS;MANTEQUILLA PURISIMA CON SAL 200G PURISIMA;5.18
3765350;2026-09-28;BQTO02;MI SUPER LUJANO;ProdBEBIDAS;NARANJADA 1L TUNAL;2.96
3765351;2026-09-28;BQTO02;MI SUPER LUJANO;ProdBEBIDAS;NECTAR DURAZNO 1L TUNAL;2.31
3765353;2026-09-28;BQTO02;MI SUPER LUJANO;ProdBEBIDAS;NECTAR MANZANA 1L TUNAL;2.31
3631057;2026-09-16;BQTO02;MI SUPER LUJANO;ProdBEBIDAS;NECTAR PERA 1L TUNAL;2.31
3660272;2026-09-18;BQTO02;MI SUPER LUJANO;ProdBEBIDAS;NECTAR PERA LIGHT 1 LITRO TUNAL;2.42
3660271;2026-09-18;BQTO02;MI SUPER LUJANO;ProdBEBIDAS;JUGO NARANJA LIGTH 1 LITRO TUNAL;2.45
3765359;2026-09-28;BQTO02;MI SUPER LUJANO;ProdEMBUTIDOS;SALCHICHA TIPO VIENA 800GR (24unid) ALIMEX;10.67
3765360;2026-09-28;BQTO02;MI SUPER LUJANO;ProdEMBUTIDOS;SALCHICHA TIPO VIENA 450GR (22unid) ALIMEX;6.21
3765370;2026-09-28;BQTO02;MI SUPER LUJANO;ProdEMBUTIDOS;MORTADELA CCS DE CARNES 900G;3.47
3765368;2026-09-28;BQTO02;MI SUPER LUJANO;ProdDERIV_LACTEOS;CREMA DE LECHE DE 500GR PURISIMA;5.73
3765367;2026-09-28;BQTO02;MI SUPER LUJANO;ProdDERIV_LACTEOS;CREMA DE LECHE DE 250GR PURISIMA;3.38
3765371;2026-09-28;BQTO02;MI SUPER LUJANO;ProdDERIV_LACTEOS;MANTEQUILLA PURISIMA SIN SAL 200G PURISIMA;5.38
3765369;2026-09-28;BQTO02;MI SUPER LUJANO;ProdDERIV_LACTEOS;MANTEQUILLA PURISIMA CON SAL 200G PURISIMA;5.82
3765347;2026-09-28;BQTO02;MI SUPER LUJANO;ProdBEBIDAS_LACT;LECHE COMPLETA LIQUIDA PURISIMA;2.8
3765348;2026-09-28;BQTO02;MI SUPER LUJANO;ProdBEBIDAS_LACT;LECHE DESCREMADA LIQUIDA PURISIMA;2.74
3765349;2026-09-28;BQTO02;MI SUPER LUJANO;ProdBEBIDAS_LACT;LECHE  DESLACTOSADA LIQUIDA PURISIMA;2.9
3765346;2026-09-28;BQTO02;MI SUPER LUJANO;ProdBEBIDAS_LACT;LECHE BARISTA PURISIMA;2.94
3596885;2026-09-14;BQTO02;MI SUPER LUJANO;ProdBEBIDAS;TE DURAZNO 1L TUNAL;2.27
3765354;2026-09-28;BQTO02;MI SUPER LUJANO;ProdBEBIDAS;TE LIMON 1L TUNAL;2.27
3765355;2026-09-28;BQTO02;MI SUPER LUJANO;ProdBEBIDAS;TE FRUTOS ROJOS 1L TUNAL;2.29
3596891;2026-09-14;BQTO02;MI SUPER LUJANO;ProdBEBIDAS;NARANJADA  200 ML TUNAL;0.89
3596892;2026-09-14;BQTO02;MI SUPER LUJANO;ProdBEBIDAS;NECTAR DURAZNO 200 ML TUNAL;0.87
3596893;2026-09-14;BQTO02;MI SUPER LUJANO;ProdBEBIDAS;NECTAR MANZANA 200 ML TUNAL;0.87
3596894;2026-09-14;BQTO02;MI SUPER LUJANO;ProdBEBIDAS;NECTAR PERA 200 ML TUNAL;0.87
3660262;2026-09-18;BQTO02;MI SUPER LUJANO;ProdBEBIDAS_LACT;LECHE COMPLETA BARISTA LIQUIDA PURISIMA;2.94
3765361;2026-09-28;BQTO02;MI SUPER LUJANO;ProdEMBUTIDOS;SALCHICHA TIPO VIENA 225G (11unid) ALIMEX;3.38
3787067;2026-09-29;BQTO01;FRIGORIFICO POLLERA LA 20;ProdBEBIDAS;NARANJADA 1L TUNAL;0
3787070;2026-09-29;BQTO01;FRIGORIFICO POLLERA LA 20;ProdBEBIDAS;NECTAR DURAZNO 1L TUNAL;0
3787076;2026-09-29;BQTO01;FRIGORIFICO POLLERA LA 20;ProdBEBIDAS;NECTAR MANZANA 1L TUNAL;0
3787073;2026-09-29;BQTO01;FRIGORIFICO POLLERA LA 20;ProdBEBIDAS;NECTAR PERA 1L TUNAL;0
3787082;2026-09-29;BQTO01;FRIGORIFICO POLLERA LA 20;ProdBEBIDAS;NARANJADA  200 ML TUNAL;0
3787083;2026-09-29;BQTO01;FRIGORIFICO POLLERA LA 20;ProdBEBIDAS;NECTAR DURAZNO 200 ML TUNAL;0
3787084;2026-09-29;BQTO01;FRIGORIFICO POLLERA LA 20;ProdBEBIDAS;NECTAR PERA 200 ML TUNAL;0
3496689;2026-09-03;BQTO01;FRIGORIFICO POLLERA LA 20;ProdBEBIDAS;NECTAR MANZANA 200 ML TUNAL;0.89
3787085;2026-09-29;BQTO01;FRIGORIFICO POLLERA LA 20;ProdBEBIDAS;TE DURAZNO 1L TUNAL;0
3787087;2026-09-29;BQTO01;FRIGORIFICO POLLERA LA 20;ProdBEBIDAS;TE LIMON 1L TUNAL;0
3787088;2026-09-29;BQTO01;FRIGORIFICO POLLERA LA 20;ProdBEBIDAS;TE FRUTOS ROJOS 1L TUNAL;0
3616987;2026-09-15;BQTO01;FRIGORIFICO POLLERA LA 20;ProdDERIV_LACTEOS;CREMA DE LECHE DE 500GR PURISIMA;5.3
3616988;2026-09-15;BQTO01;FRIGORIFICO POLLERA LA 20;ProdDERIV_LACTEOS;CREMA DE LECHE DE 250GR PURISIMA;3.19
3616990;2026-09-15;BQTO01;FRIGORIFICO POLLERA LA 20;ProdDERIV_LACTEOS;MANTEQUILLA PURISIMA CON SAL 200G PURISIMA;5.5
3616989;2026-09-15;BQTO01;FRIGORIFICO POLLERA LA 20;ProdDERIV_LACTEOS;MANTEQUILLA PURISIMA SIN SAL 200G PURISIMA;5.1
3787078;2026-09-29;BQTO01;FRIGORIFICO POLLERA LA 20;ProdBEBIDAS;JUGO NARANJA LIGTH 1 LITRO TUNAL;0
3787080;2026-09-29;BQTO01;FRIGORIFICO POLLERA LA 20;ProdBEBIDAS;NECTAR PERA LIGHT 1 LITRO TUNAL;0
3787090;2026-09-29;BQTO01;FRIGORIFICO POLLERA LA 20;ProdBEBIDAS_LACT;LECHE COMPLETA LIQUIDA PURISIMA;0
3787092;2026-09-29;BQTO01;FRIGORIFICO POLLERA LA 20;ProdBEBIDAS_LACT;LECHE DESCREMADA LIQUIDA PURISIMA;0
3787094;2026-09-29;BQTO01;FRIGORIFICO POLLERA LA 20;ProdBEBIDAS_LACT;LECHE  DESLACTOSADA LIQUIDA PURISIMA;0
3798075;2026-09-30;VLC03;Makro redvital valencia;ProdBEBIDAS;NARANJADA 1L TUNAL;3.04
3798076;2026-09-30;VLC03;Makro redvital valencia;ProdBEBIDAS;NECTAR DURAZNO 1L TUNAL;2.38
3798077;2026-09-30;VLC03;Makro redvital valencia;ProdBEBIDAS;NECTAR MANZANA 1L TUNAL;2.38
3798078;2026-09-30;VLC03;Makro redvital valencia;ProdBEBIDAS;NECTAR PERA 1L TUNAL;2.38
3798081;2026-09-30;VLC03;Makro redvital valencia;ProdBEBIDAS;JUGO NARANJA LIGTH 1 LITRO TUNAL;2.51
3798082;2026-09-30;VLC03;Makro redvital valencia;ProdBEBIDAS;NECTAR PERA LIGHT 1 LITRO TUNAL;2.5
3798083;2026-09-30;VLC03;Makro redvital valencia;ProdBEBIDAS;TE LIMON 1L TUNAL;2.35
3798084;2026-09-30;VLC03;Makro redvital valencia;ProdBEBIDAS;TE FRUTOS ROJOS 1L TUNAL;2.35
3798087;2026-09-30;VLC03;Makro redvital valencia;ProdBEBIDAS;NARANJADA  200 ML TUNAL;0.92
3798088;2026-09-30;VLC03;Makro redvital valencia;ProdBEBIDAS;NECTAR DURAZNO 200 ML TUNAL;0.9
3798089;2026-09-30;VLC03;Makro redvital valencia;ProdBEBIDAS;NECTAR MANZANA 200 ML TUNAL;0.9
3798090;2026-09-30;VLC03;Makro redvital valencia;ProdBEBIDAS;NECTAR PERA 200 ML TUNAL;0.9
3798091;2026-09-30;VLC03;Makro redvital valencia;ProdBEBIDAS;NARANJADA  500 ML TUNAL;2.1
3798079;2026-09-30;VLC03;Makro redvital valencia;ProdBEBIDAS;NECTAR DURAZNO 500 ML TUNAL;1.6
3547592;2026-09-09;VLC03;Makro redvital valencia;ProdBEBIDAS;NECTAR MANZANA 500 ML TUNAL;1.6
3798080;2026-09-30;VLC03;Makro redvital valencia;ProdBEBIDAS;NECTAR PERA 500 ML TUNAL;1.6
3798085;2026-09-30;VLC03;Makro redvital valencia;ProdBEBIDAS;TE DURAZNO 1L TUNAL;2.35
3744333;2026-09-25;VLC03;Makro redvital valencia;ProdDERIV_LACTEOS;QUESO DE CABRA 500G PURISIMA;17.3
3798106;2026-09-30;VLC03;Makro redvital valencia;ProdDERIV_LACTEOS;Queso amarillo Purisima semimadurado disco 500gr;28.9
3798108;2026-09-30;VLC03;Makro redvital valencia;ProdDERIV_LACTEOS;QUESO DE CABRA EN BARRA 3.3 KG PURISIMA;17.9
3798097;2026-09-30;VLC03;Makro redvital valencia;ProdBEBIDAS_LACT;LECHE EN POLVO PURISIMA 900GR;13.03
3798098;2026-09-30;VLC03;Makro redvital valencia;ProdBEBIDAS_LACT;LECHE EN POLVO PURISIMA 400GR;6.82
3798099;2026-09-30;VLC03;Makro redvital valencia;ProdBEBIDAS_LACT;LECHE EN POLVO PURISIMA 200GR;3.3
3798114;2026-09-30;VLC03;Makro redvital valencia;ProdEMBUTIDOS;MORTADELA DE POLLO DE 500G;1.9
3798113;2026-09-30;VLC03;Makro redvital valencia;ProdEMBUTIDOS;MORTADELA DE POLLO DE 1 KG;3.36
3798128;2026-09-30;VLC03;Makro redvital valencia;ProdDERIV_LACTEOS;MANTEQUILLA PURISIMA SIN SAL 200G PURISIMA;5.22
3798129;2026-09-30;VLC03;Makro redvital valencia;ProdDERIV_LACTEOS;MANTEQUILLA PURISIMA CON SAL 200G PURISIMA;5.4
3798134;2026-09-30;VLC03;Makro redvital valencia;ProdDERIV_LACTEOS;CREMA DE LECHE DE 500GR PURISIMA;5.6
3798135;2026-09-30;VLC03;Makro redvital valencia;ProdDERIV_LACTEOS;CREMA DE LECHE DE 250GR PURISIMA;3.32
3798139;2026-09-30;VLC03;Makro redvital valencia;ProdHUEVOS;HUEVO TIPO  GRANEL 30 UND TUNAL;6.4
3476551;2026-09-02;VLC03;Makro redvital valencia;ProdHUEVOS;HUEVO EMPACADO- 1X12 PLASTICO TUNAL;2.85
3798119;2026-09-30;VLC03;Makro redvital valencia;ProdBEBIDAS_LACT;LECHE COMPLETA LIQUIDA PURISIMA;2.58
3798120;2026-09-30;VLC03;Makro redvital valencia;ProdBEBIDAS_LACT;LECHE DESCREMADA LIQUIDA PURISIMA;2.53
3798121;2026-09-30;VLC03;Makro redvital valencia;ProdBEBIDAS_LACT;LECHE  DESLACTOSADA LIQUIDA PURISIMA;2.67
3798122;2026-09-30;VLC03;Makro redvital valencia;ProdBEBIDAS_LACT;LECHE COMPLETA BARISTA LIQUIDA PURISIMA;2.72
3547619;2026-09-09;VLC03;Makro redvital valencia;ProdEMBUTIDOS;MORTADELA de Pollo Caracas 900gr;3.73
3798141;2026-09-30;VLC03;Makro redvital valencia;ProdHUEVOS;HUEVO EMPACADO- ESTUCHADO 1X12 TUNAL;2.7
3798110;2026-09-30;VLC03;Makro redvital valencia;ProdDERIV_LACTEOS;Queso amarillo Purisima semimadurado barra;28.95
3798086;2026-09-30;VLC03;Makro redvital valencia;ProdBEBIDAS;NECTAR MANZANA LIGHT 1 LITRO TUNAL;2.5
3775144;2026-09-29;BQTO02;PA TODO LOS LEONES;ProdEMBUTIDOS;SALCHICHA TIPO VIENA 800GR (24unid) ALIMEX;10.54
3775145;2026-09-29;BQTO02;PA TODO LOS LEONES;ProdEMBUTIDOS;SALCHICHA TIPO VIENA 450GR (22unid) ALIMEX;6.14
3459333;2026-09-01;BQTO02;PA TODO LOS LEONES;ProdJAMONERIA;JAMON PIERNA ALIMEX 98% 5.9kg;12.55
3459337;2026-09-01;BQTO02;PA TODO LOS LEONES;ProdJAMONERIA;JAMON DE ESPALDA ALIMEX 4.4KG;19.13
3775151;2026-09-29;BQTO02;PA TODO LOS LEONES;ProdBEBIDAS;NARANJADA 1L TUNAL;3.06
3775152;2026-09-29;BQTO02;PA TODO LOS LEONES;ProdBEBIDAS;NECTAR DURAZNO 1L TUNAL;2.4
3775153;2026-09-29;BQTO02;PA TODO LOS LEONES;ProdBEBIDAS;NECTAR MANZANA 1L TUNAL;2.4
3775154;2026-09-29;BQTO02;PA TODO LOS LEONES;ProdBEBIDAS;NECTAR PERA 1L TUNAL;2.4
3775155;2026-09-29;BQTO02;PA TODO LOS LEONES;ProdBEBIDAS;TE DURAZNO 1L TUNAL;2.37
3611808;2026-09-15;BQTO02;PA TODO LOS LEONES;ProdBEBIDAS;TE LIMON 1L TUNAL;2.37
3775156;2026-09-29;BQTO02;PA TODO LOS LEONES;ProdBEBIDAS;TE FRUTOS ROJOS 1L TUNAL;2.37
3775143;2026-09-29;BQTO02;PA TODO LOS LEONES;ProdDERIV_LACTEOS;MANTEQUILLA PURISIMA SIN SAL 200G PURISIMA;5.32
3775142;2026-09-29;BQTO02;PA TODO LOS LEONES;ProdDERIV_LACTEOS;MANTEQUILLA PURISIMA CON SAL 200G PURISIMA;5.74
3775140;2026-09-29;BQTO02;PA TODO LOS LEONES;ProdDERIV_LACTEOS;CREMA DE LECHE DE 500GR PURISIMA;5.96
3775141;2026-09-29;BQTO02;PA TODO LOS LEONES;ProdDERIV_LACTEOS;CREMA DE LECHE DE 250GR PURISIMA;3.53
3611824;2026-09-15;BQTO02;PA TODO LOS LEONES;ProdEMBUTIDOS;SALCHICHA TIPO VIENA 225G (11unid) ALIMEX;3.34
3611825;2026-09-15;BQTO02;PA TODO LOS LEONES;ProdBEBIDAS_LACT;LECHE COMPLETA LIQUIDA PURISIMA;2.77
3775149;2026-09-29;BQTO02;PA TODO LOS LEONES;ProdBEBIDAS_LACT;LECHE DESCREMADA LIQUIDA PURISIMA;2.71
3775150;2026-09-29;BQTO02;PA TODO LOS LEONES;ProdBEBIDAS_LACT;LECHE  DESLACTOSADA LIQUIDA PURISIMA;2.86
3775146;2026-09-29;BQTO02;PA TODO LOS LEONES;ProdEMBUTIDOS;TOCINETA AHUMADA SIN CUERO 3.5KG ALIMEX;3.34
3775148;2026-09-29;BQTO02;PA TODO LOS LEONES;ProdBEBIDAS_LACT;LECHE BARISTA PURISIMA;2.77
3774086;2026-09-29;CCS11;PARAMO PRADO DE MARIA;ProdBEBIDAS_LACT;LECHE COMPLETA LIQUIDA PURISIMA;2.33
3774087;2026-09-29;CCS11;PARAMO PRADO DE MARIA;ProdBEBIDAS_LACT;LECHE DESCREMADA LIQUIDA PURISIMA;2.38
3774088;2026-09-29;CCS11;PARAMO PRADO DE MARIA;ProdBEBIDAS_LACT;LECHE  DESLACTOSADA LIQUIDA PURISIMA;2.42
3564255;2026-09-10;CCS11;PARAMO PRADO DE MARIA;ProdBEBIDAS;NARANJADA 1L TUNAL;2.38
3774092;2026-09-29;CCS11;PARAMO PRADO DE MARIA;ProdBEBIDAS;NECTAR MANZANA 1L TUNAL;2.38
3774093;2026-09-29;CCS11;PARAMO PRADO DE MARIA;ProdBEBIDAS;NECTAR PERA 1L TUNAL;2.38
3774094;2026-09-29;CCS11;PARAMO PRADO DE MARIA;ProdBEBIDAS;NECTAR DURAZNO 1L TUNAL;2.38
3564259;2026-09-10;CCS11;PARAMO PRADO DE MARIA;ProdBEBIDAS;NECTAR PERA LIGHT 1 LITRO TUNAL;2.49
3564263;2026-09-10;CCS11;PARAMO PRADO DE MARIA;ProdBEBIDAS;NECTAR PERA 500 ML TUNAL;1.59
3564264;2026-09-10;CCS11;PARAMO PRADO DE MARIA;ProdBEBIDAS;NECTAR DURAZNO 500 ML TUNAL;1.59
3564261;2026-09-10;CCS11;PARAMO PRADO DE MARIA;ProdBEBIDAS;NECTAR PERA 200 ML TUNAL;2.69
3564262;2026-09-10;CCS11;PARAMO PRADO DE MARIA;ProdBEBIDAS;NECTAR DURAZNO 200 ML TUNAL;2.69
3733735;2026-09-24;CCS11;PARAMO PRADO DE MARIA;ProdBEBIDAS;TE DURAZNO 1L TUNAL;2.38
3733736;2026-09-24;CCS11;PARAMO PRADO DE MARIA;ProdBEBIDAS;TE LIMON 1L TUNAL;2.38
3733737;2026-09-24;CCS11;PARAMO PRADO DE MARIA;ProdBEBIDAS;TE FRUTOS ROJOS 1L TUNAL;2.38
3564272;2026-09-10;CCS11;PARAMO PRADO DE MARIA;ProdDERIV_LACTEOS;MANTEQUILLA PURISIMA SIN SAL 200G PURISIMA;5.56
3564273;2026-09-10;CCS11;PARAMO PRADO DE MARIA;ProdDERIV_LACTEOS;MANTEQUILLA PURISIMA CON SAL 200G PURISIMA;5.96
3774097;2026-09-29;CCS11;PARAMO PRADO DE MARIA;ProdEMBUTIDOS;SALCHICHA TIPO VIENA 225G (11unid) ALIMEX;3.69
3774098;2026-09-29;CCS11;PARAMO PRADO DE MARIA;ProdEMBUTIDOS;SALCHICHA TIPO VIENA 450GR (22unid) ALIMEX;6.83
3774102;2026-09-29;CCS11;PARAMO PRADO DE MARIA;ProdJAMONERIA;JAMON PIERNA ALIMEX 98% 5.9kg;10.16
3564258;2026-09-10;CCS11;PARAMO PRADO DE MARIA;ProdBEBIDAS;NECTAR MANZANA LIGHT 1 LITRO TUNAL;2.49
3564260;2026-09-10;CCS11;PARAMO PRADO DE MARIA;ProdBEBIDAS;NECTAR MANZANA 200 ML TUNAL;2.69
3564269;2026-09-10;CCS11;PARAMO PRADO DE MARIA;ProdDERIV_LACTEOS;CREMA DE LECHE DE 500GR PURISIMA;5.88
3774100;2026-09-29;CCS11;PARAMO PRADO DE MARIA;ProdDERIV_LACTEOS;CREMA DE LECHE DE 250GR PURISIMA;3.67
3733751;2026-09-24;CCS11;PARAMO PRADO DE MARIA;ProdEMBUTIDOS;SALCHICHA TIPO VIENA 800GR (24unid) ALIMEX;11.72
3733729;2026-09-24;CCS11;PARAMO PRADO DE MARIA;ProdBEBIDAS;NARANJADA  200 ML TUNAL;2.76
3564279;2026-09-10;CCS11;PARAMO PRADO DE MARIA;ProdEMBUTIDOS;TOCINETA AHUMADA SIN CUERO 3.5KG ALIMEX;11.72
3785616;2026-09-29;MCY05;SUPERMERCADO MAPKET;ProdBEBIDAS_LACT;LECHE COMPLETA LIQUIDA PURISIMA;2.83
3785618;2026-09-29;MCY05;SUPERMERCADO MAPKET;ProdBEBIDAS_LACT;LECHE DESCREMADA LIQUIDA PURISIMA;2.78
3785619;2026-09-29;MCY05;SUPERMERCADO MAPKET;ProdBEBIDAS_LACT;LECHE  DESLACTOSADA LIQUIDA PURISIMA;2.93
3466904;2026-09-01;MCY05;SUPERMERCADO MAPKET;ProdBEBIDAS_LACT;Leche en polvo Purisima 500gr;6.74
3684092;2026-09-15;MCY05;SUPERMERCADO MAPKET;ProdDERIV_LACTEOS;MANTEQUILLA PURISIMA SIN SAL 200G PURISIMA;5.44
3697371;2026-09-22;MCY05;SUPERMERCADO MAPKET;ProdBEBIDAS;NECTAR PERA 200 ML TUNAL;2.88
3684087;2026-09-15;MCY05;SUPERMERCADO MAPKET;ProdEMBUTIDOS;MORTADELA CCS DE CARNES 900G;4.35
3785614;2026-09-29;MCY05;SUPERMERCADO MAPKET;ProdBEBIDAS_LACT;LECHE EN POLVO PURISIMA 200GR;2.45
3785615;2026-09-29;MCY05;SUPERMERCADO MAPKET;ProdBEBIDAS_LACT;LECHE EN POLVO PURISIMA 400GR;7.23
3785627;2026-09-29;MCY05;SUPERMERCADO MAPKET;ProdEMBUTIDOS;SALCHICHA TIPO VIENA 800GR (24unid) ALIMEX;10.47
3785628;2026-09-29;MCY05;SUPERMERCADO MAPKET;ProdEMBUTIDOS;SALCHICHA TIPO VIENA 450GR (22unid) ALIMEX;6.09
3785629;2026-09-29;MCY05;SUPERMERCADO MAPKET;ProdEMBUTIDOS;SALCHICHA TIPO VIENA 225G (11unid) ALIMEX;3.32
3461611;2026-09-01;PLC05;NOVA TERRANOVA;ProdBEBIDAS_LACT;Leche en polvo Purisima 500gr;5.5
3461612;2026-09-01;PLC05;NOVA TERRANOVA;ProdBEBIDAS_LACT;Leche en polvo Purisima 1kg;11.7
3777331;2026-09-29;PLC05;NOVA TERRANOVA;ProdBEBIDAS_LACT;LECHE COMPLETA LIQUIDA PURISIMA;2.39
3777332;2026-09-29;PLC05;NOVA TERRANOVA;ProdBEBIDAS_LACT;LECHE DESCREMADA LIQUIDA PURISIMA;2.39
3777333;2026-09-29;PLC05;NOVA TERRANOVA;ProdBEBIDAS_LACT;LECHE  DESLACTOSADA LIQUIDA PURISIMA;2.39
3566001;2026-09-10;PLC05;NOVA TERRANOVA;ProdBEBIDAS;NECTAR MANZANA 1L TUNAL;1.86
3777342;2026-09-29;PLC05;NOVA TERRANOVA;ProdBEBIDAS;NECTAR DURAZNO 1L TUNAL;1.86
3777337;2026-09-29;PLC05;NOVA TERRANOVA;ProdBEBIDAS_LACT;LECHE EN POLVO PURISIMA 900GR;11.7
3777339;2026-09-29;PLC05;NOVA TERRANOVA;ProdBEBIDAS_LACT;LECHE EN POLVO PURISIMA 200GR;2.8
3777338;2026-09-29;PLC05;NOVA TERRANOVA;ProdBEBIDAS_LACT;LECHE EN POLVO PURISIMA 400GR;5.5
3777610;2026-09-29;CCS08;UNICASA CANDELARIA;ProdBEBIDAS_LACT;LECHE COMPLETA LIQUIDA PURISIMA;2.49
3777611;2026-09-29;CCS08;UNICASA CANDELARIA;ProdBEBIDAS_LACT;LECHE DESCREMADA LIQUIDA PURISIMA;2.49
3777612;2026-09-29;CCS08;UNICASA CANDELARIA;ProdBEBIDAS_LACT;LECHE  DESLACTOSADA LIQUIDA PURISIMA;2.49
3777585;2026-09-29;CCS08;UNICASA CANDELARIA;ProdBEBIDAS;NARANJADA 1L TUNAL;2.8
3777586;2026-09-29;CCS08;UNICASA CANDELARIA;ProdBEBIDAS;NECTAR MANZANA 1L TUNAL;2.15
3777588;2026-09-29;CCS08;UNICASA CANDELARIA;ProdBEBIDAS;NECTAR DURAZNO 1L TUNAL;2.15
3777589;2026-09-29;CCS08;UNICASA CANDELARIA;ProdBEBIDAS;JUGO NARANJA LIGTH 1 LITRO TUNAL;2.3
3468960;2026-09-01;CCS08;UNICASA CANDELARIA;ProdBEBIDAS;NECTAR MANZANA LIGHT 1 LITRO TUNAL;2.29
3777590;2026-09-29;CCS08;UNICASA CANDELARIA;ProdBEBIDAS;NECTAR PERA LIGHT 1 LITRO TUNAL;2.3
3777599;2026-09-29;CCS08;UNICASA CANDELARIA;ProdBEBIDAS;NARANJADA  200 ML TUNAL;2.49
3777600;2026-09-29;CCS08;UNICASA CANDELARIA;ProdBEBIDAS;NECTAR MANZANA 200 ML TUNAL;2.49
3777601;2026-09-29;CCS08;UNICASA CANDELARIA;ProdBEBIDAS;NECTAR PERA 200 ML TUNAL;2.49
3777602;2026-09-29;CCS08;UNICASA CANDELARIA;ProdBEBIDAS;NECTAR DURAZNO 200 ML TUNAL;2.49
3777587;2026-09-29;CCS08;UNICASA CANDELARIA;ProdBEBIDAS;NECTAR PERA 1L TUNAL;2.15
3777614;2026-09-29;CCS08;UNICASA CANDELARIA;ProdBEBIDAS;TE DURAZNO 1L TUNAL;2.1
3777615;2026-09-29;CCS08;UNICASA CANDELARIA;ProdBEBIDAS;TE LIMON 1L TUNAL;2.1
3777616;2026-09-29;CCS08;UNICASA CANDELARIA;ProdBEBIDAS;TE FRUTOS ROJOS 1L TUNAL;2.1
3777603;2026-09-29;CCS08;UNICASA CANDELARIA;ProdBEBIDAS;NARANJADA  500 ML TUNAL;1.89
3777604;2026-09-29;CCS08;UNICASA CANDELARIA;ProdBEBIDAS;NECTAR DURAZNO 500 ML TUNAL;1.45
3777605;2026-09-29;CCS08;UNICASA CANDELARIA;ProdBEBIDAS;TE DURAZNO 500ML TUNAL;1.15
3777606;2026-09-29;CCS08;UNICASA CANDELARIA;ProdBEBIDAS;TE LIMON 500ML TUNAL;1.15
3720425;2026-09-22;CCS08;UNICASA CANDELARIA;ProdBEBIDAS_LACT;LECHE EN POLVO PURISIMA 400GR;6.88
3664292;2026-09-18;BQTO01;BODEGON VENUS;ProdBEBIDAS;NARANJADA 1L TUNAL;0
3664300;2026-09-18;BQTO01;BODEGON VENUS;ProdBEBIDAS;NECTAR DURAZNO 1L TUNAL;0
3664296;2026-09-18;BQTO01;BODEGON VENUS;ProdBEBIDAS;NECTAR MANZANA 1L TUNAL;0
3664303;2026-09-18;BQTO01;BODEGON VENUS;ProdBEBIDAS;NECTAR PERA 1L TUNAL;0
3664318;2026-09-18;BQTO01;BODEGON VENUS;ProdBEBIDAS;JUGO NARANJA LIGTH 1 LITRO TUNAL;0
3664323;2026-09-18;BQTO01;BODEGON VENUS;ProdBEBIDAS;NECTAR PERA LIGHT 1 LITRO TUNAL;0
3664311;2026-09-18;BQTO01;BODEGON VENUS;ProdBEBIDAS;TE LIMON 1L TUNAL;0
3664314;2026-09-18;BQTO01;BODEGON VENUS;ProdBEBIDAS;TE FRUTOS ROJOS 1L TUNAL;0
3664327;2026-09-18;BQTO01;BODEGON VENUS;ProdBEBIDAS_LACT;LECHE COMPLETA LIQUIDA PURISIMA;0
3664332;2026-09-18;BQTO01;BODEGON VENUS;ProdBEBIDAS_LACT;LECHE DESCREMADA LIQUIDA PURISIMA;0
3664335;2026-09-18;BQTO01;BODEGON VENUS;ProdBEBIDAS_LACT;LECHE  DESLACTOSADA LIQUIDA PURISIMA;0
3664338;2026-09-18;BQTO01;BODEGON VENUS;ProdDERIV_LACTEOS;CREMA DE LECHE DE 500GR PURISIMA;0
3664341;2026-09-18;BQTO01;BODEGON VENUS;ProdDERIV_LACTEOS;CREMA DE LECHE DE 250GR PURISIMA;0
3664347;2026-09-18;BQTO01;BODEGON VENUS;ProdDERIV_LACTEOS;MANTEQUILLA PURISIMA SIN SAL 200G PURISIMA;0
3664345;2026-09-18;BQTO01;BODEGON VENUS;ProdDERIV_LACTEOS;MANTEQUILLA PURISIMA CON SAL 200G PURISIMA;0
3664306;2026-09-18;BQTO01;BODEGON VENUS;ProdBEBIDAS;TE DURAZNO 1L TUNAL;0
3664350;2026-09-18;BQTO01;BODEGON VENUS;ProdEMBUTIDOS;SALCHICHA TIPO VIENA 800GR (24unid) ALIMEX;0
3664352;2026-09-18;BQTO01;BODEGON VENUS;ProdEMBUTIDOS;SALCHICHA TIPO VIENA 225G (11unid) ALIMEX;0
3700019;2026-09-22;BQTO07;INVERSIONES LA GRAN FAMILIA;ProdDERIV_LACTEOS;CREMA DE LECHE DE 250GR PURISIMA;3.01
3700020;2026-09-22;BQTO07;INVERSIONES LA GRAN FAMILIA;ProdDERIV_LACTEOS;MANTEQUILLA PURISIMA SIN SAL 200G PURISIMA;4.95
3700021;2026-09-22;BQTO07;INVERSIONES LA GRAN FAMILIA;ProdDERIV_LACTEOS;MANTEQUILLA PURISIMA CON SAL 200G PURISIMA;4.95
3464759;2026-09-01;BQTO07;INVERSIONES LA GRAN FAMILIA;ProdEMBUTIDOS;MORTADELA CCS DE CARNES 1KG;2.79
3464762;2026-09-01;BQTO07;INVERSIONES LA GRAN FAMILIA;ProdEMBUTIDOS;MORTADELA CCS DE CARNES 500G;2.91
3700024;2026-09-22;BQTO07;INVERSIONES LA GRAN FAMILIA;ProdEMBUTIDOS;SALCHICHA TIPO VIENA 225G (11unid) ALIMEX;3.14
3700025;2026-09-22;BQTO07;INVERSIONES LA GRAN FAMILIA;ProdEMBUTIDOS;SALCHICHA TIPO VIENA 450GR (22unid) ALIMEX;5.89
3464785;2026-09-01;BQTO07;INVERSIONES LA GRAN FAMILIA;ProdEMBUTIDOS;SALCHICHA TIPO VIENA 800GR (24unid) ALIMEX;9.91
3700011;2026-09-22;BQTO07;INVERSIONES LA GRAN FAMILIA;ProdBEBIDAS_LACT;LECHE COMPLETA LIQUIDA PURISIMA;2.6
3700012;2026-09-22;BQTO07;INVERSIONES LA GRAN FAMILIA;ProdBEBIDAS_LACT;LECHE DESCREMADA LIQUIDA PURISIMA;2.6
3700013;2026-09-22;BQTO07;INVERSIONES LA GRAN FAMILIA;ProdBEBIDAS_LACT;LECHE  DESLACTOSADA LIQUIDA PURISIMA;2.69
3700018;2026-09-22;BQTO07;INVERSIONES LA GRAN FAMILIA;ProdDERIV_LACTEOS;CREMA DE LECHE DE 500GR PURISIMA;5.9
3610974;2026-09-15;PTO04;SUP KOBI;ProdBEBIDAS_LACT;LECHE DESCREMADA LIQUIDA PURISIMA;2.82
3610975;2026-09-15;PTO04;SUP KOBI;ProdBEBIDAS_LACT;LECHE  DESLACTOSADA LIQUIDA PURISIMA;2.9
3610963;2026-09-15;PTO04;SUP KOBI;ProdBEBIDAS_LACT;LECHE EN POLVO PURISIMA 200GR;3.5
3610964;2026-09-15;PTO04;SUP KOBI;ProdBEBIDAS_LACT;LECHE EN POLVO PURISIMA 400GR;6.78
3610965;2026-09-15;PTO04;SUP KOBI;ProdBEBIDAS_LACT;LECHE EN POLVO PURISIMA 900GR;13.63
3610989;2026-09-15;PTO04;SUP KOBI;ProdBEBIDAS;NARANJADA 1L TUNAL;2.29
3610990;2026-09-15;PTO04;SUP KOBI;ProdBEBIDAS;NECTAR DURAZNO 1L TUNAL;2.29
3610991;2026-09-15;PTO04;SUP KOBI;ProdBEBIDAS;NECTAR MANZANA 1L TUNAL;2.29
3644351;2026-09-17;PTO04;SUP KOBI;ProdBEBIDAS;NARANJADA  200 ML TUNAL;0.89
3644352;2026-09-17;PTO04;SUP KOBI;ProdBEBIDAS;NECTAR DURAZNO 200 ML TUNAL;0.89
3644353;2026-09-17;PTO04;SUP KOBI;ProdBEBIDAS;NECTAR MANZANA 200 ML TUNAL;0.89
3644354;2026-09-17;PTO04;SUP KOBI;ProdBEBIDAS;NECTAR PERA 200 ML TUNAL;0.89
3644355;2026-09-17;PTO04;SUP KOBI;ProdBEBIDAS;NECTAR PERA 500 ML TUNAL;1.6
3610983;2026-09-15;PTO04;SUP KOBI;ProdEMBUTIDOS;MORTADELA CCS DE CARNES 500G;2.14
3610984;2026-09-15;PTO04;SUP KOBI;ProdEMBUTIDOS;MORTADELA CCS DE CARNES 900G;3.54
3464115;2026-09-01;BQTO06;GALAXIA CENTER;ProdBEBIDAS_LACT;LECHE COMPLETA LIQUIDA PURISIMA;2.7
3464120;2026-09-01;BQTO06;GALAXIA CENTER;ProdBEBIDAS_LACT;LECHE DESCREMADA LIQUIDA PURISIMA;2.65
3464125;2026-09-01;BQTO06;GALAXIA CENTER;ProdBEBIDAS_LACT;LECHE  DESLACTOSADA LIQUIDA PURISIMA;2.8
3618512;2026-09-15;BQTO06;GALAXIA CENTER;ProdEMBUTIDOS;MORTADELA CCS DE CARNES 500G;2.2
3618509;2026-09-15;BQTO06;GALAXIA CENTER;ProdEMBUTIDOS;MORTADELA CCS DE CARNES 900G;3.7
3618516;2026-09-15;BQTO06;GALAXIA CENTER;ProdEMBUTIDOS;SALCHICHA TIPO VIENA 800GR (24unid) ALIMEX;10.8
3618518;2026-09-15;BQTO06;GALAXIA CENTER;ProdEMBUTIDOS;SALCHICHA TIPO VIENA 450GR (22unid) ALIMEX;6.3
3618522;2026-09-15;BQTO06;GALAXIA CENTER;ProdDERIV_LACTEOS;CREMA DE LECHE DE 250GR PURISIMA;3.6
3618520;2026-09-15;BQTO06;GALAXIA CENTER;ProdDERIV_LACTEOS;CREMA DE LECHE DE 500GR PURISIMA;6.1
3464187;2026-09-01;BQTO06;GALAXIA CENTER;ProdDERIV_LACTEOS;MANTEQUILLA PURISIMA CON SAL 200G PURISIMA;5.9
3646320;2026-09-17;BQTO02;MERKAFURT SAMBIL;ProdBEBIDAS_LACT;LECHE COMPLETA LIQUIDA PURISIMA;2.65
3646325;2026-09-17;BQTO02;MERKAFURT SAMBIL;ProdBEBIDAS_LACT;LECHE DESCREMADA LIQUIDA PURISIMA;2.6
3646329;2026-09-17;BQTO02;MERKAFURT SAMBIL;ProdBEBIDAS_LACT;LECHE  DESLACTOSADA LIQUIDA PURISIMA;2.74
3782350;2026-09-29;BQTO02;MERKAFURT SAMBIL;ProdBEBIDAS;NECTAR DURAZNO 1L TUNAL;2.45
3782354;2026-09-29;BQTO02;MERKAFURT SAMBIL;ProdBEBIDAS;JUGO NARANJA LIGTH 1 LITRO TUNAL;2.59
3464020;2026-09-01;BQTO02;MERKAFURT SAMBIL;ProdBEBIDAS;NECTAR PERA LIGHT 1 LITRO TUNAL;2.57
3492285;2026-09-03;BQTO02;MERKAFURT SAMBIL;ProdDERIV_LACTEOS;CREMA DE LECHE DE 500GR PURISIMA;6.25
3492288;2026-09-03;BQTO02;MERKAFURT SAMBIL;ProdDERIV_LACTEOS;CREMA DE LECHE DE 250GR PURISIMA;3.7
3492279;2026-09-03;BQTO02;MERKAFURT SAMBIL;ProdDERIV_LACTEOS;MANTEQUILLA PURISIMA SIN SAL 200G PURISIMA;5.6
3492282;2026-09-03;BQTO02;MERKAFURT SAMBIL;ProdDERIV_LACTEOS;MANTEQUILLA PURISIMA CON SAL 200G PURISIMA;6.09
3492292;2026-09-03;BQTO02;MERKAFURT SAMBIL;ProdEMBUTIDOS;SALCHICHA TIPO VIENA 800GR (24unid) ALIMEX;10.95
3492294;2026-09-03;BQTO02;MERKAFURT SAMBIL;ProdEMBUTIDOS;SALCHICHA TIPO VIENA 450GR (22unid) ALIMEX;6.39
3464027;2026-09-01;BQTO02;MERKAFURT SAMBIL;ProdEMBUTIDOS;MORTADELA CCS DE CARNES 900G;3.55
3782349;2026-09-29;BQTO02;MERKAFURT SAMBIL;ProdBEBIDAS;NARANJADA 1L TUNAL;2.57
3782351;2026-09-29;BQTO02;MERKAFURT SAMBIL;ProdBEBIDAS;NECTAR MANZANA 1L TUNAL;2.45
3782352;2026-09-29;BQTO02;MERKAFURT SAMBIL;ProdBEBIDAS;TE DURAZNO 1L TUNAL;2.42
3782353;2026-09-29;BQTO02;MERKAFURT SAMBIL;ProdBEBIDAS;TE LIMON 1L TUNAL;2.42
3646333;2026-09-17;BQTO02;MERKAFURT SAMBIL;ProdBEBIDAS_LACT;LECHE BARISTA PURISIMA;2.95
3492297;2026-09-03;BQTO02;MERKAFURT SAMBIL;ProdEMBUTIDOS;TOCINETA AHUMADA SIN CUERO 3.5KG ALIMEX;3.49
3680199;2026-09-17;MCY01;DELI PLAZA 2;ProdBEBIDAS_LACT;LECHE EN POLVO PURISIMA 400GR;6.79
3680201;2026-09-17;MCY01;DELI PLAZA 2;ProdBEBIDAS_LACT;LECHE EN POLVO PURISIMA 900GR;14.46
3680222;2026-09-17;MCY01;DELI PLAZA 2;ProdBEBIDAS;NARANJADA 1L TUNAL;2.49
3680224;2026-09-17;MCY01;DELI PLAZA 2;ProdBEBIDAS;NECTAR DURAZNO 1L TUNAL;1.99
3680226;2026-09-17;MCY01;DELI PLAZA 2;ProdBEBIDAS;NECTAR MANZANA 1L TUNAL;1.99
3680228;2026-09-17;MCY01;DELI PLAZA 2;ProdBEBIDAS;NECTAR PERA 1L TUNAL;1.99
3680232;2026-09-17;MCY01;DELI PLAZA 2;ProdBEBIDAS;TE LIMON 1L TUNAL;2.45
3680234;2026-09-17;MCY01;DELI PLAZA 2;ProdBEBIDAS;TE FRUTOS ROJOS 1L TUNAL;2.45
3680243;2026-09-17;MCY01;DELI PLAZA 2;ProdEMBUTIDOS;SALCHICHA TIPO VIENA 450GR (22unid) ALIMEX;6.89
3680244;2026-09-17;MCY01;DELI PLAZA 2;ProdEMBUTIDOS;SALCHICHA TIPO VIENA 800GR (24unid) ALIMEX;11.79
3680248;2026-09-17;MCY01;DELI PLAZA 2;ProdEMBUTIDOS;MORTADELA DE POLLO DE 1 KG;4.49
3680249;2026-09-17;MCY01;DELI PLAZA 2;ProdEMBUTIDOS;MORTADELA DE POLLO DE 500G;2.25
3680250;2026-09-17;MCY01;DELI PLAZA 2;ProdDERIV_LACTEOS;CREMA DE LECHE DE 250GR PURISIMA;3.799
3684129;2026-09-15;MCY05;SUPERMERCADO EL BOSQUE;ProdBEBIDAS;NARANJADA 1L TUNAL;2.99
3466874;2026-09-01;MCY05;SUPERMERCADO EL BOSQUE;ProdBEBIDAS;NECTAR MANZANA 1L TUNAL;2.33
3466875;2026-09-01;MCY05;SUPERMERCADO EL BOSQUE;ProdBEBIDAS;NECTAR PERA 1L TUNAL;2.33
3684130;2026-09-15;MCY05;SUPERMERCADO EL BOSQUE;ProdBEBIDAS;NECTAR DURAZNO 1L TUNAL;2.39
3785638;2026-09-29;MCY05;SUPERMERCADO EL BOSQUE;ProdBEBIDAS_LACT;LECHE COMPLETA LIQUIDA PURISIMA;2.55
3785640;2026-09-29;MCY05;SUPERMERCADO EL BOSQUE;ProdBEBIDAS_LACT;LECHE DESCREMADA LIQUIDA PURISIMA;2.55
3785642;2026-09-29;MCY05;SUPERMERCADO EL BOSQUE;ProdBEBIDAS_LACT;LECHE  DESLACTOSADA LIQUIDA PURISIMA;2.79
3785658;2026-09-29;MCY05;SUPERMERCADO EL BOSQUE;ProdEMBUTIDOS;SALCHICHA TIPO VIENA 225G (11unid) ALIMEX;3.65
3785657;2026-09-29;MCY05;SUPERMERCADO EL BOSQUE;ProdEMBUTIDOS;SALCHICHA TIPO VIENA 450GR (22unid) ALIMEX;4.99
3785656;2026-09-29;MCY05;SUPERMERCADO EL BOSQUE;ProdEMBUTIDOS;SALCHICHA TIPO VIENA 800GR (24unid) ALIMEX;11.5
3785659;2026-09-29;MCY05;SUPERMERCADO EL BOSQUE;ProdEMBUTIDOS;Salchicha el tunal de pollo 450gr;5.89
3785660;2026-09-29;MCY05;SUPERMERCADO EL BOSQUE;ProdEMBUTIDOS;Salchicha el tunal de pollo 250gr;2.99
3697351;2026-09-22;MCY05;SUPERMERCADO EL BOSQUE;ProdBEBIDAS_LACT;LECHE BARISTA PURISIMA;2.75
3785663;2026-09-29;MCY05;SUPERMERCADO EL BOSQUE;ProdDERIV_LACTEOS;CREMA DE LECHE DE 250GR PURISIMA;3.27
3785664;2026-09-29;MCY05;SUPERMERCADO EL BOSQUE;ProdDERIV_LACTEOS;CREMA DE LECHE DE 500GR PURISIMA;6.39
3785648;2026-09-29;MCY05;SUPERMERCADO EL BOSQUE;ProdBEBIDAS;NARANJADA  200 ML TUNAL;2.95
3785649;2026-09-29;MCY05;SUPERMERCADO EL BOSQUE;ProdBEBIDAS;NECTAR DURAZNO 200 ML TUNAL;2.89
3785650;2026-09-29;MCY05;SUPERMERCADO EL BOSQUE;ProdBEBIDAS;NECTAR PERA 200 ML TUNAL;2.89
3800011;2026-09-30;PLC02;TODO HOGAR COLINAS;ProdBEBIDAS_LACT;LECHE BARISTA PURISIMA;2.85
3800008;2026-09-30;PLC02;TODO HOGAR COLINAS;ProdBEBIDAS_LACT;LECHE COMPLETA LIQUIDA PURISIMA;2.69
3800009;2026-09-30;PLC02;TODO HOGAR COLINAS;ProdBEBIDAS_LACT;LECHE DESCREMADA LIQUIDA PURISIMA;2.79
3800010;2026-09-30;PLC02;TODO HOGAR COLINAS;ProdBEBIDAS_LACT;LECHE  DESLACTOSADA LIQUIDA PURISIMA;2.79
3800026;2026-09-30;PLC02;TODO HOGAR COLINAS;ProdBEBIDAS;NARANJADA 1L TUNAL;2.85
3800027;2026-09-30;PLC02;TODO HOGAR COLINAS;ProdBEBIDAS;NECTAR MANZANA 1L TUNAL;2.25
3800029;2026-09-30;PLC02;TODO HOGAR COLINAS;ProdBEBIDAS;NECTAR PERA 1L TUNAL;2.25
3511152;2026-09-04;PLC02;TODO HOGAR COLINAS;ProdBEBIDAS;NARANJADA  200 ML TUNAL;0.89
3511153;2026-09-04;PLC02;TODO HOGAR COLINAS;ProdBEBIDAS;NECTAR DURAZNO 200 ML TUNAL;0.95
3511154;2026-09-04;PLC02;TODO HOGAR COLINAS;ProdBEBIDAS;NECTAR MANZANA 200 ML TUNAL;0.89
3511156;2026-09-04;PLC02;TODO HOGAR COLINAS;ProdBEBIDAS;NECTAR PERA 200 ML TUNAL;1.55
3511157;2026-09-04;PLC02;TODO HOGAR COLINAS;ProdBEBIDAS;NARANJADA  500 ML TUNAL;1.99
3511158;2026-09-04;PLC02;TODO HOGAR COLINAS;ProdBEBIDAS;NECTAR MANZANA 500 ML TUNAL;1.55
3511159;2026-09-04;PLC02;TODO HOGAR COLINAS;ProdBEBIDAS;TE DURAZNO 1L TUNAL;2.39
3511160;2026-09-04;PLC02;TODO HOGAR COLINAS;ProdBEBIDAS;TE LIMON 1L TUNAL;2.35
3511162;2026-09-04;PLC02;TODO HOGAR COLINAS;ProdEMBUTIDOS;SALCHICHA TIPO VIENA 225G (11unid) ALIMEX;3.49
3511164;2026-09-04;PLC02;TODO HOGAR COLINAS;ProdDERIV_LACTEOS;MANTEQUILLA PURISIMA CON SAL 200G PURISIMA;5.85
3800028;2026-09-30;PLC02;TODO HOGAR COLINAS;ProdBEBIDAS;NECTAR DURAZNO 1L TUNAL;2.25
3800030;2026-09-30;PLC02;TODO HOGAR COLINAS;ProdBEBIDAS;JUGO NARANJA LIGTH 1 LITRO TUNAL;2.39
3800031;2026-09-30;PLC02;TODO HOGAR COLINAS;ProdBEBIDAS;NECTAR PERA LIGHT 1 LITRO TUNAL;2.25
3769924;2026-09-28;BQTO01;MAS QUE POLLO;ProdBEBIDAS_LACT;LECHE COMPLETA LIQUIDA PURISIMA;2.79
3769926;2026-09-28;BQTO01;MAS QUE POLLO;ProdBEBIDAS_LACT;LECHE DESCREMADA LIQUIDA PURISIMA;2.69
3508651;2026-09-04;BQTO01;MAS QUE POLLO;ProdBEBIDAS_LACT;LECHE  DESLACTOSADA LIQUIDA PURISIMA;2.89
3769900;2026-09-28;BQTO01;MAS QUE POLLO;ProdBEBIDAS;NARANJADA 1L TUNAL;3.49
3769904;2026-09-28;BQTO01;MAS QUE POLLO;ProdBEBIDAS;NECTAR DURAZNO 1L TUNAL;2.99
3600548;2026-09-14;BQTO01;MAS QUE POLLO;ProdBEBIDAS;NECTAR MANZANA 1L TUNAL;2.55
3600550;2026-09-14;BQTO01;MAS QUE POLLO;ProdBEBIDAS;NECTAR PERA 1L TUNAL;2.95
3600552;2026-09-14;BQTO01;MAS QUE POLLO;ProdBEBIDAS;NECTAR MANZANA LIGHT 1 LITRO TUNAL;3.05
3769911;2026-09-28;BQTO01;MAS QUE POLLO;ProdBEBIDAS;NECTAR PERA LIGHT 1 LITRO TUNAL;2.85
3769915;2026-09-28;BQTO01;MAS QUE POLLO;ProdBEBIDAS;TE DURAZNO 1L TUNAL;2.55
3769919;2026-09-28;BQTO01;MAS QUE POLLO;ProdBEBIDAS;TE LIMON 1L TUNAL;2.75
3769922;2026-09-28;BQTO01;MAS QUE POLLO;ProdBEBIDAS;TE FRUTOS ROJOS 1L TUNAL;2.73
3600565;2026-09-14;BQTO01;MAS QUE POLLO;ProdBEBIDAS;NARANJADA  200 ML TUNAL;1.03
3600566;2026-09-14;BQTO01;MAS QUE POLLO;ProdBEBIDAS;NECTAR MANZANA 200 ML TUNAL;1.02
3600567;2026-09-14;BQTO01;MAS QUE POLLO;ProdBEBIDAS;NECTAR PERA 200 ML TUNAL;1.19
3600568;2026-09-14;BQTO01;MAS QUE POLLO;ProdBEBIDAS;NECTAR DURAZNO 200 ML TUNAL;1
3600569;2026-09-14;BQTO01;MAS QUE POLLO;ProdDERIV_LACTEOS;CREMA DE LECHE DE 500GR PURISIMA;6.32
3600570;2026-09-14;BQTO01;MAS QUE POLLO;ProdDERIV_LACTEOS;CREMA DE LECHE DE 250GR PURISIMA;3.85
3769908;2026-09-28;BQTO01;MAS QUE POLLO;ProdBEBIDAS;JUGO NARANJA LIGTH 1 LITRO TUNAL;3.05
3763646;2026-09-28;BQTO03;SUPERMERCADO LAS AMAPOLAS;ProdBEBIDAS_LACT;LECHE COMPLETA LIQUIDA PURISIMA;2.55
3763648;2026-09-28;BQTO03;SUPERMERCADO LAS AMAPOLAS;ProdBEBIDAS_LACT;LECHE DESCREMADA LIQUIDA PURISIMA;2.65
3659553;2026-09-18;BQTO03;SUPERMERCADO LAS AMAPOLAS;ProdBEBIDAS_LACT;LECHE  DESLACTOSADA LIQUIDA PURISIMA;2.65
3763649;2026-09-28;BQTO03;SUPERMERCADO LAS AMAPOLAS;ProdBEBIDAS;NARANJADA 1L TUNAL;2.5
3503473;2026-09-04;BQTO03;SUPERMERCADO LAS AMAPOLAS;ProdBEBIDAS;NECTAR DURAZNO 1L TUNAL;0
3763651;2026-09-28;BQTO03;SUPERMERCADO LAS AMAPOLAS;ProdBEBIDAS;NECTAR PERA 1L TUNAL;2.25
3763650;2026-09-28;BQTO03;SUPERMERCADO LAS AMAPOLAS;ProdBEBIDAS;NECTAR MANZANA 1L TUNAL;2.25
3763652;2026-09-28;BQTO03;SUPERMERCADO LAS AMAPOLAS;ProdBEBIDAS;TE LIMON 1L TUNAL;2.14
3763653;2026-09-28;BQTO03;SUPERMERCADO LAS AMAPOLAS;ProdBEBIDAS;TE FRUTOS ROJOS 1L TUNAL;2.14
3763654;2026-09-28;BQTO03;SUPERMERCADO LAS AMAPOLAS;ProdBEBIDAS;NARANJADA  200 ML TUNAL;0.96
3763655;2026-09-28;BQTO03;SUPERMERCADO LAS AMAPOLAS;ProdBEBIDAS;NECTAR PERA 200 ML TUNAL;0.96
3763656;2026-09-28;BQTO03;SUPERMERCADO LAS AMAPOLAS;ProdBEBIDAS;NECTAR MANZANA 200 ML TUNAL;0.96
3763657;2026-09-28;BQTO03;SUPERMERCADO LAS AMAPOLAS;ProdBEBIDAS;NECTAR DURAZNO 200 ML TUNAL;0.96
3782649;2026-09-29;MCY03;EUROMERCADO INTERCOMUNAL;ProdBEBIDAS_LACT;LECHE EN POLVO PURISIMA 900GR;12.75
3782650;2026-09-29;MCY03;EUROMERCADO INTERCOMUNAL;ProdBEBIDAS_LACT;LECHE EN POLVO PURISIMA 400GR;6.95
3782644;2026-09-29;MCY03;EUROMERCADO INTERCOMUNAL;ProdBEBIDAS_LACT;LECHE COMPLETA LIQUIDA PURISIMA;2.05
3782645;2026-09-29;MCY03;EUROMERCADO INTERCOMUNAL;ProdBEBIDAS_LACT;LECHE DESCREMADA LIQUIDA PURISIMA;1.99
3782646;2026-09-29;MCY03;EUROMERCADO INTERCOMUNAL;ProdBEBIDAS_LACT;LECHE  DESLACTOSADA LIQUIDA PURISIMA;2.15
3782643;2026-09-29;MCY03;EUROMERCADO INTERCOMUNAL;ProdBEBIDAS_LACT;LECHE BARISTA PURISIMA;2.6
3714226;2026-09-23;MCY03;EUROMERCADO INTERCOMUNAL;ProdDERIV_LACTEOS;MANTEQUILLA PURISIMA SIN SAL 200G PURISIMA;5.39
3714227;2026-09-23;MCY03;EUROMERCADO INTERCOMUNAL;ProdDERIV_LACTEOS;MANTEQUILLA PURISIMA CON SAL 200G PURISIMA;5.8
3659964;2026-09-18;MCY03;EUROMERCADO INTERCOMUNAL;ProdEMBUTIDOS;SALCHICHA TIPO VIENA 800GR (24unid) ALIMEX;10.65
3659966;2026-09-18;MCY03;EUROMERCADO INTERCOMUNAL;ProdEMBUTIDOS;SALCHICHA TIPO VIENA 450GR (22unid) ALIMEX;6.55
3659968;2026-09-18;MCY03;EUROMERCADO INTERCOMUNAL;ProdEMBUTIDOS;SALCHICHA TIPO VIENA 225G (11unid) ALIMEX;3.55
3731572;2026-09-24;MCY03;EUROMERCADO INTERCOMUNAL;ProdDERIV_LACTEOS;CREMA DE LECHE DE 500GR PURISIMA;5.75
3731571;2026-09-24;MCY03;EUROMERCADO INTERCOMUNAL;ProdDERIV_LACTEOS;CREMA DE LECHE DE 250GR PURISIMA;3.39
3567190;2026-09-10;MCY03;EUROMERCADO INTERCOMUNAL;ProdBEBIDAS;NARANJADA 1L TUNAL;3.25
3567191;2026-09-10;MCY03;EUROMERCADO INTERCOMUNAL;ProdBEBIDAS;NECTAR DURAZNO 1L TUNAL;2.35
3567192;2026-09-10;MCY03;EUROMERCADO INTERCOMUNAL;ProdBEBIDAS;NECTAR MANZANA 1L TUNAL;2.35
3567193;2026-09-10;MCY03;EUROMERCADO INTERCOMUNAL;ProdBEBIDAS;NECTAR PERA 1L TUNAL;2.35
3714184;2026-09-23;MCY03;EUROMERCADO INTERCOMUNAL;ProdBEBIDAS;NARANJADA  500 ML TUNAL;2.05
3714185;2026-09-23;MCY03;EUROMERCADO INTERCOMUNAL;ProdBEBIDAS;NECTAR DURAZNO 500 ML TUNAL;1.55
3714186;2026-09-23;MCY03;EUROMERCADO INTERCOMUNAL;ProdBEBIDAS;NECTAR MANZANA 500 ML TUNAL;1.55
3714187;2026-09-23;MCY03;EUROMERCADO INTERCOMUNAL;ProdBEBIDAS;NECTAR PERA 500 ML TUNAL;1.55
3659972;2026-09-18;MCY03;EUROMERCADO INTERCOMUNAL;ProdEMBUTIDOS;Salchicha el tunal de pollo 450gr;5.25
3659975;2026-09-18;MCY03;EUROMERCADO INTERCOMUNAL;ProdEMBUTIDOS;Salchicha el tunal de pollo 250gr;2.39
3567182;2026-09-10;MCY03;EUROMERCADO INTERCOMUNAL;ProdBEBIDAS;TE DURAZNO 1L TUNAL;2.35
3567184;2026-09-10;MCY03;EUROMERCADO INTERCOMUNAL;ProdBEBIDAS;TE LIMON 1L TUNAL;2.35
3731568;2026-09-24;MCY03;EUROMERCADO INTERCOMUNAL;ProdBEBIDAS;TE FRUTOS ROJOS 1L TUNAL;2.35
3765712;2026-09-28;MCY03;EUROMERCADO INTERCOMUNAL;ProdBEBIDAS;NARANJADA  200 ML TUNAL;2.7
3765713;2026-09-28;MCY03;EUROMERCADO INTERCOMUNAL;ProdBEBIDAS;NECTAR DURAZNO 200 ML TUNAL;2.65
3765714;2026-09-28;MCY03;EUROMERCADO INTERCOMUNAL;ProdBEBIDAS;NECTAR MANZANA 200 ML TUNAL;2.65
3765715;2026-09-28;MCY03;EUROMERCADO INTERCOMUNAL;ProdBEBIDAS;NECTAR PERA 200 ML TUNAL;2.65
3567183;2026-09-10;MCY03;EUROMERCADO INTERCOMUNAL;ProdBEBIDAS;TE DURAZNO 500ML TUNAL;1.46
3696718;2026-09-22;MCY03;EUROMERCADO INTERCOMUNAL;ProdEMBUTIDOS;MORTADELA DE POLLO DE 1 KG;3.45
3567185;2026-09-10;MCY03;EUROMERCADO INTERCOMUNAL;ProdBEBIDAS;TE LIMON 500ML TUNAL;1.4
3782654;2026-09-29;MCY03;EUROMERCADO INTERCOMUNAL;ProdEMBUTIDOS;TOCINETA AHUMADA SIN CUERO 3.5KG ALIMEX;16.95
3581166;2026-09-11;CCS05;RIO BOYERA;ProdBEBIDAS_LACT;LECHE BARISTA PURISIMA;3.06
3597672;2026-09-14;CCS05;RIO BOYERA;ProdBEBIDAS_LACT;LECHE DESCREMADA LIQUIDA PURISIMA;2.69
3597673;2026-09-14;CCS05;RIO BOYERA;ProdBEBIDAS_LACT;LECHE  DESLACTOSADA LIQUIDA PURISIMA;2.84
3597674;2026-09-14;CCS05;RIO BOYERA;ProdBEBIDAS_LACT;LECHE EN POLVO PURISIMA 400GR;6.63
3597675;2026-09-14;CCS05;RIO BOYERA;ProdBEBIDAS_LACT;LECHE EN POLVO PURISIMA 900GR;14.33
3581156;2026-09-11;CCS05;RIO BOYERA;ProdEMBUTIDOS;SALCHICHA TIPO VIENA 800GR (24unid) ALIMEX;10.25
3581157;2026-09-11;CCS05;RIO BOYERA;ProdEMBUTIDOS;SALCHICHA TIPO VIENA 450GR (22unid) ALIMEX;5.95
3581158;2026-09-11;CCS05;RIO BOYERA;ProdEMBUTIDOS;SALCHICHA TIPO VIENA 225G (11unid) ALIMEX;3.25
3633386;2026-09-16;CCS05;RIO BOYERA;ProdDERIV_LACTEOS;MANTEQUILLA PURISIMA CON SAL 200G PURISIMA;5.75
3633385;2026-09-16;CCS05;RIO BOYERA;ProdDERIV_LACTEOS;MANTEQUILLA PURISIMA SIN SAL 200G PURISIMA;5.29
3597660;2026-09-14;CCS05;RIO BOYERA;ProdDERIV_LACTEOS;Queso amarillo Purisima semimadurado disco 500gr;28.94
3633390;2026-09-16;CCS05;RIO BOYERA;ProdEMBUTIDOS;MORTADELA CCS DE CARNES 900G;3.39
3633389;2026-09-16;CCS05;RIO BOYERA;ProdEMBUTIDOS;MORTADELA CCS DE CARNES 500G;3.65
3581162;2026-09-11;CCS05;RIO BOYERA;ProdDERIV_LACTEOS;CREMA DE LECHE DE 500GR PURISIMA;3.25
3633394;2026-09-16;CCS05;RIO BOYERA;ProdDERIV_LACTEOS;CREMA DE LECHE DE 250GR PURISIMA;3.25
3502422;2026-09-04;CCS05;RIO BOYERA;ProdBEBIDAS_LACT;Leche en polvo Purisima 1kg;12.99
3597671;2026-09-14;CCS05;RIO BOYERA;ProdBEBIDAS_LACT;LECHE COMPLETA LIQUIDA PURISIMA;2.75
3745499;2026-09-25;PLC05;NOVA EXPRESSS;ProdBEBIDAS_LACT;LECHE COMPLETA LIQUIDA PURISIMA;2.39
3745500;2026-09-25;PLC05;NOVA EXPRESSS;ProdBEBIDAS_LACT;LECHE DESCREMADA LIQUIDA PURISIMA;2.39
3745501;2026-09-25;PLC05;NOVA EXPRESSS;ProdBEBIDAS_LACT;LECHE  DESLACTOSADA LIQUIDA PURISIMA;2.39
3745505;2026-09-25;PLC05;NOVA EXPRESSS;ProdBEBIDAS_LACT;LECHE EN POLVO PURISIMA 900GR;11.7
3745506;2026-09-25;PLC05;NOVA EXPRESSS;ProdBEBIDAS_LACT;LECHE EN POLVO PURISIMA 400GR;5.5
3745507;2026-09-25;PLC05;NOVA EXPRESSS;ProdBEBIDAS_LACT;LECHE EN POLVO PURISIMA 200GR;2.8
3477830;2026-09-02;PLC05;NOVA EXPRESSS;ProdBEBIDAS_LACT;Leche en polvo Purisima 500gr;5.5
3477831;2026-09-02;PLC05;NOVA EXPRESSS;ProdBEBIDAS_LACT;Leche en polvo Purisima 1kg;11.7
3681956;2026-09-16;MCY04;LUXOR MORA DIGA CENTER;ProdBEBIDAS_LACT;LECHE COMPLETA LIQUIDA PURISIMA;2.29
3681960;2026-09-16;MCY04;LUXOR MORA DIGA CENTER;ProdBEBIDAS_LACT;LECHE DESCREMADA LIQUIDA PURISIMA;2.29
3681976;2026-09-16;MCY04;LUXOR MORA DIGA CENTER;ProdEMBUTIDOS;SALCHICHA TIPO VIENA 800GR (24unid) ALIMEX;11.08
3681983;2026-09-16;MCY04;LUXOR MORA DIGA CENTER;ProdEMBUTIDOS;SALCHICHA TIPO VIENA 225G (11unid) ALIMEX;3.51
3681996;2026-09-16;MCY04;LUXOR MORA DIGA CENTER;ProdDERIV_LACTEOS;CREMA DE LECHE DE 500GR PURISIMA;6.3
3682001;2026-09-16;MCY04;LUXOR MORA DIGA CENTER;ProdDERIV_LACTEOS;CREMA DE LECHE DE 250GR PURISIMA;3.71
3760084;2026-09-23;MCY04;LUXOR MORA DIGA CENTER;ProdDERIV_LACTEOS;QUESO DE CABRA 500G PURISIMA;19.74
3760157;2026-09-23;MCY04;LUXOR MORA DIGA CENTER;ProdBEBIDAS_LACT;LECHE EN POLVO PURISIMA 900GR;13.85
3760169;2026-09-23;MCY04;LUXOR MORA DIGA CENTER;ProdBEBIDAS;NECTAR MANZANA 1L TUNAL;2.33
3760172;2026-09-23;MCY04;LUXOR MORA DIGA CENTER;ProdBEBIDAS;NECTAR PERA 1L TUNAL;2.33
3760175;2026-09-23;MCY04;LUXOR MORA DIGA CENTER;ProdBEBIDAS;NECTAR DURAZNO 1L TUNAL;2.33
3681979;2026-09-16;MCY04;LUXOR MORA DIGA CENTER;ProdEMBUTIDOS;SALCHICHA TIPO VIENA 450GR (22unid) ALIMEX;6.46
3578135;2026-09-11;CCS05;MURALLA;ProdEMBUTIDOS;CHORIZO DE CERDO PICANTE PARRILLERO ALIMEX;10.82
3578134;2026-09-11;CCS05;MURALLA;ProdEMBUTIDOS;CHORIZO DE CERDO AHUMADO PARRILLERO ALIMEX;11.54
3578154;2026-09-11;CCS05;MURALLA;ProdEMBUTIDOS;SALCHICHA TIPO VIENA 225G (11unid) ALIMEX;3.47
3591070;2026-09-14;CCS05;MURALLA;ProdEMBUTIDOS;TOCINETA AHUMADA SIN CUERO 3.5KG ALIMEX;6.35
3578152;2026-09-11;CCS05;MURALLA;ProdEMBUTIDOS;SALCHICHA TIPO VIENA 800GR (24unid) ALIMEX;10.95
3578157;2026-09-11;CCS05;MURALLA;ProdEMBUTIDOS;MORTADELA de Pollo Caracas 900gr;3.75
3578161;2026-09-11;CCS05;MURALLA;ProdBEBIDAS;NARANJADA 1L TUNAL;3.03
3796909;2026-09-30;CCS05;MURALLA;ProdBEBIDAS;NECTAR DURAZNO 1L TUNAL;2.37
3796910;2026-09-30;CCS05;MURALLA;ProdBEBIDAS;NECTAR MANZANA 1L TUNAL;3.03
3796911;2026-09-30;CCS05;MURALLA;ProdBEBIDAS;NECTAR PERA 1L TUNAL;2.4
3578147;2026-09-11;CCS05;MURALLA;ProdDERIV_LACTEOS;CREMA DE LECHE DE 500GR PURISIMA;5.9
3578148;2026-09-11;CCS05;MURALLA;ProdDERIV_LACTEOS;CREMA DE LECHE DE 250GR PURISIMA;3.5
3578149;2026-09-11;CCS05;MURALLA;ProdDERIV_LACTEOS;MANTEQUILLA PURISIMA SIN SAL 200G PURISIMA;5.55
3578150;2026-09-11;CCS05;MURALLA;ProdDERIV_LACTEOS;MANTEQUILLA PURISIMA CON SAL 200G PURISIMA;5.99
3578158;2026-09-11;CCS05;MURALLA;ProdBEBIDAS_LACT;LECHE COMPLETA LIQUIDA PURISIMA;2.4
3578159;2026-09-11;CCS05;MURALLA;ProdBEBIDAS_LACT;LECHE DESCREMADA LIQUIDA PURISIMA;2.35
3578160;2026-09-11;CCS05;MURALLA;ProdBEBIDAS_LACT;LECHE  DESLACTOSADA LIQUIDA PURISIMA;2.5
3619506;2026-09-16;CCS05;MURALLA;ProdBEBIDAS_LACT;LECHE COMPLETA BARISTA LIQUIDA PURISIMA;2.83
3578123;2026-09-11;CCS05;MURALLA;ProdBEBIDAS_LACT;LECHE EN POLVO PURISIMA 900GR;13.85
3474659;2026-09-02;CCS05;MURALLA;ProdBEBIDAS_LACT;Leche en polvo Purisima 1kg;13.85
3578151;2026-09-11;CCS05;MURALLA;ProdDERIV_LACTEOS;QUESO DE CABRA 500G PURISIMA;15.6
3578153;2026-09-11;CCS05;MURALLA;ProdEMBUTIDOS;SALCHICHA TIPO VIENA 450GR (22unid) ALIMEX;6.35
3578156;2026-09-11;CCS05;MURALLA;ProdEMBUTIDOS;Salchicha el tunal de pollo 450gr;5.42
3578155;2026-09-11;CCS05;MURALLA;ProdEMBUTIDOS;Salchicha el tunal de pollo 250gr;2.68
3796878;2026-09-30;CCS05;MURALLA;ProdDERIV_LACTEOS;QUESO DE CABRA 250 G PURISIMA;3.5
3796880;2026-09-30;CCS05;MURALLA;ProdDERIV_LACTEOS;Queso amarillo Purisima semimadurado disco 500gr;27.5
3796912;2026-09-30;CCS05;MURALLA;ProdBEBIDAS;NARANJADA  200 ML TUNAL;2.75
3796913;2026-09-30;CCS05;MURALLA;ProdBEBIDAS;NECTAR MANZANA 200 ML TUNAL;2.7
3796915;2026-09-30;CCS05;MURALLA;ProdBEBIDAS;NECTAR PERA 200 ML TUNAL;2.7
3796916;2026-09-30;CCS05;MURALLA;ProdBEBIDAS;NARANJADA  500 ML TUNAL;2.09
3796917;2026-09-30;CCS05;MURALLA;ProdBEBIDAS;NECTAR DURAZNO 500 ML TUNAL;1.59
3796918;2026-09-30;CCS05;MURALLA;ProdBEBIDAS;TE DURAZNO 500ML TUNAL;1.28
3796919;2026-09-30;CCS05;MURALLA;ProdBEBIDAS;TE LIMON 500ML TUNAL;1.28
3796920;2026-09-30;CCS05;MURALLA;ProdBEBIDAS;NECTAR MANZANA LIGHT 1 LITRO TUNAL;2.49
3796921;2026-09-30;CCS05;MURALLA;ProdBEBIDAS;NECTAR PERA LIGHT 1 LITRO TUNAL;2.48
3796922;2026-09-30;CCS05;MURALLA;ProdBEBIDAS;JUGO NARANJA LIGTH 1 LITRO TUNAL;2.48
3796923;2026-09-30;CCS05;MURALLA;ProdBEBIDAS;TE LIMON 1L TUNAL;2.35
3796924;2026-09-30;CCS05;MURALLA;ProdBEBIDAS;TE FRUTOS ROJOS 1L TUNAL;2.35
3796945;2026-09-30;CCS05;MURALLA;ProdBEBIDAS_LACT;LECHE BARISTA PURISIMA;2.8
3709431;2026-09-23;CCS11;UNICASA LOMAS DE BELLO MONTE;ProdBEBIDAS_LACT;LECHE EN POLVO PURISIMA 400GR;6.88
3709447;2026-09-23;CCS11;UNICASA LOMAS DE BELLO MONTE;ProdBEBIDAS_LACT;LECHE COMPLETA LIQUIDA PURISIMA;2.51
3709427;2026-09-23;CCS11;UNICASA LOMAS DE BELLO MONTE;ProdBEBIDAS_LACT;LECHE DESCREMADA LIQUIDA PURISIMA;2.68
3709428;2026-09-23;CCS11;UNICASA LOMAS DE BELLO MONTE;ProdBEBIDAS_LACT;LECHE  DESLACTOSADA LIQUIDA PURISIMA;2.84
3709441;2026-09-23;CCS11;UNICASA LOMAS DE BELLO MONTE;ProdBEBIDAS;NARANJADA 1L TUNAL;3.24
3709442;2026-09-23;CCS11;UNICASA LOMAS DE BELLO MONTE;ProdBEBIDAS;NECTAR MANZANA 1L TUNAL;2.53
3709444;2026-09-23;CCS11;UNICASA LOMAS DE BELLO MONTE;ProdBEBIDAS;NECTAR DURAZNO 1L TUNAL;2.53
3709445;2026-09-23;CCS11;UNICASA LOMAS DE BELLO MONTE;ProdBEBIDAS;JUGO NARANJA LIGTH 1 LITRO TUNAL;2.56
3709446;2026-09-23;CCS11;UNICASA LOMAS DE BELLO MONTE;ProdBEBIDAS;NECTAR PERA LIGHT 1 LITRO TUNAL;2.66
3594848;2026-09-14;CCS11;UNICASA LOMAS DE BELLO MONTE;ProdBEBIDAS;TE DURAZNO 1L TUNAL;2.51
3709448;2026-09-23;CCS11;UNICASA LOMAS DE BELLO MONTE;ProdBEBIDAS;TE LIMON 1L TUNAL;2.51
3709449;2026-09-23;CCS11;UNICASA LOMAS DE BELLO MONTE;ProdBEBIDAS;TE FRUTOS ROJOS 1L TUNAL;2.51
3594851;2026-09-14;CCS11;UNICASA LOMAS DE BELLO MONTE;ProdBEBIDAS;NARANJADA  500 ML TUNAL;2.24
3594852;2026-09-14;CCS11;UNICASA LOMAS DE BELLO MONTE;ProdBEBIDAS;TE DURAZNO 500ML TUNAL;1.37
3594853;2026-09-14;CCS11;UNICASA LOMAS DE BELLO MONTE;ProdBEBIDAS;TE LIMON 500ML TUNAL;1.37
3594854;2026-09-14;CCS11;UNICASA LOMAS DE BELLO MONTE;ProdBEBIDAS;NARANJADA  200 ML TUNAL;2.92
3594855;2026-09-14;CCS11;UNICASA LOMAS DE BELLO MONTE;ProdBEBIDAS;NECTAR MANZANA 200 ML TUNAL;2.88
3594856;2026-09-14;CCS11;UNICASA LOMAS DE BELLO MONTE;ProdBEBIDAS;NECTAR PERA 200 ML TUNAL;2.88
3594857;2026-09-14;CCS11;UNICASA LOMAS DE BELLO MONTE;ProdBEBIDAS;NECTAR DURAZNO 200 ML TUNAL;2.88
3515028;2026-09-07;CCS11;UNICASA LOMAS DE BELLO MONTE;ProdBEBIDAS_LACT;Leche en polvo Purisima 500gr;6.88
3709443;2026-09-23;CCS11;UNICASA LOMAS DE BELLO MONTE;ProdBEBIDAS;NECTAR PERA 1L TUNAL;2.53
3799410;2026-09-30;PLC03;MAS X MENOS GUARAGUAO;ProdBEBIDAS_LACT;LECHE COMPLETA LIQUIDA PURISIMA;2.59
3799412;2026-09-30;PLC03;MAS X MENOS GUARAGUAO;ProdBEBIDAS_LACT;LECHE  DESLACTOSADA LIQUIDA PURISIMA;2.69
3799411;2026-09-30;PLC03;MAS X MENOS GUARAGUAO;ProdBEBIDAS_LACT;LECHE DESCREMADA LIQUIDA PURISIMA;2.55
3799421;2026-09-30;PLC03;MAS X MENOS GUARAGUAO;ProdBEBIDAS;NECTAR PERA 1L TUNAL;2.45
3799433;2026-09-30;PLC03;MAS X MENOS GUARAGUAO;ProdBEBIDAS;NECTAR DURAZNO 1L TUNAL;2.71
3769027;2026-09-28;PLC03;MAS X MENOS GUARAGUAO;ProdDERIV_LACTEOS;MANTEQUILLA PURISIMA CON SAL 200G PURISIMA;5.47
3769029;2026-09-28;PLC03;MAS X MENOS GUARAGUAO;ProdDERIV_LACTEOS;MANTEQUILLA PURISIMA SIN SAL 200G PURISIMA;5.9
3799442;2026-09-30;PLC03;MAS X MENOS GUARAGUAO;ProdDERIV_LACTEOS;CREMA DE LECHE DE 250GR PURISIMA;3.43
3646187;2026-09-17;PLC03;MAS X MENOS GUARAGUAO;ProdBEBIDAS;NECTAR MANZANA 200 ML TUNAL;3.12
3799426;2026-09-30;PLC03;MAS X MENOS GUARAGUAO;ProdBEBIDAS;NECTAR DURAZNO 200 ML TUNAL;3.12
3726493;2026-09-24;PLC03;MAS X MENOS GUARAGUAO;ProdBEBIDAS;NECTAR PERA 200 ML TUNAL;3.12
3799418;2026-09-30;PLC03;MAS X MENOS GUARAGUAO;ProdBEBIDAS;NARANJADA 1L TUNAL;3
3799420;2026-09-30;PLC03;MAS X MENOS GUARAGUAO;ProdBEBIDAS;NECTAR MANZANA 1L TUNAL;2.45
3799425;2026-09-30;PLC03;MAS X MENOS GUARAGUAO;ProdBEBIDAS;NARANJADA  200 ML TUNAL;3.17
3799427;2026-09-30;PLC03;MAS X MENOS GUARAGUAO;ProdBEBIDAS;NARANJADA  500 ML TUNAL;2.43
3799432;2026-09-30;PLC03;MAS X MENOS GUARAGUAO;ProdBEBIDAS;TE FRUTOS ROJOS 1L TUNAL;2.71
3799431;2026-09-30;PLC03;MAS X MENOS GUARAGUAO;ProdBEBIDAS;TE LIMON 1L TUNAL;2.71
3769017;2026-09-28;PLC03;MAS X MENOS GUARAGUAO;ProdBEBIDAS;TE DURAZNO 1L TUNAL;2.71
3799438;2026-09-30;PLC03;MAS X MENOS GUARAGUAO;ProdEMBUTIDOS;SALCHICHA TIPO VIENA 225G (11unid) ALIMEX;3.51
3799439;2026-09-30;PLC03;MAS X MENOS GUARAGUAO;ProdEMBUTIDOS;SALCHICHA TIPO VIENA 450GR (22unid) ALIMEX;5.43
3799440;2026-09-30;PLC03;MAS X MENOS GUARAGUAO;ProdEMBUTIDOS;SALCHICHA TIPO VIENA 800GR (24unid) ALIMEX;11.07
3710444;2026-09-23;PLC03;MAS X MENOS GUARAGUAO;ProdBEBIDAS;TE FRUTOS ROJOS 50OML;2.71
3710464;2026-09-23;PLC03;MAS X MENOS GUARAGUAO;ProdEMBUTIDOS;Salchicha el tunal de pollo 450gr;5.43
3769010;2026-09-28;PLC03;MAS X MENOS GUARAGUAO;ProdBEBIDAS;NECTAR DURAZNO 500 ML TUNAL;3.12
3769025;2026-09-28;PLC03;MAS X MENOS GUARAGUAO;ProdEMBUTIDOS;MORTADELA DE POLLO DE 1 KG;3.41
3625732;2026-09-16;CCS11;RIOVIDA BELLO MONTE;ProdJAMONERIA;JAMON PIERNA ALIMEX 98% 5.9kg;12.3
3588675;2026-09-14;CCS11;RIOVIDA BELLO MONTE;ProdEMBUTIDOS;MORTADELA TAPARA Alimex;13.18
3705771;2026-09-23;CCS11;RIOVIDA BELLO MONTE;ProdDERIV_LACTEOS;CREMA DE LECHE DE 500GR PURISIMA;6.15
3625728;2026-09-16;CCS11;RIOVIDA BELLO MONTE;ProdEMBUTIDOS;SALCHICHA TIPO VIENA 225G (11unid) ALIMEX;3.7
3625721;2026-09-16;CCS11;RIOVIDA BELLO MONTE;ProdDERIV_LACTEOS;MANTEQUILLA PURISIMA SIN SAL 200G PURISIMA;5.84
3625719;2026-09-16;CCS11;RIOVIDA BELLO MONTE;ProdDERIV_LACTEOS;MANTEQUILLA PURISIMA CON SAL 200G PURISIMA;6.25
3625738;2026-09-16;CCS11;RIOVIDA BELLO MONTE;ProdBEBIDAS_LACT;LECHE COMPLETA LIQUIDA PURISIMA;2.78
3625740;2026-09-16;CCS11;RIOVIDA BELLO MONTE;ProdBEBIDAS_LACT;LECHE DESCREMADA LIQUIDA PURISIMA;2.74
3625741;2026-09-16;CCS11;RIOVIDA BELLO MONTE;ProdBEBIDAS_LACT;LECHE  DESLACTOSADA LIQUIDA PURISIMA;2.89
3705772;2026-09-23;CCS11;RIOVIDA BELLO MONTE;ProdDERIV_LACTEOS;CREMA DE LECHE DE 250GR PURISIMA;3.68
3625723;2026-09-16;CCS11;RIOVIDA BELLO MONTE;ProdDERIV_LACTEOS;QUESO DE CABRA 500G PURISIMA;19.25
3512823;2026-09-07;CCS11;RIOVIDA BELLO MONTE;ProdBEBIDAS_LACT;LECHE BARISTA PURISIMA;2.78
3625745;2026-09-16;CCS11;RIOVIDA BELLO MONTE;ProdBEBIDAS;NARANJADA 1L TUNAL;3.28
3625746;2026-09-16;CCS11;RIOVIDA BELLO MONTE;ProdBEBIDAS;NECTAR MANZANA 1L TUNAL;2.52
3705793;2026-09-23;CCS11;RIOVIDA BELLO MONTE;ProdBEBIDAS;TE DURAZNO 1L TUNAL;2.59
3705794;2026-09-23;CCS11;RIOVIDA BELLO MONTE;ProdBEBIDAS;TE LIMON 1L TUNAL;2.59
3705791;2026-09-23;CCS11;RIOVIDA BELLO MONTE;ProdBEBIDAS;NECTAR PERA 1L TUNAL;2.52
3625747;2026-09-16;CCS11;RIOVIDA BELLO MONTE;ProdBEBIDAS;NECTAR DURAZNO 1L TUNAL;2.52
3471183;2026-09-02;CCS11;RIOVIDA BELLO MONTE;ProdBEBIDAS;JUGO NARANJA LIGTH 1 LITRO TUNAL;2.75
3705795;2026-09-23;CCS11;RIOVIDA BELLO MONTE;ProdBEBIDAS;TE FRUTOS ROJOS 1L TUNAL;2.59
3705768;2026-09-23;CCS11;RIOVIDA BELLO MONTE;ProdEMBUTIDOS;Salchicha el tunal de pollo 450gr;5.89
3705774;2026-09-23;CCS11;RIOVIDA BELLO MONTE;ProdEMBUTIDOS;MORTADELA de Pollo Caracas 900gr;3.95
3546558;2026-09-09;CCS02;CENTRAL MADEIRENSE LOS RUICES;ProdEMBUTIDOS;SALCHICHA TIPO VIENA 800GR (24unid) ALIMEX;12.35
3546559;2026-09-09;CCS02;CENTRAL MADEIRENSE LOS RUICES;ProdEMBUTIDOS;SALCHICHA TIPO VIENA 450GR (22unid) ALIMEX;7.19
3703777;2026-09-23;CCS02;CENTRAL MADEIRENSE LOS RUICES;ProdEMBUTIDOS;SALCHICHA TIPO VIENA 225G (11unid) ALIMEX;3.75
3546555;2026-09-09;CCS02;CENTRAL MADEIRENSE LOS RUICES;ProdDERIV_LACTEOS;CREMA DE LECHE DE 500GR PURISIMA;6.62
3546557;2026-09-09;CCS02;CENTRAL MADEIRENSE LOS RUICES;ProdDERIV_LACTEOS;MANTEQUILLA PURISIMA CON SAL 200G PURISIMA;6.61
3546556;2026-09-09;CCS02;CENTRAL MADEIRENSE LOS RUICES;ProdDERIV_LACTEOS;MANTEQUILLA PURISIMA SIN SAL 200G PURISIMA;6.13
3546572;2026-09-09;CCS02;CENTRAL MADEIRENSE LOS RUICES;ProdBEBIDAS;TE DURAZNO 1L TUNAL;2.63
3546573;2026-09-09;CCS02;CENTRAL MADEIRENSE LOS RUICES;ProdBEBIDAS;TE LIMON 1L TUNAL;2.63
3546574;2026-09-09;CCS02;CENTRAL MADEIRENSE LOS RUICES;ProdBEBIDAS;NECTAR MANZANA 1L TUNAL;2.63
3546575;2026-09-09;CCS02;CENTRAL MADEIRENSE LOS RUICES;ProdBEBIDAS;NECTAR DURAZNO 1L TUNAL;2.63
3546586;2026-09-09;CCS02;CENTRAL MADEIRENSE LOS RUICES;ProdBEBIDAS_LACT;LECHE COMPLETA LIQUIDA PURISIMA;2.75
3546587;2026-09-09;CCS02;CENTRAL MADEIRENSE LOS RUICES;ProdBEBIDAS_LACT;LECHE DESCREMADA LIQUIDA PURISIMA;2.65
3546588;2026-09-09;CCS02;CENTRAL MADEIRENSE LOS RUICES;ProdBEBIDAS_LACT;LECHE  DESLACTOSADA LIQUIDA PURISIMA;2.79
3546589;2026-09-09;CCS02;CENTRAL MADEIRENSE LOS RUICES;ProdBEBIDAS_LACT;LECHE COMPLETA BARISTA LIQUIDA PURISIMA;3.55
3703753;2026-09-23;CCS02;CENTRAL MADEIRENSE LOS RUICES;ProdDERIV_LACTEOS;CREMA DE LECHE DE 250GR PURISIMA;3.91
3521931;2026-09-07;CCS02;CENTRAL MADEIRENSE LOS RUICES;ProdBEBIDAS;NECTAR PERA 1L TUNAL;2.63
3799596;2026-09-30;PLC08;Contodo Barcelona;ProdBEBIDAS_LACT;LECHE COMPLETA LIQUIDA PURISIMA;2.59
3799597;2026-09-30;PLC08;Contodo Barcelona;ProdBEBIDAS_LACT;LECHE DESCREMADA LIQUIDA PURISIMA;2.55
3799598;2026-09-30;PLC08;Contodo Barcelona;ProdBEBIDAS_LACT;LECHE  DESLACTOSADA LIQUIDA PURISIMA;2.69
3799594;2026-09-30;PLC08;Contodo Barcelona;ProdDERIV_LACTEOS;MANTEQUILLA PURISIMA CON SAL 200G PURISIMA;5.9
3799595;2026-09-30;PLC08;Contodo Barcelona;ProdDERIV_LACTEOS;MANTEQUILLA PURISIMA SIN SAL 200G PURISIMA;5.47
3688235;2026-09-22;PLC08;Contodo Barcelona;ProdDERIV_LACTEOS;CREMA DE LECHE DE 250GR PURISIMA;3.43
3688226;2026-09-22;PLC08;Contodo Barcelona;ProdBEBIDAS;NECTAR PERA 1L TUNAL;2.45
3688224;2026-09-22;PLC08;Contodo Barcelona;ProdBEBIDAS;NECTAR DURAZNO 1L TUNAL;2.45
3784563;2026-09-29;PLC08;Contodo Barcelona;ProdEMBUTIDOS;SALCHICHA TIPO VIENA 800GR (24unid) ALIMEX;11.07
3784565;2026-09-29;PLC08;Contodo Barcelona;ProdEMBUTIDOS;SALCHICHA TIPO VIENA 450GR (22unid) ALIMEX;6.45
3784567;2026-09-29;PLC08;Contodo Barcelona;ProdEMBUTIDOS;SALCHICHA TIPO VIENA 225G (11unid) ALIMEX;3.51
3688223;2026-09-22;PLC08;Contodo Barcelona;ProdBEBIDAS;NARANJADA 1L TUNAL;3
3688225;2026-09-22;PLC08;Contodo Barcelona;ProdBEBIDAS;NECTAR MANZANA 1L TUNAL;2.45
3688227;2026-09-22;PLC08;Contodo Barcelona;ProdBEBIDAS;NARANJADA  500 ML TUNAL;2.42
3688228;2026-09-22;PLC08;Contodo Barcelona;ProdBEBIDAS;NECTAR DURAZNO 200 ML TUNAL;3.12
3688229;2026-09-22;PLC08;Contodo Barcelona;ProdBEBIDAS;NECTAR PERA 200 ML TUNAL;3.12
3688230;2026-09-22;PLC08;Contodo Barcelona;ProdBEBIDAS;NECTAR MANZANA 200 ML TUNAL;3.12
3688234;2026-09-22;PLC08;Contodo Barcelona;ProdDERIV_LACTEOS;CREMA DE LECHE DE 500GR PURISIMA;5.82
3688243;2026-09-22;PLC08;Contodo Barcelona;ProdBEBIDAS;TE LIMON 1L TUNAL;2.71
3688244;2026-09-22;PLC08;Contodo Barcelona;ProdBEBIDAS;TE DURAZNO 1L TUNAL;2.71
3688245;2026-09-22;PLC08;Contodo Barcelona;ProdBEBIDAS;TE FRUTOS ROJOS 1L TUNAL;2.71
3688246;2026-09-22;PLC08;Contodo Barcelona;ProdEMBUTIDOS;MORTADELA CCS DE CARNES 900G;3.51
3688247;2026-09-22;PLC08;Contodo Barcelona;ProdEMBUTIDOS;MORTADELA de Pollo Caracas 900gr;3.41
3787068;2026-09-29;BQTO01;ALL PLUS;ProdBEBIDAS_LACT;LECHE COMPLETA LIQUIDA PURISIMA;2.6
3787071;2026-09-29;BQTO01;ALL PLUS;ProdBEBIDAS_LACT;LECHE DESCREMADA LIQUIDA PURISIMA;2.6
3617051;2026-09-15;BQTO01;ALL PLUS;ProdBEBIDAS_LACT;LECHE  DESLACTOSADA LIQUIDA PURISIMA;2.8
3617015;2026-09-15;BQTO01;ALL PLUS;ProdBEBIDAS;NARANJADA 1L TUNAL;2.6
3617020;2026-09-15;BQTO01;ALL PLUS;ProdBEBIDAS;NECTAR MANZANA 1L TUNAL;2.2
3617023;2026-09-15;BQTO01;ALL PLUS;ProdBEBIDAS;NECTAR PERA 1L TUNAL;2.2
3496649;2026-09-03;BQTO01;ALL PLUS;ProdBEBIDAS;NARANJADA  200 ML TUNAL;2.7
3617029;2026-09-15;BQTO01;ALL PLUS;ProdBEBIDAS;NECTAR MANZANA 200 ML TUNAL;2.7
3617032;2026-09-15;BQTO01;ALL PLUS;ProdBEBIDAS;NECTAR PERA 200 ML TUNAL;2.7
3617035;2026-09-15;BQTO01;ALL PLUS;ProdBEBIDAS;NECTAR DURAZNO 200 ML TUNAL;2.7
3617026;2026-09-15;BQTO01;ALL PLUS;ProdBEBIDAS;TE LIMON 1L TUNAL;2.2
3779566;2026-09-29;VLC03;CATANIA GUACARA;ProdJAMONERIA;JAMON COCIDO ESTANDAR ITALICO 5.9kg;10.2
3561599;2026-09-10;VLC03;CATANIA GUACARA;ProdJAMONERIA;JAMON DE ESPALDA ALIMEX 4.4KG;10.39
3779569;2026-09-29;VLC03;CATANIA GUACARA;ProdJAMONERIA;JAMON AHUMADO VISKING ITALICO 3.5 KG;11.73
3779576;2026-09-29;VLC03;CATANIA GUACARA;ProdJAMONERIA;JAMON AHUMADO VISKING ALIMEX 3.3 KG;14.79
3779578;2026-09-29;VLC03;CATANIA GUACARA;ProdEMBUTIDOS;TOCINETA AHUMADA SIN CUERO 3.5KG ALIMEX;18.62
3779630;2026-09-29;VLC03;CATANIA GUACARA;ProdEMBUTIDOS;MORTADELA TAPARA Alimex;11.26
3779587;2026-09-29;VLC03;CATANIA GUACARA;ProdEMBUTIDOS;MORTADELA CCS DE CARNES 500G;1.64
3779588;2026-09-29;VLC03;CATANIA GUACARA;ProdEMBUTIDOS;MORTADELA CCS DE CARNES 900G;3.06
3779583;2026-09-29;VLC03;CATANIA GUACARA;ProdEMBUTIDOS;SALCHICHA TIPO VIENA 800GR (24unid) ALIMEX;10.24
3561648;2026-09-10;VLC03;CATANIA GUACARA;ProdEMBUTIDOS;SALCHICHA TIPO VIENA 450GR (22unid) ALIMEX;5.97
3779584;2026-09-29;VLC03;CATANIA GUACARA;ProdEMBUTIDOS;SALCHICHA TIPO VIENA 225G (11unid) ALIMEX;2.7
3779598;2026-09-29;VLC03;CATANIA GUACARA;ProdDERIV_LACTEOS;MANTEQUILLA PURISIMA SIN SAL 200G PURISIMA;5.18
3779599;2026-09-29;VLC03;CATANIA GUACARA;ProdDERIV_LACTEOS;MANTEQUILLA PURISIMA CON SAL 200G PURISIMA;5.59
3779604;2026-09-29;VLC03;CATANIA GUACARA;ProdDERIV_LACTEOS;CREMA DE LECHE DE 250GR PURISIMA;3.48
3779611;2026-09-29;VLC03;CATANIA GUACARA;ProdBEBIDAS_LACT;LECHE COMPLETA LIQUIDA PURISIMA;2.29
3779612;2026-09-29;VLC03;CATANIA GUACARA;ProdBEBIDAS_LACT;LECHE DESCREMADA LIQUIDA PURISIMA;2.29
3779614;2026-09-29;VLC03;CATANIA GUACARA;ProdBEBIDAS_LACT;LECHE COMPLETA BARISTA LIQUIDA PURISIMA;2.83
3460860;2026-09-01;VLC03;CATANIA GUACARA;ProdBEBIDAS_LACT;LECHE BARISTA PURISIMA;2.39
3460863;2026-09-01;VLC03;CATANIA GUACARA;ProdBEBIDAS_LACT;Leche en polvo Purisima 500gr;6.89
3779654;2026-09-29;VLC03;CATANIA GUACARA;ProdBEBIDAS;NARANJADA  200 ML TUNAL;2.46
3779655;2026-09-29;VLC03;CATANIA GUACARA;ProdBEBIDAS;NECTAR DURAZNO 200 ML TUNAL;2.42
3779656;2026-09-29;VLC03;CATANIA GUACARA;ProdBEBIDAS;NECTAR MANZANA 200 ML TUNAL;2.42
3779657;2026-09-29;VLC03;CATANIA GUACARA;ProdBEBIDAS;NECTAR PERA 200 ML TUNAL;2.42
3779638;2026-09-29;VLC03;CATANIA GUACARA;ProdBEBIDAS;NARANJADA 1L TUNAL;2.6
3779639;2026-09-29;VLC03;CATANIA GUACARA;ProdBEBIDAS;NECTAR DURAZNO 1L TUNAL;1.98
3779640;2026-09-29;VLC03;CATANIA GUACARA;ProdBEBIDAS;NECTAR MANZANA 1L TUNAL;1.98
3779641;2026-09-29;VLC03;CATANIA GUACARA;ProdBEBIDAS;NECTAR PERA 1L TUNAL;1.98
3779642;2026-09-29;VLC03;CATANIA GUACARA;ProdBEBIDAS;JUGO NARANJA LIGTH 1 LITRO TUNAL;2.12
3779643;2026-09-29;VLC03;CATANIA GUACARA;ProdBEBIDAS;NECTAR PERA LIGHT 1 LITRO TUNAL;2.12
3779661;2026-09-29;VLC03;CATANIA GUACARA;ProdBEBIDAS;TE DURAZNO 1L TUNAL;1.97
3779662;2026-09-29;VLC03;CATANIA GUACARA;ProdBEBIDAS;TE LIMON 1L TUNAL;1.97
3779663;2026-09-29;VLC03;CATANIA GUACARA;ProdBEBIDAS;TE FRUTOS ROJOS 1L TUNAL;1.97
3779613;2026-09-29;VLC03;CATANIA GUACARA;ProdBEBIDAS_LACT;LECHE  DESLACTOSADA LIQUIDA PURISIMA;2.29
3779620;2026-09-29;VLC03;CATANIA GUACARA;ProdBEBIDAS_LACT;LECHE EN POLVO PURISIMA 400GR;6.34
3779621;2026-09-29;VLC03;CATANIA GUACARA;ProdBEBIDAS_LACT;LECHE EN POLVO PURISIMA 200GR;3.22
3779580;2026-09-29;VLC03;CATANIA GUACARA;ProdDERIV_LACTEOS;QUESO DE CABRA 500G PURISIMA;17.04
3779631;2026-09-29;VLC03;CATANIA GUACARA;ProdJAMONERIA;JAMON AREPERO AHUMADO;9.04
3779603;2026-09-29;VLC03;CATANIA GUACARA;ProdDERIV_LACTEOS;CREMA DE LECHE DE 500GR PURISIMA;5.88
3561651;2026-09-10;VLC03;CATANIA GUACARA;ProdEMBUTIDOS;MORTADELA de Pollo Caracas 900gr;3.65
3779626;2026-09-29;VLC03;CATANIA GUACARA;ProdHUEVOS;HUEVO EMPACADO- 1X12 PLASTICO TUNAL;2.79
3779565;2026-09-29;VLC03;CATANIA GUACARA;ProdJAMONERIA;JAMON PIERNA ALIMEX 98% 5.9kg;11.79
3779562;2026-09-29;VLC03;CATANIA GUACARA;ProdEMBUTIDOS;CHORIZO DE CERDO AHUMADO PARRILLERO ALIMEX;13.04
3779593;2026-09-29;VLC03;CATANIA GUACARA;ProdEMBUTIDOS;MORTADELA DE POLLO DE 1 KG;3
3639977;2026-09-17;VLC03;CATANIA GUACARA;ProdEMBUTIDOS;CHORIZO DE CERDO PICANTE PARRILLERO ALIMEX;0
3552910;2026-09-09;PTO03;RIO SUPERMARKET MATURIN;ProdBEBIDAS_LACT;LECHE COMPLETA LIQUIDA PURISIMA;2.49
3552911;2026-09-09;PTO03;RIO SUPERMARKET MATURIN;ProdBEBIDAS_LACT;LECHE DESCREMADA LIQUIDA PURISIMA;2.39
3552912;2026-09-09;PTO03;RIO SUPERMARKET MATURIN;ProdBEBIDAS_LACT;LECHE  DESLACTOSADA LIQUIDA PURISIMA;2.59
3552894;2026-09-09;PTO03;RIO SUPERMARKET MATURIN;ProdBEBIDAS;NARANJADA 1L TUNAL;2.63
3552898;2026-09-09;PTO03;RIO SUPERMARKET MATURIN;ProdBEBIDAS;NECTAR MANZANA 1L TUNAL;2.05
3552900;2026-09-09;PTO03;RIO SUPERMARKET MATURIN;ProdBEBIDAS;NECTAR PERA 1L TUNAL;2.05
3552896;2026-09-09;PTO03;RIO SUPERMARKET MATURIN;ProdBEBIDAS;NECTAR DURAZNO 1L TUNAL;2.05
3552903;2026-09-09;PTO03;RIO SUPERMARKET MATURIN;ProdBEBIDAS;NARANJADA  200 ML TUNAL;0.88
3552905;2026-09-09;PTO03;RIO SUPERMARKET MATURIN;ProdBEBIDAS;NECTAR PERA 200 ML TUNAL;0.88
3552906;2026-09-09;PTO03;RIO SUPERMARKET MATURIN;ProdBEBIDAS;NECTAR DURAZNO 200 ML TUNAL;0.88
3629689;2026-09-16;PTO03;RIO SUPERMARKET MATURIN;ProdBEBIDAS;JUGO NARANJA LIGTH 1 LITRO TUNAL;2.55
3629690;2026-09-16;PTO03;RIO SUPERMARKET MATURIN;ProdBEBIDAS;NECTAR MANZANA LIGHT 1 LITRO TUNAL;2.53
3629691;2026-09-16;PTO03;RIO SUPERMARKET MATURIN;ProdBEBIDAS;NECTAR PERA LIGHT 1 LITRO TUNAL;2.53
3552908;2026-09-09;PTO03;RIO SUPERMARKET MATURIN;ProdBEBIDAS;TE FRUTOS ROJOS 1L TUNAL;2.38
3552907;2026-09-09;PTO03;RIO SUPERMARKET MATURIN;ProdBEBIDAS;TE LIMON 1L TUNAL;2.38
3552909;2026-09-09;PTO03;RIO SUPERMARKET MATURIN;ProdBEBIDAS;TE DURAZNO 1L TUNAL;2.38
3629698;2026-09-16;PTO03;RIO SUPERMARKET MATURIN;ProdEMBUTIDOS;MORTADELA CCS DE CARNES 500G;2
3552890;2026-09-09;PTO03;RIO SUPERMARKET MATURIN;ProdBEBIDAS_LACT;LECHE EN POLVO PURISIMA 400GR;6.05
3552892;2026-09-09;PTO03;RIO SUPERMARKET MATURIN;ProdBEBIDAS_LACT;LECHE EN POLVO PURISIMA 900GR;12.99
3552884;2026-09-09;PTO03;RIO SUPERMARKET MATURIN;ProdBEBIDAS_LACT;LECHE BARISTA PURISIMA;2.49
3552902;2026-09-09;PTO03;RIO SUPERMARKET MATURIN;ProdBEBIDAS;NECTAR DURAZNO 500 ML TUNAL;1.62
3552904;2026-09-09;PTO03;RIO SUPERMARKET MATURIN;ProdBEBIDAS;NECTAR MANZANA 200 ML TUNAL;0.88
3552916;2026-09-09;PTO03;RIO SUPERMARKET MATURIN;ProdDERIV_LACTEOS;MANTEQUILLA PURISIMA CON SAL 200G PURISIMA;5.75
3552917;2026-09-09;PTO03;RIO SUPERMARKET MATURIN;ProdDERIV_LACTEOS;MANTEQUILLA PURISIMA SIN SAL 200G PURISIMA;5.29
3552918;2026-09-09;PTO03;RIO SUPERMARKET MATURIN;ProdEMBUTIDOS;SALCHICHA TIPO VIENA 225G (11unid) ALIMEX;3.25
3552919;2026-09-09;PTO03;RIO SUPERMARKET MATURIN;ProdEMBUTIDOS;SALCHICHA TIPO VIENA 800GR (24unid) ALIMEX;5.95
3664298;2026-09-18;BQTO01;SC FOOD C.A.;ProdBEBIDAS;NARANJADA 1L TUNAL;3.4
3664307;2026-09-18;BQTO01;SC FOOD C.A.;ProdBEBIDAS;NECTAR PERA 1L TUNAL;2.65
3508676;2026-09-04;BQTO01;SC FOOD C.A.;ProdBEBIDAS;JUGO NARANJA LIGTH 1 LITRO TUNAL;1.47
3664312;2026-09-18;BQTO01;SC FOOD C.A.;ProdBEBIDAS;NECTAR PERA LIGHT 1 LITRO TUNAL;2.68
3664330;2026-09-18;BQTO01;SC FOOD C.A.;ProdBEBIDAS;TE DURAZNO 1L TUNAL;2.5
3664334;2026-09-18;BQTO01;SC FOOD C.A.;ProdBEBIDAS;TE LIMON 1L TUNAL;2.5
3664315;2026-09-18;BQTO01;SC FOOD C.A.;ProdBEBIDAS;NARANJADA  200 ML TUNAL;1.15
3664325;2026-09-18;BQTO01;SC FOOD C.A.;ProdBEBIDAS;NECTAR MANZANA 200 ML TUNAL;1.13
3508690;2026-09-04;BQTO01;SC FOOD C.A.;ProdBEBIDAS;NECTAR PERA 200 ML TUNAL;1.13
3664319;2026-09-18;BQTO01;SC FOOD C.A.;ProdBEBIDAS;NECTAR DURAZNO 200 ML TUNAL;1.13
3664336;2026-09-18;BQTO01;SC FOOD C.A.;ProdBEBIDAS_LACT;LECHE DESCREMADA LIQUIDA PURISIMA;2.67
3664339;2026-09-18;BQTO01;SC FOOD C.A.;ProdBEBIDAS_LACT;LECHE  DESLACTOSADA LIQUIDA PURISIMA;2.83
3508697;2026-09-04;BQTO01;SC FOOD C.A.;ProdDERIV_LACTEOS;MANTEQUILLA PURISIMA SIN SAL 200G PURISIMA;5.4
3508698;2026-09-04;BQTO01;SC FOOD C.A.;ProdDERIV_LACTEOS;MANTEQUILLA PURISIMA CON SAL 200G PURISIMA;5.82
3664302;2026-09-18;BQTO01;SC FOOD C.A.;ProdBEBIDAS;NECTAR MANZANA 1L TUNAL;2.65
3728125;2026-09-24;CCS10;PARAMO RUIZ PINEDA;ProdDERIV_LACTEOS;MANTEQUILLA PURISIMA SIN SAL 200G PURISIMA;5.56
3728130;2026-09-24;CCS10;PARAMO RUIZ PINEDA;ProdBEBIDAS_LACT;LECHE COMPLETA LIQUIDA PURISIMA;2.53
3643813;2026-09-17;CCS10;PARAMO RUIZ PINEDA;ProdBEBIDAS;NECTAR MANZANA 1L TUNAL;2.38
3484860;2026-09-03;CCS10;PARAMO RUIZ PINEDA;ProdBEBIDAS;NARANJADA 1L TUNAL;2.38
3728127;2026-09-24;CCS10;PARAMO RUIZ PINEDA;ProdDERIV_LACTEOS;CREMA DE LECHE DE 500GR PURISIMA;6.19
3784568;2026-09-29;PLC03;SUPERMERCADO PARAISO 128 C.A;ProdBEBIDAS;NARANJADA 1L TUNAL;3.2
3784571;2026-09-29;PLC03;SUPERMERCADO PARAISO 128 C.A;ProdBEBIDAS;NECTAR MANZANA 1L TUNAL;2.54
3784570;2026-09-29;PLC03;SUPERMERCADO PARAISO 128 C.A;ProdBEBIDAS;NECTAR PERA 1L TUNAL;2.54
3784569;2026-09-29;PLC03;SUPERMERCADO PARAISO 128 C.A;ProdBEBIDAS;NECTAR DURAZNO 1L TUNAL;2.54
3784572;2026-09-29;PLC03;SUPERMERCADO PARAISO 128 C.A;ProdBEBIDAS;TE LIMON 1L TUNAL;2.03
3784573;2026-09-29;PLC03;SUPERMERCADO PARAISO 128 C.A;ProdBEBIDAS;TE FRUTOS ROJOS 1L TUNAL;2.03
3745010;2026-09-24;PLC03;SUPERMERCADO PARAISO 128 C.A;ProdBEBIDAS;NARANJADA  500 ML TUNAL;1.45
3784574;2026-09-29;PLC03;SUPERMERCADO PARAISO 128 C.A;ProdBEBIDAS;NECTAR MANZANA 500 ML TUNAL;1.45
3784575;2026-09-29;PLC03;SUPERMERCADO PARAISO 128 C.A;ProdBEBIDAS;NECTAR PERA 500 ML TUNAL;1.45
3784576;2026-09-29;PLC03;SUPERMERCADO PARAISO 128 C.A;ProdBEBIDAS;NECTAR DURAZNO 500 ML TUNAL;1.45
3463226;2026-09-01;PLC03;SUPERMERCADO PARAISO 128 C.A;ProdBEBIDAS;TE DURAZNO 500ML TUNAL;1.08
3784561;2026-09-29;PLC03;SUPERMERCADO PARAISO 128 C.A;ProdBEBIDAS_LACT;LECHE COMPLETA LIQUIDA PURISIMA;2.88
3784562;2026-09-29;PLC03;SUPERMERCADO PARAISO 128 C.A;ProdBEBIDAS_LACT;LECHE DESCREMADA LIQUIDA PURISIMA;2.82
3784564;2026-09-29;PLC03;SUPERMERCADO PARAISO 128 C.A;ProdBEBIDAS_LACT;LECHE  DESLACTOSADA LIQUIDA PURISIMA;3
3463239;2026-09-01;PLC03;SUPERMERCADO PARAISO 128 C.A;ProdEMBUTIDOS;SALCHICHA TIPO VIENA 225G (11unid) ALIMEX;3.3
3463241;2026-09-01;PLC03;SUPERMERCADO PARAISO 128 C.A;ProdEMBUTIDOS;SALCHICHA TIPO VIENA 450GR (22unid) ALIMEX;6.07
3745014;2026-09-24;PLC03;SUPERMERCADO PARAISO 128 C.A;ProdEMBUTIDOS;MORTADELA CCS DE CARNES 1KG;3.8
3745015;2026-09-24;PLC03;SUPERMERCADO PARAISO 128 C.A;ProdEMBUTIDOS;MORTADELA CCS DE CARNES 500G;1.87
3784566;2026-09-29;PLC03;SUPERMERCADO PARAISO 128 C.A;ProdBEBIDAS_LACT;LECHE BARISTA PURISIMA;3.06
3784577;2026-09-29;PLC03;SUPERMERCADO PARAISO 128 C.A;ProdEMBUTIDOS;MORTADELA DE POLLO DE 1 KG;3.08
3784578;2026-09-29;PLC03;SUPERMERCADO PARAISO 128 C.A;ProdEMBUTIDOS;MORTADELA CCS DE CARNES 900G;3.8
3785823;2026-09-29;VLC01;KALEA VALLE;ProdHUEVOS;HUEVO EMPACADO- ESTUCHADO 1X6 TUNAL;1.35
3785819;2026-09-29;VLC01;KALEA VALLE;ProdHUEVOS;HUEVO TIPO  GRANEL 30 UND TUNAL;6.25
3785820;2026-09-29;VLC01;KALEA VALLE;ProdHUEVOS;HUEVO EMPACADO- 1X12 PLASTICO TUNAL;2.65
3785822;2026-09-29;VLC01;KALEA VALLE;ProdHUEVOS;HUEVO EMPACADO- ESTUCHADO 1X12 TUNAL;2.65
3785777;2026-09-29;VLC01;KALEA VALLE;ProdBEBIDAS;NARANJADA 1L TUNAL;2.8
3785775;2026-09-29;VLC01;KALEA VALLE;ProdBEBIDAS;NECTAR PERA 1L TUNAL;2.19
3737592;2026-09-25;VLC01;KALEA VALLE;ProdBEBIDAS;JUGO NARANJA LIGTH 1 LITRO TUNAL;2.3
3785771;2026-09-29;VLC01;KALEA VALLE;ProdBEBIDAS;TE DURAZNO 1L TUNAL;2.15
3785772;2026-09-29;VLC01;KALEA VALLE;ProdBEBIDAS;TE LIMON 1L TUNAL;2.15
3785773;2026-09-29;VLC01;KALEA VALLE;ProdBEBIDAS;TE FRUTOS ROJOS 1L TUNAL;2.15
3607861;2026-09-15;VLC01;KALEA VALLE;ProdBEBIDAS;NARANJADA  200 ML TUNAL;2.51
3607862;2026-09-15;VLC01;KALEA VALLE;ProdBEBIDAS;NECTAR MANZANA 200 ML TUNAL;2.51
3607863;2026-09-15;VLC01;KALEA VALLE;ProdBEBIDAS;NECTAR PERA 200 ML TUNAL;2.51
3785825;2026-09-29;VLC01;KALEA VALLE;ProdBEBIDAS;NECTAR DURAZNO 200 ML TUNAL;2.51
3737602;2026-09-25;VLC01;KALEA VALLE;ProdBEBIDAS;NARANJADA  500 ML TUNAL;1.9
3541569;2026-09-08;VLC01;KALEA VALLE;ProdBEBIDAS;NECTAR DURAZNO 500 ML TUNAL;1.45
3785806;2026-09-29;VLC01;KALEA VALLE;ProdBEBIDAS_LACT;LECHE COMPLETA LIQUIDA PURISIMA;2.55
3785805;2026-09-29;VLC01;KALEA VALLE;ProdBEBIDAS_LACT;LECHE DESCREMADA LIQUIDA PURISIMA;2.49
3785807;2026-09-29;VLC01;KALEA VALLE;ProdBEBIDAS_LACT;LECHE  DESLACTOSADA LIQUIDA PURISIMA;2.6
3474183;2026-09-01;VLC01;KALEA VALLE;ProdEMBUTIDOS;MORTADELA CCS DE CARNES 900G;4.13
3785793;2026-09-29;VLC01;KALEA VALLE;ProdEMBUTIDOS;SALCHICHA TIPO VIENA 800GR (24unid) ALIMEX;11.9
3785792;2026-09-29;VLC01;KALEA VALLE;ProdEMBUTIDOS;SALCHICHA TIPO VIENA 450GR (22unid) ALIMEX;6.8
3737567;2026-09-25;VLC01;KALEA VALLE;ProdBEBIDAS_LACT;LECHE EN POLVO PURISIMA 900GR;13.05
3737568;2026-09-25;VLC01;KALEA VALLE;ProdBEBIDAS_LACT;LECHE EN POLVO PURISIMA 400GR;6.49
3785804;2026-09-29;VLC01;KALEA VALLE;ProdBEBIDAS_LACT;LECHE BARISTA PURISIMA;2.65
3785802;2026-09-29;VLC01;KALEA VALLE;ProdEMBUTIDOS;CHORIZO DE CERDO PICANTE PARRILLERO ALIMEX;12.4
3785801;2026-09-29;VLC01;KALEA VALLE;ProdEMBUTIDOS;CHORIZO DE CERDO AHUMADO PARRILLERO ALIMEX;13.25
3785797;2026-09-29;VLC01;KALEA VALLE;ProdDERIV_LACTEOS;CREMA DE LECHE DE 500GR PURISIMA;5.89
3785798;2026-09-29;VLC01;KALEA VALLE;ProdDERIV_LACTEOS;CREMA DE LECHE DE 250GR PURISIMA;3.5
3785783;2026-09-29;VLC01;KALEA VALLE;ProdDERIV_LACTEOS;Queso amarillo Purisima semimadurado disco 500gr;31.31
3785784;2026-09-29;VLC01;KALEA VALLE;ProdDERIV_LACTEOS;QUESO DE CABRA 500G PURISIMA;18.15
3785788;2026-09-29;VLC01;KALEA VALLE;ProdDERIV_LACTEOS;MANTEQUILLA PURISIMA SIN SAL 200G PURISIMA;5.15
3785787;2026-09-29;VLC01;KALEA VALLE;ProdDERIV_LACTEOS;MANTEQUILLA PURISIMA CON SAL 200G PURISIMA;5.6
3785821;2026-09-29;VLC01;KALEA VALLE;ProdHUEVOS;HUEVO EMPACADO- ESTUCHADO 15 und TUNAL;3.39
3785776;2026-09-29;VLC01;KALEA VALLE;ProdBEBIDAS;NECTAR MANZANA 1L TUNAL;2.19
3785774;2026-09-29;VLC01;KALEA VALLE;ProdBEBIDAS;NECTAR DURAZNO 1L TUNAL;2.19
3541512;2026-09-08;VLC01;KALEA VALLE;ProdBEBIDAS_LACT;Leche en polvo Purisima 500gr;6.49
3541513;2026-09-08;VLC01;KALEA VALLE;ProdBEBIDAS_LACT;Leche en polvo Purisima 1kg;13.05
3541534;2026-09-08;VLC01;KALEA VALLE;ProdHUEVOS;HUEVO EMPACADO- ESTUCHADO 30 und TUNAL;6.25
3541579;2026-09-08;VLC01;KALEA VALLE;ProdJAMONERIA;JAMON PIERNA ALIMEX 98% 5.9kg;13.5
3486027;2026-09-01;MCY04;San Diego Turmero;ProdEMBUTIDOS;SALCHICHA TIPO VIENA 800GR (24unid) ALIMEX;8.93
3486029;2026-09-01;MCY04;San Diego Turmero;ProdEMBUTIDOS;SALCHICHA TIPO VIENA 225G (11unid) ALIMEX;2.88
3796193;2026-09-29;MCY04;San Diego Turmero;ProdDERIV_LACTEOS;MANTEQUILLA PURISIMA SIN SAL 200G PURISIMA;5
3486036;2026-09-01;MCY04;San Diego Turmero;ProdDERIV_LACTEOS;MANTEQUILLA PURISIMA CON SAL 200G PURISIMA;5.4
3796180;2026-09-29;MCY04;San Diego Turmero;ProdBEBIDAS_LACT;LECHE COMPLETA LIQUIDA PURISIMA;2.65
3796181;2026-09-29;MCY04;San Diego Turmero;ProdBEBIDAS_LACT;LECHE DESCREMADA LIQUIDA PURISIMA;2.6
3796182;2026-09-29;MCY04;San Diego Turmero;ProdBEBIDAS_LACT;LECHE  DESLACTOSADA LIQUIDA PURISIMA;2.72
3796183;2026-09-29;MCY04;San Diego Turmero;ProdBEBIDAS_LACT;LECHE BARISTA PURISIMA;3
3760003;2026-09-22;MCY04;San Diego Turmero;ProdDERIV_LACTEOS;QUESO DE CABRA 500G PURISIMA;15.66
3796187;2026-09-29;MCY04;San Diego Turmero;ProdBEBIDAS_LACT;LECHE EN POLVO PURISIMA 900GR;14.69
3796186;2026-09-29;MCY04;San Diego Turmero;ProdBEBIDAS_LACT;LECHE EN POLVO PURISIMA 400GR;7.1
3760019;2026-09-22;MCY04;San Diego Turmero;ProdBEBIDAS;NECTAR PERA 1L TUNAL;2.17
3760021;2026-09-22;MCY04;San Diego Turmero;ProdBEBIDAS;NECTAR DURAZNO 1L TUNAL;2.17
3796190;2026-09-29;MCY04;San Diego Turmero;ProdDERIV_LACTEOS;CREMA DE LECHE DE 500GR PURISIMA;5.39
3796191;2026-09-29;MCY04;San Diego Turmero;ProdDERIV_LACTEOS;CREMA DE LECHE DE 250GR PURISIMA;3.19
3464733;2026-09-01;BQTO07;JOSE ANTONIO RONALD (MEGAPAISA);ProdEMBUTIDOS;MORTADELA CCS DE CARNES 900G;3.77
3464734;2026-09-01;BQTO07;JOSE ANTONIO RONALD (MEGAPAISA);ProdEMBUTIDOS;MORTADELA CCS DE CARNES 500G;2.01
3464735;2026-09-01;BQTO07;JOSE ANTONIO RONALD (MEGAPAISA);ProdEMBUTIDOS;SALCHICHA TIPO VIENA 800GR (24unid) ALIMEX;8.99
3700038;2026-09-22;BQTO07;JOSE ANTONIO RONALD (MEGAPAISA);ProdEMBUTIDOS;SALCHICHA TIPO VIENA 450GR (22unid) ALIMEX;5.24
3618473;2026-09-15;BQTO06;PANADERIA REAL PAN;ProdDERIV_LACTEOS;MANTEQUILLA PURISIMA CON SAL 200G PURISIMA;6.9
3618471;2026-09-15;BQTO06;PANADERIA REAL PAN;ProdEMBUTIDOS;SALCHICHA TIPO VIENA 450GR (22unid) ALIMEX;0.2
3618472;2026-09-15;BQTO06;PANADERIA REAL PAN;ProdEMBUTIDOS;CHORIZO DE CERDO AHUMADO PARRILLERO ALIMEX;5.3
3618470;2026-09-15;BQTO06;PANADERIA REAL PAN;ProdDERIV_LACTEOS;CREMA DE LECHE DE 250GR PURISIMA;3.6
3577255;2026-09-11;CCS07;EMPORIUM GUARENAS NUEVA CASARAPA;ProdBEBIDAS;NARANJADA  200 ML TUNAL;2.49
3577256;2026-09-11;CCS07;EMPORIUM GUARENAS NUEVA CASARAPA;ProdBEBIDAS;NECTAR MANZANA 200 ML TUNAL;2.85
3577257;2026-09-11;CCS07;EMPORIUM GUARENAS NUEVA CASARAPA;ProdBEBIDAS;NECTAR PERA 200 ML TUNAL;2.85
3577258;2026-09-11;CCS07;EMPORIUM GUARENAS NUEVA CASARAPA;ProdBEBIDAS;NECTAR DURAZNO 200 ML TUNAL;2.85
3577251;2026-09-11;CCS07;EMPORIUM GUARENAS NUEVA CASARAPA;ProdBEBIDAS;NARANJADA 1L TUNAL;3.15
3577252;2026-09-11;CCS07;EMPORIUM GUARENAS NUEVA CASARAPA;ProdBEBIDAS;NECTAR MANZANA 1L TUNAL;2.49
3577253;2026-09-11;CCS07;EMPORIUM GUARENAS NUEVA CASARAPA;ProdBEBIDAS;NECTAR PERA 1L TUNAL;2.49
3577254;2026-09-11;CCS07;EMPORIUM GUARENAS NUEVA CASARAPA;ProdBEBIDAS;NECTAR DURAZNO 1L TUNAL;2.49
3577259;2026-09-11;CCS07;EMPORIUM GUARENAS NUEVA CASARAPA;ProdBEBIDAS;TE DURAZNO 1L TUNAL;2.49
3577261;2026-09-11;CCS07;EMPORIUM GUARENAS NUEVA CASARAPA;ProdBEBIDAS;TE LIMON 1L TUNAL;2.49
3577260;2026-09-11;CCS07;EMPORIUM GUARENAS NUEVA CASARAPA;ProdBEBIDAS;TE FRUTOS ROJOS 1L TUNAL;2.49
3577266;2026-09-11;CCS07;EMPORIUM GUARENAS NUEVA CASARAPA;ProdBEBIDAS_LACT;LECHE BARISTA PURISIMA;3.45
3577267;2026-09-11;CCS07;EMPORIUM GUARENAS NUEVA CASARAPA;ProdBEBIDAS_LACT;LECHE COMPLETA LIQUIDA PURISIMA;2.55
3577268;2026-09-11;CCS07;EMPORIUM GUARENAS NUEVA CASARAPA;ProdBEBIDAS_LACT;LECHE DESCREMADA LIQUIDA PURISIMA;2.49
3577269;2026-09-11;CCS07;EMPORIUM GUARENAS NUEVA CASARAPA;ProdBEBIDAS_LACT;LECHE  DESLACTOSADA LIQUIDA PURISIMA;2.59
3656629;2026-09-18;CCS07;EMPORIUM GUARENAS NUEVA CASARAPA;ProdHUEVOS;HUEVO EMPACADO- 1X12 PLASTICO TUNAL;3.15
3668914;2026-09-21;CCS07;EMPORIUM GUARENAS NUEVA CASARAPA;ProdHUEVOS;HUEVO EMPACADO- ESTUCHADO 1X6 TUNAL;1.55
3741560;2026-09-25;CCS07;EMPORIUM GUARENAS NUEVA CASARAPA;ProdHUEVOS;HUEVO TIPO  GRANEL 30 UND TUNAL;3.15
3635329;2026-09-17;CCS05;PARAMO MANZANARES;ProdBEBIDAS;NARANJADA 1L TUNAL;3.03
3635331;2026-09-17;CCS05;PARAMO MANZANARES;ProdBEBIDAS;NECTAR MANZANA 1L TUNAL;2.34
3635332;2026-09-17;CCS05;PARAMO MANZANARES;ProdBEBIDAS;NECTAR PERA 1L TUNAL;2.37
3464408;2026-09-01;CCS05;PARAMO MANZANARES;ProdDERIV_LACTEOS;MANTEQUILLA PURISIMA SIN SAL 200G PURISIMA;5.29
3464409;2026-09-01;CCS05;PARAMO MANZANARES;ProdDERIV_LACTEOS;MANTEQUILLA PURISIMA CON SAL 200G PURISIMA;5.94
3464410;2026-09-01;CCS05;PARAMO MANZANARES;ProdDERIV_LACTEOS;CREMA DE LECHE DE 500GR PURISIMA;6.41
3635341;2026-09-17;CCS05;PARAMO MANZANARES;ProdEMBUTIDOS;SALCHICHA TIPO VIENA 800GR (24unid) ALIMEX;10.96
3464415;2026-09-01;CCS05;PARAMO MANZANARES;ProdEMBUTIDOS;SALCHICHA TIPO VIENA 450GR (22unid) ALIMEX;6.37
3635342;2026-09-17;CCS05;PARAMO MANZANARES;ProdEMBUTIDOS;SALCHICHA TIPO VIENA 225G (11unid) ALIMEX;3.48
3635334;2026-09-17;CCS05;PARAMO MANZANARES;ProdEMBUTIDOS;MORTADELA CCS DE CARNES 900G;4.19
3464420;2026-09-01;CCS05;PARAMO MANZANARES;ProdDERIV_LACTEOS;QUESO DE CABRA 500G PURISIMA;18.55
3464421;2026-09-01;CCS05;PARAMO MANZANARES;ProdDERIV_LACTEOS;Queso amarillo Purisima semimadurado disco 500gr;29.68
3464423;2026-09-01;CCS05;PARAMO MANZANARES;ProdEMBUTIDOS;CHULETA AHUMADA 7KG ALIMEX;10.52
3464428;2026-09-01;CCS05;PARAMO MANZANARES;ProdBEBIDAS_LACT;LECHE COMPLETA LIQUIDA PURISIMA;2.56
3464429;2026-09-01;CCS05;PARAMO MANZANARES;ProdBEBIDAS_LACT;LECHE DESCREMADA LIQUIDA PURISIMA;2.38
3464430;2026-09-01;CCS05;PARAMO MANZANARES;ProdBEBIDAS_LACT;LECHE  DESLACTOSADA LIQUIDA PURISIMA;2.51
3464431;2026-09-01;CCS05;PARAMO MANZANARES;ProdBEBIDAS_LACT;Leche en polvo Purisima 1kg;13.46
3635330;2026-09-17;CCS05;PARAMO MANZANARES;ProdBEBIDAS;NECTAR DURAZNO 1L TUNAL;2.34
3463990;2026-09-01;BQTO02;PANADERIA DEL ESTE;ProdBEBIDAS;NARANJADA 1L TUNAL;3.4
3463991;2026-09-01;BQTO02;PANADERIA DEL ESTE;ProdBEBIDAS;NECTAR MANZANA 1L TUNAL;3
3463992;2026-09-01;BQTO02;PANADERIA DEL ESTE;ProdBEBIDAS;NECTAR DURAZNO 1L TUNAL;3
3463993;2026-09-01;BQTO02;PANADERIA DEL ESTE;ProdBEBIDAS;TE DURAZNO 1L TUNAL;3
3463994;2026-09-01;BQTO02;PANADERIA DEL ESTE;ProdBEBIDAS_LACT;LECHE COMPLETA LIQUIDA PURISIMA;3.45
3463995;2026-09-01;BQTO02;PANADERIA DEL ESTE;ProdBEBIDAS_LACT;LECHE  DESLACTOSADA LIQUIDA PURISIMA;3.75
3463996;2026-09-01;BQTO02;PANADERIA DEL ESTE;ProdBEBIDAS_LACT;LECHE DESCREMADA LIQUIDA PURISIMA;3.45
3463997;2026-09-01;BQTO02;PANADERIA DEL ESTE;ProdDERIV_LACTEOS;CREMA DE LECHE DE 500GR PURISIMA;6.8
3463998;2026-09-01;BQTO02;PANADERIA DEL ESTE;ProdDERIV_LACTEOS;CREMA DE LECHE DE 250GR PURISIMA;4.4
3611773;2026-09-15;BQTO02;PANADERIA DEL ESTE;ProdDERIV_LACTEOS;MANTEQUILLA PURISIMA CON SAL 200G PURISIMA;7
3611772;2026-09-15;BQTO02;PANADERIA DEL ESTE;ProdDERIV_LACTEOS;QUESO DE CABRA 500G PURISIMA;23.5
3559069;2026-09-10;PLC04;MAS X MENOS ECO CENTER;ProdBEBIDAS_LACT;LECHE COMPLETA LIQUIDA PURISIMA;2.59
3559070;2026-09-10;PLC04;MAS X MENOS ECO CENTER;ProdBEBIDAS_LACT;LECHE DESCREMADA LIQUIDA PURISIMA;2.55
3559071;2026-09-10;PLC04;MAS X MENOS ECO CENTER;ProdBEBIDAS_LACT;LECHE  DESLACTOSADA LIQUIDA PURISIMA;2.69
3738310;2026-09-25;PLC04;MAS X MENOS ECO CENTER;ProdBEBIDAS;NECTAR MANZANA 1L TUNAL;2.11
3738311;2026-09-25;PLC04;MAS X MENOS ECO CENTER;ProdBEBIDAS;NECTAR PERA 1L TUNAL;2.11
3744790;2026-09-25;PLC08;TODO HOGAR BARCELONA;ProdEMBUTIDOS;SALCHICHA TIPO VIENA 225G (11unid) ALIMEX;2.8
3774757;2026-09-29;PLC08;TODO HOGAR BARCELONA;ProdBEBIDAS_LACT;LECHE COMPLETA LIQUIDA PURISIMA;2.69
3774758;2026-09-29;PLC08;TODO HOGAR BARCELONA;ProdBEBIDAS_LACT;LECHE DESCREMADA LIQUIDA PURISIMA;2.79
3774759;2026-09-29;PLC08;TODO HOGAR BARCELONA;ProdBEBIDAS_LACT;LECHE  DESLACTOSADA LIQUIDA PURISIMA;2.79
3505885;2026-09-04;PLC08;TODO HOGAR BARCELONA;ProdBEBIDAS;NECTAR MANZANA 1L TUNAL;2.25
3505887;2026-09-04;PLC08;TODO HOGAR BARCELONA;ProdBEBIDAS;NECTAR PERA 1L TUNAL;2.25
3505889;2026-09-04;PLC08;TODO HOGAR BARCELONA;ProdBEBIDAS;NECTAR DURAZNO 1L TUNAL;2.25
3550468;2026-09-09;PLC08;TODO HOGAR BARCELONA;ProdDERIV_LACTEOS;MANTEQUILLA PURISIMA CON SAL 200G PURISIMA;5.85
3550470;2026-09-09;PLC08;TODO HOGAR BARCELONA;ProdDERIV_LACTEOS;MANTEQUILLA PURISIMA SIN SAL 200G PURISIMA;5.39
3744788;2026-09-25;PLC08;TODO HOGAR BARCELONA;ProdEMBUTIDOS;SALCHICHA TIPO VIENA 800GR (24unid) ALIMEX;10.29
3744789;2026-09-25;PLC08;TODO HOGAR BARCELONA;ProdEMBUTIDOS;SALCHICHA TIPO VIENA 450GR (22unid) ALIMEX;5.99
3744798;2026-09-25;PLC08;TODO HOGAR BARCELONA;ProdBEBIDAS_LACT;LECHE COMPLETA BARISTA LIQUIDA PURISIMA;2.85
3550472;2026-09-09;PLC08;TODO HOGAR BARCELONA;ProdEMBUTIDOS;MORTADELA CCS DE CARNES 500G;2.09
3550474;2026-09-09;PLC08;TODO HOGAR BARCELONA;ProdEMBUTIDOS;MORTADELA CCS DE CARNES 900G;3.75
3786801;2026-09-29;BQTO07;SUPERMERCADO CELESTE;ProdBEBIDAS;TE DURAZNO 1L TUNAL;2.3
3786800;2026-09-29;BQTO07;SUPERMERCADO CELESTE;ProdBEBIDAS;NECTAR DURAZNO 1L TUNAL;2.3
3464880;2026-09-01;BQTO07;SUPERMERCADO CELESTE;ProdBEBIDAS;NARANJADA 1L TUNAL;2.4
3700051;2026-09-22;BQTO07;SUPERMERCADO CELESTE;ProdEMBUTIDOS;SALCHICHA TIPO VIENA 800GR (24unid) ALIMEX;10.5
3700053;2026-09-22;BQTO07;SUPERMERCADO CELESTE;ProdEMBUTIDOS;SALCHICHA TIPO VIENA 450GR (22unid) ALIMEX;6.2
3700047;2026-09-22;BQTO07;SUPERMERCADO CELESTE;ProdDERIV_LACTEOS;CREMA DE LECHE DE 500GR PURISIMA;5.9
3700049;2026-09-22;BQTO07;SUPERMERCADO CELESTE;ProdDERIV_LACTEOS;CREMA DE LECHE DE 250GR PURISIMA;3.5
3786783;2026-09-29;BQTO07;SUPERMERCADO CELESTE;ProdBEBIDAS_LACT;LECHE COMPLETA LIQUIDA PURISIMA;2.7
3464903;2026-09-01;BQTO07;SUPERMERCADO CELESTE;ProdBEBIDAS_LACT;LECHE BARISTA PURISIMA;2.6
3700055;2026-09-22;BQTO07;SUPERMERCADO CELESTE;ProdDERIV_LACTEOS;MANTEQUILLA PURISIMA SIN SAL 200G PURISIMA;5.6
3700057;2026-09-22;BQTO07;SUPERMERCADO CELESTE;ProdDERIV_LACTEOS;MANTEQUILLA PURISIMA CON SAL 200G PURISIMA;5.9
3700059;2026-09-22;BQTO07;SUPERMERCADO CELESTE;ProdEMBUTIDOS;MORTADELA CCS DE CARNES 900G;3.7
3786798;2026-09-29;BQTO07;SUPERMERCADO CELESTE;ProdBEBIDAS;NECTAR MANZANA 1L TUNAL;2.3
3786799;2026-09-29;BQTO07;SUPERMERCADO CELESTE;ProdBEBIDAS;NECTAR PERA 1L TUNAL;2.3
3700082;2026-09-22;BQTO07;SUPERMERCADO CELESTE;ProdBEBIDAS;NECTAR PERA 200 ML TUNAL;0.9
3700084;2026-09-22;BQTO07;SUPERMERCADO CELESTE;ProdBEBIDAS;NECTAR MANZANA 200 ML TUNAL;0.9
3700086;2026-09-22;BQTO07;SUPERMERCADO CELESTE;ProdBEBIDAS;NECTAR DURAZNO 200 ML TUNAL;0.9
3786785;2026-09-29;BQTO07;SUPERMERCADO CELESTE;ProdBEBIDAS_LACT;LECHE DESCREMADA LIQUIDA PURISIMA;2.65
3786787;2026-09-29;BQTO07;SUPERMERCADO CELESTE;ProdBEBIDAS_LACT;LECHE  DESLACTOSADA LIQUIDA PURISIMA;2.8
3786789;2026-09-29;BQTO07;SUPERMERCADO CELESTE;ProdBEBIDAS_LACT;LECHE COMPLETA BARISTA LIQUIDA PURISIMA;2.85
3796305;2026-09-28;MCY04;ARB MARKET INTERCOMUNAL;ProdBEBIDAS_LACT;LECHE COMPLETA LIQUIDA PURISIMA;2.49
3796308;2026-09-28;MCY04;ARB MARKET INTERCOMUNAL;ProdBEBIDAS_LACT;LECHE DESCREMADA LIQUIDA PURISIMA;1.95
3796311;2026-09-28;MCY04;ARB MARKET INTERCOMUNAL;ProdBEBIDAS_LACT;LECHE  DESLACTOSADA LIQUIDA PURISIMA;2.45
3796317;2026-09-28;MCY04;ARB MARKET INTERCOMUNAL;ProdBEBIDAS_LACT;LECHE EN POLVO PURISIMA 200GR;3.2
3796323;2026-09-28;MCY04;ARB MARKET INTERCOMUNAL;ProdBEBIDAS_LACT;LECHE EN POLVO PURISIMA 400GR;6.55
3618171;2026-09-14;MCY04;ARB MARKET INTERCOMUNAL;ProdDERIV_LACTEOS;MANTEQUILLA PURISIMA SIN SAL 200G PURISIMA;5.55
3796330;2026-09-28;MCY04;ARB MARKET INTERCOMUNAL;ProdBEBIDAS_LACT;LECHE EN POLVO PURISIMA 900GR;13.35
3682039;2026-09-21;MCY04;ARB MARKET INTERCOMUNAL;ProdEMBUTIDOS;SALCHICHA TIPO VIENA 450GR (22unid) ALIMEX;3.25
3682040;2026-09-21;MCY04;ARB MARKET INTERCOMUNAL;ProdEMBUTIDOS;SALCHICHA TIPO VIENA 225G (11unid) ALIMEX;3.25
3796339;2026-09-28;MCY04;ARB MARKET INTERCOMUNAL;ProdEMBUTIDOS;MORTADELA DE POLLO DE 1 KG;2.95
3682044;2026-09-21;MCY04;ARB MARKET INTERCOMUNAL;ProdEMBUTIDOS;MORTADELA DE POLLO DE 500G;1.75
3796341;2026-09-28;MCY04;ARB MARKET INTERCOMUNAL;ProdEMBUTIDOS;TOCINETA AHUMADA SIN CUERO 3.5KG ALIMEX;1.75
3464127;2026-09-01;BQTO06;FV BODEGONES;ProdBEBIDAS;NARANJADA 1L TUNAL;2.42
3464131;2026-09-01;BQTO06;FV BODEGONES;ProdBEBIDAS;NECTAR MANZANA 1L TUNAL;2.45
3464136;2026-09-01;BQTO06;FV BODEGONES;ProdBEBIDAS;NECTAR PERA 1L TUNAL;2.55
3464144;2026-09-01;BQTO06;FV BODEGONES;ProdBEBIDAS;TE DURAZNO 1L TUNAL;2.3
3464164;2026-09-01;BQTO06;FV BODEGONES;ProdBEBIDAS_LACT;LECHE BARISTA PURISIMA;3
3464168;2026-09-01;BQTO06;FV BODEGONES;ProdBEBIDAS_LACT;LECHE COMPLETA LIQUIDA PURISIMA;3.06
3464172;2026-09-01;BQTO06;FV BODEGONES;ProdBEBIDAS_LACT;LECHE DESCREMADA LIQUIDA PURISIMA;3
3464176;2026-09-01;BQTO06;FV BODEGONES;ProdBEBIDAS_LACT;LECHE  DESLACTOSADA LIQUIDA PURISIMA;3.16
3464204;2026-09-01;BQTO06;FV BODEGONES;ProdEMBUTIDOS;SALCHICHA TIPO VIENA 800GR (24unid) ALIMEX;11.79
3464207;2026-09-01;BQTO06;FV BODEGONES;ProdEMBUTIDOS;SALCHICHA TIPO VIENA 450GR (22unid) ALIMEX;658
3464211;2026-09-01;BQTO06;FV BODEGONES;ProdEMBUTIDOS;SALCHICHA TIPO VIENA 225G (11unid) ALIMEX;358
3464214;2026-09-01;BQTO06;FV BODEGONES;ProdDERIV_LACTEOS;MANTEQUILLA PURISIMA CON SAL 200G PURISIMA;5.27
3464220;2026-09-01;BQTO06;FV BODEGONES;ProdDERIV_LACTEOS;CREMA DE LECHE DE 500GR PURISIMA;5.81
3464222;2026-09-01;BQTO06;FV BODEGONES;ProdDERIV_LACTEOS;CREMA DE LECHE DE 250GR PURISIMA;3.5
3505167;2026-09-04;BQTO06;DIST GRAN CASA;ProdBEBIDAS_LACT;LECHE COMPLETA LIQUIDA PURISIMA;2.71
3505168;2026-09-04;BQTO06;DIST GRAN CASA;ProdBEBIDAS_LACT;LECHE DESCREMADA LIQUIDA PURISIMA;2.66
3505169;2026-09-04;BQTO06;DIST GRAN CASA;ProdBEBIDAS_LACT;LECHE  DESLACTOSADA LIQUIDA PURISIMA;2.81
3505178;2026-09-04;BQTO06;DIST GRAN CASA;ProdBEBIDAS;NARANJADA 1L TUNAL;2.87
3505179;2026-09-04;BQTO06;DIST GRAN CASA;ProdBEBIDAS;NECTAR MANZANA 1L TUNAL;2.23
3505180;2026-09-04;BQTO06;DIST GRAN CASA;ProdBEBIDAS;NECTAR PERA 1L TUNAL;2.23
3505181;2026-09-04;BQTO06;DIST GRAN CASA;ProdBEBIDAS;NECTAR DURAZNO 1L TUNAL;2.23
3505182;2026-09-04;BQTO06;DIST GRAN CASA;ProdBEBIDAS;NECTAR DURAZNO 200 ML TUNAL;2.54
3505183;2026-09-04;BQTO06;DIST GRAN CASA;ProdBEBIDAS;NECTAR MANZANA 200 ML TUNAL;2.54
3505184;2026-09-04;BQTO06;DIST GRAN CASA;ProdBEBIDAS;NECTAR PERA 200 ML TUNAL;2.54
3505185;2026-09-04;BQTO06;DIST GRAN CASA;ProdBEBIDAS;NECTAR DURAZNO 500 ML TUNAL;1.51
3505186;2026-09-04;BQTO06;DIST GRAN CASA;ProdBEBIDAS;NECTAR MANZANA 500 ML TUNAL;1.51
3505187;2026-09-04;BQTO06;DIST GRAN CASA;ProdBEBIDAS;NECTAR PERA 500 ML TUNAL;1.51
3505188;2026-09-04;BQTO06;DIST GRAN CASA;ProdBEBIDAS;NECTAR MANZANA LIGHT 1 LITRO TUNAL;2.42
3505189;2026-09-04;BQTO06;DIST GRAN CASA;ProdBEBIDAS;NECTAR PERA LIGHT 1 LITRO TUNAL;2.42
3760096;2026-09-22;MCY04;SUPERLIDER CAGUA (CADA 15 DIAS);ProdDERIV_LACTEOS;MANTEQUILLA PURISIMA CON SAL 200G PURISIMA;6.93
3760092;2026-09-22;MCY04;SUPERLIDER CAGUA (CADA 15 DIAS);ProdDERIV_LACTEOS;CREMA DE LECHE DE 250GR PURISIMA;3.84
3760090;2026-09-22;MCY04;SUPERLIDER CAGUA (CADA 15 DIAS);ProdDERIV_LACTEOS;CREMA DE LECHE DE 500GR PURISIMA;6.51
3796306;2026-09-29;MCY04;SUPERLIDER CAGUA (CADA 15 DIAS);ProdBEBIDAS_LACT;LECHE COMPLETA LIQUIDA PURISIMA;3.25
3796309;2026-09-29;MCY04;SUPERLIDER CAGUA (CADA 15 DIAS);ProdBEBIDAS_LACT;LECHE DESCREMADA LIQUIDA PURISIMA;3.19
3796312;2026-09-29;MCY04;SUPERLIDER CAGUA (CADA 15 DIAS);ProdBEBIDAS_LACT;LECHE  DESLACTOSADA LIQUIDA PURISIMA;3.36
3486108;2026-09-01;MCY04;SUPERLIDER CAGUA (CADA 15 DIAS);ProdBEBIDAS;NARANJADA 1L TUNAL;3.19
3486110;2026-09-01;MCY04;SUPERLIDER CAGUA (CADA 15 DIAS);ProdBEBIDAS;NECTAR MANZANA 1L TUNAL;2.49
3486112;2026-09-01;MCY04;SUPERLIDER CAGUA (CADA 15 DIAS);ProdBEBIDAS;NECTAR PERA 1L TUNAL;2.49
3486114;2026-09-01;MCY04;SUPERLIDER CAGUA (CADA 15 DIAS);ProdBEBIDAS;NECTAR DURAZNO 1L TUNAL;2.49
3796318;2026-09-29;MCY04;SUPERLIDER CAGUA (CADA 15 DIAS);ProdBEBIDAS_LACT;LECHE EN POLVO PURISIMA 900GR;1689
3464868;2026-09-01;BQTO07;AUTOMERCADO DE SALAS;ProdBEBIDAS_LACT;LECHE COMPLETA LIQUIDA PURISIMA;3.1
3464870;2026-09-01;BQTO07;AUTOMERCADO DE SALAS;ProdBEBIDAS_LACT;LECHE  DESLACTOSADA LIQUIDA PURISIMA;2.99
3464872;2026-09-01;BQTO07;AUTOMERCADO DE SALAS;ProdBEBIDAS_LACT;LECHE BARISTA PURISIMA;3.1
3464876;2026-09-01;BQTO07;AUTOMERCADO DE SALAS;ProdBEBIDAS;NARANJADA 1L TUNAL;2.45
3464878;2026-09-01;BQTO07;AUTOMERCADO DE SALAS;ProdBEBIDAS;NECTAR PERA 1L TUNAL;2.45
3464883;2026-09-01;BQTO07;AUTOMERCADO DE SALAS;ProdEMBUTIDOS;SALCHICHA TIPO VIENA 450GR (22unid) ALIMEX;6.35
3464885;2026-09-01;BQTO07;AUTOMERCADO DE SALAS;ProdEMBUTIDOS;SALCHICHA TIPO VIENA 800GR (24unid) ALIMEX;10.1
3464891;2026-09-01;BQTO07;AUTOMERCADO DE SALAS;ProdDERIV_LACTEOS;CREMA DE LECHE DE 500GR PURISIMA;6
3464893;2026-09-01;BQTO07;AUTOMERCADO DE SALAS;ProdDERIV_LACTEOS;CREMA DE LECHE DE 250GR PURISIMA;3.76
3464899;2026-09-01;BQTO07;AUTOMERCADO DE SALAS;ProdEMBUTIDOS;MORTADELA CCS DE CARNES 900G;3.7
3464901;2026-09-01;BQTO07;AUTOMERCADO DE SALAS;ProdEMBUTIDOS;MORTADELA CCS DE CARNES 500G;2.25
3588074;2026-09-14;CCS04;CENTRAL MADEIRENSE PLAZAS AMERICAS;ProdDERIV_LACTEOS;QUESO DE CABRA 500G PURISIMA;14.2
3565411;2026-09-10;CCS04;CENTRAL MADEIRENSE PLAZAS AMERICAS;ProdDERIV_LACTEOS;MANTEQUILLA PURISIMA SIN SAL 200G PURISIMA;6.13
3565412;2026-09-10;CCS04;CENTRAL MADEIRENSE PLAZAS AMERICAS;ProdDERIV_LACTEOS;MANTEQUILLA PURISIMA CON SAL 200G PURISIMA;6.61
3565409;2026-09-10;CCS04;CENTRAL MADEIRENSE PLAZAS AMERICAS;ProdDERIV_LACTEOS;CREMA DE LECHE DE 500GR PURISIMA;6.62
3565410;2026-09-10;CCS04;CENTRAL MADEIRENSE PLAZAS AMERICAS;ProdDERIV_LACTEOS;CREMA DE LECHE DE 250GR PURISIMA;3.91
3473190;2026-09-02;CCS04;CENTRAL MADEIRENSE PLAZAS AMERICAS;ProdEMBUTIDOS;SALCHICHA TIPO VIENA 225G (11unid) ALIMEX;3.93
3565381;2026-09-10;CCS04;CENTRAL MADEIRENSE PLAZAS AMERICAS;ProdBEBIDAS;NARANJADA 1L TUNAL;3.38
3565382;2026-09-10;CCS04;CENTRAL MADEIRENSE PLAZAS AMERICAS;ProdBEBIDAS;NECTAR DURAZNO 1L TUNAL;2.63
3565383;2026-09-10;CCS04;CENTRAL MADEIRENSE PLAZAS AMERICAS;ProdBEBIDAS;NECTAR MANZANA 1L TUNAL;2.63
3565384;2026-09-10;CCS04;CENTRAL MADEIRENSE PLAZAS AMERICAS;ProdBEBIDAS;NECTAR PERA 1L TUNAL;2.63
3565375;2026-09-10;CCS04;CENTRAL MADEIRENSE PLAZAS AMERICAS;ProdBEBIDAS;TE DURAZNO 1L TUNAL;2.63
3565376;2026-09-10;CCS04;CENTRAL MADEIRENSE PLAZAS AMERICAS;ProdBEBIDAS;TE LIMON 1L TUNAL;2.63
3565398;2026-09-10;CCS04;CENTRAL MADEIRENSE PLAZAS AMERICAS;ProdBEBIDAS_LACT;LECHE COMPLETA LIQUIDA PURISIMA;2.75
3565400;2026-09-10;CCS04;CENTRAL MADEIRENSE PLAZAS AMERICAS;ProdBEBIDAS_LACT;LECHE  DESLACTOSADA LIQUIDA PURISIMA;2.79
3565399;2026-09-10;CCS04;CENTRAL MADEIRENSE PLAZAS AMERICAS;ProdBEBIDAS_LACT;LECHE DESCREMADA LIQUIDA PURISIMA;2.65
3565397;2026-09-10;CCS04;CENTRAL MADEIRENSE PLAZAS AMERICAS;ProdBEBIDAS_LACT;LECHE BARISTA PURISIMA;3.55
3565408;2026-09-10;CCS04;CENTRAL MADEIRENSE PLAZAS AMERICAS;ProdEMBUTIDOS;SALCHICHA TIPO VIENA 450GR (22unid) ALIMEX;3.93
3785636;2026-09-25;MCY05;LUXOR CIRCULO MILITAR;ProdBEBIDAS_LACT;LECHE COMPLETA LIQUIDA PURISIMA;2.53
3785639;2026-09-25;MCY05;LUXOR CIRCULO MILITAR;ProdBEBIDAS_LACT;LECHE DESCREMADA LIQUIDA PURISIMA;2.51
3785641;2026-09-25;MCY05;LUXOR CIRCULO MILITAR;ProdBEBIDAS_LACT;LECHE  DESLACTOSADA LIQUIDA PURISIMA;2.78
3508467;2026-09-04;MCY05;LUXOR CIRCULO MILITAR;ProdBEBIDAS;NARANJADA 1L TUNAL;2.69
3508468;2026-09-04;MCY05;LUXOR CIRCULO MILITAR;ProdBEBIDAS;NECTAR MANZANA 1L TUNAL;2.09
3508469;2026-09-04;MCY05;LUXOR CIRCULO MILITAR;ProdBEBIDAS;NECTAR PERA 1L TUNAL;2.09
3508470;2026-09-04;MCY05;LUXOR CIRCULO MILITAR;ProdBEBIDAS;NARANJADA  200 ML TUNAL;2.39
3508471;2026-09-04;MCY05;LUXOR CIRCULO MILITAR;ProdBEBIDAS;NECTAR PERA 200 ML TUNAL;2.39
3508472;2026-09-04;MCY05;LUXOR CIRCULO MILITAR;ProdBEBIDAS;NECTAR DURAZNO 200 ML TUNAL;2.39
3508473;2026-09-04;MCY05;LUXOR CIRCULO MILITAR;ProdBEBIDAS;JUGO NARANJA LIGTH 1 LITRO TUNAL;2.43
3508475;2026-09-04;MCY05;LUXOR CIRCULO MILITAR;ProdEMBUTIDOS;SALCHICHA TIPO VIENA 450GR (22unid) ALIMEX;6.46
3785623;2026-09-28;MCY05;LUXOR CIRCULO MILITAR;ProdEMBUTIDOS;SALCHICHA TIPO VIENA 225G (11unid) ALIMEX;3.51
3785613;2026-09-28;MCY05;LUXOR CIRCULO MILITAR;ProdDERIV_LACTEOS;CREMA DE LECHE DE 500GR PURISIMA;6.3
3684186;2026-09-21;MCY05;LUXOR CIRCULO MILITAR;ProdDERIV_LACTEOS;CREMA DE LECHE DE 250GR PURISIMA;3.71
3785625;2026-09-28;MCY05;LUXOR CIRCULO MILITAR;ProdEMBUTIDOS;SALCHICHA TIPO COCTEL 450 GR ALIMEX;5.74
3778735;2026-09-29;BQTO02;MI SUPER  LOS LEONES;ProdBEBIDAS;NARANJADA 1L TUNAL;2.96
3778736;2026-09-29;BQTO02;MI SUPER  LOS LEONES;ProdBEBIDAS;NECTAR DURAZNO 1L TUNAL;2.31
3778737;2026-09-29;BQTO02;MI SUPER  LOS LEONES;ProdBEBIDAS;NECTAR MANZANA 1L TUNAL;2.31
3778738;2026-09-29;BQTO02;MI SUPER  LOS LEONES;ProdBEBIDAS;NECTAR PERA 1L TUNAL;2.31
3778739;2026-09-29;BQTO02;MI SUPER  LOS LEONES;ProdBEBIDAS;TE DURAZNO 1L TUNAL;2.27
3778733;2026-09-29;BQTO02;MI SUPER  LOS LEONES;ProdDERIV_LACTEOS;MANTEQUILLA PURISIMA SIN SAL 200G PURISIMA;5.38
3778732;2026-09-29;BQTO02;MI SUPER  LOS LEONES;ProdDERIV_LACTEOS;MANTEQUILLA PURISIMA CON SAL 200G PURISIMA;5.82
3778734;2026-09-29;BQTO02;MI SUPER  LOS LEONES;ProdEMBUTIDOS;MORTADELA CCS DE CARNES 900G;3.47
3492310;2026-09-03;BQTO02;MI SUPER  LOS LEONES;ProdEMBUTIDOS;MORTADELA CCS DE CARNES 500G;2.06
3611853;2026-09-15;BQTO02;MI SUPER  LOS LEONES;ProdEMBUTIDOS;SALCHICHA TIPO VIENA 225G (11unid) ALIMEX;3.38
3778724;2026-09-29;BQTO02;MI SUPER  LOS LEONES;ProdDERIV_LACTEOS;CREMA DE LECHE DE 500GR PURISIMA;5.73
3778725;2026-09-29;BQTO02;MI SUPER  LOS LEONES;ProdDERIV_LACTEOS;CREMA DE LECHE DE 250GR PURISIMA;3.38
3778726;2026-09-29;BQTO02;MI SUPER  LOS LEONES;ProdBEBIDAS_LACT;LECHE COMPLETA LIQUIDA PURISIMA;2.8
3778727;2026-09-29;BQTO02;MI SUPER  LOS LEONES;ProdBEBIDAS_LACT;LECHE DESCREMADA LIQUIDA PURISIMA;2.74
3778728;2026-09-29;BQTO02;MI SUPER  LOS LEONES;ProdBEBIDAS_LACT;LECHE  DESLACTOSADA LIQUIDA PURISIMA;2.9
3778729;2026-09-29;BQTO02;MI SUPER  LOS LEONES;ProdBEBIDAS_LACT;LECHE BARISTA PURISIMA;2.94
3778740;2026-09-29;BQTO02;MI SUPER  LOS LEONES;ProdBEBIDAS;TE LIMON 1L TUNAL;2.27
3459332;2026-09-01;BQTO02;MI SUPER  LOS LEONES;ProdBEBIDAS;TE FRUTOS ROJOS 1L TUNAL;2.29
3492307;2026-09-03;BQTO02;MI SUPER  LOS LEONES;ProdEMBUTIDOS;SALCHICHA TIPO VIENA 800GR (24unid) ALIMEX;10.67
3778731;2026-09-29;BQTO02;MI SUPER  LOS LEONES;ProdEMBUTIDOS;SALCHICHA TIPO VIENA 450GR (22unid) ALIMEX;3.38
3611855;2026-09-15;BQTO02;MI SUPER  LOS LEONES;ProdEMBUTIDOS;TOCINETA AHUMADA SIN CUERO 3.5KG ALIMEX;2.06
3611870;2026-09-15;BQTO02;MI SUPER  LOS LEONES;ProdBEBIDAS;TE DURAZNO 500ML TUNAL;1.25
3611871;2026-09-15;BQTO02;MI SUPER  LOS LEONES;ProdBEBIDAS;TE LIMON 500ML TUNAL;1.25
3778741;2026-09-29;BQTO02;MI SUPER  LOS LEONES;ProdBEBIDAS;JUGO NARANJA LIGTH 1 LITRO TUNAL;2.45
3778742;2026-09-29;BQTO02;MI SUPER  LOS LEONES;ProdBEBIDAS;NECTAR MANZANA LIGHT 1 LITRO TUNAL;2.42
3778743;2026-09-29;BQTO02;MI SUPER  LOS LEONES;ProdBEBIDAS;NECTAR PERA LIGHT 1 LITRO TUNAL;2.42
3566777;2026-09-10;PLC03;MAS X MENOS CALLE BOLIVAR;ProdBEBIDAS_LACT;LECHE COMPLETA LIQUIDA PURISIMA;2.59
3566778;2026-09-10;PLC03;MAS X MENOS CALLE BOLIVAR;ProdBEBIDAS_LACT;LECHE DESCREMADA LIQUIDA PURISIMA;2.55
3566779;2026-09-10;PLC03;MAS X MENOS CALLE BOLIVAR;ProdBEBIDAS_LACT;LECHE  DESLACTOSADA LIQUIDA PURISIMA;2.69
3714909;2026-09-23;PLC03;MAS X MENOS CALLE BOLIVAR;ProdDERIV_LACTEOS;MANTEQUILLA PURISIMA CON SAL 200G PURISIMA;5.9
3714908;2026-09-23;PLC03;MAS X MENOS CALLE BOLIVAR;ProdDERIV_LACTEOS;MANTEQUILLA PURISIMA SIN SAL 200G PURISIMA;5.47
3566781;2026-09-10;PLC03;MAS X MENOS CALLE BOLIVAR;ProdDERIV_LACTEOS;CREMA DE LECHE DE 250GR PURISIMA;3.43
3714896;2026-09-23;PLC03;MAS X MENOS CALLE BOLIVAR;ProdBEBIDAS;TE FRUTOS ROJOS 1L TUNAL;2.71
3714897;2026-09-23;PLC03;MAS X MENOS CALLE BOLIVAR;ProdBEBIDAS;TE DURAZNO 1L TUNAL;2.71
3714898;2026-09-23;PLC03;MAS X MENOS CALLE BOLIVAR;ProdBEBIDAS;TE LIMON 1L TUNAL;2.71
3714904;2026-09-23;PLC03;MAS X MENOS CALLE BOLIVAR;ProdBEBIDAS;NECTAR DURAZNO 1L TUNAL;2.45
3714905;2026-09-23;PLC03;MAS X MENOS CALLE BOLIVAR;ProdBEBIDAS;NECTAR MANZANA 1L TUNAL;2.45
3714906;2026-09-23;PLC03;MAS X MENOS CALLE BOLIVAR;ProdBEBIDAS;NECTAR PERA 1L TUNAL;2.41
3712527;2026-09-23;CCS11;UNICASA COLINAS DE BELLO MONTE;ProdBEBIDAS_LACT;LECHE COMPLETA LIQUIDA PURISIMA;2.74
3712528;2026-09-23;CCS11;UNICASA COLINAS DE BELLO MONTE;ProdBEBIDAS_LACT;LECHE DESCREMADA LIQUIDA PURISIMA;2.68
3712529;2026-09-23;CCS11;UNICASA COLINAS DE BELLO MONTE;ProdBEBIDAS_LACT;LECHE  DESLACTOSADA LIQUIDA PURISIMA;2.84
3625758;2026-09-16;CCS11;UNICASA COLINAS DE BELLO MONTE;ProdBEBIDAS;NARANJADA 1L TUNAL;3.24
3625759;2026-09-16;CCS11;UNICASA COLINAS DE BELLO MONTE;ProdBEBIDAS;NECTAR MANZANA 1L TUNAL;2.53
3625761;2026-09-16;CCS11;UNICASA COLINAS DE BELLO MONTE;ProdBEBIDAS;NECTAR DURAZNO 1L TUNAL;2.53
3625762;2026-09-16;CCS11;UNICASA COLINAS DE BELLO MONTE;ProdBEBIDAS;JUGO NARANJA LIGTH 1 LITRO TUNAL;2.68
3625763;2026-09-16;CCS11;UNICASA COLINAS DE BELLO MONTE;ProdBEBIDAS;NECTAR PERA LIGHT 1 LITRO TUNAL;2.66
3625764;2026-09-16;CCS11;UNICASA COLINAS DE BELLO MONTE;ProdBEBIDAS;TE DURAZNO 1L TUNAL;2.51
3625765;2026-09-16;CCS11;UNICASA COLINAS DE BELLO MONTE;ProdBEBIDAS;TE LIMON 1L TUNAL;2.51
3625766;2026-09-16;CCS11;UNICASA COLINAS DE BELLO MONTE;ProdBEBIDAS;TE FRUTOS ROJOS 1L TUNAL;2.51
3625760;2026-09-16;CCS11;UNICASA COLINAS DE BELLO MONTE;ProdBEBIDAS;NECTAR PERA 1L TUNAL;2.53
3712532;2026-09-23;CCS11;UNICASA COLINAS DE BELLO MONTE;ProdBEBIDAS_LACT;LECHE EN POLVO PURISIMA 400GR;6.88
3801147;2026-09-30;BQTO02;RIO SUPERMARKET  CC ARENA PLAZA;ProdBEBIDAS_LACT;LECHE COMPLETA LIQUIDA PURISIMA;2.75
3801148;2026-09-30;BQTO02;RIO SUPERMARKET  CC ARENA PLAZA;ProdBEBIDAS_LACT;LECHE DESCREMADA LIQUIDA PURISIMA;2.69
3801149;2026-09-30;BQTO02;RIO SUPERMARKET  CC ARENA PLAZA;ProdBEBIDAS_LACT;LECHE  DESLACTOSADA LIQUIDA PURISIMA;2.84
3801159;2026-09-30;BQTO02;RIO SUPERMARKET  CC ARENA PLAZA;ProdBEBIDAS;NARANJADA 1L TUNAL;3.09
3660172;2026-09-18;BQTO02;RIO SUPERMARKET  CC ARENA PLAZA;ProdBEBIDAS;NECTAR DURAZNO 1L TUNAL;2.41
3505580;2026-09-04;BQTO02;RIO SUPERMARKET  CC ARENA PLAZA;ProdBEBIDAS;NECTAR MANZANA 1L TUNAL;2.05
3505581;2026-09-04;BQTO02;RIO SUPERMARKET  CC ARENA PLAZA;ProdBEBIDAS;NECTAR PERA 1L TUNAL;2.05
3505582;2026-09-04;BQTO02;RIO SUPERMARKET  CC ARENA PLAZA;ProdBEBIDAS;TE DURAZNO 1L TUNAL;2.38
3505583;2026-09-04;BQTO02;RIO SUPERMARKET  CC ARENA PLAZA;ProdBEBIDAS;TE LIMON 1L TUNAL;2.38
3631058;2026-09-16;BQTO02;RIO SUPERMARKET  CC ARENA PLAZA;ProdDERIV_LACTEOS;CREMA DE LECHE DE 500GR PURISIMA;5.49
3631060;2026-09-16;BQTO02;RIO SUPERMARKET  CC ARENA PLAZA;ProdDERIV_LACTEOS;CREMA DE LECHE DE 250GR PURISIMA;3.25
3631063;2026-09-16;BQTO02;RIO SUPERMARKET  CC ARENA PLAZA;ProdDERIV_LACTEOS;MANTEQUILLA PURISIMA SIN SAL 200G PURISIMA;5.29
3631064;2026-09-16;BQTO02;RIO SUPERMARKET  CC ARENA PLAZA;ProdDERIV_LACTEOS;MANTEQUILLA PURISIMA CON SAL 200G PURISIMA;5.75
3631067;2026-09-16;BQTO02;RIO SUPERMARKET  CC ARENA PLAZA;ProdEMBUTIDOS;SALCHICHA TIPO VIENA 800GR (24unid) ALIMEX;10.25
3631073;2026-09-16;BQTO02;RIO SUPERMARKET  CC ARENA PLAZA;ProdEMBUTIDOS;SALCHICHA TIPO VIENA 225G (11unid) ALIMEX;3.25
3631070;2026-09-16;BQTO02;RIO SUPERMARKET  CC ARENA PLAZA;ProdEMBUTIDOS;SALCHICHA TIPO VIENA 450GR (22unid) ALIMEX;5.95
3599701;2026-09-14;BQTO06;COMERCIAL PLUS CENTER ACARIGUA;ProdBEBIDAS_LACT;LECHE BARISTA PURISIMA;2.52
3599705;2026-09-14;BQTO06;COMERCIAL PLUS CENTER ACARIGUA;ProdBEBIDAS_LACT;LECHE COMPLETA LIQUIDA PURISIMA;2.44
3599707;2026-09-14;BQTO06;COMERCIAL PLUS CENTER ACARIGUA;ProdBEBIDAS_LACT;LECHE DESCREMADA LIQUIDA PURISIMA;2.39
3599710;2026-09-14;BQTO06;COMERCIAL PLUS CENTER ACARIGUA;ProdBEBIDAS_LACT;LECHE  DESLACTOSADA LIQUIDA PURISIMA;2.52
3599729;2026-09-14;BQTO06;COMERCIAL PLUS CENTER ACARIGUA;ProdBEBIDAS;NARANJADA 1L TUNAL;2.05
3599732;2026-09-14;BQTO06;COMERCIAL PLUS CENTER ACARIGUA;ProdBEBIDAS;NECTAR MANZANA 1L TUNAL;2.05
3599735;2026-09-14;BQTO06;COMERCIAL PLUS CENTER ACARIGUA;ProdBEBIDAS;NECTAR PERA 1L TUNAL;2.05
3599738;2026-09-14;BQTO06;COMERCIAL PLUS CENTER ACARIGUA;ProdBEBIDAS;NECTAR DURAZNO 200 ML TUNAL;2.34
3599741;2026-09-14;BQTO06;COMERCIAL PLUS CENTER ACARIGUA;ProdBEBIDAS;NECTAR PERA 200 ML TUNAL;2.34
3599744;2026-09-14;BQTO06;COMERCIAL PLUS CENTER ACARIGUA;ProdBEBIDAS;NECTAR MANZANA 200 ML TUNAL;2.34
3549338;2026-09-09;CCS07;RIO GUARENAS;ProdBEBIDAS;TE DURAZNO 1L TUNAL;2.38
3549339;2026-09-09;CCS07;RIO GUARENAS;ProdBEBIDAS;TE LIMON 1L TUNAL;2.38
3549340;2026-09-09;CCS07;RIO GUARENAS;ProdBEBIDAS;TE FRUTOS ROJOS 1L TUNAL;2.38
3623887;2026-09-16;CCS07;RIO GUARENAS;ProdBEBIDAS;JUGO NARANJA LIGTH 1 LITRO TUNAL;2.55
3623888;2026-09-16;CCS07;RIO GUARENAS;ProdBEBIDAS;NECTAR PERA LIGHT 1 LITRO TUNAL;2.53
3623884;2026-09-16;CCS07;RIO GUARENAS;ProdBEBIDAS;NECTAR MANZANA 200 ML TUNAL;0.88
3623885;2026-09-16;CCS07;RIO GUARENAS;ProdBEBIDAS;NECTAR PERA 200 ML TUNAL;0.88
3623886;2026-09-16;CCS07;RIO GUARENAS;ProdBEBIDAS;NECTAR DURAZNO 200 ML TUNAL;0.88
3623889;2026-09-16;CCS07;RIO GUARENAS;ProdBEBIDAS;NARANJADA 1L TUNAL;3.09
3549335;2026-09-09;CCS07;RIO GUARENAS;ProdBEBIDAS;NECTAR MANZANA 1L TUNAL;2.05
3549337;2026-09-09;CCS07;RIO GUARENAS;ProdBEBIDAS;NECTAR DURAZNO 1L TUNAL;2.05
3549336;2026-09-09;CCS07;RIO GUARENAS;ProdBEBIDAS;NECTAR PERA 1L TUNAL;2.05
3549328;2026-09-09;CCS07;RIO GUARENAS;ProdBEBIDAS;NARANJADA  200 ML TUNAL;0.93
3549344;2026-09-09;CCS07;RIO GUARENAS;ProdBEBIDAS_LACT;LECHE COMPLETA LIQUIDA PURISIMA;2.49
3549345;2026-09-09;CCS07;RIO GUARENAS;ProdBEBIDAS_LACT;LECHE DESCREMADA LIQUIDA PURISIMA;2.39
3549346;2026-09-09;CCS07;RIO GUARENAS;ProdBEBIDAS_LACT;LECHE  DESLACTOSADA LIQUIDA PURISIMA;2.59
3549350;2026-09-09;CCS07;RIO GUARENAS;ProdDERIV_LACTEOS;QUESO DE CABRA EN BARRA 3.3 KG PURISIMA;20.79
3549354;2026-09-09;CCS07;RIO GUARENAS;ProdJAMONERIA;JAMON AREPERO AHUMADO;10.95
3549353;2026-09-09;CCS07;RIO GUARENAS;ProdJAMONERIA;JAMON AHUMADO VISKING ALIMEX 3.3 KG;13.84
3549348;2026-09-09;CCS07;RIO GUARENAS;ProdDERIV_LACTEOS;QUESO DE CABRA 500G PURISIMA;17.95
3597587;2026-09-14;CCS07;RIO GUARENAS;ProdEMBUTIDOS;MORTADELA TAPARA Alimex;12.47
3549362;2026-09-09;CCS07;RIO GUARENAS;ProdDERIV_LACTEOS;MANTEQUILLA PURISIMA SIN SAL 200G PURISIMA;5.29
3549361;2026-09-09;CCS07;RIO GUARENAS;ProdDERIV_LACTEOS;MANTEQUILLA PURISIMA CON SAL 200G PURISIMA;5.75
3549359;2026-09-09;CCS07;RIO GUARENAS;ProdDERIV_LACTEOS;CREMA DE LECHE DE 500GR PURISIMA;5.49
3549360;2026-09-09;CCS07;RIO GUARENAS;ProdDERIV_LACTEOS;CREMA DE LECHE DE 250GR PURISIMA;3.25
3549366;2026-09-09;CCS07;RIO GUARENAS;ProdEMBUTIDOS;SALCHICHA TIPO VIENA 225G (11unid) ALIMEX;3.25
3549367;2026-09-09;CCS07;RIO GUARENAS;ProdEMBUTIDOS;SALCHICHA TIPO VIENA 450GR (22unid) ALIMEX;5.95
3549368;2026-09-09;CCS07;RIO GUARENAS;ProdEMBUTIDOS;SALCHICHA TIPO VIENA 800GR (24unid) ALIMEX;10.25
3708049;2026-09-23;CCS07;RIO GUARENAS;ProdJAMONERIA;JAMON AHUMADO VISKING ITALICO 3.5 KG;10.85
3623929;2026-09-16;CCS07;RIO GUARENAS;ProdJAMONERIA;JAMON PIERNA ALIMEX 98% 5.9kg;11.49
3623947;2026-09-16;CCS07;RIO GUARENAS;ProdEMBUTIDOS;MORTADELA CCS DE CARNES 500G;3.65
3597607;2026-09-14;CCS07;RIO GUARENAS;ProdEMBUTIDOS;MORTADELA CCS DE CARNES 1KG;3.39
3623946;2026-09-16;CCS07;RIO GUARENAS;ProdEMBUTIDOS;MORTADELA CCS DE CARNES 900G;3.39
3787965;2026-09-29;PLC01;MAS POR MENOS C.C.  PLAZA MAYOR;ProdBEBIDAS_LACT;LECHE COMPLETA LIQUIDA PURISIMA;2.59
3787966;2026-09-29;PLC01;MAS POR MENOS C.C.  PLAZA MAYOR;ProdBEBIDAS_LACT;LECHE DESCREMADA LIQUIDA PURISIMA;2.55
3787967;2026-09-29;PLC01;MAS POR MENOS C.C.  PLAZA MAYOR;ProdBEBIDAS_LACT;LECHE  DESLACTOSADA LIQUIDA PURISIMA;2.69
3787961;2026-09-29;PLC01;MAS POR MENOS C.C.  PLAZA MAYOR;ProdBEBIDAS;NECTAR DURAZNO 1L TUNAL;2.45
3787951;2026-09-29;PLC01;MAS POR MENOS C.C.  PLAZA MAYOR;ProdBEBIDAS;NECTAR MANZANA 1L TUNAL;2.45
3787962;2026-09-29;PLC01;MAS POR MENOS C.C.  PLAZA MAYOR;ProdBEBIDAS;NECTAR PERA 1L TUNAL;2.45
3787939;2026-09-29;PLC01;MAS POR MENOS C.C.  PLAZA MAYOR;ProdEMBUTIDOS;SALCHICHA TIPO VIENA 225G (11unid) ALIMEX;3.51
3787937;2026-09-29;PLC01;MAS POR MENOS C.C.  PLAZA MAYOR;ProdEMBUTIDOS;SALCHICHA TIPO VIENA 800GR (24unid) ALIMEX;11.07
3787942;2026-09-29;PLC01;MAS POR MENOS C.C.  PLAZA MAYOR;ProdDERIV_LACTEOS;MANTEQUILLA PURISIMA SIN SAL 200G PURISIMA;5.47
3787943;2026-09-29;PLC01;MAS POR MENOS C.C.  PLAZA MAYOR;ProdDERIV_LACTEOS;MANTEQUILLA PURISIMA CON SAL 200G PURISIMA;5.9
3787971;2026-09-29;PLC01;MAS POR MENOS C.C.  PLAZA MAYOR;ProdDERIV_LACTEOS;CREMA DE LECHE DE 250GR PURISIMA;3.43
3787938;2026-09-29;PLC01;MAS POR MENOS C.C.  PLAZA MAYOR;ProdEMBUTIDOS;SALCHICHA TIPO VIENA 450GR (22unid) ALIMEX;6.45
3787963;2026-09-29;PLC01;MAS POR MENOS C.C.  PLAZA MAYOR;ProdBEBIDAS;TE LIMON 1L TUNAL;2.71
3760971;2026-09-28;PLC01;MAS POR MENOS C.C.  PLAZA MAYOR;ProdBEBIDAS;TE FRUTOS ROJOS 1L TUNAL;2.71
3787964;2026-09-29;PLC01;MAS POR MENOS C.C.  PLAZA MAYOR;ProdBEBIDAS;TE DURAZNO 1L TUNAL;2.71
3787960;2026-09-29;PLC01;MAS POR MENOS C.C.  PLAZA MAYOR;ProdBEBIDAS;NARANJADA 1L TUNAL;3
3787953;2026-09-29;PLC01;MAS POR MENOS C.C.  PLAZA MAYOR;ProdBEBIDAS;NARANJADA  500 ML TUNAL;2.42
3730133;2026-09-24;PLC01;MAS POR MENOS C.C.  PLAZA MAYOR;ProdBEBIDAS;NECTAR DURAZNO 200 ML TUNAL;3.12
3730135;2026-09-24;PLC01;MAS POR MENOS C.C.  PLAZA MAYOR;ProdBEBIDAS;NECTAR PERA 200 ML TUNAL;3.12
3787970;2026-09-29;PLC01;MAS POR MENOS C.C.  PLAZA MAYOR;ProdDERIV_LACTEOS;CREMA DE LECHE DE 500GR PURISIMA;5.82
3724683;2026-09-24;PTO03;"HIPER CALIFORNIA; C.A";ProdBEBIDAS_LACT;LECHE EN POLVO PURISIMA 400GR;6.62
3724663;2026-09-24;PTO03;"HIPER CALIFORNIA; C.A";ProdBEBIDAS_LACT;LECHE DESCREMADA LIQUIDA PURISIMA;2.49
3724674;2026-09-24;PTO03;"HIPER CALIFORNIA; C.A";ProdBEBIDAS;NECTAR MANZANA 1L TUNAL;2.3
3724675;2026-09-24;PTO03;"HIPER CALIFORNIA; C.A";ProdBEBIDAS;NECTAR PERA 1L TUNAL;2.3
3724676;2026-09-24;PTO03;"HIPER CALIFORNIA; C.A";ProdBEBIDAS;NECTAR DURAZNO 1L TUNAL;2.3
3588944;2026-09-14;PTO03;"HIPER CALIFORNIA; C.A";ProdEMBUTIDOS;MORTADELA CCS DE CARNES 900G;3.51
3588945;2026-09-14;PTO03;"HIPER CALIFORNIA; C.A";ProdEMBUTIDOS;MORTADELA CCS DE CARNES 500G;2.16
3724662;2026-09-24;PTO03;"HIPER CALIFORNIA; C.A";ProdBEBIDAS_LACT;LECHE COMPLETA LIQUIDA PURISIMA;2.49
3724673;2026-09-24;PTO03;"HIPER CALIFORNIA; C.A";ProdBEBIDAS;NARANJADA 1L TUNAL;2.9
3724677;2026-09-24;PTO03;"HIPER CALIFORNIA; C.A";ProdBEBIDAS;NECTAR MANZANA 200 ML TUNAL;0.9
3724678;2026-09-24;PTO03;"HIPER CALIFORNIA; C.A";ProdBEBIDAS;NECTAR PERA 200 ML TUNAL;0.9
3724679;2026-09-24;PTO03;"HIPER CALIFORNIA; C.A";ProdBEBIDAS;NECTAR DURAZNO 200 ML TUNAL;0.9
3724680;2026-09-24;PTO03;"HIPER CALIFORNIA; C.A";ProdBEBIDAS;TE DURAZNO 1L TUNAL;2.28
3724681;2026-09-24;PTO03;"HIPER CALIFORNIA; C.A";ProdBEBIDAS;TE LIMON 1L TUNAL;2.28
3514451;2026-09-07;CCS06;GAMA SAN ANTONIO;ProdBEBIDAS_LACT;LECHE COMPLETA LIQUIDA PURISIMA;2.72
3514452;2026-09-07;CCS06;GAMA SAN ANTONIO;ProdBEBIDAS_LACT;LECHE DESCREMADA LIQUIDA PURISIMA;2.68
3514453;2026-09-07;CCS06;GAMA SAN ANTONIO;ProdBEBIDAS_LACT;LECHE  DESLACTOSADA LIQUIDA PURISIMA;2.69
3514455;2026-09-07;CCS06;GAMA SAN ANTONIO;ProdDERIV_LACTEOS;CREMA DE LECHE DE 250GR PURISIMA;3.75
3514466;2026-09-07;CCS06;GAMA SAN ANTONIO;ProdEMBUTIDOS;SALCHICHA TIPO VIENA 800GR (24unid) ALIMEX;12.35
3514467;2026-09-07;CCS06;GAMA SAN ANTONIO;ProdEMBUTIDOS;SALCHICHA TIPO VIENA 450GR (22unid) ALIMEX;7.19
3514468;2026-09-07;CCS06;GAMA SAN ANTONIO;ProdEMBUTIDOS;SALCHICHA TIPO VIENA 225G (11unid) ALIMEX;3.75
3514469;2026-09-07;CCS06;GAMA SAN ANTONIO;ProdEMBUTIDOS;MORTADELA CCS DE CARNES 900G;4.39
3514472;2026-09-07;CCS06;GAMA SAN ANTONIO;ProdDERIV_LACTEOS;MANTEQUILLA PURISIMA CON SAL 200G PURISIMA;6.39
3514473;2026-09-07;CCS06;GAMA SAN ANTONIO;ProdDERIV_LACTEOS;MANTEQUILLA PURISIMA SIN SAL 200G PURISIMA;5.99
3766498;2026-09-28;VLC03;HIPER LIDER FLOR AMARILLO;ProdBEBIDAS_LACT;LECHE EN POLVO PURISIMA 900GR;16.89
3766512;2026-09-28;VLC03;HIPER LIDER FLOR AMARILLO;ProdBEBIDAS_LACT;LECHE COMPLETA LIQUIDA PURISIMA;3.25
3766528;2026-09-28;VLC03;HIPER LIDER FLOR AMARILLO;ProdBEBIDAS;NARANJADA 1L TUNAL;3.19
3766530;2026-09-28;VLC03;HIPER LIDER FLOR AMARILLO;ProdBEBIDAS;NECTAR DURAZNO 1L TUNAL;2.49
3766532;2026-09-28;VLC03;HIPER LIDER FLOR AMARILLO;ProdBEBIDAS;NECTAR MANZANA 1L TUNAL;2.49
3766534;2026-09-28;VLC03;HIPER LIDER FLOR AMARILLO;ProdBEBIDAS;NECTAR PERA 1L TUNAL;2.49
3766545;2026-09-28;VLC03;HIPER LIDER FLOR AMARILLO;ProdDERIV_LACTEOS;CREMA DE LECHE DE 500GR PURISIMA;6.51
3766552;2026-09-28;VLC03;HIPER LIDER FLOR AMARILLO;ProdDERIV_LACTEOS;MANTEQUILLA PURISIMA CON SAL 200G PURISIMA;6.93
3766514;2026-09-28;VLC03;HIPER LIDER FLOR AMARILLO;ProdBEBIDAS_LACT;LECHE DESCREMADA LIQUIDA PURISIMA;3.19
3766516;2026-09-28;VLC03;HIPER LIDER FLOR AMARILLO;ProdBEBIDAS_LACT;LECHE  DESLACTOSADA LIQUIDA PURISIMA;3.36
3766548;2026-09-28;VLC03;HIPER LIDER FLOR AMARILLO;ProdDERIV_LACTEOS;CREMA DE LECHE DE 250GR PURISIMA;3.84
3741936;2026-09-25;CCS08;MARAPLUS CANDELARIA;ProdEMBUTIDOS;SALCHICHA TIPO VIENA 450GR (22unid) ALIMEX;6.3
3741935;2026-09-25;CCS08;MARAPLUS CANDELARIA;ProdEMBUTIDOS;SALCHICHA TIPO VIENA 800GR (24unid) ALIMEX;10.8
3741934;2026-09-25;CCS08;MARAPLUS CANDELARIA;ProdDERIV_LACTEOS;CREMA DE LECHE DE 250GR PURISIMA;3.72
3741933;2026-09-25;CCS08;MARAPLUS CANDELARIA;ProdDERIV_LACTEOS;CREMA DE LECHE DE 500GR PURISIMA;6
3757746;2026-09-28;CCS08;MARAPLUS CANDELARIA;ProdBEBIDAS_LACT;LECHE BARISTA PURISIMA;2.93
3757747;2026-09-28;CCS08;MARAPLUS CANDELARIA;ProdBEBIDAS_LACT;LECHE COMPLETA LIQUIDA PURISIMA;2.79
3757748;2026-09-28;CCS08;MARAPLUS CANDELARIA;ProdBEBIDAS_LACT;LECHE DESCREMADA LIQUIDA PURISIMA;2.73
3757749;2026-09-28;CCS08;MARAPLUS CANDELARIA;ProdBEBIDAS_LACT;LECHE  DESLACTOSADA LIQUIDA PURISIMA;2.88
3757720;2026-09-28;CCS08;MARAPLUS CANDELARIA;ProdDERIV_LACTEOS;MANTEQUILLA PURISIMA CON SAL 200G PURISIMA;6.25
3757734;2026-09-28;CCS08;MARAPLUS CANDELARIA;ProdBEBIDAS;NARANJADA 1L TUNAL;2.99
3757735;2026-09-28;CCS08;MARAPLUS CANDELARIA;ProdBEBIDAS;NECTAR MANZANA 1L TUNAL;2.34
3757736;2026-09-28;CCS08;MARAPLUS CANDELARIA;ProdBEBIDAS;NECTAR DURAZNO 1L TUNAL;2.33
3757738;2026-09-28;CCS08;MARAPLUS CANDELARIA;ProdBEBIDAS;TE LIMON 1L TUNAL;2.32
3757739;2026-09-28;CCS08;MARAPLUS CANDELARIA;ProdBEBIDAS;TE FRUTOS ROJOS 1L TUNAL;2.32
3525727;2026-09-07;CCS08;MARAPLUS CANDELARIA;ProdEMBUTIDOS;MORTADELA CCS DE CARNES 500G;2.5
3757731;2026-09-28;CCS08;MARAPLUS CANDELARIA;ProdBEBIDAS;NARANJADA  200 ML TUNAL;0.89
3757732;2026-09-28;CCS08;MARAPLUS CANDELARIA;ProdBEBIDAS;NECTAR MANZANA 200 ML TUNAL;1
3757733;2026-09-28;CCS08;MARAPLUS CANDELARIA;ProdBEBIDAS;TE DURAZNO 500ML TUNAL;1.57
3757737;2026-09-28;CCS08;MARAPLUS CANDELARIA;ProdBEBIDAS;TE DURAZNO 1L TUNAL;2.32
3800743;2026-09-30;PLC01;MAS X MENOS INTERCOMUNAL;ProdBEBIDAS_LACT;LECHE COMPLETA LIQUIDA PURISIMA;2.59
3800744;2026-09-30;PLC01;MAS X MENOS INTERCOMUNAL;ProdBEBIDAS_LACT;LECHE DESCREMADA LIQUIDA PURISIMA;2.55
3800745;2026-09-30;PLC01;MAS X MENOS INTERCOMUNAL;ProdBEBIDAS_LACT;LECHE  DESLACTOSADA LIQUIDA PURISIMA;2.69
3479711;2026-09-02;PLC01;MAS X MENOS INTERCOMUNAL;ProdEMBUTIDOS;SALCHICHA TIPO VIENA 800GR (24unid) ALIMEX;11.05
3800771;2026-09-30;PLC01;MAS X MENOS INTERCOMUNAL;ProdEMBUTIDOS;SALCHICHA TIPO VIENA 450GR (22unid) ALIMEX;6.45
3800772;2026-09-30;PLC01;MAS X MENOS INTERCOMUNAL;ProdEMBUTIDOS;SALCHICHA TIPO VIENA 225G (11unid) ALIMEX;3.51
3800763;2026-09-30;PLC01;MAS X MENOS INTERCOMUNAL;ProdBEBIDAS;NECTAR DURAZNO 1L TUNAL;2.45
3800762;2026-09-30;PLC01;MAS X MENOS INTERCOMUNAL;ProdBEBIDAS;NECTAR PERA 1L TUNAL;2.45
3800761;2026-09-30;PLC01;MAS X MENOS INTERCOMUNAL;ProdBEBIDAS;NECTAR MANZANA 1L TUNAL;2.45
3800767;2026-09-30;PLC01;MAS X MENOS INTERCOMUNAL;ProdDERIV_LACTEOS;MANTEQUILLA PURISIMA CON SAL 200G PURISIMA;5.9
3800760;2026-09-30;PLC01;MAS X MENOS INTERCOMUNAL;ProdBEBIDAS;NARANJADA 1L TUNAL;3
3766321;2026-09-28;PLC01;MAS X MENOS INTERCOMUNAL;ProdBEBIDAS;TE LIMON 1L TUNAL;2.71
3766323;2026-09-28;PLC01;MAS X MENOS INTERCOMUNAL;ProdBEBIDAS;TE FRUTOS ROJOS 1L TUNAL;2.71
3766322;2026-09-28;PLC01;MAS X MENOS INTERCOMUNAL;ProdBEBIDAS;TE DURAZNO 1L TUNAL;2.71
3800766;2026-09-30;PLC01;MAS X MENOS INTERCOMUNAL;ProdDERIV_LACTEOS;MANTEQUILLA PURISIMA SIN SAL 200G PURISIMA;5.47
3741751;2026-09-25;PLC01;MAS X MENOS INTERCOMUNAL;ProdDERIV_LACTEOS;CREMA DE LECHE DE 500GR PURISIMA;5.82
3800781;2026-09-30;PLC01;MAS X MENOS INTERCOMUNAL;ProdDERIV_LACTEOS;CREMA DE LECHE DE 250GR PURISIMA;3.43
3741761;2026-09-25;PLC01;MAS X MENOS INTERCOMUNAL;ProdBEBIDAS;NECTAR PERA 200 ML TUNAL;3.12
3800778;2026-09-30;PLC01;MAS X MENOS INTERCOMUNAL;ProdBEBIDAS;NECTAR MANZANA 200 ML TUNAL;3.12
3800779;2026-09-30;PLC01;MAS X MENOS INTERCOMUNAL;ProdBEBIDAS;NECTAR DURAZNO 200 ML TUNAL;3.12
3800773;2026-09-30;PLC01;MAS X MENOS INTERCOMUNAL;ProdEMBUTIDOS;MORTADELA CCS DE CARNES 900G;3.51
3565808;2026-09-10;CCS05;CENTRAL MADEIRENSE LA ALAMEDA;ProdDERIV_LACTEOS;MANTEQUILLA PURISIMA SIN SAL 200G PURISIMA;6.13
3565809;2026-09-10;CCS05;CENTRAL MADEIRENSE LA ALAMEDA;ProdDERIV_LACTEOS;MANTEQUILLA PURISIMA CON SAL 200G PURISIMA;6.61
3565812;2026-09-10;CCS05;CENTRAL MADEIRENSE LA ALAMEDA;ProdDERIV_LACTEOS;CREMA DE LECHE DE 500GR PURISIMA;6.62
3565813;2026-09-10;CCS05;CENTRAL MADEIRENSE LA ALAMEDA;ProdDERIV_LACTEOS;CREMA DE LECHE DE 250GR PURISIMA;3.91
3565794;2026-09-10;CCS05;CENTRAL MADEIRENSE LA ALAMEDA;ProdBEBIDAS_LACT;LECHE COMPLETA LIQUIDA PURISIMA;2.75
3565795;2026-09-10;CCS05;CENTRAL MADEIRENSE LA ALAMEDA;ProdBEBIDAS_LACT;LECHE DESCREMADA LIQUIDA PURISIMA;2.65
3565796;2026-09-10;CCS05;CENTRAL MADEIRENSE LA ALAMEDA;ProdBEBIDAS_LACT;LECHE  DESLACTOSADA LIQUIDA PURISIMA;2.82
3565805;2026-09-10;CCS05;CENTRAL MADEIRENSE LA ALAMEDA;ProdBEBIDAS;NARANJADA 1L TUNAL;3.38
3768971;2026-09-28;BQTO07;HIPER FUTURO ACARIGUA;ProdBEBIDAS_LACT;LECHE COMPLETA LIQUIDA PURISIMA;2.47
3768979;2026-09-28;BQTO07;HIPER FUTURO ACARIGUA;ProdBEBIDAS;NARANJADA 1L TUNAL;2.2
3717226;2026-09-23;BQTO07;HIPER FUTURO ACARIGUA;ProdBEBIDAS_LACT;LECHE DESCREMADA LIQUIDA PURISIMA;2.42
3768973;2026-09-28;BQTO07;HIPER FUTURO ACARIGUA;ProdBEBIDAS_LACT;LECHE  DESLACTOSADA LIQUIDA PURISIMA;2.56
3768974;2026-09-28;BQTO07;HIPER FUTURO ACARIGUA;ProdBEBIDAS_LACT;LECHE BARISTA PURISIMA;2.6
3768976;2026-09-28;BQTO07;HIPER FUTURO ACARIGUA;ProdBEBIDAS;NECTAR MANZANA 1L TUNAL;2.2
3768978;2026-09-28;BQTO07;HIPER FUTURO ACARIGUA;ProdBEBIDAS;NECTAR PERA 1L TUNAL;2.2
3493974;2026-09-03;BQTO07;HIPER FUTURO ACARIGUA;ProdBEBIDAS;NECTAR DURAZNO 1L TUNAL;2.2
3768981;2026-09-28;BQTO07;HIPER FUTURO ACARIGUA;ProdBEBIDAS;TE DURAZNO 1L TUNAL;2.19
3768980;2026-09-28;BQTO07;HIPER FUTURO ACARIGUA;ProdBEBIDAS;TE LIMON 1L TUNAL;2.19
3768982;2026-09-28;BQTO07;HIPER FUTURO ACARIGUA;ProdBEBIDAS;TE FRUTOS ROJOS 1L TUNAL;2.19
3493982;2026-09-03;BQTO07;HIPER FUTURO ACARIGUA;ProdDERIV_LACTEOS;CREMA DE LECHE DE 500GR PURISIMA;5.51
3493983;2026-09-03;BQTO07;HIPER FUTURO ACARIGUA;ProdDERIV_LACTEOS;CREMA DE LECHE DE 250GR PURISIMA;3.29
3493984;2026-09-03;BQTO07;HIPER FUTURO ACARIGUA;ProdDERIV_LACTEOS;MANTEQUILLA PURISIMA SIN SAL 200G PURISIMA;4.7
3493985;2026-09-03;BQTO07;HIPER FUTURO ACARIGUA;ProdDERIV_LACTEOS;MANTEQUILLA PURISIMA CON SAL 200G PURISIMA;5.2
3493992;2026-09-03;BQTO07;HIPER FUTURO ACARIGUA;ProdEMBUTIDOS;SALCHICHA TIPO VIENA 800GR (24unid) ALIMEX;5.97
3493995;2026-09-03;BQTO07;HIPER FUTURO ACARIGUA;ProdEMBUTIDOS;TOCINETA AHUMADA SIN CUERO 3.5KG ALIMEX;3.07
3493994;2026-09-03;BQTO07;HIPER FUTURO ACARIGUA;ProdEMBUTIDOS;MORTADELA CCS DE CARNES 500G;1.82
3717171;2026-09-23;BQTO07;HIPER FUTURO ACARIGUA;ProdBEBIDAS;NARANJADA  200 ML TUNAL;2.77
3717175;2026-09-23;BQTO07;HIPER FUTURO ACARIGUA;ProdBEBIDAS;NECTAR MANZANA 500 ML TUNAL;1.19
3717178;2026-09-23;BQTO07;HIPER FUTURO ACARIGUA;ProdBEBIDAS;NECTAR PERA 500 ML TUNAL;1.19
3717181;2026-09-23;BQTO07;HIPER FUTURO ACARIGUA;ProdBEBIDAS;NECTAR DURAZNO 500 ML TUNAL;1.19
3717184;2026-09-23;BQTO07;HIPER FUTURO ACARIGUA;ProdBEBIDAS;TE DURAZNO 500ML TUNAL;1.19
3717188;2026-09-23;BQTO07;HIPER FUTURO ACARIGUA;ProdBEBIDAS;TE LIMON 500ML TUNAL;1.19
3563466;2026-09-10;PLC06;MULTIMARKET ORIENTAL;ProdBEBIDAS_LACT;LECHE COMPLETA LIQUIDA PURISIMA;3.01
3563467;2026-09-10;PLC06;MULTIMARKET ORIENTAL;ProdBEBIDAS_LACT;LECHE DESCREMADA LIQUIDA PURISIMA;2.96
3563471;2026-09-10;PLC06;MULTIMARKET ORIENTAL;ProdEMBUTIDOS;MORTADELA CCS DE CARNES 500G;1.17
3563472;2026-09-10;PLC06;MULTIMARKET ORIENTAL;ProdEMBUTIDOS;MORTADELA CCS DE CARNES 900G;3.69
3563477;2026-09-10;PLC06;MULTIMARKET ORIENTAL;ProdBEBIDAS_LACT;LECHE EN POLVO PURISIMA 200GR;3.53
3563478;2026-09-10;PLC06;MULTIMARKET ORIENTAL;ProdBEBIDAS_LACT;LECHE EN POLVO PURISIMA 400GR;6.94
3686851;2026-09-22;PLC06;MULTIMARKET ORIENTAL;ProdEMBUTIDOS;TOCINETA AHUMADA SIN CUERO 3.5KG ALIMEX;6.69
3686863;2026-09-22;PLC06;MULTIMARKET ORIENTAL;ProdBEBIDAS;NECTAR DURAZNO LIGTH 1 LITRO TUNAL;2.3
3686864;2026-09-22;PLC06;MULTIMARKET ORIENTAL;ProdBEBIDAS;TE DURAZNO 1L TUNAL;2.11
3686865;2026-09-22;PLC06;MULTIMARKET ORIENTAL;ProdBEBIDAS;TE FRUTOS ROJOS 1L TUNAL;2.11
3563468;2026-09-10;PLC06;MULTIMARKET ORIENTAL;ProdBEBIDAS_LACT;LECHE  DESLACTOSADA LIQUIDA PURISIMA;3.17
3578224;2026-09-11;CCS11;Comercial punto Lecuna;ProdBEBIDAS_LACT;LECHE COMPLETA LIQUIDA PURISIMA;2.4
3578225;2026-09-11;CCS11;Comercial punto Lecuna;ProdBEBIDAS_LACT;LECHE DESCREMADA LIQUIDA PURISIMA;2.4
3578226;2026-09-11;CCS11;Comercial punto Lecuna;ProdBEBIDAS_LACT;LECHE  DESLACTOSADA LIQUIDA PURISIMA;2.5
3545995;2026-09-08;CCS11;Comercial punto Lecuna;ProdBEBIDAS_LACT;Leche en polvo Purisima 500gr;6.4
3545996;2026-09-08;CCS11;Comercial punto Lecuna;ProdBEBIDAS_LACT;Leche en polvo Purisima 1kg;12.9
3578230;2026-09-11;CCS11;Comercial punto Lecuna;ProdBEBIDAS;NECTAR MANZANA 1L TUNAL;3.2
3578231;2026-09-11;CCS11;Comercial punto Lecuna;ProdBEBIDAS;NECTAR PERA 1L TUNAL;3.2
3578232;2026-09-11;CCS11;Comercial punto Lecuna;ProdBEBIDAS;NECTAR DURAZNO 1L TUNAL;3.2
3578237;2026-09-11;CCS11;Comercial punto Lecuna;ProdBEBIDAS_LACT;LECHE EN POLVO PURISIMA 200GR;3.3
3578238;2026-09-11;CCS11;Comercial punto Lecuna;ProdBEBIDAS_LACT;LECHE EN POLVO PURISIMA 400GR;6.4
3578239;2026-09-11;CCS11;Comercial punto Lecuna;ProdBEBIDAS_LACT;LECHE EN POLVO PURISIMA 900GR;12.9
3786824;2026-09-29;CCS11;Comercial punto Lecuna;ProdBEBIDAS;NECTAR MANZANA 200 ML TUNAL;2.7
3786825;2026-09-29;CCS11;Comercial punto Lecuna;ProdBEBIDAS;NECTAR PERA 200 ML TUNAL;2.7
3615963;2026-09-15;CCS11;Comercial punto Lecuna;ProdBEBIDAS;NECTAR DURAZNO 200 ML TUNAL;2.7
3729983;2026-09-24;CCS10;PARAMO CARICUAO;ProdBEBIDAS_LACT;LECHE BARISTA PURISIMA;2.53
3644986;2026-09-17;CCS10;PARAMO CARICUAO;ProdDERIV_LACTEOS;CREMA DE LECHE DE 500GR PURISIMA;6.53
3485656;2026-09-03;CCS10;PARAMO CARICUAO;ProdBEBIDAS;NECTAR MANZANA 1L TUNAL;2.49
3729979;2026-09-24;CCS10;PARAMO CARICUAO;ProdDERIV_LACTEOS;CREMA DE LECHE DE 250GR PURISIMA;6.19
3485655;2026-09-03;CCS10;PARAMO CARICUAO;ProdBEBIDAS_LACT;LECHE COMPLETA LIQUIDA PURISIMA;2.62
3729981;2026-09-24;CCS10;PARAMO CARICUAO;ProdEMBUTIDOS;SALCHICHA TIPO VIENA 450GR (22unid) ALIMEX;6.38
3729984;2026-09-24;CCS10;PARAMO CARICUAO;ProdBEBIDAS;NARANJADA 1L TUNAL;2.38
3780993;2026-09-29;PLC05;RIO TERRANOVA;ProdBEBIDAS_LACT;LECHE COMPLETA LIQUIDA PURISIMA;2.75
3780994;2026-09-29;PLC05;RIO TERRANOVA;ProdBEBIDAS_LACT;LECHE DESCREMADA LIQUIDA PURISIMA;2.69
3780995;2026-09-29;PLC05;RIO TERRANOVA;ProdBEBIDAS_LACT;LECHE  DESLACTOSADA LIQUIDA PURISIMA;2.84
3781003;2026-09-29;PLC05;RIO TERRANOVA;ProdBEBIDAS;NARANJADA 1L TUNAL;2.66
3781004;2026-09-29;PLC05;RIO TERRANOVA;ProdBEBIDAS;NECTAR MANZANA 1L TUNAL;2.08
3781005;2026-09-29;PLC05;RIO TERRANOVA;ProdBEBIDAS;NECTAR PERA 1L TUNAL;2.08
3781008;2026-09-29;PLC05;RIO TERRANOVA;ProdBEBIDAS;TE LIMON 1L TUNAL;2.05
3781009;2026-09-29;PLC05;RIO TERRANOVA;ProdBEBIDAS;TE FRUTOS ROJOS 1L TUNAL;2.05
3781006;2026-09-29;PLC05;RIO TERRANOVA;ProdBEBIDAS;NARANJADA  200 ML TUNAL;0.76
3781007;2026-09-29;PLC05;RIO TERRANOVA;ProdBEBIDAS;NECTAR PERA 200 ML TUNAL;0.76
3563034;2026-09-10;PLC05;RIO TERRANOVA;ProdBEBIDAS;NECTAR DURAZNO 200 ML TUNAL;0.79
3781012;2026-09-29;PLC05;RIO TERRANOVA;ProdBEBIDAS_LACT;LECHE EN POLVO PURISIMA 900GR;12.9
3488157;2026-09-03;PLC05;RIO TERRANOVA;ProdBEBIDAS_LACT;Leche en polvo Purisima 1kg;12.99
3563030;2026-09-10;PLC05;RIO TERRANOVA;ProdBEBIDAS;NECTAR DURAZNO 1L TUNAL;2.08
3563032;2026-09-10;PLC05;RIO TERRANOVA;ProdBEBIDAS;NECTAR MANZANA 200 ML TUNAL;0.79
3563035;2026-09-10;PLC05;RIO TERRANOVA;ProdBEBIDAS;TE DURAZNO 1L TUNAL;2.05
3574328;2026-09-11;PLC07;IMPORT VCB 2 CAMPO OFICINA;ProdBEBIDAS;NECTAR MANZANA 200 ML TUNAL;1.04
3574326;2026-09-11;PLC07;IMPORT VCB 2 CAMPO OFICINA;ProdBEBIDAS;NECTAR DURAZNO LIGTH 1 LITRO TUNAL;2.44
3574322;2026-09-11;PLC07;IMPORT VCB 2 CAMPO OFICINA;ProdBEBIDAS;NECTAR PERA 1L TUNAL;2.45
3574319;2026-09-11;PLC07;IMPORT VCB 2 CAMPO OFICINA;ProdBEBIDAS;NECTAR MANZANA 1L TUNAL;2.45
3574598;2026-09-11;PLC07;IMPORT VCB 2 CAMPO OFICINA;ProdBEBIDAS_LACT;LECHE COMPLETA LIQUIDA PURISIMA;3
3574604;2026-09-11;PLC07;IMPORT VCB 2 CAMPO OFICINA;ProdBEBIDAS_LACT;LECHE  DESLACTOSADA LIQUIDA PURISIMA;3.13
3574251;2026-09-11;PLC07;IMPORT VCB 2 CAMPO OFICINA;ProdBEBIDAS_LACT;LECHE EN POLVO PURISIMA 200GR;3.68
3574254;2026-09-11;PLC07;IMPORT VCB 2 CAMPO OFICINA;ProdBEBIDAS_LACT;LECHE EN POLVO PURISIMA 400GR;7.23
3574257;2026-09-11;PLC07;IMPORT VCB 2 CAMPO OFICINA;ProdBEBIDAS_LACT;LECHE EN POLVO PURISIMA 900GR;14.87
3548372;2026-09-09;PLC07;IMPORT VCB 2 CAMPO OFICINA;ProdBEBIDAS_LACT;Leche en polvo Purisima 500gr;7.23
3548373;2026-09-09;PLC07;IMPORT VCB 2 CAMPO OFICINA;ProdBEBIDAS_LACT;Leche en polvo Purisima 1kg;14.87
3574600;2026-09-11;PLC07;IMPORT VCB 2 CAMPO OFICINA;ProdBEBIDAS_LACT;LECHE DESCREMADA LIQUIDA PURISIMA;2.94
3645916;2026-09-17;CCS10;UNICASA CARICUAO;ProdBEBIDAS_LACT;LECHE COMPLETA LIQUIDA PURISIMA;2.55
3645919;2026-09-17;CCS10;UNICASA CARICUAO;ProdBEBIDAS_LACT;Leche en polvo Purisima 500gr;6.59
3487584;2026-09-03;CCS10;UNICASA CARICUAO;ProdBEBIDAS_LACT;LECHE BARISTA PURISIMA;2.5
3731056;2026-09-24;CCS10;UNICASA CARICUAO;ProdBEBIDAS;NARANJADA 1L TUNAL;3.24
3577549;2026-09-11;PLC05;MAS X MENOS CARACOLA;ProdBEBIDAS_LACT;LECHE COMPLETA LIQUIDA PURISIMA;2.59
3577550;2026-09-11;PLC05;MAS X MENOS CARACOLA;ProdBEBIDAS_LACT;LECHE DESCREMADA LIQUIDA PURISIMA;2.55
3577551;2026-09-11;PLC05;MAS X MENOS CARACOLA;ProdBEBIDAS_LACT;LECHE  DESLACTOSADA LIQUIDA PURISIMA;2.69
3637748;2026-09-17;PLC05;MAS X MENOS CARACOLA;ProdBEBIDAS;NECTAR DURAZNO 1L TUNAL;2.11
3637749;2026-09-17;PLC05;MAS X MENOS CARACOLA;ProdBEBIDAS;NECTAR MANZANA 1L TUNAL;2.11
3637750;2026-09-17;PLC05;MAS X MENOS CARACOLA;ProdBEBIDAS;NECTAR PERA 1L TUNAL;2.11
3738961;2026-09-25;PLC05;MAS X MENOS CARACOLA;ProdBEBIDAS;NARANJADA 1L TUNAL;2.66
3738965;2026-09-25;PLC05;MAS X MENOS CARACOLA;ProdBEBIDAS;NECTAR DURAZNO 200 ML TUNAL;2.66
3738966;2026-09-25;PLC05;MAS X MENOS CARACOLA;ProdBEBIDAS;NECTAR PERA 200 ML TUNAL;2.66
3738967;2026-09-25;PLC05;MAS X MENOS CARACOLA;ProdBEBIDAS;TE DURAZNO 1L TUNAL;2.34
3738968;2026-09-25;PLC05;MAS X MENOS CARACOLA;ProdBEBIDAS;TE LIMON 1L TUNAL;2.34
3738969;2026-09-25;PLC05;MAS X MENOS CARACOLA;ProdBEBIDAS;NECTAR MANZANA 200 ML TUNAL;2.66
3497544;2026-09-02;CCS06;FRESCO MARKET SAN ANTONIO;ProdEMBUTIDOS;SALCHICHA TIPO VIENA 800GR (24unid) ALIMEX;10.65
3497545;2026-09-02;CCS06;FRESCO MARKET SAN ANTONIO;ProdEMBUTIDOS;SALCHICHA TIPO VIENA 450GR (22unid) ALIMEX;6.72
3497546;2026-09-02;CCS06;FRESCO MARKET SAN ANTONIO;ProdEMBUTIDOS;SALCHICHA TIPO VIENA 225G (11unid) ALIMEX;3.45
3497548;2026-09-02;CCS06;FRESCO MARKET SAN ANTONIO;ProdEMBUTIDOS;MORTADELA CCS DE CARNES 900G;4.86
3497551;2026-09-02;CCS06;FRESCO MARKET SAN ANTONIO;ProdDERIV_LACTEOS;CREMA DE LECHE DE 500GR PURISIMA;6.02
3497552;2026-09-02;CCS06;FRESCO MARKET SAN ANTONIO;ProdDERIV_LACTEOS;CREMA DE LECHE DE 250GR PURISIMA;3.63
3510602;2026-09-04;CCS06;FRESCO MARKET SAN ANTONIO;ProdDERIV_LACTEOS;QUESO DE CABRA 500G PURISIMA;21.84
3510616;2026-09-04;CCS06;FRESCO MARKET SAN ANTONIO;ProdBEBIDAS;NARANJADA 1L TUNAL;3.02
3510617;2026-09-04;CCS06;FRESCO MARKET SAN ANTONIO;ProdBEBIDAS;NECTAR MANZANA 1L TUNAL;2.35
3510618;2026-09-04;CCS06;FRESCO MARKET SAN ANTONIO;ProdBEBIDAS;NECTAR PERA 1L TUNAL;2.53
3510619;2026-09-04;CCS06;FRESCO MARKET SAN ANTONIO;ProdBEBIDAS;NECTAR DURAZNO 1L TUNAL;2.35
3510620;2026-09-04;CCS06;FRESCO MARKET SAN ANTONIO;ProdBEBIDAS;TE FRUTOS ROJOS 1L TUNAL;2.42
3510621;2026-09-04;CCS06;FRESCO MARKET SAN ANTONIO;ProdBEBIDAS;TE LIMON 1L TUNAL;2.42
3510622;2026-09-04;CCS06;FRESCO MARKET SAN ANTONIO;ProdBEBIDAS;TE DURAZNO 1L TUNAL;2.42
3510623;2026-09-04;CCS06;FRESCO MARKET SAN ANTONIO;ProdBEBIDAS;NECTAR PERA LIGHT 1 LITRO TUNAL;2.51
3510624;2026-09-04;CCS06;FRESCO MARKET SAN ANTONIO;ProdBEBIDAS;JUGO NARANJA LIGTH 1 LITRO TUNAL;2.66
3752469;2026-09-24;BQTO07;PANADERIA DINASTIA;ProdEMBUTIDOS;MORTADELA CCS DE CARNES 900G;5.7
3752470;2026-09-24;BQTO07;PANADERIA DINASTIA;ProdEMBUTIDOS;MORTADELA CCS DE CARNES 500G;2.5
3752468;2026-09-24;BQTO07;PANADERIA DINASTIA;ProdEMBUTIDOS;SALCHICHA TIPO VIENA 800GR (24unid) ALIMEX;12.7
3504721;2026-09-04;BQTO07;PANADERIA DINASTIA;ProdEMBUTIDOS;SALCHICHA TIPO VIENA 450GR (22unid) ALIMEX;6.3
3752467;2026-09-24;BQTO07;PANADERIA DINASTIA;ProdEMBUTIDOS;SALCHICHA TIPO VIENA 225G (11unid) ALIMEX;3.5
3504725;2026-09-04;BQTO07;PANADERIA DINASTIA;ProdDERIV_LACTEOS;CREMA DE LECHE DE 500GR PURISIMA;6.9
3504726;2026-09-04;BQTO07;PANADERIA DINASTIA;ProdDERIV_LACTEOS;CREMA DE LECHE DE 250GR PURISIMA;4.1
3504728;2026-09-04;BQTO07;PANADERIA DINASTIA;ProdDERIV_LACTEOS;MANTEQUILLA PURISIMA CON SAL 200G PURISIMA;6.7
3504729;2026-09-04;BQTO07;PANADERIA DINASTIA;ProdDERIV_LACTEOS;MANTEQUILLA PURISIMA SIN SAL 200G PURISIMA;6.5
3752456;2026-09-24;BQTO07;PANADERIA DINASTIA;ProdBEBIDAS;NECTAR MANZANA 1L TUNAL;3
3752457;2026-09-24;BQTO07;PANADERIA DINASTIA;ProdBEBIDAS;NECTAR PERA 1L TUNAL;3
3752461;2026-09-24;BQTO07;PANADERIA DINASTIA;ProdBEBIDAS;TE FRUTOS ROJOS 1L TUNAL;2.8
3752460;2026-09-24;BQTO07;PANADERIA DINASTIA;ProdBEBIDAS;TE LIMON 1L TUNAL;2.8
3504744;2026-09-04;BQTO07;PANADERIA DINASTIA;ProdBEBIDAS_LACT;LECHE DESCREMADA LIQUIDA PURISIMA;2.4
3752458;2026-09-24;BQTO07;PANADERIA DINASTIA;ProdBEBIDAS;NECTAR DURAZNO 1L TUNAL;3
3752459;2026-09-24;BQTO07;PANADERIA DINASTIA;ProdBEBIDAS;TE DURAZNO 1L TUNAL;2.8
3752462;2026-09-24;BQTO07;PANADERIA DINASTIA;ProdBEBIDAS_LACT;LECHE COMPLETA LIQUIDA PURISIMA;3.9
3500650;2026-09-04;CCS10;UNICASA AGUA SALUD;ProdBEBIDAS_LACT;LECHE BARISTA PURISIMA;2.84
3575917;2026-09-11;CCS10;UNICASA AGUA SALUD;ProdBEBIDAS;NARANJADA 1L TUNAL;3.24
3575916;2026-09-11;CCS10;UNICASA AGUA SALUD;ProdBEBIDAS_LACT;LECHE COMPLETA LIQUIDA PURISIMA;2.55
3737503;2026-09-23;CCS02;UNICASA EL MARQUES;ProdBEBIDAS_LACT;LECHE EN POLVO PURISIMA 400GR;6.88
3571017;2026-09-09;CCS02;UNICASA EL MARQUES;ProdBEBIDAS_LACT;LECHE COMPLETA LIQUIDA PURISIMA;2.74
3571016;2026-09-09;CCS02;UNICASA EL MARQUES;ProdBEBIDAS_LACT;LECHE DESCREMADA LIQUIDA PURISIMA;2.68
3571015;2026-09-09;CCS02;UNICASA EL MARQUES;ProdBEBIDAS_LACT;LECHE  DESLACTOSADA LIQUIDA PURISIMA;2.83
3737482;2026-09-23;CCS02;UNICASA EL MARQUES;ProdBEBIDAS_LACT;LECHE COMPLETA BARISTA LIQUIDA PURISIMA;2.94
3570993;2026-09-09;CCS02;UNICASA EL MARQUES;ProdBEBIDAS;NARANJADA 1L TUNAL;3.24
3570995;2026-09-09;CCS02;UNICASA EL MARQUES;ProdBEBIDAS;NECTAR MANZANA 1L TUNAL;2.53
3570996;2026-09-09;CCS02;UNICASA EL MARQUES;ProdBEBIDAS;NECTAR DURAZNO 1L TUNAL;2.53
3570997;2026-09-09;CCS02;UNICASA EL MARQUES;ProdBEBIDAS;TE DURAZNO 1L TUNAL;2.51
3570998;2026-09-09;CCS02;UNICASA EL MARQUES;ProdBEBIDAS;TE LIMON 1L TUNAL;2.51
3570999;2026-09-09;CCS02;UNICASA EL MARQUES;ProdBEBIDAS;TE FRUTOS ROJOS 1L TUNAL;2.51
3570994;2026-09-09;CCS02;UNICASA EL MARQUES;ProdBEBIDAS;NARANJADA  200 ML TUNAL;2.55
3737550;2026-09-23;CCS02;UNICASA EL MARQUES;ProdBEBIDAS;NECTAR PERA 200 ML TUNAL;2.55
3737551;2026-09-23;CCS02;UNICASA EL MARQUES;ProdBEBIDAS;NECTAR DURAZNO 200 ML TUNAL;2.55
3737549;2026-09-23;CCS02;UNICASA EL MARQUES;ProdBEBIDAS;NECTAR MANZANA 200 ML TUNAL;2.55
3737552;2026-09-23;CCS02;UNICASA EL MARQUES;ProdBEBIDAS;NARANJADA  500 ML TUNAL;2.24
3737540;2026-09-23;CCS02;UNICASA EL MARQUES;ProdBEBIDAS;NECTAR PERA 1L TUNAL;2.53
3571000;2026-09-09;CCS02;UNICASA EL MARQUES;ProdBEBIDAS;JUGO NARANJA LIGTH 1 LITRO TUNAL;2.68
3571001;2026-09-09;CCS02;UNICASA EL MARQUES;ProdBEBIDAS;NECTAR MANZANA LIGHT 1 LITRO TUNAL;2.66
3737547;2026-09-23;CCS02;UNICASA EL MARQUES;ProdBEBIDAS;NECTAR PERA LIGHT 1 LITRO TUNAL;2.66
3737553;2026-09-23;CCS02;UNICASA EL MARQUES;ProdBEBIDAS;TE DURAZNO 500ML TUNAL;1.37
3521865;2026-09-07;CCS02;UNICASA EL MARQUES;ProdBEBIDAS;TE LIMON 500ML TUNAL;1.37
3571002;2026-09-09;CCS02;UNICASA EL MARQUES;ProdBEBIDAS;NECTAR DURAZNO LIGTH 1 LITRO TUNAL;2.66
3571019;2026-09-09;CCS02;UNICASA EL MARQUES;ProdBEBIDAS_LACT;Leche en polvo Purisima 500gr;6.88
3769901;2026-09-28;BQTO01;CECOSESOLA RL SUC TRINITARIAS;ProdBEBIDAS_LACT;LECHE COMPLETA LIQUIDA PURISIMA;2.35
3769907;2026-09-28;BQTO01;CECOSESOLA RL SUC TRINITARIAS;ProdBEBIDAS_LACT;LECHE DESCREMADA LIQUIDA PURISIMA;2.33
3769913;2026-09-28;BQTO01;CECOSESOLA RL SUC TRINITARIAS;ProdBEBIDAS_LACT;LECHE  DESLACTOSADA LIQUIDA PURISIMA;2.4
3769920;2026-09-28;BQTO01;CECOSESOLA RL SUC TRINITARIAS;ProdBEBIDAS;NECTAR PERA 1L TUNAL;2.2
3769917;2026-09-28;BQTO01;CECOSESOLA RL SUC TRINITARIAS;ProdBEBIDAS;NECTAR MANZANA 1L TUNAL;2.2
3745439;2026-09-25;PLC09;RIO BODEGON SAMBIL;ProdBEBIDAS_LACT;LECHE  DESLACTOSADA LIQUIDA PURISIMA;3.16
3549146;2026-09-09;PLC09;RIO BODEGON SAMBIL;ProdBEBIDAS_LACT;Leche en polvo Purisima 1kg;12.99
3797600;2026-09-30;PLC09;RIO BODEGON SAMBIL;ProdBEBIDAS;NARANJADA 1L TUNAL;2.66
3797601;2026-09-30;PLC09;RIO BODEGON SAMBIL;ProdBEBIDAS;NECTAR MANZANA 1L TUNAL;2.08
3580115;2026-09-11;PLC09;RIO BODEGON SAMBIL;ProdBEBIDAS;NECTAR PERA 1L TUNAL;2.08
3580116;2026-09-11;PLC09;RIO BODEGON SAMBIL;ProdBEBIDAS;NECTAR DURAZNO 1L TUNAL;2.08
3580117;2026-09-11;PLC09;RIO BODEGON SAMBIL;ProdBEBIDAS;JUGO NARANJA LIGTH 1 LITRO TUNAL;2.2
3797602;2026-09-30;PLC09;RIO BODEGON SAMBIL;ProdBEBIDAS;NECTAR PERA LIGHT 1 LITRO TUNAL;2.18
3797591;2026-09-30;PLC09;RIO BODEGON SAMBIL;ProdBEBIDAS;NARANJADA  200 ML TUNAL;0.76
3580128;2026-09-11;PLC09;RIO BODEGON SAMBIL;ProdBEBIDAS;NECTAR DURAZNO 200 ML TUNAL;0.79
3797592;2026-09-30;PLC09;RIO BODEGON SAMBIL;ProdBEBIDAS;NECTAR MANZANA 200 ML TUNAL;0.76
3797593;2026-09-30;PLC09;RIO BODEGON SAMBIL;ProdBEBIDAS;NECTAR PERA 200 ML TUNAL;0.76
3580134;2026-09-11;PLC09;RIO BODEGON SAMBIL;ProdBEBIDAS;NECTAR PERA 500 ML TUNAL;1.4
3797594;2026-09-30;PLC09;RIO BODEGON SAMBIL;ProdBEBIDAS;TE DURAZNO 1L TUNAL;2.05
3797595;2026-09-30;PLC09;RIO BODEGON SAMBIL;ProdBEBIDAS;TE LIMON 1L TUNAL;2.05
3797596;2026-09-30;PLC09;RIO BODEGON SAMBIL;ProdBEBIDAS;TE FRUTOS ROJOS 1L TUNAL;2.05
3797603;2026-09-30;PLC09;RIO BODEGON SAMBIL;ProdBEBIDAS_LACT;LECHE COMPLETA LIQUIDA PURISIMA;2.75
3797604;2026-09-30;PLC09;RIO BODEGON SAMBIL;ProdBEBIDAS_LACT;LECHE DESCREMADA LIQUIDA PURISIMA;2.69
3797606;2026-09-30;PLC09;RIO BODEGON SAMBIL;ProdBEBIDAS_LACT;LECHE EN POLVO PURISIMA 900GR;12.9
3800619;2026-09-30;CCS11;RIO SUPERMARKET EL RECREO;ProdDERIV_LACTEOS;MANTEQUILLA PURISIMA SIN SAL 200G PURISIMA;5.29
3800618;2026-09-30;CCS11;RIO SUPERMARKET EL RECREO;ProdDERIV_LACTEOS;MANTEQUILLA PURISIMA CON SAL 200G PURISIMA;5.75
3800632;2026-09-30;CCS11;RIO SUPERMARKET EL RECREO;ProdEMBUTIDOS;SALCHICHA TIPO VIENA 225G (11unid) ALIMEX;3.25
3800634;2026-09-30;CCS11;RIO SUPERMARKET EL RECREO;ProdEMBUTIDOS;SALCHICHA TIPO VIENA 450GR (22unid) ALIMEX;5.95
3510771;2026-09-04;CCS11;RIO SUPERMARKET EL RECREO;ProdEMBUTIDOS;TOCINETA AHUMADA SIN CUERO 3.5KG ALIMEX;10.25
3800624;2026-09-30;CCS11;RIO SUPERMARKET EL RECREO;ProdDERIV_LACTEOS;CREMA DE LECHE DE 250GR PURISIMA;3.25
3800623;2026-09-30;CCS11;RIO SUPERMARKET EL RECREO;ProdDERIV_LACTEOS;CREMA DE LECHE DE 500GR PURISIMA;5.49
3583109;2026-09-11;CCS11;RIO SUPERMARKET EL RECREO;ProdBEBIDAS_LACT;LECHE COMPLETA LIQUIDA PURISIMA;3.06
3583110;2026-09-11;CCS11;RIO SUPERMARKET EL RECREO;ProdBEBIDAS_LACT;LECHE DESCREMADA LIQUIDA PURISIMA;2.99
3583111;2026-09-11;CCS11;RIO SUPERMARKET EL RECREO;ProdBEBIDAS_LACT;LECHE  DESLACTOSADA LIQUIDA PURISIMA;3.16
3583131;2026-09-11;CCS11;RIO SUPERMARKET EL RECREO;ProdBEBIDAS;NARANJADA 1L TUNAL;3.09
3583132;2026-09-11;CCS11;RIO SUPERMARKET EL RECREO;ProdBEBIDAS;NECTAR MANZANA 1L TUNAL;2.41
3583133;2026-09-11;CCS11;RIO SUPERMARKET EL RECREO;ProdBEBIDAS;NECTAR PERA 1L TUNAL;2.41
3583134;2026-09-11;CCS11;RIO SUPERMARKET EL RECREO;ProdBEBIDAS;NECTAR DURAZNO 1L TUNAL;2.41
3583137;2026-09-11;CCS11;RIO SUPERMARKET EL RECREO;ProdBEBIDAS;TE DURAZNO 1L TUNAL;2.38
3583138;2026-09-11;CCS11;RIO SUPERMARKET EL RECREO;ProdBEBIDAS;TE LIMON 1L TUNAL;2.38
3583139;2026-09-11;CCS11;RIO SUPERMARKET EL RECREO;ProdBEBIDAS;TE FRUTOS ROJOS 1L TUNAL;2.38
3800637;2026-09-30;CCS11;RIO SUPERMARKET EL RECREO;ProdBEBIDAS_LACT;LECHE EN POLVO PURISIMA 400GR;6.15
3800638;2026-09-30;CCS11;RIO SUPERMARKET EL RECREO;ProdBEBIDAS_LACT;LECHE EN POLVO PURISIMA 900GR;12.9
3583135;2026-09-11;CCS11;RIO SUPERMARKET EL RECREO;ProdBEBIDAS;JUGO NARANJA LIGTH 1 LITRO TUNAL;2.55
3583136;2026-09-11;CCS11;RIO SUPERMARKET EL RECREO;ProdBEBIDAS;NECTAR PERA LIGHT 1 LITRO TUNAL;2.53
3800633;2026-09-30;CCS11;RIO SUPERMARKET EL RECREO;ProdEMBUTIDOS;SALCHICHA TIPO VIENA 800GR (24unid) ALIMEX;10.25
3481879;2026-09-02;CCS11;RIO SUPERMARKET EL RECREO;ProdBEBIDAS_LACT;Leche en polvo Purisima 1kg;12.99
3663296;2026-09-18;CCS11;RIO SUPERMARKET EL RECREO;ProdJAMONERIA;JAMON AHUMADO VISKING ALIMEX 3.3 KG;10.39
3800627;2026-09-30;CCS11;RIO SUPERMARKET EL RECREO;ProdEMBUTIDOS;MORTADELA CCS DE CARNES 900G;3.07
3800628;2026-09-30;CCS11;RIO SUPERMARKET EL RECREO;ProdEMBUTIDOS;MORTADELA CCS DE CARNES 500G;1.81
3752428;2026-09-24;BQTO07;MANGO CENTER C.A;ProdBEBIDAS_LACT;LECHE COMPLETA LIQUIDA PURISIMA;2.56
3752429;2026-09-24;BQTO07;MANGO CENTER C.A;ProdBEBIDAS_LACT;LECHE DESCREMADA LIQUIDA PURISIMA;3.15
3752430;2026-09-24;BQTO07;MANGO CENTER C.A;ProdBEBIDAS_LACT;LECHE  DESLACTOSADA LIQUIDA PURISIMA;3.15
3752431;2026-09-24;BQTO07;MANGO CENTER C.A;ProdBEBIDAS_LACT;LECHE BARISTA PURISIMA;2.72
3752420;2026-09-24;BQTO07;MANGO CENTER C.A;ProdBEBIDAS;NARANJADA 1L TUNAL;2.72
3752421;2026-09-24;BQTO07;MANGO CENTER C.A;ProdBEBIDAS;NECTAR MANZANA 1L TUNAL;2.04
3752422;2026-09-24;BQTO07;MANGO CENTER C.A;ProdBEBIDAS;NECTAR PERA 1L TUNAL;2.13
3752423;2026-09-24;BQTO07;MANGO CENTER C.A;ProdBEBIDAS;NECTAR DURAZNO 1L TUNAL;2.13
3504730;2026-09-04;BQTO07;MANGO CENTER C.A;ProdBEBIDAS;TE LIMON 500ML TUNAL;2.2
3752426;2026-09-24;BQTO07;MANGO CENTER C.A;ProdBEBIDAS;NECTAR DURAZNO 200 ML TUNAL;0.77
3752425;2026-09-24;BQTO07;MANGO CENTER C.A;ProdBEBIDAS;NARANJADA  200 ML TUNAL;0.77
3504735;2026-09-04;BQTO07;MANGO CENTER C.A;ProdBEBIDAS;NECTAR MANZANA 200 ML TUNAL;2.33
3752427;2026-09-24;BQTO07;MANGO CENTER C.A;ProdBEBIDAS;NARANJADA  500 ML TUNAL;1.6
3752424;2026-09-24;BQTO07;MANGO CENTER C.A;ProdBEBIDAS;TE LIMON 1L TUNAL;2.02
3634415;2026-09-16;BQTO04;DRAGON DE ORO C.A.;ProdBEBIDAS_LACT;LECHE COMPLETA LIQUIDA PURISIMA;2.55
3634418;2026-09-16;BQTO04;DRAGON DE ORO C.A.;ProdBEBIDAS_LACT;LECHE DESCREMADA LIQUIDA PURISIMA;2.49
3634420;2026-09-16;BQTO04;DRAGON DE ORO C.A.;ProdBEBIDAS_LACT;LECHE  DESLACTOSADA LIQUIDA PURISIMA;2.68
3634423;2026-09-16;BQTO04;DRAGON DE ORO C.A.;ProdBEBIDAS_LACT;LECHE BARISTA PURISIMA;2.68
3634477;2026-09-16;BQTO04;DRAGON DE ORO C.A.;ProdBEBIDAS;NARANJADA 1L TUNAL;2.58
3634474;2026-09-16;BQTO04;DRAGON DE ORO C.A.;ProdBEBIDAS;NECTAR PERA LIGHT 1 LITRO TUNAL;2.33
3634480;2026-09-16;BQTO04;DRAGON DE ORO C.A.;ProdBEBIDAS;NECTAR MANZANA 1L TUNAL;2.29
3634484;2026-09-16;BQTO04;DRAGON DE ORO C.A.;ProdBEBIDAS;NECTAR PERA 1L TUNAL;2.29
3634486;2026-09-16;BQTO04;DRAGON DE ORO C.A.;ProdBEBIDAS;NECTAR DURAZNO 1L TUNAL;2.29
3634490;2026-09-16;BQTO04;DRAGON DE ORO C.A.;ProdBEBIDAS;TE DURAZNO 1L TUNAL;2.2
3634493;2026-09-16;BQTO04;DRAGON DE ORO C.A.;ProdBEBIDAS;TE LIMON 1L TUNAL;2.2
3634495;2026-09-16;BQTO04;DRAGON DE ORO C.A.;ProdBEBIDAS;TE FRUTOS ROJOS 1L TUNAL;2.2
3634463;2026-09-16;BQTO04;DRAGON DE ORO C.A.;ProdBEBIDAS;NARANJADA  200 ML TUNAL;2.6
3512201;2026-09-04;BQTO04;DRAGON DE ORO C.A.;ProdBEBIDAS;NECTAR MANZANA 200 ML TUNAL;2.6
3634468;2026-09-16;BQTO04;DRAGON DE ORO C.A.;ProdBEBIDAS;NECTAR PERA 200 ML TUNAL;2.6
3634471;2026-09-16;BQTO04;DRAGON DE ORO C.A.;ProdBEBIDAS;NECTAR DURAZNO 200 ML TUNAL;2.6
3512214;2026-09-04;BQTO04;DRAGON DE ORO C.A.;ProdEMBUTIDOS;MORTADELA de Pollo Caracas 900gr;3.35
3512215;2026-09-04;BQTO04;DRAGON DE ORO C.A.;ProdEMBUTIDOS;MORTADELA CCS DE CARNES 500G;2.07
3512216;2026-09-04;BQTO04;DRAGON DE ORO C.A.;ProdEMBUTIDOS;MORTADELA CCS DE CARNES 900G;3.48
3512217;2026-09-04;BQTO04;DRAGON DE ORO C.A.;ProdEMBUTIDOS;SALCHICHA TIPO VIENA 800GR (24unid) ALIMEX;10.25
3512218;2026-09-04;BQTO04;DRAGON DE ORO C.A.;ProdEMBUTIDOS;SALCHICHA TIPO VIENA 450GR (22unid) ALIMEX;5.99
3512219;2026-09-04;BQTO04;DRAGON DE ORO C.A.;ProdDERIV_LACTEOS;MANTEQUILLA PURISIMA SIN SAL 200G PURISIMA;5.2
3512220;2026-09-04;BQTO04;DRAGON DE ORO C.A.;ProdDERIV_LACTEOS;MANTEQUILLA PURISIMA CON SAL 200G PURISIMA;5.6
3512221;2026-09-04;BQTO04;DRAGON DE ORO C.A.;ProdDERIV_LACTEOS;CREMA DE LECHE DE 500GR PURISIMA;5.8
3512222;2026-09-04;BQTO04;DRAGON DE ORO C.A.;ProdDERIV_LACTEOS;CREMA DE LECHE DE 250GR PURISIMA;3.45
3585079;2026-09-11;CCS08;RIO CANDELARIA;ProdBEBIDAS;NARANJADA  200 ML TUNAL;0.88
3585080;2026-09-11;CCS08;RIO CANDELARIA;ProdBEBIDAS;NECTAR MANZANA 200 ML TUNAL;0.88
3585081;2026-09-11;CCS08;RIO CANDELARIA;ProdBEBIDAS;NECTAR PERA 200 ML TUNAL;0.88
3585082;2026-09-11;CCS08;RIO CANDELARIA;ProdBEBIDAS;NECTAR DURAZNO 200 ML TUNAL;0.88
3585083;2026-09-11;CCS08;RIO CANDELARIA;ProdBEBIDAS;JUGO NARANJA LIGTH 1 LITRO TUNAL;2.59
3585084;2026-09-11;CCS08;RIO CANDELARIA;ProdBEBIDAS;NECTAR PERA LIGHT 1 LITRO TUNAL;2.53
3585085;2026-09-11;CCS08;RIO CANDELARIA;ProdBEBIDAS;NARANJADA 1L TUNAL;2.63
3585086;2026-09-11;CCS08;RIO CANDELARIA;ProdBEBIDAS;NECTAR MANZANA 1L TUNAL;2.05
3585087;2026-09-11;CCS08;RIO CANDELARIA;ProdBEBIDAS;NECTAR PERA 1L TUNAL;2.05
3585088;2026-09-11;CCS08;RIO CANDELARIA;ProdBEBIDAS;NECTAR DURAZNO 1L TUNAL;2.05
3748886;2026-09-25;CCS08;RIO CANDELARIA;ProdBEBIDAS;TE DURAZNO 1L TUNAL;2.38
3585089;2026-09-11;CCS08;RIO CANDELARIA;ProdBEBIDAS;TE LIMON 1L TUNAL;2.38
3585090;2026-09-11;CCS08;RIO CANDELARIA;ProdBEBIDAS;TE FRUTOS ROJOS 1L TUNAL;2.38
3585102;2026-09-11;CCS08;RIO CANDELARIA;ProdBEBIDAS_LACT;LECHE COMPLETA LIQUIDA PURISIMA;3.06
3585103;2026-09-11;CCS08;RIO CANDELARIA;ProdBEBIDAS_LACT;LECHE DESCREMADA LIQUIDA PURISIMA;2.99
3585104;2026-09-11;CCS08;RIO CANDELARIA;ProdBEBIDAS_LACT;LECHE  DESLACTOSADA LIQUIDA PURISIMA;3.16
3770469;2026-09-28;CCS08;RIO CANDELARIA;ProdBEBIDAS_LACT;LECHE EN POLVO PURISIMA 900GR;14.33
3585094;2026-09-11;CCS08;RIO CANDELARIA;ProdBEBIDAS_LACT;LECHE EN POLVO PURISIMA 400GR;6.83
3789330;2026-09-29;CCS08;RIO CANDELARIA;ProdDERIV_LACTEOS;CREMA DE LECHE DE 250GR PURISIMA;3.25
3789328;2026-09-29;CCS08;RIO CANDELARIA;ProdDERIV_LACTEOS;MANTEQUILLA PURISIMA SIN SAL 200G PURISIMA;5.29
3789332;2026-09-29;CCS08;RIO CANDELARIA;ProdDERIV_LACTEOS;Queso amarillo Purisima semimadurado disco 500gr;28.96
3532573;2026-09-08;CCS10;RIO CANDELARIA;ProdEMBUTIDOS;SALCHICHA TIPO VIENA 450GR (22unid) ALIMEX;9.95
3789331;2026-09-29;CCS08;RIO CANDELARIA;ProdDERIV_LACTEOS;CREMA DE LECHE DE 500GR PURISIMA;5.49
3789327;2026-09-29;CCS08;RIO CANDELARIA;ProdDERIV_LACTEOS;MANTEQUILLA PURISIMA CON SAL 200G PURISIMA;5.75
3789329;2026-09-29;CCS08;RIO CANDELARIA;ProdEMBUTIDOS;MORTADELA CCS DE CARNES 500G;3.65
3789333;2026-09-29;CCS08;RIO CANDELARIA;ProdEMBUTIDOS;SALCHICHA TIPO VIENA 225G (11unid) ALIMEX;5.95
3789334;2026-09-29;CCS08;RIO CANDELARIA;ProdEMBUTIDOS;SALCHICHA TIPO VIENA 800GR (24unid) ALIMEX;10.25
3585092;2026-09-11;CCS08;RIO CANDELARIA;ProdBEBIDAS_LACT;Leche en polvo Purisima 1kg;14.33
3793201;2026-09-30;PLC07;IMPORT VCB 1 CASA BLANCA;ProdEMBUTIDOS;SALCHICHA TIPO VIENA 225G (11unid) ALIMEX;2.55
3575794;2026-09-11;PLC07;IMPORT VCB 1 CASA BLANCA;ProdBEBIDAS_LACT;LECHE COMPLETA BARISTA LIQUIDA PURISIMA;2.95
3792849;2026-09-30;PLC07;IMPORT VCB 1 CASA BLANCA;ProdBEBIDAS;NECTAR PERA 200 ML TUNAL;0.8
3545008;2026-09-09;PLC07;IMPORT VCB 1 CASA BLANCA;ProdBEBIDAS_LACT;Leche en polvo Purisima 500gr;3.53
3575470;2026-09-11;PLC07;IMPORT VCB 1 CASA BLANCA;ProdBEBIDAS_LACT;LECHE EN POLVO PURISIMA 400GR;6.94
3793305;2026-09-30;PLC07;IMPORT VCB 1 CASA BLANCA;ProdBEBIDAS_LACT;LECHE EN POLVO PURISIMA 200GR;3.53
3793075;2026-09-30;PLC07;IMPORT VCB 1 CASA BLANCA;ProdDERIV_LACTEOS;MANTEQUILLA PURISIMA SIN SAL 200G PURISIMA;5.31
3625162;2026-09-16;PLC07;IMPORT VCB 1 CASA BLANCA;ProdDERIV_LACTEOS;MANTEQUILLA PURISIMA CON SAL 200G PURISIMA;5.61
3793195;2026-09-30;PLC07;IMPORT VCB 1 CASA BLANCA;ProdEMBUTIDOS;SALCHICHA TIPO VIENA 450GR (22unid) ALIMEX;6
3598809;2026-09-14;PLC07;IMPORT VCB 1 CASA BLANCA;ProdEMBUTIDOS;SALCHICHA TIPO COCTEL 450 GR ALIMEX;6
3792856;2026-09-30;PLC07;IMPORT VCB 1 CASA BLANCA;ProdBEBIDAS_LACT;LECHE COMPLETA LIQUIDA PURISIMA;2.92
3792861;2026-09-30;PLC07;IMPORT VCB 1 CASA BLANCA;ProdBEBIDAS_LACT;LECHE DESCREMADA LIQUIDA PURISIMA;2.86
3792885;2026-09-30;PLC07;IMPORT VCB 1 CASA BLANCA;ProdBEBIDAS_LACT;LECHE  DESLACTOSADA LIQUIDA PURISIMA;3.04
3792925;2026-09-30;PLC07;IMPORT VCB 1 CASA BLANCA;ProdBEBIDAS;NARANJADA 1L TUNAL;2.77
3792982;2026-09-30;PLC07;IMPORT VCB 1 CASA BLANCA;ProdBEBIDAS;NECTAR DURAZNO 1L TUNAL;2.21
3792992;2026-09-30;PLC07;IMPORT VCB 1 CASA BLANCA;ProdBEBIDAS;NECTAR MANZANA 1L TUNAL;2.21
3792942;2026-09-30;PLC07;IMPORT VCB 1 CASA BLANCA;ProdBEBIDAS;NECTAR PERA 1L TUNAL;2.21
3792803;2026-09-30;PLC07;IMPORT VCB 1 CASA BLANCA;ProdBEBIDAS;NARANJADA  200 ML TUNAL;0.8
3792805;2026-09-30;PLC07;IMPORT VCB 1 CASA BLANCA;ProdBEBIDAS;NECTAR DURAZNO 200 ML TUNAL;0.8
3792811;2026-09-30;PLC07;IMPORT VCB 1 CASA BLANCA;ProdBEBIDAS;NECTAR MANZANA 200 ML TUNAL;0.8
3503485;2026-09-04;BQTO03;BODEGON GURMET;ProdBEBIDAS_LACT;LECHE COMPLETA LIQUIDA PURISIMA;2.94
3503486;2026-09-04;BQTO03;BODEGON GURMET;ProdBEBIDAS_LACT;LECHE DESCREMADA LIQUIDA PURISIMA;2.88
3503487;2026-09-04;BQTO03;BODEGON GURMET;ProdBEBIDAS_LACT;LECHE  DESLACTOSADA LIQUIDA PURISIMA;3.04
3503489;2026-09-04;BQTO03;BODEGON GURMET;ProdBEBIDAS;NARANJADA 1L TUNAL;2.68
3503490;2026-09-04;BQTO03;BODEGON GURMET;ProdBEBIDAS;NECTAR MANZANA 1L TUNAL;2.42
3503491;2026-09-04;BQTO03;BODEGON GURMET;ProdBEBIDAS;NECTAR PERA 1L TUNAL;2.42
3503492;2026-09-04;BQTO03;BODEGON GURMET;ProdBEBIDAS;NECTAR DURAZNO 1L TUNAL;2.42
3577484;2026-09-11;PLC07;AIKOZ UNIMAL;ProdBEBIDAS_LACT;LECHE COMPLETA LIQUIDA PURISIMA;2.59
3577487;2026-09-11;PLC07;AIKOZ UNIMAL;ProdBEBIDAS_LACT;LECHE DESCREMADA LIQUIDA PURISIMA;2.55
3577493;2026-09-11;PLC07;AIKOZ UNIMAL;ProdBEBIDAS_LACT;LECHE  DESLACTOSADA LIQUIDA PURISIMA;2.69
3577530;2026-09-11;PLC07;AIKOZ UNIMAL;ProdBEBIDAS;NECTAR MANZANA 1L TUNAL;2.45
3795428;2026-09-30;PLC07;AIKOZ UNIMAL;ProdBEBIDAS;NECTAR PERA 1L TUNAL;2.45
3795426;2026-09-30;PLC07;AIKOZ UNIMAL;ProdBEBIDAS;NECTAR DURAZNO 1L TUNAL;2.45
3576853;2026-09-11;PLC07;AIKOZ UNIMAL;ProdDERIV_LACTEOS;MANTEQUILLA PURISIMA SIN SAL 200G PURISIMA;5.47
3576888;2026-09-11;PLC07;AIKOZ UNIMAL;ProdDERIV_LACTEOS;MANTEQUILLA PURISIMA CON SAL 200G PURISIMA;5.9
3576907;2026-09-11;PLC07;AIKOZ UNIMAL;ProdDERIV_LACTEOS;CREMA DE LECHE DE 500GR PURISIMA;5.82
3576911;2026-09-11;PLC07;AIKOZ UNIMAL;ProdDERIV_LACTEOS;CREMA DE LECHE DE 250GR PURISIMA;3.43
3576980;2026-09-11;PLC07;AIKOZ UNIMAL;ProdEMBUTIDOS;SALCHICHA TIPO VIENA 225G (11unid) ALIMEX;3.51
3576973;2026-09-11;PLC07;AIKOZ UNIMAL;ProdEMBUTIDOS;SALCHICHA TIPO VIENA 450GR (22unid) ALIMEX;6.45
3795457;2026-09-30;PLC07;AIKOZ UNIMAL;ProdBEBIDAS;TE FRUTOS ROJOS 1L TUNAL;2.71
3795424;2026-09-30;PLC07;AIKOZ UNIMAL;ProdBEBIDAS;NARANJADA 1L TUNAL;3
3711151;2026-09-23;PLC07;AIKOZ UNIMAL;ProdBEBIDAS;NECTAR DURAZNO 200 ML TUNAL;3.12
3711156;2026-09-23;PLC07;AIKOZ UNIMAL;ProdBEBIDAS;NECTAR MANZANA 200 ML TUNAL;3.12
3711147;2026-09-23;PLC07;AIKOZ UNIMAL;ProdBEBIDAS;NECTAR PERA 200 ML TUNAL;3.12
3795468;2026-09-30;PLC07;AIKOZ UNIMAL;ProdBEBIDAS;NARANJADA  500 ML TUNAL;2.42
3795584;2026-09-30;PLC07;AIKOZ UNIMAL;ProdBEBIDAS_LACT;LECHE BARISTA PURISIMA;2.55
3703831;2026-09-23;CCS02;UNICASA BOLEITA;ProdBEBIDAS_LACT;LECHE DESCREMADA LIQUIDA PURISIMA;2.68
3703833;2026-09-23;CCS02;UNICASA BOLEITA;ProdBEBIDAS_LACT;LECHE  DESLACTOSADA LIQUIDA PURISIMA;2.84
3703829;2026-09-23;CCS02;UNICASA BOLEITA;ProdBEBIDAS_LACT;LECHE COMPLETA LIQUIDA PURISIMA;2.74
3521920;2026-09-07;CCS02;UNICASA BOLEITA;ProdBEBIDAS_LACT;Leche en polvo Purisima 500gr;6.88
3703783;2026-09-23;CCS02;UNICASA BOLEITA;ProdBEBIDAS;NARANJADA 1L TUNAL;3.24
3589694;2026-09-14;CCS02;UNICASA BOLEITA;ProdBEBIDAS;NECTAR DURAZNO 1L TUNAL;2.53
3703792;2026-09-23;CCS02;UNICASA BOLEITA;ProdBEBIDAS;NECTAR PERA LIGHT 1 LITRO TUNAL;2.66
3703789;2026-09-23;CCS02;UNICASA BOLEITA;ProdBEBIDAS;JUGO NARANJA LIGTH 1 LITRO TUNAL;2.68
3703794;2026-09-23;CCS02;UNICASA BOLEITA;ProdBEBIDAS;TE DURAZNO 1L TUNAL;2.51
3703796;2026-09-23;CCS02;UNICASA BOLEITA;ProdBEBIDAS;TE LIMON 1L TUNAL;2.51
3703798;2026-09-23;CCS02;UNICASA BOLEITA;ProdBEBIDAS;TE FRUTOS ROJOS 1L TUNAL;2.51
3703813;2026-09-23;CCS02;UNICASA BOLEITA;ProdBEBIDAS;TE LIMON 500ML TUNAL;1.3
3703811;2026-09-23;CCS02;UNICASA BOLEITA;ProdBEBIDAS;TE DURAZNO 500ML TUNAL;1.37
3703808;2026-09-23;CCS02;UNICASA BOLEITA;ProdBEBIDAS;NARANJADA  500 ML TUNAL;2.24
3703801;2026-09-23;CCS02;UNICASA BOLEITA;ProdBEBIDAS;NARANJADA  200 ML TUNAL;2.55
3703807;2026-09-23;CCS02;UNICASA BOLEITA;ProdBEBIDAS;NECTAR DURAZNO 200 ML TUNAL;2.55
3703805;2026-09-23;CCS02;UNICASA BOLEITA;ProdBEBIDAS;NECTAR PERA 200 ML TUNAL;2.55
3703785;2026-09-23;CCS02;UNICASA BOLEITA;ProdBEBIDAS;NECTAR MANZANA 1L TUNAL;2.53
3703787;2026-09-23;CCS02;UNICASA BOLEITA;ProdBEBIDAS;NECTAR PERA 1L TUNAL;2.53
3703835;2026-09-23;CCS02;UNICASA BOLEITA;ProdBEBIDAS_LACT;LECHE EN POLVO PURISIMA 400GR;6.88
3703803;2026-09-23;CCS02;UNICASA BOLEITA;ProdBEBIDAS;NECTAR MANZANA 200 ML TUNAL;2.55
3562199;2026-09-10;CCS07;AUTOMERCADO ROCA AZUL 1;ProdBEBIDAS;NECTAR PERA 200 ML TUNAL;0.84
3562200;2026-09-10;CCS07;AUTOMERCADO ROCA AZUL 1;ProdBEBIDAS;NECTAR DURAZNO 200 ML TUNAL;0.84
3562194;2026-09-10;CCS07;AUTOMERCADO ROCA AZUL 1;ProdBEBIDAS;NARANJADA  500 ML TUNAL;1.96
3562195;2026-09-10;CCS07;AUTOMERCADO ROCA AZUL 1;ProdBEBIDAS;NECTAR PERA 500 ML TUNAL;1.57
3562196;2026-09-10;CCS07;AUTOMERCADO ROCA AZUL 1;ProdBEBIDAS;NECTAR DURAZNO 500 ML TUNAL;1.57
3562201;2026-09-10;CCS07;AUTOMERCADO ROCA AZUL 1;ProdBEBIDAS;NARANJADA 1L TUNAL;2.9
3562202;2026-09-10;CCS07;AUTOMERCADO ROCA AZUL 1;ProdBEBIDAS;NECTAR MANZANA 1L TUNAL;2.3
3562203;2026-09-10;CCS07;AUTOMERCADO ROCA AZUL 1;ProdBEBIDAS;NECTAR PERA 1L TUNAL;2.3
3562204;2026-09-10;CCS07;AUTOMERCADO ROCA AZUL 1;ProdBEBIDAS;NECTAR DURAZNO 1L TUNAL;2.3
3562208;2026-09-10;CCS07;AUTOMERCADO ROCA AZUL 1;ProdBEBIDAS;JUGO NARANJA LIGTH 1 LITRO TUNAL;2.4
3562209;2026-09-10;CCS07;AUTOMERCADO ROCA AZUL 1;ProdBEBIDAS;NECTAR PERA LIGHT 1 LITRO TUNAL;2.4
3562205;2026-09-10;CCS07;AUTOMERCADO ROCA AZUL 1;ProdBEBIDAS;TE DURAZNO 1L TUNAL;2.3
3562207;2026-09-10;CCS07;AUTOMERCADO ROCA AZUL 1;ProdBEBIDAS;TE FRUTOS ROJOS 1L TUNAL;2.3
3562206;2026-09-10;CCS07;AUTOMERCADO ROCA AZUL 1;ProdBEBIDAS;TE LIMON 1L TUNAL;2.3
3562217;2026-09-10;CCS07;AUTOMERCADO ROCA AZUL 1;ProdBEBIDAS_LACT;LECHE COMPLETA LIQUIDA PURISIMA;2.5
3562218;2026-09-10;CCS07;AUTOMERCADO ROCA AZUL 1;ProdBEBIDAS_LACT;LECHE DESCREMADA LIQUIDA PURISIMA;2.5
3562219;2026-09-10;CCS07;AUTOMERCADO ROCA AZUL 1;ProdBEBIDAS_LACT;LECHE  DESLACTOSADA LIQUIDA PURISIMA;2.5
3562161;2026-09-10;CCS07;AUTOMERCADO ROCA AZUL 1;ProdEMBUTIDOS;SALCHICHA TIPO VIENA 450GR (22unid) ALIMEX;5.99
3562160;2026-09-10;CCS07;AUTOMERCADO ROCA AZUL 1;ProdEMBUTIDOS;SALCHICHA TIPO VIENA 225G (11unid) ALIMEX;3.25
3562158;2026-09-10;CCS07;AUTOMERCADO ROCA AZUL 1;ProdEMBUTIDOS;CHORIZO DE CERDO AHUMADO PARRILLERO ALIMEX;12.2
3756609;2026-09-28;CCS07;AUTOMERCADO ROCA AZUL 1;ProdEMBUTIDOS;CHORIZO DE CERDO PICANTE PARRILLERO ALIMEX;11.4
3562165;2026-09-10;CCS07;AUTOMERCADO ROCA AZUL 1;ProdEMBUTIDOS;MORTADELA CCS DE CARNES 500G;1.99
3756685;2026-09-28;CCS07;AUTOMERCADO ROCA AZUL 1;ProdDERIV_LACTEOS;QUESO DE CABRA 500G PURISIMA;16.99
3562173;2026-09-10;CCS07;AUTOMERCADO ROCA AZUL 1;ProdDERIV_LACTEOS;MANTEQUILLA PURISIMA SIN SAL 200G PURISIMA;5.18
3562172;2026-09-10;CCS07;AUTOMERCADO ROCA AZUL 1;ProdDERIV_LACTEOS;MANTEQUILLA PURISIMA CON SAL 200G PURISIMA;5.65
3562174;2026-09-10;CCS07;AUTOMERCADO ROCA AZUL 1;ProdDERIV_LACTEOS;CREMA DE LECHE DE 500GR PURISIMA;5.8
3562175;2026-09-10;CCS07;AUTOMERCADO ROCA AZUL 1;ProdDERIV_LACTEOS;CREMA DE LECHE DE 250GR PURISIMA;3.4
3562197;2026-09-10;CCS07;AUTOMERCADO ROCA AZUL 1;ProdBEBIDAS;NARANJADA  200 ML TUNAL;0.84
3562198;2026-09-10;CCS07;AUTOMERCADO ROCA AZUL 1;ProdBEBIDAS;NECTAR MANZANA 200 ML TUNAL;0.84
3562159;2026-09-10;CCS07;AUTOMERCADO ROCA AZUL 1;ProdEMBUTIDOS;Salchicha el tunal de pollo 450gr;4.99
3562166;2026-09-10;CCS07;AUTOMERCADO ROCA AZUL 1;ProdEMBUTIDOS;MORTADELA DE POLLO DE 500G;1.99
3562167;2026-09-10;CCS07;AUTOMERCADO ROCA AZUL 1;ProdEMBUTIDOS;MORTADELA DE POLLO DE 1 KG;3.95
3756706;2026-09-28;CCS07;AUTOMERCADO ROCA AZUL 1;ProdEMBUTIDOS;MORTADELA de Pollo Caracas 900gr;3.3
3756731;2026-09-28;CCS07;AUTOMERCADO ROCA AZUL 1;ProdHUEVOS;HUEVO EMPACADO- ESTUCHADO 1X6 TUNAL;1.35
3756604;2026-09-28;CCS07;AUTOMERCADO ROCA AZUL 1;ProdHUEVOS;HUEVO EMPACADO- 1X12 PLASTICO TUNAL;2.79
3756605;2026-09-28;CCS07;AUTOMERCADO ROCA AZUL 1;ProdHUEVOS;HUEVO EMPACADO- ESTUCHADO 1X12 TUNAL;2.79
3562214;2026-09-10;CCS07;AUTOMERCADO ROCA AZUL 1;ProdBEBIDAS_LACT;LECHE EN POLVO PURISIMA 200GR;3.53
3756660;2026-09-28;CCS07;AUTOMERCADO ROCA AZUL 1;ProdBEBIDAS_LACT;LECHE EN POLVO PURISIMA 900GR;13.5
3756662;2026-09-28;CCS07;AUTOMERCADO ROCA AZUL 1;ProdBEBIDAS_LACT;LECHE EN POLVO PURISIMA 400GR;6.9
3756712;2026-09-28;CCS07;AUTOMERCADO ROCA AZUL 1;ProdEMBUTIDOS;SALCHICHA TIPO VIENA 800GR (24unid) ALIMEX;10.5
3756714;2026-09-28;CCS07;AUTOMERCADO ROCA AZUL 1;ProdEMBUTIDOS;MORTADELA CCS DE CARNES 900G;3.8
3756750;2026-09-28;CCS07;AUTOMERCADO ROCA AZUL 1;ProdBEBIDAS;NECTAR MANZANA LIGHT 1 LITRO TUNAL;2.35
3461144;2026-09-01;CCS06;FRESCO MARKET CORRALITO;ProdBEBIDAS;NARANJADA 1L TUNAL;3.02
3461146;2026-09-01;CCS06;FRESCO MARKET CORRALITO;ProdBEBIDAS;NECTAR MANZANA 1L TUNAL;2.53
3461149;2026-09-01;CCS06;FRESCO MARKET CORRALITO;ProdBEBIDAS;NECTAR PERA 1L TUNAL;2.53
3461151;2026-09-01;CCS06;FRESCO MARKET CORRALITO;ProdBEBIDAS;NECTAR DURAZNO 1L TUNAL;2.35
3461154;2026-09-01;CCS06;FRESCO MARKET CORRALITO;ProdBEBIDAS;NECTAR PERA LIGHT 1 LITRO TUNAL;2.51
3461157;2026-09-01;CCS06;FRESCO MARKET CORRALITO;ProdBEBIDAS;JUGO NARANJA LIGTH 1 LITRO TUNAL;2.66
3461160;2026-09-01;CCS06;FRESCO MARKET CORRALITO;ProdBEBIDAS;TE FRUTOS ROJOS 1L TUNAL;2.42
3461163;2026-09-01;CCS06;FRESCO MARKET CORRALITO;ProdBEBIDAS;TE LIMON 1L TUNAL;2.42
3461166;2026-09-01;CCS06;FRESCO MARKET CORRALITO;ProdBEBIDAS;TE DURAZNO 1L TUNAL;2.42
3461179;2026-09-01;CCS06;FRESCO MARKET CORRALITO;ProdBEBIDAS_LACT;LECHE BARISTA PURISIMA;2.85
3461182;2026-09-01;CCS06;FRESCO MARKET CORRALITO;ProdBEBIDAS_LACT;LECHE COMPLETA LIQUIDA PURISIMA;2.68
3461183;2026-09-01;CCS06;FRESCO MARKET CORRALITO;ProdBEBIDAS_LACT;LECHE DESCREMADA LIQUIDA PURISIMA;2.64
3461184;2026-09-01;CCS06;FRESCO MARKET CORRALITO;ProdBEBIDAS_LACT;LECHE  DESLACTOSADA LIQUIDA PURISIMA;2.7
3461193;2026-09-01;CCS06;FRESCO MARKET CORRALITO;ProdDERIV_LACTEOS;CREMA DE LECHE DE 500GR PURISIMA;5.73
3461194;2026-09-01;CCS06;FRESCO MARKET CORRALITO;ProdDERIV_LACTEOS;CREMA DE LECHE DE 250GR PURISIMA;3.38
3461195;2026-09-01;CCS06;FRESCO MARKET CORRALITO;ProdDERIV_LACTEOS;MANTEQUILLA PURISIMA CON SAL 200G PURISIMA;5.81
3461196;2026-09-01;CCS06;FRESCO MARKET CORRALITO;ProdDERIV_LACTEOS;MANTEQUILLA PURISIMA SIN SAL 200G PURISIMA;5.57
3461197;2026-09-01;CCS06;FRESCO MARKET CORRALITO;ProdEMBUTIDOS;SALCHICHA TIPO VIENA 800GR (24unid) ALIMEX;10.65
3461198;2026-09-01;CCS06;FRESCO MARKET CORRALITO;ProdEMBUTIDOS;SALCHICHA TIPO VIENA 450GR (22unid) ALIMEX;6.72
3461199;2026-09-01;CCS06;FRESCO MARKET CORRALITO;ProdEMBUTIDOS;SALCHICHA TIPO VIENA 225G (11unid) ALIMEX;3.47
3791463;2026-09-30;VLC03;EUROMAXX PLUS;ProdBEBIDAS_LACT;LECHE DESCREMADA LIQUIDA PURISIMA;2.51
3791465;2026-09-30;VLC03;EUROMAXX PLUS;ProdBEBIDAS_LACT;LECHE  DESLACTOSADA LIQUIDA PURISIMA;2.78
3791389;2026-09-30;VLC03;EUROMAXX PLUS;ProdDERIV_LACTEOS;MANTEQUILLA PURISIMA SIN SAL 200G PURISIMA;5.92
3540425;2026-09-09;VLC03;EUROMAXX PLUS;ProdEMBUTIDOS;MORTADELA de Pollo Caracas 900gr;3.09
3791402;2026-09-30;VLC03;EUROMAXX PLUS;ProdEMBUTIDOS;SALCHICHA TIPO VIENA 800GR (24unid) ALIMEX;11.08
3791403;2026-09-30;VLC03;EUROMAXX PLUS;ProdEMBUTIDOS;SALCHICHA TIPO VIENA 450GR (22unid) ALIMEX;6.46
3791404;2026-09-30;VLC03;EUROMAXX PLUS;ProdEMBUTIDOS;SALCHICHA TIPO VIENA 225G (11unid) ALIMEX;3.51
3791408;2026-09-30;VLC03;EUROMAXX PLUS;ProdEMBUTIDOS;CHORIZO DE CERDO PICANTE PARRILLERO ALIMEX;11.8
3791433;2026-09-30;VLC03;EUROMAXX PLUS;ProdBEBIDAS;NARANJADA 1L TUNAL;2.99
3791434;2026-09-30;VLC03;EUROMAXX PLUS;ProdBEBIDAS;NECTAR DURAZNO 1L TUNAL;2.33
3791435;2026-09-30;VLC03;EUROMAXX PLUS;ProdBEBIDAS;NECTAR MANZANA 1L TUNAL;2.33
3791436;2026-09-30;VLC03;EUROMAXX PLUS;ProdBEBIDAS;NECTAR PERA 1L TUNAL;2.33
3791439;2026-09-30;VLC03;EUROMAXX PLUS;ProdBEBIDAS;JUGO NARANJA LIGTH 1 LITRO TUNAL;2.47
3791441;2026-09-30;VLC03;EUROMAXX PLUS;ProdBEBIDAS;NECTAR PERA LIGHT 1 LITRO TUNAL;2.45
3791437;2026-09-30;VLC03;EUROMAXX PLUS;ProdBEBIDAS;NARANJADA  500 ML TUNAL;2.06
3791438;2026-09-30;VLC03;EUROMAXX PLUS;ProdBEBIDAS;NECTAR DURAZNO 500 ML TUNAL;1.46
3540452;2026-09-09;VLC03;EUROMAXX PLUS;ProdBEBIDAS;NECTAR MANZANA 500 ML TUNAL;1.57
3540453;2026-09-09;VLC03;EUROMAXX PLUS;ProdBEBIDAS;NECTAR PERA 500 ML TUNAL;1.57
3791418;2026-09-30;VLC03;EUROMAXX PLUS;ProdBEBIDAS;NARANJADA  200 ML TUNAL;2.66
3791419;2026-09-30;VLC03;EUROMAXX PLUS;ProdBEBIDAS;NECTAR DURAZNO 200 ML TUNAL;2.66
3540462;2026-09-09;VLC03;EUROMAXX PLUS;ProdBEBIDAS;NECTAR MANZANA 200 ML TUNAL;2.66
3791420;2026-09-30;VLC03;EUROMAXX PLUS;ProdBEBIDAS;NECTAR PERA 200 ML TUNAL;2.66
3791457;2026-09-30;VLC03;EUROMAXX PLUS;ProdBEBIDAS;TE FRUTOS ROJOS 1L TUNAL;2.13
3791454;2026-09-30;VLC03;EUROMAXX PLUS;ProdBEBIDAS;TE DURAZNO 500ML TUNAL;1.26
3791456;2026-09-30;VLC03;EUROMAXX PLUS;ProdBEBIDAS;TE LIMON 500ML TUNAL;1.26
3540475;2026-09-09;VLC03;EUROMAXX PLUS;ProdBEBIDAS;TE FRUTOS ROJOS 50OML;1.26
3791461;2026-09-30;VLC03;EUROMAXX PLUS;ProdBEBIDAS_LACT;LECHE COMPLETA LIQUIDA PURISIMA;2.56
3470085;2026-09-02;VLC03;EUROMAXX PLUS;ProdBEBIDAS_LACT;Leche en polvo Purisima 1kg;13.85
3791386;2026-09-30;VLC03;EUROMAXX PLUS;ProdHUEVOS;HUEVO EMPACADO- ESTUCHADO 1X6 TUNAL;1.39
3791455;2026-09-30;VLC03;EUROMAXX PLUS;ProdBEBIDAS;TE LIMON 1L TUNAL;2.13
3791470;2026-09-30;VLC03;EUROMAXX PLUS;ProdBEBIDAS_LACT;LECHE EN POLVO PURISIMA 900GR;13.85
3791395;2026-09-30;VLC03;EUROMAXX PLUS;ProdDERIV_LACTEOS;CREMA DE LECHE DE 500GR PURISIMA;6.3
3540435;2026-09-09;VLC03;EUROMAXX PLUS;ProdHUEVOS;HUEVO TIPO  GRANEL 30 UND TUNAL;6.81
3791453;2026-09-30;VLC03;EUROMAXX PLUS;ProdBEBIDAS;TE DURAZNO 1L TUNAL;2.13
3791396;2026-09-30;VLC03;EUROMAXX PLUS;ProdDERIV_LACTEOS;CREMA DE LECHE DE 250GR PURISIMA;3.71
3681999;2026-09-17;MCY04;EUROMAXX PLUS;ProdEMBUTIDOS;MORTADELA DE POLLO DE 1 KG;3.97
3791390;2026-09-30;VLC03;EUROMAXX PLUS;ProdDERIV_LACTEOS;MANTEQUILLA PURISIMA CON SAL 200G PURISIMA;6.38
3791407;2026-09-30;VLC03;EUROMAXX PLUS;ProdEMBUTIDOS;CHORIZO DE CERDO AHUMADO PARRILLERO ALIMEX;12.57
3791413;2026-09-30;VLC03;EUROMAXX PLUS;ProdJAMONERIA;JAMON PIERNA ALIMEX 98% 5.9kg;11.96
3791442;2026-09-30;VLC03;EUROMAXX PLUS;ProdBEBIDAS;NECTAR MANZANA LIGHT 1 LITRO TUNAL;2.45
3796325;2026-09-29;MCY04;Hiperexito Cagua;ProdEMBUTIDOS;CHORIZO DE CERDO AHUMADO PARRILLERO ALIMEX;13.35
3796328;2026-09-29;MCY04;Hiperexito Cagua;ProdEMBUTIDOS;CHORIZO DE CERDO PICANTE PARRILLERO ALIMEX;13.35
3796301;2026-09-29;MCY04;Hiperexito Cagua;ProdDERIV_LACTEOS;CREMA DE LECHE DE 500GR PURISIMA;6.09
3796344;2026-09-29;MCY04;Hiperexito Cagua;ProdBEBIDAS_LACT;LECHE COMPLETA LIQUIDA PURISIMA;2.78
3796346;2026-09-29;MCY04;Hiperexito Cagua;ProdBEBIDAS_LACT;LECHE DESCREMADA LIQUIDA PURISIMA;2.73
3796342;2026-09-29;MCY04;Hiperexito Cagua;ProdBEBIDAS_LACT;LECHE  DESLACTOSADA LIQUIDA PURISIMA;2.87
3796319;2026-09-29;MCY04;Hiperexito Cagua;ProdEMBUTIDOS;SALCHICHA TIPO VIENA 800GR (24unid) ALIMEX;10.78
3796322;2026-09-29;MCY04;Hiperexito Cagua;ProdEMBUTIDOS;SALCHICHA TIPO VIENA 450GR (22unid) ALIMEX;6.29
3760114;2026-09-22;MCY04;Hiperexito Cagua;ProdDERIV_LACTEOS;MANTEQUILLA PURISIMA SIN SAL 200G PURISIMA;5.28
3760117;2026-09-22;MCY04;Hiperexito Cagua;ProdDERIV_LACTEOS;MANTEQUILLA PURISIMA CON SAL 200G PURISIMA;5.69
3618203;2026-09-15;MCY04;Hiperexito Cagua;ProdBEBIDAS;NARANJADA  200 ML TUNAL;2.69
3618204;2026-09-15;MCY04;Hiperexito Cagua;ProdBEBIDAS;NECTAR MANZANA 200 ML TUNAL;2.64
3618205;2026-09-15;MCY04;Hiperexito Cagua;ProdBEBIDAS;NECTAR PERA 200 ML TUNAL;2.64
3618206;2026-09-15;MCY04;Hiperexito Cagua;ProdBEBIDAS;NECTAR DURAZNO 200 ML TUNAL;2.64
3618216;2026-09-15;MCY04;Hiperexito Cagua;ProdBEBIDAS_LACT;LECHE EN POLVO PURISIMA 200GR;3.61
3618217;2026-09-15;MCY04;Hiperexito Cagua;ProdBEBIDAS_LACT;LECHE EN POLVO PURISIMA 400GR;7.11
3618218;2026-09-15;MCY04;Hiperexito Cagua;ProdBEBIDAS_LACT;LECHE EN POLVO PURISIMA 900GR;17.23
3796304;2026-09-29;MCY04;Hiperexito Cagua;ProdDERIV_LACTEOS;CREMA DE LECHE DE 250GR PURISIMA;3.6
3783219;2026-09-29;PLC02;THE HAO SUPERMARKET;ProdBEBIDAS;NECTAR DURAZNO 1L TUNAL;2.81
3783217;2026-09-29;PLC02;THE HAO SUPERMARKET;ProdBEBIDAS;NECTAR MANZANA 1L TUNAL;2.81
3783218;2026-09-29;PLC02;THE HAO SUPERMARKET;ProdBEBIDAS;NECTAR PERA 1L TUNAL;2.81
3783214;2026-09-29;PLC02;THE HAO SUPERMARKET;ProdBEBIDAS;NECTAR DURAZNO 500 ML TUNAL;2.02
3783212;2026-09-29;PLC02;THE HAO SUPERMARKET;ProdBEBIDAS;NECTAR MANZANA 500 ML TUNAL;1.9
3783213;2026-09-29;PLC02;THE HAO SUPERMARKET;ProdBEBIDAS;NECTAR PERA 500 ML TUNAL;1.9
3529353;2026-09-08;PLC02;THE HAO SUPERMARKET;ProdBEBIDAS;NARANJADA  200 ML TUNAL;0.92
3529354;2026-09-08;PLC02;THE HAO SUPERMARKET;ProdBEBIDAS;NECTAR DURAZNO 200 ML TUNAL;0.96
3469005;2026-09-01;PLC02;THE HAO SUPERMARKET;ProdBEBIDAS;NECTAR PERA 200 ML TUNAL;0.96
3783198;2026-09-29;PLC02;THE HAO SUPERMARKET;ProdBEBIDAS_LACT;LECHE BARISTA PURISIMA;2.99
3783195;2026-09-29;PLC02;THE HAO SUPERMARKET;ProdBEBIDAS_LACT;LECHE COMPLETA LIQUIDA PURISIMA;2.84
3783196;2026-09-29;PLC02;THE HAO SUPERMARKET;ProdBEBIDAS_LACT;LECHE DESCREMADA LIQUIDA PURISIMA;2.79
3783197;2026-09-29;PLC02;THE HAO SUPERMARKET;ProdBEBIDAS_LACT;LECHE  DESLACTOSADA LIQUIDA PURISIMA;2.94
3659173;2026-09-18;PLC02;THE HAO SUPERMARKET;ProdEMBUTIDOS;SALCHICHA TIPO VIENA 225G (11unid) ALIMEX;3.96
3783216;2026-09-29;PLC02;THE HAO SUPERMARKET;ProdBEBIDAS;NECTAR MANZANA LIGHT 1 LITRO TUNAL;2.81
3659182;2026-09-18;PLC02;THE HAO SUPERMARKET;ProdBEBIDAS;NECTAR PERA LIGHT 1 LITRO TUNAL;2.81
3783215;2026-09-29;PLC02;THE HAO SUPERMARKET;ProdBEBIDAS;TE FRUTOS ROJOS 50OML;1.59
3783225;2026-09-29;PLC02;THE HAO SUPERMARKET;ProdDERIV_LACTEOS;MANTEQUILLA PURISIMA SIN SAL 200G PURISIMA;5.96
3783224;2026-09-29;PLC02;THE HAO SUPERMARKET;ProdDERIV_LACTEOS;MANTEQUILLA PURISIMA CON SAL 200G PURISIMA;6.43
3783227;2026-09-29;PLC02;THE HAO SUPERMARKET;ProdDERIV_LACTEOS;CREMA DE LECHE DE 500GR PURISIMA;7.78
3783226;2026-09-29;PLC02;THE HAO SUPERMARKET;ProdDERIV_LACTEOS;CREMA DE LECHE DE 250GR PURISIMA;3.74
3529342;2026-09-08;PLC02;THE HAO SUPERMARKET;ProdBEBIDAS_LACT;Leche en polvo Purisima 1kg;13.11
3529355;2026-09-08;PLC02;THE HAO SUPERMARKET;ProdBEBIDAS;NECTAR MANZANA 200 ML TUNAL;0.96
3783201;2026-09-29;PLC02;THE HAO SUPERMARKET;ProdBEBIDAS_LACT;LECHE EN POLVO PURISIMA 400GR;6.52
3783202;2026-09-29;PLC02;THE HAO SUPERMARKET;ProdBEBIDAS_LACT;LECHE EN POLVO PURISIMA 900GR;13.11
3787096;2026-09-29;BQTO01;BAZAR EXTRA;ProdBEBIDAS_LACT;LECHE COMPLETA LIQUIDA PURISIMA;2.75
3617042;2026-09-15;BQTO01;BAZAR EXTRA;ProdBEBIDAS_LACT;LECHE DESCREMADA LIQUIDA PURISIMA;2.75
3787097;2026-09-29;BQTO01;BAZAR EXTRA;ProdBEBIDAS_LACT;LECHE  DESLACTOSADA LIQUIDA PURISIMA;2.85
3787075;2026-09-29;BQTO01;BAZAR EXTRA;ProdBEBIDAS;NARANJADA 1L TUNAL;2.95
3787081;2026-09-29;BQTO01;BAZAR EXTRA;ProdBEBIDAS;NECTAR DURAZNO 1L TUNAL;2.45
3787077;2026-09-29;BQTO01;BAZAR EXTRA;ProdBEBIDAS;NECTAR MANZANA 1L TUNAL;2.45
3617030;2026-09-15;BQTO01;BAZAR EXTRA;ProdBEBIDAS;NARANJADA  200 ML TUNAL;2.75
3787091;2026-09-29;BQTO01;BAZAR EXTRA;ProdBEBIDAS;NECTAR PERA 200 ML TUNAL;2.75
3787089;2026-09-29;BQTO01;BAZAR EXTRA;ProdBEBIDAS;NECTAR DURAZNO 200 ML TUNAL;2.75
3787093;2026-09-29;BQTO01;BAZAR EXTRA;ProdBEBIDAS;TE DURAZNO 1L TUNAL;2.4
3787095;2026-09-29;BQTO01;BAZAR EXTRA;ProdBEBIDAS;TE LIMON 1L TUNAL;2.4
3787079;2026-09-29;BQTO01;BAZAR EXTRA;ProdBEBIDAS;NECTAR PERA 1L TUNAL;2.45
3787086;2026-09-29;BQTO01;BAZAR EXTRA;ProdBEBIDAS;NECTAR MANZANA 200 ML TUNAL;2.75
3787098;2026-09-29;BQTO01;BAZAR EXTRA;ProdBEBIDAS_LACT;LECHE BARISTA PURISIMA;2.75
3460909;2026-09-01;PLC09;IKO FARMA;ProdBEBIDAS_LACT;Leche en polvo Purisima 500gr;7.77
3460910;2026-09-01;PLC09;IKO FARMA;ProdBEBIDAS_LACT;Leche en polvo Purisima 1kg;15.85
3779355;2026-09-29;PLC09;IKO FARMA;ProdBEBIDAS_LACT;LECHE COMPLETA LIQUIDA PURISIMA;3.12
3693144;2026-09-22;PLC09;IKO FARMA;ProdBEBIDAS;NECTAR MANZANA 1L TUNAL;2.15
3564349;2026-09-10;PLC09;IKO FARMA;ProdBEBIDAS;NECTAR PERA 200 ML TUNAL;0.86
3564350;2026-09-10;PLC09;IKO FARMA;ProdBEBIDAS;NECTAR DURAZNO 200 ML TUNAL;0.86
3779363;2026-09-29;PLC09;IKO FARMA;ProdBEBIDAS;NECTAR DURAZNO 1L TUNAL;2.16
3779364;2026-09-29;PLC09;IKO FARMA;ProdBEBIDAS;NECTAR PERA LIGHT 1 LITRO TUNAL;2.24
3779358;2026-09-29;PLC09;IKO FARMA;ProdBEBIDAS_LACT;LECHE EN POLVO PURISIMA 200GR;3.96
3779360;2026-09-29;PLC09;IKO FARMA;ProdBEBIDAS_LACT;LECHE EN POLVO PURISIMA 400GR;7.77
3693145;2026-09-22;PLC09;IKO FARMA;ProdBEBIDAS;NECTAR PERA 1L TUNAL;2.43
3564340;2026-09-10;PLC09;IKO FARMA;ProdBEBIDAS_LACT;LECHE EN POLVO PURISIMA 900GR;13.95
3564348;2026-09-10;PLC09;IKO FARMA;ProdBEBIDAS;NECTAR MANZANA 200 ML TUNAL;0.86
3779356;2026-09-29;PLC09;IKO FARMA;ProdBEBIDAS_LACT;LECHE DESCREMADA LIQUIDA PURISIMA;2.96
3779357;2026-09-29;PLC09;IKO FARMA;ProdBEBIDAS_LACT;LECHE  DESLACTOSADA LIQUIDA PURISIMA;3.04
3576506;2026-09-11;CCS02;CENTRAL MADEIRENSE BELLO CAMPO;ProdEMBUTIDOS;SALCHICHA TIPO VIENA 225G (11unid) ALIMEX;3.93
3791189;2026-09-30;CCS02;CENTRAL MADEIRENSE BELLO CAMPO;ProdEMBUTIDOS;SALCHICHA TIPO VIENA 450GR (22unid) ALIMEX;11.69
3740472;2026-09-25;CCS02;CENTRAL MADEIRENSE BELLO CAMPO;ProdEMBUTIDOS;SALCHICHA TIPO VIENA 800GR (24unid) ALIMEX;11.69
3576473;2026-09-11;CCS02;CENTRAL MADEIRENSE BELLO CAMPO;ProdDERIV_LACTEOS;CREMA DE LECHE DE 500GR PURISIMA;6.62
3576474;2026-09-11;CCS02;CENTRAL MADEIRENSE BELLO CAMPO;ProdDERIV_LACTEOS;CREMA DE LECHE DE 250GR PURISIMA;3.91
3576475;2026-09-11;CCS02;CENTRAL MADEIRENSE BELLO CAMPO;ProdDERIV_LACTEOS;MANTEQUILLA PURISIMA SIN SAL 200G PURISIMA;6.61
3576476;2026-09-11;CCS02;CENTRAL MADEIRENSE BELLO CAMPO;ProdDERIV_LACTEOS;MANTEQUILLA PURISIMA CON SAL 200G PURISIMA;6.13
3576463;2026-09-11;CCS02;CENTRAL MADEIRENSE BELLO CAMPO;ProdBEBIDAS;NARANJADA 1L TUNAL;3.38
3576465;2026-09-11;CCS02;CENTRAL MADEIRENSE BELLO CAMPO;ProdBEBIDAS;NECTAR PERA 1L TUNAL;2.63
3576464;2026-09-11;CCS02;CENTRAL MADEIRENSE BELLO CAMPO;ProdBEBIDAS;NECTAR MANZANA 1L TUNAL;2.63
3576466;2026-09-11;CCS02;CENTRAL MADEIRENSE BELLO CAMPO;ProdBEBIDAS;NECTAR DURAZNO 1L TUNAL;2.63
3576467;2026-09-11;CCS02;CENTRAL MADEIRENSE BELLO CAMPO;ProdBEBIDAS;TE DURAZNO 1L TUNAL;2.63
3576468;2026-09-11;CCS02;CENTRAL MADEIRENSE BELLO CAMPO;ProdBEBIDAS;TE LIMON 1L TUNAL;2.63
3576534;2026-09-11;CCS02;CENTRAL MADEIRENSE BELLO CAMPO;ProdBEBIDAS_LACT;LECHE COMPLETA LIQUIDA PURISIMA;2.75
3576536;2026-09-11;CCS02;CENTRAL MADEIRENSE BELLO CAMPO;ProdBEBIDAS_LACT;LECHE DESCREMADA LIQUIDA PURISIMA;2.65
3576537;2026-09-11;CCS02;CENTRAL MADEIRENSE BELLO CAMPO;ProdBEBIDAS_LACT;LECHE  DESLACTOSADA LIQUIDA PURISIMA;2.79
3576539;2026-09-11;CCS02;CENTRAL MADEIRENSE BELLO CAMPO;ProdBEBIDAS_LACT;LECHE COMPLETA BARISTA LIQUIDA PURISIMA;3.55
3791180;2026-09-30;CCS02;CENTRAL MADEIRENSE BELLO CAMPO;ProdBEBIDAS_LACT;LECHE BARISTA PURISIMA;3.14
3576503;2026-09-11;CCS02;CENTRAL MADEIRENSE BELLO CAMPO;ProdEMBUTIDOS;TOCINETA AHUMADA SIN CUERO 3.5KG ALIMEX;7.19
3779757;2026-09-29;PLC07;MAYORCA;ProdBEBIDAS_LACT;LECHE COMPLETA LIQUIDA PURISIMA;2.66
3555977;2026-09-10;PLC07;MAYORCA;ProdBEBIDAS_LACT;LECHE DESCREMADA LIQUIDA PURISIMA;2.62
3779769;2026-09-29;PLC07;MAYORCA;ProdBEBIDAS_LACT;LECHE  DESLACTOSADA LIQUIDA PURISIMA;2.76
3555964;2026-09-10;PLC07;MAYORCA;ProdBEBIDAS;NARANJADA  200 ML TUNAL;1.01
3555966;2026-09-10;PLC07;MAYORCA;ProdBEBIDAS;NECTAR PERA 200 ML TUNAL;1.01
3555965;2026-09-10;PLC07;MAYORCA;ProdBEBIDAS;NECTAR DURAZNO 200 ML TUNAL;1.01
3634221;2026-09-17;PLC07;MAYORCA;ProdBEBIDAS;NARANJADA  500 ML TUNAL;1.88
3779681;2026-09-29;PLC07;MAYORCA;ProdBEBIDAS_LACT;LECHE EN POLVO PURISIMA 200GR;3.53
3779687;2026-09-29;PLC07;MAYORCA;ProdBEBIDAS_LACT;LECHE EN POLVO PURISIMA 400GR;6.94
3555972;2026-09-10;PLC07;MAYORCA;ProdBEBIDAS_LACT;Leche en polvo Purisima 500gr;6.94
3555968;2026-09-10;PLC07;MAYORCA;ProdBEBIDAS;NARANJADA 1L TUNAL;1.88
3519723;2026-09-01;MCY01;Hortifresca Av Bermudez;ProdBEBIDAS_LACT;Leche en polvo Purisima 1kg;13.8
3519724;2026-09-01;MCY01;Hortifresca Av Bermudez;ProdBEBIDAS_LACT;Leche en polvo Purisima 500gr;6.95
3519729;2026-09-01;MCY01;Hortifresca Av Bermudez;ProdBEBIDAS;NARANJADA 1L TUNAL;3.4
3787559;2026-09-29;MCY01;Hortifresca Av Bermudez;ProdBEBIDAS;NECTAR MANZANA 1L TUNAL;2.22
3787560;2026-09-29;MCY01;Hortifresca Av Bermudez;ProdBEBIDAS;NECTAR PERA 1L TUNAL;2.2
3519732;2026-09-01;MCY01;Hortifresca Av Bermudez;ProdBEBIDAS;NECTAR DURAZNO 1L TUNAL;2.2
3787537;2026-09-29;MCY01;Hortifresca Av Bermudez;ProdBEBIDAS_LACT;LECHE EN POLVO PURISIMA 200GR;3.35
3787539;2026-09-29;MCY01;Hortifresca Av Bermudez;ProdBEBIDAS_LACT;LECHE EN POLVO PURISIMA 400GR;6.95
3787541;2026-09-29;MCY01;Hortifresca Av Bermudez;ProdBEBIDAS_LACT;LECHE EN POLVO PURISIMA 900GR;13.8
3787546;2026-09-29;MCY01;Hortifresca Av Bermudez;ProdDERIV_LACTEOS;MANTEQUILLA PURISIMA SIN SAL 200G PURISIMA;5.25
3787547;2026-09-29;MCY01;Hortifresca Av Bermudez;ProdDERIV_LACTEOS;MANTEQUILLA PURISIMA CON SAL 200G PURISIMA;5.55
3787550;2026-09-29;MCY01;Hortifresca Av Bermudez;ProdDERIV_LACTEOS;CREMA DE LECHE DE 250GR PURISIMA;3.45
3787556;2026-09-29;MCY01;Hortifresca Av Bermudez;ProdBEBIDAS_LACT;LECHE COMPLETA LIQUIDA PURISIMA;2.7
3787557;2026-09-29;MCY01;Hortifresca Av Bermudez;ProdBEBIDAS_LACT;LECHE DESCREMADA LIQUIDA PURISIMA;2.75
3787558;2026-09-29;MCY01;Hortifresca Av Bermudez;ProdBEBIDAS_LACT;LECHE  DESLACTOSADA LIQUIDA PURISIMA;2.65
3787567;2026-09-29;MCY01;Hortifresca Av Bermudez;ProdJAMONERIA;JAMON PIERNA ALIMEX 98% 5.9kg;11.15
3567786;2026-09-10;PLC09;AL COSTO;ProdBEBIDAS_LACT;LECHE COMPLETA LIQUIDA PURISIMA;2.29
3567787;2026-09-10;PLC09;AL COSTO;ProdBEBIDAS_LACT;LECHE DESCREMADA LIQUIDA PURISIMA;1.89
3781444;2026-09-29;PLC09;AL COSTO;ProdBEBIDAS;NECTAR MANZANA 1L TUNAL;1.89
3781446;2026-09-29;PLC09;AL COSTO;ProdBEBIDAS;NECTAR DURAZNO 1L TUNAL;1.89
3781449;2026-09-29;PLC09;AL COSTO;ProdBEBIDAS;NECTAR MANZANA 200 ML TUNAL;0.75
3781450;2026-09-29;PLC09;AL COSTO;ProdBEBIDAS;NECTAR PERA 200 ML TUNAL;0.75
3612678;2026-09-15;PLC09;AL COSTO;ProdBEBIDAS;NECTAR MANZANA LIGHT 1 LITRO TUNAL;1.75
3612679;2026-09-15;PLC09;AL COSTO;ProdBEBIDAS;NECTAR PERA LIGHT 1 LITRO TUNAL;1.75
3781447;2026-09-29;PLC09;AL COSTO;ProdBEBIDAS;NECTAR DURAZNO LIGTH 1 LITRO TUNAL;1.75
3491577;2026-09-03;PLC09;AL COSTO;ProdBEBIDAS_LACT;Leche en polvo Purisima 500gr;6.89
3781436;2026-09-29;PLC09;AL COSTO;ProdBEBIDAS_LACT;LECHE  DESLACTOSADA LIQUIDA PURISIMA;2.69
3781454;2026-09-29;PLC09;AL COSTO;ProdBEBIDAS_LACT;LECHE EN POLVO PURISIMA 200GR;3.49
3781455;2026-09-29;PLC09;AL COSTO;ProdBEBIDAS_LACT;LECHE EN POLVO PURISIMA 400GR;6.85
3781456;2026-09-29;PLC09;AL COSTO;ProdBEBIDAS_LACT;LECHE EN POLVO PURISIMA 900GR;13.69
3781445;2026-09-29;PLC09;AL COSTO;ProdBEBIDAS;NECTAR PERA 1L TUNAL;1.89
3645016;2026-09-17;PLC09;AL COSTO;ProdBEBIDAS;NARANJADA 1L TUNAL;0.75
3781448;2026-09-29;PLC09;AL COSTO;ProdBEBIDAS;NECTAR DURAZNO 200 ML TUNAL;0.75
3667660;2026-09-17;BQTO04;COMERCIAL ORQUIDEA;ProdBEBIDAS_LACT;LECHE COMPLETA LIQUIDA PURISIMA;2.6
3667663;2026-09-17;BQTO04;COMERCIAL ORQUIDEA;ProdBEBIDAS_LACT;LECHE DESCREMADA LIQUIDA PURISIMA;2.6
3667666;2026-09-17;BQTO04;COMERCIAL ORQUIDEA;ProdBEBIDAS_LACT;LECHE  DESLACTOSADA LIQUIDA PURISIMA;2.7
3667688;2026-09-17;BQTO04;COMERCIAL ORQUIDEA;ProdBEBIDAS;NARANJADA 1L TUNAL;2.8
3667693;2026-09-17;BQTO04;COMERCIAL ORQUIDEA;ProdBEBIDAS;NECTAR MANZANA 1L TUNAL;2.35
3667695;2026-09-17;BQTO04;COMERCIAL ORQUIDEA;ProdBEBIDAS;NECTAR PERA 1L TUNAL;2.35
3667698;2026-09-17;BQTO04;COMERCIAL ORQUIDEA;ProdBEBIDAS;NECTAR DURAZNO 1L TUNAL;2.35
3667703;2026-09-17;BQTO04;COMERCIAL ORQUIDEA;ProdBEBIDAS;TE DURAZNO 1L TUNAL;2.2
3667705;2026-09-17;BQTO04;COMERCIAL ORQUIDEA;ProdBEBIDAS;TE LIMON 1L TUNAL;2.2
3545671;2026-09-09;CCS04;CENTRAL MADEIRENSE SANTA MARTA;ProdBEBIDAS_LACT;LECHE BARISTA PURISIMA;3.55
3545667;2026-09-09;CCS04;CENTRAL MADEIRENSE SANTA MARTA;ProdBEBIDAS_LACT;LECHE COMPLETA LIQUIDA PURISIMA;2.75
3545668;2026-09-09;CCS04;CENTRAL MADEIRENSE SANTA MARTA;ProdBEBIDAS_LACT;LECHE DESCREMADA LIQUIDA PURISIMA;2.65
3545669;2026-09-09;CCS04;CENTRAL MADEIRENSE SANTA MARTA;ProdBEBIDAS_LACT;LECHE  DESLACTOSADA LIQUIDA PURISIMA;2.79
3545659;2026-09-09;CCS04;CENTRAL MADEIRENSE SANTA MARTA;ProdBEBIDAS;NARANJADA 1L TUNAL;3.38
3545660;2026-09-09;CCS04;CENTRAL MADEIRENSE SANTA MARTA;ProdBEBIDAS;NECTAR DURAZNO 1L TUNAL;2.63
3545661;2026-09-09;CCS04;CENTRAL MADEIRENSE SANTA MARTA;ProdBEBIDAS;NECTAR MANZANA 1L TUNAL;2.63
3545662;2026-09-09;CCS04;CENTRAL MADEIRENSE SANTA MARTA;ProdBEBIDAS;NECTAR PERA 1L TUNAL;2.63
3545665;2026-09-09;CCS04;CENTRAL MADEIRENSE SANTA MARTA;ProdBEBIDAS;TE DURAZNO 1L TUNAL;2.63
3545666;2026-09-09;CCS04;CENTRAL MADEIRENSE SANTA MARTA;ProdBEBIDAS;TE LIMON 1L TUNAL;2.63
3545685;2026-09-09;CCS04;CENTRAL MADEIRENSE SANTA MARTA;ProdEMBUTIDOS;SALCHICHA TIPO VIENA 800GR (24unid) ALIMEX;12.35
3545686;2026-09-09;CCS04;CENTRAL MADEIRENSE SANTA MARTA;ProdEMBUTIDOS;SALCHICHA TIPO VIENA 450GR (22unid) ALIMEX;7.19
3545687;2026-09-09;CCS04;CENTRAL MADEIRENSE SANTA MARTA;ProdEMBUTIDOS;SALCHICHA TIPO VIENA 225G (11unid) ALIMEX;3.93
3545688;2026-09-09;CCS04;CENTRAL MADEIRENSE SANTA MARTA;ProdDERIV_LACTEOS;CREMA DE LECHE DE 500GR PURISIMA;6.62
3545690;2026-09-09;CCS04;CENTRAL MADEIRENSE SANTA MARTA;ProdDERIV_LACTEOS;MANTEQUILLA PURISIMA SIN SAL 200G PURISIMA;6.13
3545691;2026-09-09;CCS04;CENTRAL MADEIRENSE SANTA MARTA;ProdDERIV_LACTEOS;MANTEQUILLA PURISIMA CON SAL 200G PURISIMA;6.61
3545689;2026-09-09;CCS04;CENTRAL MADEIRENSE SANTA MARTA;ProdDERIV_LACTEOS;CREMA DE LECHE DE 250GR PURISIMA;3.95
3465765;2026-09-01;BQTO08;GRUPO CASA DULCE;ProdBEBIDAS_LACT;Leche en polvo Purisima 500gr;6.63
3465766;2026-09-01;BQTO08;GRUPO CASA DULCE;ProdBEBIDAS_LACT;Leche en polvo Purisima 1kg;14.16
3465767;2026-09-01;BQTO08;GRUPO CASA DULCE;ProdBEBIDAS_LACT;LECHE COMPLETA LIQUIDA PURISIMA;2.45
3465768;2026-09-01;BQTO08;GRUPO CASA DULCE;ProdBEBIDAS_LACT;LECHE BARISTA PURISIMA;2.54
3465769;2026-09-01;BQTO08;GRUPO CASA DULCE;ProdBEBIDAS_LACT;LECHE COMPLETA BARISTA LIQUIDA PURISIMA;2.85
3465770;2026-09-01;BQTO08;GRUPO CASA DULCE;ProdDERIV_LACTEOS;MANTEQUILLA PURISIMA SIN SAL 200G PURISIMA;4.59
3465771;2026-09-01;BQTO08;GRUPO CASA DULCE;ProdDERIV_LACTEOS;MANTEQUILLA PURISIMA CON SAL 200G PURISIMA;4.96
3789970;2026-09-30;VLC01;KROMI PORTACHUELA;ProdBEBIDAS;TE LIMON 1L TUNAL;2.25
3474100;2026-09-02;VLC01;KROMI PORTACHUELA;ProdBEBIDAS;NECTAR MANZANA 1L TUNAL;2.3
3728861;2026-09-24;VLC01;KROMI PORTACHUELA;ProdBEBIDAS;NECTAR PERA 1L TUNAL;2.3
3474104;2026-09-02;VLC01;KROMI PORTACHUELA;ProdBEBIDAS;JUGO NARANJA LIGTH 1 LITRO TUNAL;2.4
3474106;2026-09-02;VLC01;KROMI PORTACHUELA;ProdBEBIDAS;NECTAR PERA LIGHT 1 LITRO TUNAL;2.4
3789968;2026-09-30;VLC01;KROMI PORTACHUELA;ProdBEBIDAS;NECTAR PERA 200 ML TUNAL;2.6
3789967;2026-09-30;VLC01;KROMI PORTACHUELA;ProdBEBIDAS;NARANJADA  200 ML TUNAL;2.64
3474112;2026-09-02;VLC01;KROMI PORTACHUELA;ProdBEBIDAS;NECTAR MANZANA 200 ML TUNAL;2.6
3789969;2026-09-30;VLC01;KROMI PORTACHUELA;ProdBEBIDAS;NECTAR DURAZNO 200 ML TUNAL;2.6
3474152;2026-09-02;VLC01;KROMI PORTACHUELA;ProdBEBIDAS_LACT;Leche en polvo Purisima 500gr;6.2
3474154;2026-09-02;VLC01;KROMI PORTACHUELA;ProdBEBIDAS_LACT;Leche en polvo Purisima 1kg;12.7
3789949;2026-09-30;VLC01;KROMI PORTACHUELA;ProdBEBIDAS_LACT;LECHE BARISTA PURISIMA;3.25
3789950;2026-09-30;VLC01;KROMI PORTACHUELA;ProdBEBIDAS_LACT;LECHE  DESLACTOSADA LIQUIDA PURISIMA;2.61
3789951;2026-09-30;VLC01;KROMI PORTACHUELA;ProdBEBIDAS_LACT;LECHE DESCREMADA LIQUIDA PURISIMA;2.41
3789952;2026-09-30;VLC01;KROMI PORTACHUELA;ProdBEBIDAS_LACT;LECHE COMPLETA LIQUIDA PURISIMA;2.66
3789960;2026-09-30;VLC01;KROMI PORTACHUELA;ProdDERIV_LACTEOS;MANTEQUILLA PURISIMA CON SAL 200G PURISIMA;6.1
3789959;2026-09-30;VLC01;KROMI PORTACHUELA;ProdDERIV_LACTEOS;MANTEQUILLA PURISIMA SIN SAL 200G PURISIMA;5.65
3789985;2026-09-30;VLC01;KROMI PORTACHUELA;ProdDERIV_LACTEOS;CREMA DE LECHE DE 500GR PURISIMA;5.51
3789984;2026-09-30;VLC01;KROMI PORTACHUELA;ProdDERIV_LACTEOS;CREMA DE LECHE DE 250GR PURISIMA;3.26
3789981;2026-09-30;VLC01;KROMI PORTACHUELA;ProdEMBUTIDOS;SALCHICHA TIPO VIENA 800GR (24unid) ALIMEX;9.35
3789980;2026-09-30;VLC01;KROMI PORTACHUELA;ProdEMBUTIDOS;SALCHICHA TIPO VIENA 450GR (22unid) ALIMEX;5.45
3789979;2026-09-30;VLC01;KROMI PORTACHUELA;ProdEMBUTIDOS;SALCHICHA TIPO VIENA 225G (11unid) ALIMEX;3.34
3728886;2026-09-24;VLC01;KROMI PORTACHUELA;ProdHUEVOS;HUEVO TIPO  GRANEL 30 UND TUNAL;6.09
3474206;2026-09-02;VLC01;KROMI PORTACHUELA;ProdHUEVOS;HUEVO EMPACADO- ESTUCHADO 1X6 TUNAL;1.18
3728889;2026-09-24;VLC01;KROMI PORTACHUELA;ProdHUEVOS;HUEVO EMPACADO- ESTUCHADO 15 und TUNAL;3.24
3728888;2026-09-24;VLC01;KROMI PORTACHUELA;ProdHUEVOS;HUEVO EMPACADO- ESTUCHADO 1X12 TUNAL;2.45
3728887;2026-09-24;VLC01;KROMI PORTACHUELA;ProdHUEVOS;HUEVO EMPACADO- 1X12 PLASTICO TUNAL;2.45
3789940;2026-09-30;VLC01;KROMI PORTACHUELA;ProdDERIV_LACTEOS;Queso amarillo Purisima semimadurado disco 500gr;26.2
3474215;2026-09-02;VLC01;KROMI PORTACHUELA;ProdDERIV_LACTEOS;QUESO DE CABRA 500G PURISIMA;15.5
3728860;2026-09-24;VLC01;KROMI PORTACHUELA;ProdBEBIDAS;NARANJADA 1L TUNAL;2.95
3728892;2026-09-24;VLC01;KROMI PORTACHUELA;ProdBEBIDAS_LACT;LECHE EN POLVO PURISIMA 900GR;12.7
3728893;2026-09-24;VLC01;KROMI PORTACHUELA;ProdBEBIDAS_LACT;LECHE EN POLVO PURISIMA 400GR;6.2
3728903;2026-09-24;VLC01;KROMI PORTACHUELA;ProdJAMONERIA;JAMON AREPERO AHUMADO;13.65
3728909;2026-09-24;VLC01;KROMI PORTACHUELA;ProdJAMONERIA;JAMON PIERNA ALIMEX 98% 5.9kg;11.65
3728910;2026-09-24;VLC01;KROMI PORTACHUELA;ProdJAMONERIA;JAMON AHUMADO VISKING ITALICO 3.5 KG;11.25
3789944;2026-09-30;VLC01;KROMI PORTACHUELA;ProdEMBUTIDOS;MORTADELA TAPARA Alimex;12.2
3789943;2026-09-30;VLC01;KROMI PORTACHUELA;ProdJAMONERIA;JAMON AHUMADO VISKING ALIMEX 3.3 KG;8.99
3563870;2026-09-10;CCS07;PARAMO GUATIRE;ProdBEBIDAS_LACT;LECHE EN POLVO PURISIMA 900GR;13.46
3563866;2026-09-10;CCS07;PARAMO GUATIRE;ProdBEBIDAS_LACT;LECHE COMPLETA LIQUIDA PURISIMA;2.42
3563868;2026-09-10;CCS07;PARAMO GUATIRE;ProdBEBIDAS_LACT;LECHE  DESLACTOSADA LIQUIDA PURISIMA;2.51
3563867;2026-09-10;CCS07;PARAMO GUATIRE;ProdBEBIDAS_LACT;LECHE DESCREMADA LIQUIDA PURISIMA;2.38
3494477;2026-09-03;CCS07;PARAMO GUATIRE;ProdBEBIDAS_LACT;Leche en polvo Purisima 1kg;13.46
3775350;2026-09-29;CCS07;PARAMO GUATIRE;ProdBEBIDAS;TE LIMON 1L TUNAL;2.34
3775351;2026-09-29;CCS07;PARAMO GUATIRE;ProdBEBIDAS;TE LIMON 500ML TUNAL;1.29
3537434;2026-09-08;CCS07;PARAMO GUATIRE;ProdBEBIDAS;NARANJADA  500 ML TUNAL;1.96
3537436;2026-09-08;CCS07;PARAMO GUATIRE;ProdBEBIDAS;NECTAR DURAZNO 500 ML TUNAL;1.53
3775352;2026-09-29;CCS07;PARAMO GUATIRE;ProdBEBIDAS;NECTAR PERA LIGHT 1 LITRO TUNAL;2.49
3537440;2026-09-08;CCS07;PARAMO GUATIRE;ProdBEBIDAS;NARANJADA 1L TUNAL;3.03
3775353;2026-09-29;CCS07;PARAMO GUATIRE;ProdBEBIDAS;NECTAR MANZANA 1L TUNAL;2.34
3775354;2026-09-29;CCS07;PARAMO GUATIRE;ProdBEBIDAS;NECTAR PERA 1L TUNAL;2.37
3775355;2026-09-29;CCS07;PARAMO GUATIRE;ProdBEBIDAS;NECTAR DURAZNO 1L TUNAL;2.32
3775366;2026-09-29;CCS07;PARAMO GUATIRE;ProdDERIV_LACTEOS;MANTEQUILLA PURISIMA CON SAL 200G PURISIMA;5.94
3775365;2026-09-29;CCS07;PARAMO GUATIRE;ProdDERIV_LACTEOS;MANTEQUILLA PURISIMA SIN SAL 200G PURISIMA;5.59
3775363;2026-09-29;CCS07;PARAMO GUATIRE;ProdDERIV_LACTEOS;CREMA DE LECHE DE 500GR PURISIMA;6.41
3775364;2026-09-29;CCS07;PARAMO GUATIRE;ProdDERIV_LACTEOS;CREMA DE LECHE DE 250GR PURISIMA;3.72
3775374;2026-09-29;CCS07;PARAMO GUATIRE;ProdDERIV_LACTEOS;QUESO DE CABRA 500G PURISIMA;18.55
3775373;2026-09-29;CCS07;PARAMO GUATIRE;ProdDERIV_LACTEOS;Queso amarillo Purisima semimadurado disco 500gr;29.68
3775376;2026-09-29;CCS07;PARAMO GUATIRE;ProdEMBUTIDOS;MORTADELA CCS DE CARNES 900G;4.19
3775381;2026-09-29;CCS07;PARAMO GUATIRE;ProdEMBUTIDOS;SALCHICHA TIPO VIENA 225G (11unid) ALIMEX;3.48
3537430;2026-09-08;CCS07;PARAMO GUATIRE;ProdBEBIDAS;TE DURAZNO 500ML TUNAL;1.29
3537446;2026-09-08;CCS07;PARAMO GUATIRE;ProdBEBIDAS;NARANJADA  200 ML TUNAL;2.74
3537447;2026-09-08;CCS07;PARAMO GUATIRE;ProdBEBIDAS;NECTAR PERA 200 ML TUNAL;2.69
3537448;2026-09-08;CCS07;PARAMO GUATIRE;ProdBEBIDAS;NECTAR DURAZNO 200 ML TUNAL;2.69
3775389;2026-09-29;CCS07;PARAMO GUATIRE;ProdDERIV_LACTEOS;Queso amarillo Purisima semimadurado barra;29.68
3537474;2026-09-08;CCS07;PARAMO GUATIRE;ProdEMBUTIDOS;SALCHICHA TIPO VIENA 450GR (22unid) ALIMEX;6.37
3775382;2026-09-29;CCS07;PARAMO GUATIRE;ProdEMBUTIDOS;SALCHICHA TIPO VIENA 800GR (24unid) ALIMEX;10.96
3775390;2026-09-29;CCS07;PARAMO GUATIRE;ProdEMBUTIDOS;MORTADELA TAPARA Alimex;12.79
3775391;2026-09-29;CCS07;PARAMO GUATIRE;ProdJAMONERIA;JAMON AHUMADO VISKING ALIMEX 3.3 KG;11.23
3775394;2026-09-29;CCS07;PARAMO GUATIRE;ProdJAMONERIA;JAMON DE ESPALDA ALIMEX 4.4KG;10.93
3775395;2026-09-29;CCS07;PARAMO GUATIRE;ProdJAMONERIA;JAMON PIERNA ALIMEX 98% 5.9kg;12.28
3649931;2026-09-17;BQTO01;MI SUPER AV 21;ProdDERIV_LACTEOS;CREMA DE LECHE DE 500GR PURISIMA;5.73
3649934;2026-09-17;BQTO01;MI SUPER AV 21;ProdDERIV_LACTEOS;CREMA DE LECHE DE 250GR PURISIMA;3.38
3649937;2026-09-17;BQTO01;MI SUPER AV 21;ProdDERIV_LACTEOS;MANTEQUILLA PURISIMA SIN SAL 200G PURISIMA;5.38
3649940;2026-09-17;BQTO01;MI SUPER AV 21;ProdDERIV_LACTEOS;MANTEQUILLA PURISIMA CON SAL 200G PURISIMA;5.82
3496665;2026-09-03;BQTO01;MI SUPER AV 21;ProdBEBIDAS_LACT;LECHE COMPLETA LIQUIDA PURISIMA;2.8
3496668;2026-09-03;BQTO01;MI SUPER AV 21;ProdBEBIDAS_LACT;LECHE DESCREMADA LIQUIDA PURISIMA;2.74
3496670;2026-09-03;BQTO01;MI SUPER AV 21;ProdBEBIDAS_LACT;LECHE  DESLACTOSADA LIQUIDA PURISIMA;2.9
3496671;2026-09-03;BQTO01;MI SUPER AV 21;ProdBEBIDAS;NARANJADA 1L TUNAL;2.96
3496673;2026-09-03;BQTO01;MI SUPER AV 21;ProdBEBIDAS;NECTAR DURAZNO 1L TUNAL;2.31
3496676;2026-09-03;BQTO01;MI SUPER AV 21;ProdBEBIDAS;NECTAR PERA 1L TUNAL;2.31
3649963;2026-09-17;BQTO01;MI SUPER AV 21;ProdBEBIDAS;NECTAR MANZANA LIGHT 1 LITRO TUNAL;2.42
3496678;2026-09-03;BQTO01;MI SUPER AV 21;ProdBEBIDAS;TE DURAZNO 1L TUNAL;2.27
3496680;2026-09-03;BQTO01;MI SUPER AV 21;ProdBEBIDAS;TE LIMON 1L TUNAL;2.27
3496682;2026-09-03;BQTO01;MI SUPER AV 21;ProdBEBIDAS;TE FRUTOS ROJOS 1L TUNAL;2.27
3684116;2026-09-16;MCY05;VIVERES CARIBE;ProdBEBIDAS;NARANJADA 1L TUNAL;2.45
3684118;2026-09-16;MCY05;VIVERES CARIBE;ProdBEBIDAS;NECTAR MANZANA 1L TUNAL;1.95
3717469;2026-09-23;MCY05;VIVERES CARIBE;ProdBEBIDAS;NECTAR DURAZNO 1L TUNAL;1.95
3684110;2026-09-16;MCY05;VIVERES CARIBE;ProdBEBIDAS_LACT;LECHE COMPLETA LIQUIDA PURISIMA;2.32
3684114;2026-09-16;MCY05;VIVERES CARIBE;ProdBEBIDAS_LACT;LECHE DESCREMADA LIQUIDA PURISIMA;2.5
3684112;2026-09-16;MCY05;VIVERES CARIBE;ProdBEBIDAS_LACT;LECHE  DESLACTOSADA LIQUIDA PURISIMA;2.46
3684120;2026-09-16;MCY05;VIVERES CARIBE;ProdBEBIDAS;NECTAR PERA 1L TUNAL;1.95
3633955;2026-09-16;BQTO06;SUPERMERCADO GRAN OFERTA TUREN;ProdBEBIDAS_LACT;LECHE COMPLETA LIQUIDA PURISIMA;2.6
3633958;2026-09-16;BQTO06;SUPERMERCADO GRAN OFERTA TUREN;ProdBEBIDAS_LACT;LECHE DESCREMADA LIQUIDA PURISIMA;2.55
3633961;2026-09-16;BQTO06;SUPERMERCADO GRAN OFERTA TUREN;ProdBEBIDAS_LACT;LECHE  DESLACTOSADA LIQUIDA PURISIMA;2.7
3633934;2026-09-16;BQTO06;SUPERMERCADO GRAN OFERTA TUREN;ProdBEBIDAS;NECTAR MANZANA 1L TUNAL;2.3
3633937;2026-09-16;BQTO06;SUPERMERCADO GRAN OFERTA TUREN;ProdBEBIDAS;NECTAR PERA 1L TUNAL;2.3
3633940;2026-09-16;BQTO06;SUPERMERCADO GRAN OFERTA TUREN;ProdBEBIDAS;NECTAR MANZANA 200 ML TUNAL;2.6
3633944;2026-09-16;BQTO06;SUPERMERCADO GRAN OFERTA TUREN;ProdBEBIDAS;NECTAR PERA 200 ML TUNAL;2.6
3482041;2026-09-02;BQTO06;SUPERMERCADO GRAN OFERTA TUREN;ProdEMBUTIDOS;MORTADELA CCS DE CARNES 500G;1.9
3482044;2026-09-02;BQTO06;SUPERMERCADO GRAN OFERTA TUREN;ProdEMBUTIDOS;MORTADELA CCS DE CARNES 900G;3.2
3482051;2026-09-02;BQTO06;SUPERMERCADO GRAN OFERTA TUREN;ProdEMBUTIDOS;SALCHICHA TIPO VIENA 800GR (24unid) ALIMEX;9.85
3482055;2026-09-02;BQTO06;SUPERMERCADO GRAN OFERTA TUREN;ProdDERIV_LACTEOS;MANTEQUILLA PURISIMA CON SAL 200G PURISIMA;5.5
3482060;2026-09-02;BQTO06;SUPERMERCADO GRAN OFERTA TUREN;ProdEMBUTIDOS;CHORIZO DE CERDO PICANTE PARRILLERO ALIMEX;4
3565554;2026-09-10;CCS11;AUTOMERCADO PUNTA DEL SOL;ProdBEBIDAS;NECTAR PERA 1L TUNAL;2.32
3565566;2026-09-10;CCS11;AUTOMERCADO PUNTA DEL SOL;ProdEMBUTIDOS;SALCHICHA TIPO COCTEL 450 GR ALIMEX;11.05
3565563;2026-09-10;CCS11;AUTOMERCADO PUNTA DEL SOL;ProdDERIV_LACTEOS;MANTEQUILLA PURISIMA SIN SAL 200G PURISIMA;5.06
3565564;2026-09-10;CCS11;AUTOMERCADO PUNTA DEL SOL;ProdDERIV_LACTEOS;MANTEQUILLA PURISIMA CON SAL 200G PURISIMA;5.06
3565574;2026-09-10;CCS11;AUTOMERCADO PUNTA DEL SOL;ProdEMBUTIDOS;MORTADELA CCS DE CARNES 900G;3.18
3565576;2026-09-10;CCS11;AUTOMERCADO PUNTA DEL SOL;ProdJAMONERIA;JAMON PIERNA ALIMEX 98% 5.9kg;10.53
3489602;2026-09-03;CCS11;AUTOMERCADO PUNTA DEL SOL;ProdEMBUTIDOS;TOCINETA AHUMADA SIN CUERO 3.5KG ALIMEX;16.02
3565571;2026-09-10;CCS11;AUTOMERCADO PUNTA DEL SOL;ProdEMBUTIDOS;SALCHICHA TIPO VIENA 225G (11unid) ALIMEX;3.03
3565572;2026-09-10;CCS11;AUTOMERCADO PUNTA DEL SOL;ProdEMBUTIDOS;SALCHICHA TIPO VIENA 450GR (22unid) ALIMEX;5.24
3489458;2026-09-03;CCS11;AUTOMERCADO PUNTA DEL SOL;ProdBEBIDAS_LACT;LECHE COMPLETA LIQUIDA PURISIMA;2.5
3565555;2026-09-10;CCS11;AUTOMERCADO PUNTA DEL SOL;ProdBEBIDAS_LACT;LECHE DESCREMADA LIQUIDA PURISIMA;2.5
3565556;2026-09-10;CCS11;AUTOMERCADO PUNTA DEL SOL;ProdBEBIDAS_LACT;LECHE  DESLACTOSADA LIQUIDA PURISIMA;2.6
3489461;2026-09-03;CCS11;AUTOMERCADO PUNTA DEL SOL;ProdBEBIDAS;NECTAR MANZANA 1L TUNAL;2.32
3565558;2026-09-10;CCS11;AUTOMERCADO PUNTA DEL SOL;ProdBEBIDAS_LACT;Leche en polvo Purisima 1kg;14.53
3565553;2026-09-10;CCS11;AUTOMERCADO PUNTA DEL SOL;ProdBEBIDAS;NARANJADA 1L TUNAL;2.32
3568417;2026-09-10;PTO04;AUTOMERADDO MODA CHINA;ProdBEBIDAS_LACT;LECHE COMPLETA LIQUIDA PURISIMA;2.75
3568418;2026-09-10;PTO04;AUTOMERADDO MODA CHINA;ProdBEBIDAS_LACT;LECHE DESCREMADA LIQUIDA PURISIMA;3.08
3568419;2026-09-10;PTO04;AUTOMERADDO MODA CHINA;ProdBEBIDAS_LACT;LECHE  DESLACTOSADA LIQUIDA PURISIMA;2.96
3568426;2026-09-10;PTO04;AUTOMERADDO MODA CHINA;ProdEMBUTIDOS;MORTADELA CCS DE CARNES 500G;1.89
3568427;2026-09-10;PTO04;AUTOMERADDO MODA CHINA;ProdEMBUTIDOS;MORTADELA CCS DE CARNES 900G;3.07
3568400;2026-09-10;PTO04;AUTOMERADDO MODA CHINA;ProdBEBIDAS_LACT;LECHE EN POLVO PURISIMA 200GR;3.88
3568401;2026-09-10;PTO04;AUTOMERADDO MODA CHINA;ProdBEBIDAS_LACT;LECHE EN POLVO PURISIMA 400GR;7.63
3568402;2026-09-10;PTO04;AUTOMERADDO MODA CHINA;ProdBEBIDAS_LACT;LECHE EN POLVO PURISIMA 900GR;14.71
3568432;2026-09-10;PTO04;AUTOMERADDO MODA CHINA;ProdEMBUTIDOS;SALCHICHA TIPO VIENA 450GR (22unid) ALIMEX;5.36
3568437;2026-09-10;PTO04;AUTOMERADDO MODA CHINA;ProdDERIV_LACTEOS;MANTEQUILLA PURISIMA CON SAL 200G PURISIMA;6.79
3568431;2026-09-10;PTO04;AUTOMERADDO MODA CHINA;ProdEMBUTIDOS;SALCHICHA TIPO VIENA 225G (11unid) ALIMEX;3.47
3755783;2026-09-28;BQTO02;MI SUPERMARKERT EL LLANERO;ProdBEBIDAS_LACT;LECHE COMPLETA LIQUIDA PURISIMA;2.8
3755784;2026-09-28;BQTO02;MI SUPERMARKERT EL LLANERO;ProdBEBIDAS_LACT;LECHE DESCREMADA LIQUIDA PURISIMA;2.74
3755785;2026-09-28;BQTO02;MI SUPERMARKERT EL LLANERO;ProdBEBIDAS_LACT;LECHE  DESLACTOSADA LIQUIDA PURISIMA;2.9
3479088;2026-09-02;BQTO02;MI SUPERMARKERT EL LLANERO;ProdBEBIDAS;NECTAR DURAZNO 1L TUNAL;2.31
3755788;2026-09-28;BQTO02;MI SUPERMARKERT EL LLANERO;ProdBEBIDAS;NECTAR MANZANA 1L TUNAL;2.31
3755787;2026-09-28;BQTO02;MI SUPERMARKERT EL LLANERO;ProdBEBIDAS;NARANJADA 1L TUNAL;2.96
3755789;2026-09-28;BQTO02;MI SUPERMARKERT EL LLANERO;ProdBEBIDAS;NECTAR PERA 1L TUNAL;2.31
3755790;2026-09-28;BQTO02;MI SUPERMARKERT EL LLANERO;ProdBEBIDAS;TE LIMON 1L TUNAL;2.27
3755791;2026-09-28;BQTO02;MI SUPERMARKERT EL LLANERO;ProdDERIV_LACTEOS;CREMA DE LECHE DE 500GR PURISIMA;5.73
3755792;2026-09-28;BQTO02;MI SUPERMARKERT EL LLANERO;ProdDERIV_LACTEOS;CREMA DE LECHE DE 250GR PURISIMA;3.38
3755793;2026-09-28;BQTO02;MI SUPERMARKERT EL LLANERO;ProdDERIV_LACTEOS;MANTEQUILLA PURISIMA SIN SAL 200G PURISIMA;5.38
3755794;2026-09-28;BQTO02;MI SUPERMARKERT EL LLANERO;ProdDERIV_LACTEOS;MANTEQUILLA PURISIMA CON SAL 200G PURISIMA;5.53
3479102;2026-09-02;BQTO02;MI SUPERMARKERT EL LLANERO;ProdEMBUTIDOS;TOCINETA AHUMADA SIN CUERO 3.5KG ALIMEX;10.67
3795313;2026-09-30;BQTO02;MI SUPERMARKERT EL LLANERO;ProdEMBUTIDOS;SALCHICHA TIPO VIENA 450GR (22unid) ALIMEX;6.21
3479104;2026-09-02;BQTO02;MI SUPERMARKERT EL LLANERO;ProdEMBUTIDOS;SALCHICHA TIPO VIENA 225G (11unid) ALIMEX;3.38
3479105;2026-09-02;BQTO02;MI SUPERMARKERT EL LLANERO;ProdEMBUTIDOS;MORTADELA CCS DE CARNES 900G;3.47
3479106;2026-09-02;BQTO02;MI SUPERMARKERT EL LLANERO;ProdDERIV_LACTEOS;QUESO DE CABRA 500G PURISIMA;19.14
3755786;2026-09-28;BQTO02;MI SUPERMARKERT EL LLANERO;ProdBEBIDAS_LACT;LECHE BARISTA PURISIMA;2.94
3795312;2026-09-30;BQTO02;MI SUPERMARKERT EL LLANERO;ProdEMBUTIDOS;SALCHICHA TIPO VIENA 800GR (24unid) ALIMEX;10.67
3795322;2026-09-30;BQTO02;MI SUPERMARKERT EL LLANERO;ProdBEBIDAS;TE FRUTOS ROJOS 1L TUNAL;2.29
3687059;2026-09-22;MCY02;HIPER MODELO;ProdBEBIDAS_LACT;LECHE EN POLVO PURISIMA 900GR;16.89
3687060;2026-09-22;MCY02;HIPER MODELO;ProdDERIV_LACTEOS;MANTEQUILLA PURISIMA CON SAL 200G PURISIMA;6.93
3687062;2026-09-22;MCY02;HIPER MODELO;ProdDERIV_LACTEOS;CREMA DE LECHE DE 500GR PURISIMA;6.51
3687063;2026-09-22;MCY02;HIPER MODELO;ProdDERIV_LACTEOS;CREMA DE LECHE DE 250GR PURISIMA;3.84
3687064;2026-09-22;MCY02;HIPER MODELO;ProdBEBIDAS;NARANJADA 1L TUNAL;3.19
3687065;2026-09-22;MCY02;HIPER MODELO;ProdBEBIDAS;NECTAR PERA 1L TUNAL;2.49
3455734;2026-09-01;MCY02;HIPER MODELO;ProdBEBIDAS_LACT;LECHE COMPLETA LIQUIDA PURISIMA;3.25
3687068;2026-09-22;MCY02;HIPER MODELO;ProdBEBIDAS_LACT;LECHE DESCREMADA LIQUIDA PURISIMA;3.19
3687069;2026-09-22;MCY02;HIPER MODELO;ProdBEBIDAS_LACT;LECHE  DESLACTOSADA LIQUIDA PURISIMA;3.36
3455729;2026-09-01;MCY02;HIPER MODELO;ProdBEBIDAS;NECTAR DURAZNO 1L TUNAL;2.49
3481839;2026-09-02;BQTO01;FRIG SANTA ELENA;ProdBEBIDAS_LACT;LECHE COMPLETA LIQUIDA PURISIMA;0
3481841;2026-09-02;BQTO01;FRIG SANTA ELENA;ProdBEBIDAS_LACT;LECHE DESCREMADA LIQUIDA PURISIMA;0
3481843;2026-09-02;BQTO01;FRIG SANTA ELENA;ProdBEBIDAS_LACT;LECHE  DESLACTOSADA LIQUIDA PURISIMA;0
3632774;2026-09-16;BQTO01;FRIG SANTA ELENA;ProdBEBIDAS;NARANJADA 1L TUNAL;0
3632782;2026-09-16;BQTO01;FRIG SANTA ELENA;ProdBEBIDAS;NECTAR MANZANA 1L TUNAL;0
3481851;2026-09-02;BQTO01;FRIG SANTA ELENA;ProdBEBIDAS;NECTAR PERA 1L TUNAL;0
3632779;2026-09-16;BQTO01;FRIG SANTA ELENA;ProdBEBIDAS;NECTAR DURAZNO 1L TUNAL;0
3632785;2026-09-16;BQTO01;FRIG SANTA ELENA;ProdBEBIDAS;JUGO NARANJA LIGTH 1 LITRO TUNAL;0
3632787;2026-09-16;BQTO01;FRIG SANTA ELENA;ProdBEBIDAS;NECTAR PERA LIGHT 1 LITRO TUNAL;0
3632789;2026-09-16;BQTO01;FRIG SANTA ELENA;ProdBEBIDAS;TE DURAZNO 1L TUNAL;0
3632791;2026-09-16;BQTO01;FRIG SANTA ELENA;ProdBEBIDAS;TE LIMON 1L TUNAL;0
3632794;2026-09-16;BQTO01;FRIG SANTA ELENA;ProdBEBIDAS;TE FRUTOS ROJOS 1L TUNAL;0
3680164;2026-09-17;MCY01;LUXOR LA VICTORIA (UNA VEZ POR MES);ProdBEBIDAS_LACT;LECHE COMPLETA LIQUIDA PURISIMA;2.29
3680165;2026-09-17;MCY01;LUXOR LA VICTORIA (UNA VEZ POR MES);ProdBEBIDAS_LACT;LECHE DESCREMADA LIQUIDA PURISIMA;2.29
3680166;2026-09-17;MCY01;LUXOR LA VICTORIA (UNA VEZ POR MES);ProdBEBIDAS_LACT;LECHE  DESLACTOSADA LIQUIDA PURISIMA;2.55
3680172;2026-09-17;MCY01;LUXOR LA VICTORIA (UNA VEZ POR MES);ProdBEBIDAS;NARANJADA 1L TUNAL;2.85
3680173;2026-09-17;MCY01;LUXOR LA VICTORIA (UNA VEZ POR MES);ProdBEBIDAS;NECTAR DURAZNO 1L TUNAL;2.15
3680174;2026-09-17;MCY01;LUXOR LA VICTORIA (UNA VEZ POR MES);ProdBEBIDAS;NECTAR MANZANA 1L TUNAL;2.15
3680175;2026-09-17;MCY01;LUXOR LA VICTORIA (UNA VEZ POR MES);ProdBEBIDAS;NECTAR PERA 1L TUNAL;2.15
3680176;2026-09-17;MCY01;LUXOR LA VICTORIA (UNA VEZ POR MES);ProdBEBIDAS;TE DURAZNO 1L TUNAL;2.31
3680177;2026-09-17;MCY01;LUXOR LA VICTORIA (UNA VEZ POR MES);ProdBEBIDAS;TE LIMON 1L TUNAL;2.31
3680178;2026-09-17;MCY01;LUXOR LA VICTORIA (UNA VEZ POR MES);ProdBEBIDAS;TE FRUTOS ROJOS 1L TUNAL;2.31
3680179;2026-09-17;MCY01;LUXOR LA VICTORIA (UNA VEZ POR MES);ProdBEBIDAS;NECTAR PERA 500 ML TUNAL;1.39
3680180;2026-09-17;MCY01;LUXOR LA VICTORIA (UNA VEZ POR MES);ProdBEBIDAS;NECTAR MANZANA 500 ML TUNAL;1.39
3680181;2026-09-17;MCY01;LUXOR LA VICTORIA (UNA VEZ POR MES);ProdBEBIDAS;NECTAR DURAZNO 500 ML TUNAL;1.39
3680182;2026-09-17;MCY01;LUXOR LA VICTORIA (UNA VEZ POR MES);ProdBEBIDAS;NARANJADA  200 ML TUNAL;2.39
3680183;2026-09-17;MCY01;LUXOR LA VICTORIA (UNA VEZ POR MES);ProdBEBIDAS;NECTAR DURAZNO 200 ML TUNAL;2.39
3680184;2026-09-17;MCY01;LUXOR LA VICTORIA (UNA VEZ POR MES);ProdBEBIDAS;NECTAR MANZANA 200 ML TUNAL;2.39
3680185;2026-09-17;MCY01;LUXOR LA VICTORIA (UNA VEZ POR MES);ProdBEBIDAS;NECTAR PERA 200 ML TUNAL;2.39
3564129;2026-09-10;VLC04;LUXOR NAGUANAGUA;ProdDERIV_LACTEOS;MANTEQUILLA PURISIMA CON SAL 200G PURISIMA;6.38
3564130;2026-09-10;VLC04;LUXOR NAGUANAGUA;ProdDERIV_LACTEOS;MANTEQUILLA PURISIMA SIN SAL 200G PURISIMA;5.92
3564134;2026-09-10;VLC04;LUXOR NAGUANAGUA;ProdDERIV_LACTEOS;CREMA DE LECHE DE 500GR PURISIMA;6.3
3564139;2026-09-10;VLC04;LUXOR NAGUANAGUA;ProdEMBUTIDOS;SALCHICHA TIPO VIENA 450GR (22unid) ALIMEX;6.46
3564140;2026-09-10;VLC04;LUXOR NAGUANAGUA;ProdEMBUTIDOS;SALCHICHA TIPO VIENA 800GR (24unid) ALIMEX;11.08
3645400;2026-09-17;VLC04;LUXOR NAGUANAGUA;ProdEMBUTIDOS;CHORIZO DE CERDO PICANTE PARRILLERO ALIMEX;11.8
3564145;2026-09-10;VLC04;LUXOR NAGUANAGUA;ProdBEBIDAS_LACT;LECHE COMPLETA LIQUIDA PURISIMA;2.56
3564146;2026-09-10;VLC04;LUXOR NAGUANAGUA;ProdBEBIDAS_LACT;LECHE DESCREMADA LIQUIDA PURISIMA;2.51
3564147;2026-09-10;VLC04;LUXOR NAGUANAGUA;ProdBEBIDAS_LACT;LECHE  DESLACTOSADA LIQUIDA PURISIMA;2.78
3730272;2026-09-24;VLC04;LUXOR NAGUANAGUA;ProdBEBIDAS_LACT;LECHE EN POLVO PURISIMA 900GR;13.85
3730288;2026-09-24;VLC04;LUXOR NAGUANAGUA;ProdBEBIDAS;NARANJADA 1L TUNAL;2.45
3730289;2026-09-24;VLC04;LUXOR NAGUANAGUA;ProdBEBIDAS;NECTAR DURAZNO 1L TUNAL;2.33
3730290;2026-09-24;VLC04;LUXOR NAGUANAGUA;ProdBEBIDAS;NECTAR MANZANA 1L TUNAL;2.33
3730291;2026-09-24;VLC04;LUXOR NAGUANAGUA;ProdBEBIDAS;NECTAR PERA 1L TUNAL;2.33
3730292;2026-09-24;VLC04;LUXOR NAGUANAGUA;ProdBEBIDAS;TE DURAZNO 1L TUNAL;2.31
3730293;2026-09-24;VLC04;LUXOR NAGUANAGUA;ProdBEBIDAS;TE LIMON 1L TUNAL;2.31
3730294;2026-09-24;VLC04;LUXOR NAGUANAGUA;ProdBEBIDAS;TE FRUTOS ROJOS 1L TUNAL;2.31
3730295;2026-09-24;VLC04;LUXOR NAGUANAGUA;ProdBEBIDAS;NARANJADA  500 ML TUNAL;1.9
3730296;2026-09-24;VLC04;LUXOR NAGUANAGUA;ProdBEBIDAS;NECTAR DURAZNO 500 ML TUNAL;1.36
3730297;2026-09-24;VLC04;LUXOR NAGUANAGUA;ProdBEBIDAS;NECTAR MANZANA 500 ML TUNAL;1.36
3730298;2026-09-24;VLC04;LUXOR NAGUANAGUA;ProdBEBIDAS;NECTAR PERA 500 ML TUNAL;1.36
3730299;2026-09-24;VLC04;LUXOR NAGUANAGUA;ProdBEBIDAS;TE DURAZNO 500ML TUNAL;1.26
3730300;2026-09-24;VLC04;LUXOR NAGUANAGUA;ProdBEBIDAS;TE LIMON 500ML TUNAL;1.26
3730301;2026-09-24;VLC04;LUXOR NAGUANAGUA;ProdBEBIDAS;JUGO NARANJA LIGTH 1 LITRO TUNAL;2.45
3730302;2026-09-24;VLC04;LUXOR NAGUANAGUA;ProdBEBIDAS;NECTAR PERA LIGHT 1 LITRO TUNAL;2.44
3564133;2026-09-10;VLC04;LUXOR NAGUANAGUA;ProdDERIV_LACTEOS;CREMA DE LECHE DE 250GR PURISIMA;3.71
3564138;2026-09-10;VLC04;LUXOR NAGUANAGUA;ProdEMBUTIDOS;SALCHICHA TIPO VIENA 225G (11unid) ALIMEX;3.51
3564149;2026-09-10;VLC04;LUXOR NAGUANAGUA;ProdBEBIDAS_LACT;Leche en polvo Purisima 1kg;13.85
3606772;2026-09-15;CCS05;PLAN SUAREZ  TRINIDAD;ProdBEBIDAS;NARANJADA 1L TUNAL;3.03
3560585;2026-09-10;CCS05;PLAN SUAREZ  TRINIDAD;ProdBEBIDAS_LACT;LECHE COMPLETA LIQUIDA PURISIMA;2.55
3560586;2026-09-10;CCS05;PLAN SUAREZ  TRINIDAD;ProdBEBIDAS_LACT;LECHE DESCREMADA LIQUIDA PURISIMA;2.48
3560587;2026-09-10;CCS05;PLAN SUAREZ  TRINIDAD;ProdBEBIDAS_LACT;LECHE  DESLACTOSADA LIQUIDA PURISIMA;2.62
3640427;2026-09-17;CCS05;PLAN SUAREZ  TRINIDAD;ProdEMBUTIDOS;SALCHICHA TIPO VIENA 225G (11unid) ALIMEX;3.47
3640426;2026-09-17;CCS05;PLAN SUAREZ  TRINIDAD;ProdEMBUTIDOS;SALCHICHA TIPO VIENA 450GR (22unid) ALIMEX;6.38
3640425;2026-09-17;CCS05;PLAN SUAREZ  TRINIDAD;ProdEMBUTIDOS;SALCHICHA TIPO VIENA 800GR (24unid) ALIMEX;10.93
3640419;2026-09-17;CCS05;PLAN SUAREZ  TRINIDAD;ProdBEBIDAS_LACT;LECHE EN POLVO PURISIMA 900GR;13.03
3560595;2026-09-10;CCS05;PLAN SUAREZ  TRINIDAD;ProdDERIV_LACTEOS;CREMA DE LECHE DE 500GR PURISIMA;6.19
3560596;2026-09-10;CCS05;PLAN SUAREZ  TRINIDAD;ProdDERIV_LACTEOS;CREMA DE LECHE DE 250GR PURISIMA;3.65
3560599;2026-09-10;CCS05;PLAN SUAREZ  TRINIDAD;ProdDERIV_LACTEOS;MANTEQUILLA PURISIMA CON SAL 200G PURISIMA;6.15
3560600;2026-09-10;CCS05;PLAN SUAREZ  TRINIDAD;ProdDERIV_LACTEOS;MANTEQUILLA PURISIMA SIN SAL 200G PURISIMA;5.7
3640423;2026-09-17;CCS05;PLAN SUAREZ  TRINIDAD;ProdEMBUTIDOS;MORTADELA CCS DE CARNES 900G;3.56
3560591;2026-09-10;CCS05;PLAN SUAREZ  TRINIDAD;ProdDERIV_LACTEOS;QUESO DE CABRA 500G PURISIMA;18.17
3560592;2026-09-10;CCS05;PLAN SUAREZ  TRINIDAD;ProdDERIV_LACTEOS;Queso amarillo Purisima semimadurado disco 500gr;25.59
3560588;2026-09-10;CCS05;PLAN SUAREZ  TRINIDAD;ProdBEBIDAS_LACT;Leche en polvo Purisima 1kg;13.03
3667656;2026-09-17;BQTO04;Super market arce 2025;ProdBEBIDAS_LACT;LECHE COMPLETA LIQUIDA PURISIMA;2.55
3667658;2026-09-17;BQTO04;Super market arce 2025;ProdBEBIDAS_LACT;LECHE DESCREMADA LIQUIDA PURISIMA;2.5
3667674;2026-09-17;BQTO04;Super market arce 2025;ProdBEBIDAS;NECTAR PERA 1L TUNAL;2.3
3667678;2026-09-17;BQTO04;Super market arce 2025;ProdBEBIDAS;NECTAR DURAZNO 1L TUNAL;2.3
3667681;2026-09-17;BQTO04;Super market arce 2025;ProdBEBIDAS;TE DURAZNO 1L TUNAL;2.2
3667684;2026-09-17;BQTO04;Super market arce 2025;ProdBEBIDAS;TE LIMON 1L TUNAL;2.2
3760060;2026-09-23;MCY04;SUPERMERCADO CANALETO;ProdEMBUTIDOS;SALCHICHA TIPO VIENA 225G (11unid) ALIMEX;3.18
3486028;2026-09-02;MCY04;SUPERMERCADO CANALETO;ProdEMBUTIDOS;SALCHICHA TIPO VIENA 450GR (22unid) ALIMEX;6.39
3796249;2026-09-30;MCY04;SUPERMERCADO CANALETO;ProdDERIV_LACTEOS;CREMA DE LECHE DE 250GR PURISIMA;3.62
3796246;2026-09-30;MCY04;SUPERMERCADO CANALETO;ProdDERIV_LACTEOS;CREMA DE LECHE DE 500GR PURISIMA;6.12
3760118;2026-09-23;MCY04;SUPERMERCADO CANALETO;ProdDERIV_LACTEOS;MANTEQUILLA PURISIMA SIN SAL 200G PURISIMA;6.84
3796243;2026-09-30;MCY04;SUPERMERCADO CANALETO;ProdDERIV_LACTEOS;MANTEQUILLA PURISIMA CON SAL 200G PURISIMA;5.89
3760065;2026-09-23;MCY04;SUPERMERCADO CANALETO;ProdEMBUTIDOS;CHORIZO DE CERDO PICANTE PARRILLERO ALIMEX;4.64
3760074;2026-09-23;MCY04;SUPERMERCADO CANALETO;ProdEMBUTIDOS;MORTADELA DE POLLO DE 1 KG;3.19
3760103;2026-09-23;MCY04;SUPERMERCADO CANALETO;ProdEMBUTIDOS;MORTADELA CCS DE CARNES 900G;4.17
3796257;2026-09-30;MCY04;SUPERMERCADO CANALETO;ProdEMBUTIDOS;MORTADELA CCS DE CARNES 500G;2.27
3760128;2026-09-23;MCY04;SUPERMERCADO CANALETO;ProdBEBIDAS_LACT;LECHE COMPLETA LIQUIDA PURISIMA;2.74
3760130;2026-09-23;MCY04;SUPERMERCADO CANALETO;ProdBEBIDAS_LACT;LECHE DESCREMADA LIQUIDA PURISIMA;2.68
3760132;2026-09-23;MCY04;SUPERMERCADO CANALETO;ProdBEBIDAS_LACT;LECHE  DESLACTOSADA LIQUIDA PURISIMA;2.82
3796260;2026-09-30;MCY04;SUPERMERCADO CANALETO;ProdEMBUTIDOS;MORTADELA CCS DE CARNES 1KG;4.17
3796274;2026-09-30;MCY04;SUPERMERCADO CANALETO;ProdJAMONERIA;JAMON AREPERO AHUMADO;11.88
3774265;2026-09-29;PLC06;MULTIMARKET LAS AMERICAS;ProdBEBIDAS;NECTAR PERA 1L TUNAL;2.61
3540783;2026-09-08;PLC06;MULTIMARKET LAS AMERICAS;ProdBEBIDAS;NECTAR DURAZNO 1L TUNAL;2.65
3774263;2026-09-29;PLC06;MULTIMARKET LAS AMERICAS;ProdBEBIDAS;TE LIMON 1L TUNAL;2.55
3603944;2026-09-15;PLC06;MULTIMARKET LAS AMERICAS;ProdBEBIDAS_LACT;LECHE BARISTA PURISIMA;2.93
3470239;2026-09-01;PLC06;MULTIMARKET LAS AMERICAS;ProdBEBIDAS_LACT;Leche en polvo Purisima 500gr;6.5
3470240;2026-09-01;PLC06;MULTIMARKET LAS AMERICAS;ProdBEBIDAS_LACT;Leche en polvo Purisima 1kg;15.56
3691631;2026-09-22;PLC06;MULTIMARKET LAS AMERICAS;ProdBEBIDAS;NARANJADA 1L TUNAL;2.21
3540791;2026-09-08;PLC06;MULTIMARKET LAS AMERICAS;ProdBEBIDAS_LACT;LECHE EN POLVO PURISIMA 400GR;6.5
3774260;2026-09-29;PLC06;MULTIMARKET LAS AMERICAS;ProdBEBIDAS_LACT;LECHE EN POLVO PURISIMA 900GR;15.67
3540786;2026-09-08;PLC06;MULTIMARKET LAS AMERICAS;ProdBEBIDAS;NECTAR DURAZNO 200 ML TUNAL;1.03
3540788;2026-09-08;PLC06;MULTIMARKET LAS AMERICAS;ProdDERIV_LACTEOS;MANTEQUILLA PURISIMA SIN SAL 200G PURISIMA;6.03
3479155;2026-09-02;PTO04;AUT MEDIMAR;ProdBEBIDAS_LACT;LECHE BARISTA PURISIMA;2.71
3479156;2026-09-02;PTO04;AUT MEDIMAR;ProdBEBIDAS_LACT;LECHE COMPLETA LIQUIDA PURISIMA;2.71
3479157;2026-09-02;PTO04;AUT MEDIMAR;ProdBEBIDAS_LACT;LECHE DESCREMADA LIQUIDA PURISIMA;2.71
3479159;2026-09-02;PTO04;AUT MEDIMAR;ProdEMBUTIDOS;MORTADELA CCS DE CARNES 900G;3.38
3479160;2026-09-02;PTO04;AUT MEDIMAR;ProdEMBUTIDOS;MORTADELA CCS DE CARNES 500G;2.16
3650670;2026-09-17;BQTO06;SUPER ANGEL 88 C.A;ProdBEBIDAS_LACT;LECHE COMPLETA LIQUIDA PURISIMA;2.5
3650672;2026-09-17;BQTO06;SUPER ANGEL 88 C.A;ProdBEBIDAS_LACT;LECHE DESCREMADA LIQUIDA PURISIMA;2.55
3650675;2026-09-17;BQTO06;SUPER ANGEL 88 C.A;ProdBEBIDAS_LACT;LECHE  DESLACTOSADA LIQUIDA PURISIMA;2.8
3650678;2026-09-17;BQTO06;SUPER ANGEL 88 C.A;ProdBEBIDAS;NARANJADA 1L TUNAL;2.55
3650681;2026-09-17;BQTO06;SUPER ANGEL 88 C.A;ProdBEBIDAS;NECTAR MANZANA 1L TUNAL;2.55
3650683;2026-09-17;BQTO06;SUPER ANGEL 88 C.A;ProdBEBIDAS;NECTAR PERA 1L TUNAL;2.55
3650685;2026-09-17;BQTO06;SUPER ANGEL 88 C.A;ProdBEBIDAS;NECTAR DURAZNO 1L TUNAL;2.55
3760056;2026-09-23;MCY04;HIPERVERDURAS CONTINENTE;ProdDERIV_LACTEOS;MANTEQUILLA PURISIMA SIN SAL 200G PURISIMA;5.22
3681961;2026-09-16;MCY04;HIPERVERDURAS CONTINENTE;ProdDERIV_LACTEOS;MANTEQUILLA PURISIMA CON SAL 200G PURISIMA;5.63
3486071;2026-09-02;MCY04;HIPERVERDURAS CONTINENTE;ProdDERIV_LACTEOS;CREMA DE LECHE DE 250GR PURISIMA;3.45
3760167;2026-09-23;MCY04;HIPERVERDURAS CONTINENTE;ProdBEBIDAS_LACT;LECHE COMPLETA LIQUIDA PURISIMA;2.62
3486085;2026-09-02;MCY04;HIPERVERDURAS CONTINENTE;ProdBEBIDAS_LACT;LECHE BARISTA PURISIMA;2.57
3486092;2026-09-02;MCY04;HIPERVERDURAS CONTINENTE;ProdEMBUTIDOS;CHORIZO DE CERDO AHUMADO PARRILLERO ALIMEX;4.58
3760176;2026-09-23;MCY04;HIPERVERDURAS CONTINENTE;ProdEMBUTIDOS;CHORIZO DE CERDO PICANTE PARRILLERO ALIMEX;4.58
3760170;2026-09-23;MCY04;HIPERVERDURAS CONTINENTE;ProdBEBIDAS_LACT;LECHE DESCREMADA LIQUIDA PURISIMA;2.57
3681993;2026-09-16;MCY04;HIPERVERDURAS CONTINENTE;ProdBEBIDAS_LACT;LECHE  DESLACTOSADA LIQUIDA PURISIMA;2.81
3682015;2026-09-16;MCY04;HIPERVERDURAS CONTINENTE;ProdBEBIDAS_LACT;LECHE EN POLVO PURISIMA 200GR;3.53
3682018;2026-09-16;MCY04;HIPERVERDURAS CONTINENTE;ProdBEBIDAS_LACT;LECHE EN POLVO PURISIMA 400GR;6.94
3682020;2026-09-16;MCY04;HIPERVERDURAS CONTINENTE;ProdBEBIDAS_LACT;LECHE EN POLVO PURISIMA 900GR;14.67
3760127;2026-09-23;MCY04;HIPERVERDURAS CONTINENTE;ProdBEBIDAS;NARANJADA 1L TUNAL;2.87
3760143;2026-09-23;MCY04;HIPERVERDURAS CONTINENTE;ProdBEBIDAS;NECTAR PERA 1L TUNAL;2.26
3760155;2026-09-23;MCY04;HIPERVERDURAS CONTINENTE;ProdBEBIDAS;NECTAR DURAZNO 1L TUNAL;2.26
3760158;2026-09-23;MCY04;HIPERVERDURAS CONTINENTE;ProdBEBIDAS;NECTAR MANZANA 1L TUNAL;2.26
3776805;2026-09-29;CCS10;UNICASA USLAR;ProdBEBIDAS;NARANJADA 1L TUNAL;2.8
3528347;2026-09-08;CCS10;UNICASA USLAR;ProdBEBIDAS_LACT;LECHE BARISTA PURISIMA;2.89
3776806;2026-09-29;CCS10;UNICASA USLAR;ProdBEBIDAS_LACT;LECHE COMPLETA LIQUIDA PURISIMA;2.49
3773873;2026-09-29;PLC07;SUPERDISTRIBUIDORA LOS LLANOS;ProdBEBIDAS;NARANJADA  200 ML TUNAL;0.96
3564063;2026-09-10;PLC07;SUPERDISTRIBUIDORA LOS LLANOS;ProdBEBIDAS;NECTAR MANZANA 200 ML TUNAL;0.96
3773880;2026-09-29;PLC07;SUPERDISTRIBUIDORA LOS LLANOS;ProdBEBIDAS;NECTAR PERA 200 ML TUNAL;0.96
3773875;2026-09-29;PLC07;SUPERDISTRIBUIDORA LOS LLANOS;ProdBEBIDAS;NECTAR DURAZNO 200 ML TUNAL;0.96
3484590;2026-09-03;PLC07;SUPERDISTRIBUIDORA LOS LLANOS;ProdBEBIDAS;NECTAR PERA 1L TUNAL;2.8
3532611;2026-09-08;PLC07;SUPERDISTRIBUIDORA LOS LLANOS;ProdBEBIDAS_LACT;Leche en polvo Purisima 500gr;6.98
3532612;2026-09-08;PLC07;SUPERDISTRIBUIDORA LOS LLANOS;ProdBEBIDAS_LACT;Leche en polvo Purisima 1kg;14.3
3774040;2026-09-29;PLC07;SUPERDISTRIBUIDORA LOS LLANOS;ProdBEBIDAS_LACT;LECHE EN POLVO PURISIMA 200GR;3.62
3773969;2026-09-29;PLC07;SUPERDISTRIBUIDORA LOS LLANOS;ProdBEBIDAS_LACT;LECHE EN POLVO PURISIMA 400GR;6.98
3773964;2026-09-29;PLC07;SUPERDISTRIBUIDORA LOS LLANOS;ProdBEBIDAS_LACT;LECHE EN POLVO PURISIMA 900GR;14.3
3566128;2026-09-10;PLC08;MEGA PORTELA;ProdDERIV_LACTEOS;MANTEQUILLA PURISIMA CON SAL 200G PURISIMA;4.72
3566124;2026-09-10;PLC08;MEGA PORTELA;ProdEMBUTIDOS;MORTADELA CCS DE CARNES 900G;4.14
3730981;2026-09-24;PLC08;MEGA PORTELA;ProdEMBUTIDOS;MORTADELA CCS DE CARNES 500G;1.93
3566126;2026-09-10;PLC08;MEGA PORTELA;ProdDERIV_LACTEOS;CREMA DE LECHE DE 500GR PURISIMA;7.2
3566132;2026-09-10;PLC08;MEGA PORTELA;ProdBEBIDAS_LACT;LECHE COMPLETA LIQUIDA PURISIMA;2.59
3730977;2026-09-24;PLC08;MEGA PORTELA;ProdBEBIDAS_LACT;LECHE DESCREMADA LIQUIDA PURISIMA;2.53
3463879;2026-09-01;PLC08;MEGA PORTELA;ProdBEBIDAS_LACT;LECHE COMPLETA BARISTA LIQUIDA PURISIMA;2.71
3730978;2026-09-24;PLC08;MEGA PORTELA;ProdBEBIDAS_LACT;LECHE  DESLACTOSADA LIQUIDA PURISIMA;2.68
3533656;2026-09-08;PLC08;MEGA PORTELA;ProdBEBIDAS_LACT;Leche en polvo Purisima 1kg;13.58
3533659;2026-09-08;PLC08;MEGA PORTELA;ProdBEBIDAS_LACT;Leche en polvo Purisima 500gr;6.5
3566130;2026-09-10;PLC08;MEGA PORTELA;ProdDERIV_LACTEOS;MANTEQUILLA PURISIMA SIN SAL 200G PURISIMA;5.14
3730985;2026-09-24;PLC08;MEGA PORTELA;ProdEMBUTIDOS;SALCHICHA TIPO VIENA 450GR (22unid) ALIMEX;6.45
3730986;2026-09-24;PLC08;MEGA PORTELA;ProdEMBUTIDOS;SALCHICHA TIPO VIENA 225G (11unid) ALIMEX;3.51
3566122;2026-09-10;PLC08;MEGA PORTELA;ProdEMBUTIDOS;TOCINETA AHUMADA SIN CUERO 3.5KG ALIMEX;1.92
3461113;2026-09-01;CCS06;FORUM LOS TEQUES;ProdBEBIDAS;NARANJADA 1L TUNAL;3.55
3461116;2026-09-01;CCS06;FORUM LOS TEQUES;ProdBEBIDAS;NARANJADA  200 ML TUNAL;3.2
3461119;2026-09-01;CCS06;FORUM LOS TEQUES;ProdBEBIDAS;NECTAR DURAZNO 1L TUNAL;2.77
3461123;2026-09-01;CCS06;FORUM LOS TEQUES;ProdBEBIDAS;NECTAR DURAZNO 200 ML TUNAL;3.16
3461125;2026-09-01;CCS06;FORUM LOS TEQUES;ProdBEBIDAS;NECTAR PERA 1L TUNAL;2.77
3461129;2026-09-01;CCS06;FORUM LOS TEQUES;ProdBEBIDAS;NECTAR PERA 200 ML TUNAL;3.16
3461131;2026-09-01;CCS06;FORUM LOS TEQUES;ProdBEBIDAS;NECTAR MANZANA 1L TUNAL;2.77
3461134;2026-09-01;CCS06;FORUM LOS TEQUES;ProdBEBIDAS;NECTAR MANZANA 200 ML TUNAL;3.16
3461155;2026-09-01;CCS06;FORUM LOS TEQUES;ProdBEBIDAS_LACT;LECHE COMPLETA LIQUIDA PURISIMA;2.65
3461158;2026-09-01;CCS06;FORUM LOS TEQUES;ProdBEBIDAS_LACT;LECHE DESCREMADA LIQUIDA PURISIMA;2.59
3461161;2026-09-01;CCS06;FORUM LOS TEQUES;ProdBEBIDAS_LACT;LECHE  DESLACTOSADA LIQUIDA PURISIMA;2.75
3461173;2026-09-01;CCS06;FORUM LOS TEQUES;ProdEMBUTIDOS;SALCHICHA TIPO VIENA 800GR (24unid) ALIMEX;12.25
3461177;2026-09-01;CCS06;FORUM LOS TEQUES;ProdEMBUTIDOS;SALCHICHA TIPO VIENA 450GR (22unid) ALIMEX;7.15
3461180;2026-09-01;CCS06;FORUM LOS TEQUES;ProdEMBUTIDOS;SALCHICHA TIPO VIENA 225G (11unid) ALIMEX;3.89
3799495;2026-09-30;BQTO03;"GRAN ABASTO GIRASOL; C.A.";ProdBEBIDAS_LACT;LECHE COMPLETA LIQUIDA PURISIMA;2.38
3799496;2026-09-30;BQTO03;"GRAN ABASTO GIRASOL; C.A.";ProdBEBIDAS_LACT;LECHE DESCREMADA LIQUIDA PURISIMA;2.29
3799497;2026-09-30;BQTO03;"GRAN ABASTO GIRASOL; C.A.";ProdBEBIDAS_LACT;LECHE  DESLACTOSADA LIQUIDA PURISIMA;2.46
3628235;2026-09-16;BQTO03;"GRAN ABASTO GIRASOL; C.A.";ProdBEBIDAS_LACT;LECHE BARISTA PURISIMA;2.39
3760184;2026-09-24;MCY04;Arabito Cagua;ProdBEBIDAS_LACT;LECHE COMPLETA LIQUIDA PURISIMA;2.15
3760186;2026-09-24;MCY04;Arabito Cagua;ProdBEBIDAS_LACT;LECHE DESCREMADA LIQUIDA PURISIMA;2.45
3618034;2026-09-03;MCY04;Arabito Cagua;ProdBEBIDAS_LACT;LECHE  DESLACTOSADA LIQUIDA PURISIMA;2.15
3681975;2026-09-18;MCY04;Arabito Cagua;ProdBEBIDAS_LACT;LECHE EN POLVO PURISIMA 400GR;6.55
3618040;2026-09-03;MCY04;Arabito Cagua;ProdEMBUTIDOS;MORTADELA CCS DE CARNES 900G;3.8
3760178;2026-09-24;MCY04;Arabito Cagua;ProdEMBUTIDOS;SALCHICHA TIPO VIENA 450GR (22unid) ALIMEX;6.54
3760141;2026-09-24;MCY04;Arabito Cagua;ProdEMBUTIDOS;MORTADELA DE POLLO DE 1 KG;2.95
3760146;2026-09-24;MCY04;Arabito Cagua;ProdEMBUTIDOS;MORTADELA DE POLLO DE 500G;1.75
3760168;2026-09-24;MCY04;Arabito Cagua;ProdDERIV_LACTEOS;MANTEQUILLA PURISIMA CON SAL 200G PURISIMA;5.55
3760171;2026-09-24;MCY04;Arabito Cagua;ProdDERIV_LACTEOS;MANTEQUILLA PURISIMA SIN SAL 200G PURISIMA;5.55
3760174;2026-09-24;MCY04;Arabito Cagua;ProdEMBUTIDOS;SALCHICHA TIPO VIENA 225G (11unid) ALIMEX;3.25
3518050;2026-09-07;PLC04;SIGO PROVEDURIA;ProdBEBIDAS_LACT;LECHE COMPLETA LIQUIDA PURISIMA;2.49
3577910;2026-09-11;PLC04;SIGO PROVEDURIA;ProdBEBIDAS_LACT;LECHE DESCREMADA LIQUIDA PURISIMA;2.49
3577911;2026-09-11;PLC04;SIGO PROVEDURIA;ProdBEBIDAS_LACT;LECHE  DESLACTOSADA LIQUIDA PURISIMA;2.49
3483847;2026-09-02;PLC04;SIGO PROVEDURIA;ProdBEBIDAS_LACT;LECHE COMPLETA BARISTA LIQUIDA PURISIMA;2.99
3577903;2026-09-11;PLC04;SIGO PROVEDURIA;ProdBEBIDAS_LACT;LECHE EN POLVO PURISIMA 900GR;13.49
3577904;2026-09-11;PLC04;SIGO PROVEDURIA;ProdBEBIDAS_LACT;LECHE EN POLVO PURISIMA 400GR;6.7
3577905;2026-09-11;PLC04;SIGO PROVEDURIA;ProdBEBIDAS_LACT;LECHE EN POLVO PURISIMA 200GR;3.4
3577909;2026-09-11;PLC04;SIGO PROVEDURIA;ProdBEBIDAS_LACT;LECHE BARISTA PURISIMA;2.49
3634373;2026-09-16;BQTO04;ZHEN WANG;ProdBEBIDAS_LACT;LECHE COMPLETA LIQUIDA PURISIMA;2.72
3634374;2026-09-16;BQTO04;ZHEN WANG;ProdBEBIDAS_LACT;LECHE DESCREMADA LIQUIDA PURISIMA;2.66
3634376;2026-09-16;BQTO04;ZHEN WANG;ProdBEBIDAS_LACT;LECHE  DESLACTOSADA LIQUIDA PURISIMA;2.81
3634378;2026-09-16;BQTO04;ZHEN WANG;ProdBEBIDAS;NARANJADA 1L TUNAL;3
3634379;2026-09-16;BQTO04;ZHEN WANG;ProdBEBIDAS;NECTAR MANZANA 1L TUNAL;2.34
3634380;2026-09-16;BQTO04;ZHEN WANG;ProdBEBIDAS;NECTAR PERA 1L TUNAL;2.34
3634381;2026-09-16;BQTO04;ZHEN WANG;ProdBEBIDAS;NECTAR DURAZNO 1L TUNAL;2.34
3634383;2026-09-16;BQTO04;ZHEN WANG;ProdBEBIDAS;TE LIMON 1L TUNAL;2.28
3634387;2026-09-16;BQTO04;ZHEN WANG;ProdBEBIDAS;NECTAR PERA 500 ML TUNAL;1.61
3634388;2026-09-16;BQTO04;ZHEN WANG;ProdBEBIDAS;NECTAR DURAZNO 500 ML TUNAL;1.61
3634384;2026-09-16;BQTO04;ZHEN WANG;ProdBEBIDAS;NECTAR MANZANA 200 ML TUNAL;0.9
3634385;2026-09-16;BQTO04;ZHEN WANG;ProdBEBIDAS;NECTAR PERA 200 ML TUNAL;0.9
3634386;2026-09-16;BQTO04;ZHEN WANG;ProdBEBIDAS;NECTAR DURAZNO 200 ML TUNAL;0.9
3634377;2026-09-16;BQTO04;ZHEN WANG;ProdBEBIDAS_LACT;LECHE BARISTA PURISIMA;2.86
3634382;2026-09-16;BQTO04;ZHEN WANG;ProdBEBIDAS;TE DURAZNO 1L TUNAL;2.28
3632773;2026-09-16;BQTO01;CECOSESOLA RL SUC BARRIO UNION;ProdBEBIDAS_LACT;LECHE COMPLETA LIQUIDA PURISIMA;2.29
3632776;2026-09-16;BQTO01;CECOSESOLA RL SUC BARRIO UNION;ProdBEBIDAS_LACT;LECHE DESCREMADA LIQUIDA PURISIMA;2.3
3481827;2026-09-02;BQTO01;CECOSESOLA RL SUC BARRIO UNION;ProdBEBIDAS_LACT;LECHE  DESLACTOSADA LIQUIDA PURISIMA;2.45
3632759;2026-09-16;BQTO01;Inversiones Union Center;ProdBEBIDAS_LACT;LECHE COMPLETA LIQUIDA PURISIMA;2.55
3632760;2026-09-16;BQTO01;Inversiones Union Center;ProdBEBIDAS_LACT;LECHE DESCREMADA LIQUIDA PURISIMA;2.7
3632761;2026-09-16;BQTO01;Inversiones Union Center;ProdBEBIDAS_LACT;LECHE  DESLACTOSADA LIQUIDA PURISIMA;2.6
3468894;2026-09-02;CCS06;FRESCO MARKET CARRIZAL;ProdDERIV_LACTEOS;CREMA DE LECHE DE 500GR PURISIMA;5.73
3468895;2026-09-02;CCS06;FRESCO MARKET CARRIZAL;ProdDERIV_LACTEOS;CREMA DE LECHE DE 250GR PURISIMA;3.38
3468899;2026-09-02;CCS06;FRESCO MARKET CARRIZAL;ProdEMBUTIDOS;SALCHICHA TIPO VIENA 800GR (24unid) ALIMEX;10.65
3468900;2026-09-02;CCS06;FRESCO MARKET CARRIZAL;ProdEMBUTIDOS;SALCHICHA TIPO VIENA 225G (11unid) ALIMEX;3.47
3468911;2026-09-02;CCS06;FRESCO MARKET CARRIZAL;ProdBEBIDAS;NARANJADA 1L TUNAL;3.02
3468912;2026-09-02;CCS06;FRESCO MARKET CARRIZAL;ProdBEBIDAS;NECTAR DURAZNO 1L TUNAL;2.35
3468913;2026-09-02;CCS06;FRESCO MARKET CARRIZAL;ProdBEBIDAS;NECTAR PERA 1L TUNAL;2.53
3468914;2026-09-02;CCS06;FRESCO MARKET CARRIZAL;ProdBEBIDAS;NECTAR MANZANA 1L TUNAL;2.35
3468915;2026-09-02;CCS06;FRESCO MARKET CARRIZAL;ProdBEBIDAS;TE FRUTOS ROJOS 1L TUNAL;2.42
3468920;2026-09-02;CCS06;FRESCO MARKET CARRIZAL;ProdBEBIDAS_LACT;LECHE BARISTA PURISIMA;2.85
3468921;2026-09-02;CCS06;FRESCO MARKET CARRIZAL;ProdBEBIDAS_LACT;LECHE COMPLETA LIQUIDA PURISIMA;2.69
3468922;2026-09-02;CCS06;FRESCO MARKET CARRIZAL;ProdBEBIDAS_LACT;LECHE DESCREMADA LIQUIDA PURISIMA;2.64
3468923;2026-09-02;CCS06;FRESCO MARKET CARRIZAL;ProdBEBIDAS_LACT;LECHE  DESLACTOSADA LIQUIDA PURISIMA;2.7
3709687;2026-09-23;MCY01;FACIL COMPRA;ProdBEBIDAS_LACT;LECHE COMPLETA LIQUIDA PURISIMA;2.89
3709688;2026-09-23;MCY01;FACIL COMPRA;ProdBEBIDAS_LACT;LECHE DESCREMADA LIQUIDA PURISIMA;2.85
3709689;2026-09-23;MCY01;FACIL COMPRA;ProdBEBIDAS_LACT;LECHE  DESLACTOSADA LIQUIDA PURISIMA;2.99
3709721;2026-09-23;MCY01;FACIL COMPRA;ProdDERIV_LACTEOS;CREMA DE LECHE DE 250GR PURISIMA;4.06
3709720;2026-09-23;MCY01;FACIL COMPRA;ProdDERIV_LACTEOS;CREMA DE LECHE DE 500GR PURISIMA;6.05
3519795;2026-09-02;MCY01;FACIL COMPRA;ProdEMBUTIDOS;MORTADELA CCS DE CARNES 500G;2.51
3519797;2026-09-02;MCY01;FACIL COMPRA;ProdEMBUTIDOS;MORTADELA CCS DE CARNES 900G;3.95
3519802;2026-09-02;MCY01;FACIL COMPRA;ProdEMBUTIDOS;CHORIZO DE CERDO AHUMADO PARRILLERO ALIMEX;14.66
3519804;2026-09-02;MCY01;FACIL COMPRA;ProdEMBUTIDOS;CHORIZO DE CERDO PICANTE PARRILLERO ALIMEX;13.77
3709729;2026-09-23;MCY01;FACIL COMPRA;ProdDERIV_LACTEOS;MANTEQUILLA PURISIMA SIN SAL 200G PURISIMA;5.45
3709727;2026-09-23;MCY01;FACIL COMPRA;ProdDERIV_LACTEOS;MANTEQUILLA PURISIMA CON SAL 200G PURISIMA;5.9
3709737;2026-09-23;MCY01;FACIL COMPRA;ProdEMBUTIDOS;SALCHICHA TIPO VIENA 800GR (24unid) ALIMEX;12.31
3519835;2026-09-02;MCY01;FACIL COMPRA;ProdEMBUTIDOS;SALCHICHA TIPO VIENA 450GR (22unid) ALIMEX;7.31
3709738;2026-09-23;MCY01;FACIL COMPRA;ProdEMBUTIDOS;SALCHICHA TIPO VIENA 225G (11unid) ALIMEX;389
3709706;2026-09-23;MCY01;FACIL COMPRA;ProdBEBIDAS;NARANJADA  500 ML TUNAL;2.37
3519867;2026-09-02;MCY01;FACIL COMPRA;ProdBEBIDAS;NECTAR PERA 500 ML TUNAL;1.8
3709707;2026-09-23;MCY01;FACIL COMPRA;ProdBEBIDAS;TE LIMON 500ML TUNAL;1.44
3709708;2026-09-23;MCY01;FACIL COMPRA;ProdBEBIDAS;TE DURAZNO 500ML TUNAL;1.44
3709703;2026-09-23;MCY01;FACIL COMPRA;ProdBEBIDAS;NECTAR MANZANA 1L TUNAL;2.67
3709704;2026-09-23;MCY01;FACIL COMPRA;ProdBEBIDAS;NECTAR PERA 1L TUNAL;2.67
3709705;2026-09-23;MCY01;FACIL COMPRA;ProdBEBIDAS;NECTAR DURAZNO 1L TUNAL;2.67
3709702;2026-09-23;MCY01;FACIL COMPRA;ProdBEBIDAS;NARANJADA 1L TUNAL;3.43
3709709;2026-09-23;MCY01;FACIL COMPRA;ProdBEBIDAS;JUGO NARANJA LIGTH 1 LITRO TUNAL;2.78
3709710;2026-09-23;MCY01;FACIL COMPRA;ProdBEBIDAS;NECTAR PERA LIGHT 1 LITRO TUNAL;2.78
3709711;2026-09-23;MCY01;FACIL COMPRA;ProdBEBIDAS;TE DURAZNO 1L TUNAL;2.63
3709712;2026-09-23;MCY01;FACIL COMPRA;ProdBEBIDAS;TE LIMON 1L TUNAL;2.63
3709713;2026-09-23;MCY01;FACIL COMPRA;ProdBEBIDAS;TE FRUTOS ROJOS 1L TUNAL;2.63
3709741;2026-09-23;MCY01;FACIL COMPRA;ProdEMBUTIDOS;Salchicha el tunal de pollo 450gr;12.06
3481838;2026-09-02;BQTO01;BODEGON DELY GOURMET C.A.;ProdBEBIDAS;NARANJADA 1L TUNAL;0
3632788;2026-09-16;BQTO01;BODEGON DELY GOURMET C.A.;ProdBEBIDAS;NECTAR PERA 1L TUNAL;0
3632783;2026-09-16;BQTO01;BODEGON DELY GOURMET C.A.;ProdBEBIDAS;NECTAR DURAZNO 1L TUNAL;0
3632800;2026-09-16;BQTO01;BODEGON DELY GOURMET C.A.;ProdBEBIDAS;JUGO NARANJA LIGTH 1 LITRO TUNAL;0
3632801;2026-09-16;BQTO01;BODEGON DELY GOURMET C.A.;ProdBEBIDAS;NECTAR MANZANA LIGHT 1 LITRO TUNAL;0
3632802;2026-09-16;BQTO01;BODEGON DELY GOURMET C.A.;ProdBEBIDAS;NECTAR PERA LIGHT 1 LITRO TUNAL;0
3632803;2026-09-16;BQTO01;BODEGON DELY GOURMET C.A.;ProdBEBIDAS;TE DURAZNO 1L TUNAL;0
3632804;2026-09-16;BQTO01;BODEGON DELY GOURMET C.A.;ProdBEBIDAS;TE LIMON 1L TUNAL;0
3632805;2026-09-16;BQTO01;BODEGON DELY GOURMET C.A.;ProdBEBIDAS;TE FRUTOS ROJOS 1L TUNAL;0
3632790;2026-09-16;BQTO01;BODEGON DELY GOURMET C.A.;ProdBEBIDAS;NARANJADA  200 ML TUNAL;0
3632793;2026-09-16;BQTO01;BODEGON DELY GOURMET C.A.;ProdBEBIDAS;NECTAR DURAZNO 200 ML TUNAL;0
3632795;2026-09-16;BQTO01;BODEGON DELY GOURMET C.A.;ProdBEBIDAS;NECTAR PERA 200 ML TUNAL;0
3632792;2026-09-16;BQTO01;BODEGON DELY GOURMET C.A.;ProdBEBIDAS;NECTAR MANZANA 200 ML TUNAL;0
3632786;2026-09-16;BQTO01;BODEGON DELY GOURMET C.A.;ProdBEBIDAS;NECTAR MANZANA 1L TUNAL;0
3632796;2026-09-16;BQTO01;BODEGON DELY GOURMET C.A.;ProdBEBIDAS;NARANJADA  500 ML TUNAL;0
3632797;2026-09-16;BQTO01;BODEGON DELY GOURMET C.A.;ProdBEBIDAS;NECTAR MANZANA 500 ML TUNAL;0
3632798;2026-09-16;BQTO01;BODEGON DELY GOURMET C.A.;ProdBEBIDAS;NECTAR PERA 500 ML TUNAL;0
3632799;2026-09-16;BQTO01;BODEGON DELY GOURMET C.A.;ProdBEBIDAS;TE LIMON 500ML TUNAL;0
3632807;2026-09-16;BQTO01;BODEGON DELY GOURMET C.A.;ProdDERIV_LACTEOS;CREMA DE LECHE DE 500GR PURISIMA;0
3632808;2026-09-16;BQTO01;BODEGON DELY GOURMET C.A.;ProdDERIV_LACTEOS;CREMA DE LECHE DE 250GR PURISIMA;0
3632810;2026-09-16;BQTO01;BODEGON DELY GOURMET C.A.;ProdDERIV_LACTEOS;MANTEQUILLA PURISIMA CON SAL 200G PURISIMA;0
3739355;2026-09-24;MCY05;SUPERLIDER EL LIMON;ProdBEBIDAS_LACT;LECHE COMPLETA LIQUIDA PURISIMA;3.25
3739357;2026-09-24;MCY05;SUPERLIDER EL LIMON;ProdBEBIDAS_LACT;LECHE DESCREMADA LIQUIDA PURISIMA;3.19
3739359;2026-09-24;MCY05;SUPERLIDER EL LIMON;ProdBEBIDAS_LACT;LECHE  DESLACTOSADA LIQUIDA PURISIMA;3.36
3739367;2026-09-24;MCY05;SUPERLIDER EL LIMON;ProdBEBIDAS;NARANJADA 1L TUNAL;3.27
3739369;2026-09-24;MCY05;SUPERLIDER EL LIMON;ProdBEBIDAS;NECTAR MANZANA 1L TUNAL;2.98
3739370;2026-09-24;MCY05;SUPERLIDER EL LIMON;ProdBEBIDAS;NECTAR DURAZNO 1L TUNAL;2.98
3557467;2026-09-10;CCS07;AUTOMERCADO ROCA AZUL 2;ProdBEBIDAS;NARANJADA  200 ML TUNAL;2.79
3557468;2026-09-10;CCS07;AUTOMERCADO ROCA AZUL 2;ProdBEBIDAS;NECTAR MANZANA 200 ML TUNAL;2.6
3557469;2026-09-10;CCS07;AUTOMERCADO ROCA AZUL 2;ProdBEBIDAS;NECTAR PERA 200 ML TUNAL;2.6
3557470;2026-09-10;CCS07;AUTOMERCADO ROCA AZUL 2;ProdBEBIDAS;NECTAR DURAZNO 200 ML TUNAL;2.6
3557464;2026-09-10;CCS07;AUTOMERCADO ROCA AZUL 2;ProdBEBIDAS;NARANJADA  500 ML TUNAL;1.99
3557465;2026-09-10;CCS07;AUTOMERCADO ROCA AZUL 2;ProdBEBIDAS;NECTAR PERA 500 ML TUNAL;1.5
3557466;2026-09-10;CCS07;AUTOMERCADO ROCA AZUL 2;ProdBEBIDAS;NECTAR DURAZNO 500 ML TUNAL;1.5
3562101;2026-09-10;CCS07;AUTOMERCADO ROCA AZUL 2;ProdDERIV_LACTEOS;MANTEQUILLA PURISIMA SIN SAL 200G PURISIMA;5.4
3562100;2026-09-10;CCS07;AUTOMERCADO ROCA AZUL 2;ProdDERIV_LACTEOS;MANTEQUILLA PURISIMA CON SAL 200G PURISIMA;5.8
3562111;2026-09-10;CCS07;AUTOMERCADO ROCA AZUL 2;ProdDERIV_LACTEOS;QUESO DE CABRA 500G PURISIMA;15.99
3487940;2026-09-03;CCS07;AUTOMERCADO ROCA AZUL 2;ProdEMBUTIDOS;MORTADELA de Pollo Caracas 900gr;3.3
3562116;2026-09-10;CCS07;AUTOMERCADO ROCA AZUL 2;ProdEMBUTIDOS;MORTADELA CCS DE CARNES 900G;3.8
3562115;2026-09-10;CCS07;AUTOMERCADO ROCA AZUL 2;ProdEMBUTIDOS;MORTADELA CCS DE CARNES 500G;1.99
3562112;2026-09-10;CCS07;AUTOMERCADO ROCA AZUL 2;ProdEMBUTIDOS;SALCHICHA TIPO VIENA 225G (11unid) ALIMEX;3.5
3562113;2026-09-10;CCS07;AUTOMERCADO ROCA AZUL 2;ProdEMBUTIDOS;SALCHICHA TIPO VIENA 450GR (22unid) ALIMEX;6.39
3562114;2026-09-10;CCS07;AUTOMERCADO ROCA AZUL 2;ProdEMBUTIDOS;SALCHICHA TIPO VIENA 800GR (24unid) ALIMEX;10.5
3562131;2026-09-10;CCS07;AUTOMERCADO ROCA AZUL 2;ProdBEBIDAS_LACT;LECHE COMPLETA LIQUIDA PURISIMA;2.5
3562132;2026-09-10;CCS07;AUTOMERCADO ROCA AZUL 2;ProdBEBIDAS_LACT;LECHE DESCREMADA LIQUIDA PURISIMA;2.5
3562133;2026-09-10;CCS07;AUTOMERCADO ROCA AZUL 2;ProdBEBIDAS_LACT;LECHE  DESLACTOSADA LIQUIDA PURISIMA;2.6
3562134;2026-09-10;CCS07;AUTOMERCADO ROCA AZUL 2;ProdBEBIDAS;TE DURAZNO 1L TUNAL;2.49
3562135;2026-09-10;CCS07;AUTOMERCADO ROCA AZUL 2;ProdBEBIDAS;TE LIMON 1L TUNAL;2.49
3562136;2026-09-10;CCS07;AUTOMERCADO ROCA AZUL 2;ProdBEBIDAS;JUGO NARANJA LIGTH 1 LITRO TUNAL;2.49
3562137;2026-09-10;CCS07;AUTOMERCADO ROCA AZUL 2;ProdBEBIDAS;NECTAR PERA LIGHT 1 LITRO TUNAL;2.4
3562138;2026-09-10;CCS07;AUTOMERCADO ROCA AZUL 2;ProdBEBIDAS;NARANJADA 1L TUNAL;2.4
3562141;2026-09-10;CCS07;AUTOMERCADO ROCA AZUL 2;ProdBEBIDAS;NECTAR MANZANA 1L TUNAL;2.4
3562139;2026-09-10;CCS07;AUTOMERCADO ROCA AZUL 2;ProdBEBIDAS;NECTAR PERA 1L TUNAL;2.4
3562142;2026-09-10;CCS07;AUTOMERCADO ROCA AZUL 2;ProdBEBIDAS;NECTAR DURAZNO 1L TUNAL;2.4
3562096;2026-09-10;CCS07;AUTOMERCADO ROCA AZUL 2;ProdDERIV_LACTEOS;CREMA DE LECHE DE 250GR PURISIMA;3.59
3557478;2026-09-10;CCS07;AUTOMERCADO ROCA AZUL 2;ProdBEBIDAS_LACT;Leche en polvo Purisima 1kg;13.5
3557477;2026-09-10;CCS07;AUTOMERCADO ROCA AZUL 2;ProdBEBIDAS_LACT;Leche en polvo Purisima 500gr;6.9
3557456;2026-09-10;CCS07;AUTOMERCADO ROCA AZUL 2;ProdHUEVOS;HUEVO EMPACADO- ESTUCHADO 1X12 TUNAL;2.79
3642438;2026-09-17;CCS07;AUTOMERCADO ROCA AZUL 2;ProdBEBIDAS_LACT;LECHE EN POLVO PURISIMA 200GR;3.5
3642439;2026-09-17;CCS07;AUTOMERCADO ROCA AZUL 2;ProdBEBIDAS_LACT;LECHE EN POLVO PURISIMA 400GR;6.9
3642440;2026-09-17;CCS07;AUTOMERCADO ROCA AZUL 2;ProdBEBIDAS_LACT;LECHE EN POLVO PURISIMA 900GR;13.5
3642458;2026-09-17;CCS07;AUTOMERCADO ROCA AZUL 2;ProdEMBUTIDOS;Salchicha el tunal de pollo 450gr;5.2
3562109;2026-09-10;CCS07;AUTOMERCADO ROCA AZUL 2;ProdEMBUTIDOS;MORTADELA DE POLLO DE 1 KG;7.4
3562110;2026-09-10;CCS07;AUTOMERCADO ROCA AZUL 2;ProdEMBUTIDOS;MORTADELA DE POLLO DE 500G;1.9
3622273;2026-09-16;CCS08;LUZ LA FLORIDA;ProdDERIV_LACTEOS;MANTEQUILLA PURISIMA CON SAL 200G PURISIMA;6.15
3771241;2026-09-29;CCS08;LUZ LA FLORIDA;ProdDERIV_LACTEOS;MANTEQUILLA PURISIMA SIN SAL 200G PURISIMA;5.69
3771235;2026-09-29;CCS08;LUZ LA FLORIDA;ProdDERIV_LACTEOS;CREMA DE LECHE DE 500GR PURISIMA;5.89
3771232;2026-09-29;CCS08;LUZ LA FLORIDA;ProdDERIV_LACTEOS;CREMA DE LECHE DE 250GR PURISIMA;3.49
3771256;2026-09-29;CCS08;LUZ LA FLORIDA;ProdBEBIDAS;NARANJADA  200 ML TUNAL;0.99
3771258;2026-09-29;CCS08;LUZ LA FLORIDA;ProdBEBIDAS;NECTAR MANZANA 200 ML TUNAL;0.95
3771260;2026-09-29;CCS08;LUZ LA FLORIDA;ProdBEBIDAS;NECTAR PERA 200 ML TUNAL;0.95
3771313;2026-09-29;CCS08;LUZ LA FLORIDA;ProdBEBIDAS;NECTAR DURAZNO 200 ML TUNAL;0.95
3771316;2026-09-29;CCS08;LUZ LA FLORIDA;ProdBEBIDAS;NARANJADA 1L TUNAL;3.09
3771318;2026-09-29;CCS08;LUZ LA FLORIDA;ProdBEBIDAS;NECTAR MANZANA 1L TUNAL;2.4
3771360;2026-09-29;CCS08;LUZ LA FLORIDA;ProdBEBIDAS;NECTAR PERA 1L TUNAL;2.4
3771365;2026-09-29;CCS08;LUZ LA FLORIDA;ProdBEBIDAS;NECTAR DURAZNO 1L TUNAL;2.4
3771369;2026-09-29;CCS08;LUZ LA FLORIDA;ProdBEBIDAS;TE DURAZNO 1L TUNAL;2.38
3771375;2026-09-29;CCS08;LUZ LA FLORIDA;ProdBEBIDAS;TE LIMON 1L TUNAL;2.38
3771427;2026-09-29;CCS08;LUZ LA FLORIDA;ProdBEBIDAS_LACT;LECHE COMPLETA LIQUIDA PURISIMA;2.98
3771432;2026-09-29;CCS08;LUZ LA FLORIDA;ProdBEBIDAS_LACT;LECHE DESCREMADA LIQUIDA PURISIMA;2.95
3771433;2026-09-29;CCS08;LUZ LA FLORIDA;ProdBEBIDAS_LACT;LECHE  DESLACTOSADA LIQUIDA PURISIMA;3.1
3766529;2026-09-28;VLC03;BALY S  PARQUE VALENCIA;ProdBEBIDAS;NARANJADA 1L TUNAL;2.84
3766531;2026-09-28;VLC03;BALY S  PARQUE VALENCIA;ProdBEBIDAS;NECTAR DURAZNO 1L TUNAL;2.22
3766533;2026-09-28;VLC03;BALY S  PARQUE VALENCIA;ProdBEBIDAS;NECTAR MANZANA 1L TUNAL;2.22
3766535;2026-09-28;VLC03;BALY S  PARQUE VALENCIA;ProdBEBIDAS;NECTAR PERA 1L TUNAL;2.22
3766537;2026-09-28;VLC03;BALY S  PARQUE VALENCIA;ProdBEBIDAS;TE DURAZNO 1L TUNAL;2.19
3766539;2026-09-28;VLC03;BALY S  PARQUE VALENCIA;ProdBEBIDAS;TE LIMON 1L TUNAL;2.19
3766542;2026-09-28;VLC03;BALY S  PARQUE VALENCIA;ProdBEBIDAS;TE FRUTOS ROJOS 1L TUNAL;2.19
3766559;2026-09-28;VLC03;BALY S  PARQUE VALENCIA;ProdBEBIDAS;NARANJADA  500 ML TUNAL;1.96
3766560;2026-09-28;VLC03;BALY S  PARQUE VALENCIA;ProdBEBIDAS;NECTAR DURAZNO 500 ML TUNAL;1.49
3766503;2026-09-28;VLC03;BALY S  PARQUE VALENCIA;ProdBEBIDAS_LACT;LECHE COMPLETA LIQUIDA PURISIMA;2.38
3766505;2026-09-28;VLC03;BALY S  PARQUE VALENCIA;ProdBEBIDAS_LACT;LECHE DESCREMADA LIQUIDA PURISIMA;2.33
3766507;2026-09-28;VLC03;BALY S  PARQUE VALENCIA;ProdBEBIDAS_LACT;LECHE  DESLACTOSADA LIQUIDA PURISIMA;2.47
3766565;2026-09-28;VLC03;BALY S  PARQUE VALENCIA;ProdBEBIDAS;NARANJADA  200 ML TUNAL;0.86
3766566;2026-09-28;VLC03;BALY S  PARQUE VALENCIA;ProdBEBIDAS;NECTAR DURAZNO 200 ML TUNAL;0.84
3766567;2026-09-28;VLC03;BALY S  PARQUE VALENCIA;ProdBEBIDAS;NECTAR MANZANA 200 ML TUNAL;0.84
3766568;2026-09-28;VLC03;BALY S  PARQUE VALENCIA;ProdBEBIDAS;NECTAR PERA 200 ML TUNAL;0.84
3766576;2026-09-28;VLC03;BALY S  PARQUE VALENCIA;ProdEMBUTIDOS;SALCHICHA TIPO VIENA 800GR (24unid) ALIMEX;9.58
3766577;2026-09-28;VLC03;BALY S  PARQUE VALENCIA;ProdEMBUTIDOS;SALCHICHA TIPO VIENA 450GR (22unid) ALIMEX;5.76
3766578;2026-09-28;VLC03;BALY S  PARQUE VALENCIA;ProdEMBUTIDOS;SALCHICHA TIPO VIENA 225G (11unid) ALIMEX;3.06
3766587;2026-09-28;VLC03;BALY S  PARQUE VALENCIA;ProdDERIV_LACTEOS;CREMA DE LECHE DE 500GR PURISIMA;5.46
3766589;2026-09-28;VLC03;BALY S  PARQUE VALENCIA;ProdDERIV_LACTEOS;CREMA DE LECHE DE 250GR PURISIMA;3.06
3766583;2026-09-28;VLC03;BALY S  PARQUE VALENCIA;ProdDERIV_LACTEOS;MANTEQUILLA PURISIMA SIN SAL 200G PURISIMA;4.87
3766584;2026-09-28;VLC03;BALY S  PARQUE VALENCIA;ProdDERIV_LACTEOS;MANTEQUILLA PURISIMA CON SAL 200G PURISIMA;5.18
3518523;2026-09-07;VLC03;BALY S  PARQUE VALENCIA;ProdJAMONERIA;JAMON DE ESPALDA ALIMEX 4.4KG;11
3518522;2026-09-07;VLC03;BALY S  PARQUE VALENCIA;ProdJAMONERIA;JAMON PIERNA ALIMEX 98% 5.9kg;11.05
3766580;2026-09-28;VLC03;BALY S  PARQUE VALENCIA;ProdJAMONERIA;JAMON COCIDO ESTANDAR ITALICO 5.9kg;9.67
3518506;2026-09-07;VLC03;BALY S  PARQUE VALENCIA;ProdBEBIDAS;NECTAR PERA 500 ML TUNAL;1.49
3792307;2026-09-30;VLC03;HIPER LIDER SAN DIEGO;ProdBEBIDAS;NECTAR DURAZNO 1L TUNAL;2.49
3541050;2026-09-09;VLC03;HIPER LIDER SAN DIEGO;ProdBEBIDAS;NECTAR PERA 1L TUNAL;2.49
3792316;2026-09-30;VLC03;HIPER LIDER SAN DIEGO;ProdDERIV_LACTEOS;MANTEQUILLA PURISIMA CON SAL 200G PURISIMA;6.93
3792315;2026-09-30;VLC03;HIPER LIDER SAN DIEGO;ProdDERIV_LACTEOS;CREMA DE LECHE DE 250GR PURISIMA;3.84
3471028;2026-09-02;VLC03;HIPER LIDER SAN DIEGO;ProdBEBIDAS_LACT;Leche en polvo Purisima 1kg;16.89
3792323;2026-09-30;VLC03;HIPER LIDER SAN DIEGO;ProdBEBIDAS_LACT;LECHE COMPLETA LIQUIDA PURISIMA;3.25
3792324;2026-09-30;VLC03;HIPER LIDER SAN DIEGO;ProdBEBIDAS_LACT;LECHE DESCREMADA LIQUIDA PURISIMA;3.19
3792325;2026-09-30;VLC03;HIPER LIDER SAN DIEGO;ProdBEBIDAS_LACT;LECHE  DESLACTOSADA LIQUIDA PURISIMA;3.36
3792306;2026-09-30;VLC03;HIPER LIDER SAN DIEGO;ProdBEBIDAS;NARANJADA 1L TUNAL;3.19
3792308;2026-09-30;VLC03;HIPER LIDER SAN DIEGO;ProdBEBIDAS;NECTAR MANZANA 1L TUNAL;2.49
3792319;2026-09-30;VLC03;HIPER LIDER SAN DIEGO;ProdBEBIDAS_LACT;LECHE EN POLVO PURISIMA 900GR;16.89
3792314;2026-09-30;VLC03;HIPER LIDER SAN DIEGO;ProdDERIV_LACTEOS;CREMA DE LECHE DE 500GR PURISIMA;6.51
3553295;2026-09-09;PLC04;RIO SUPERMARKET JUAN BAUTISTA;ProdBEBIDAS_LACT;LECHE COMPLETA LIQUIDA PURISIMA;2.39
3553296;2026-09-09;PLC04;RIO SUPERMARKET JUAN BAUTISTA;ProdBEBIDAS_LACT;LECHE DESCREMADA LIQUIDA PURISIMA;2.39
3553297;2026-09-09;PLC04;RIO SUPERMARKET JUAN BAUTISTA;ProdBEBIDAS_LACT;LECHE  DESLACTOSADA LIQUIDA PURISIMA;2.59
3553278;2026-09-09;PLC04;RIO SUPERMARKET JUAN BAUTISTA;ProdBEBIDAS;NARANJADA 1L TUNAL;2.66
3553279;2026-09-09;PLC04;RIO SUPERMARKET JUAN BAUTISTA;ProdBEBIDAS;JUGO NARANJA LIGTH 1 LITRO TUNAL;2.2
3553280;2026-09-09;PLC04;RIO SUPERMARKET JUAN BAUTISTA;ProdBEBIDAS;NECTAR PERA LIGHT 1 LITRO TUNAL;2.18
3553281;2026-09-09;PLC04;RIO SUPERMARKET JUAN BAUTISTA;ProdBEBIDAS;NARANJADA  200 ML TUNAL;0.8
3553282;2026-09-09;PLC04;RIO SUPERMARKET JUAN BAUTISTA;ProdBEBIDAS;NECTAR MANZANA 200 ML TUNAL;0.79
3553283;2026-09-09;PLC04;RIO SUPERMARKET JUAN BAUTISTA;ProdBEBIDAS;NECTAR DURAZNO 200 ML TUNAL;0.79
3618176;2026-09-14;MCY04;Hortifresca Guasimal;ProdBEBIDAS_LACT;LECHE EN POLVO PURISIMA 200GR;3.55
3618177;2026-09-14;MCY04;Hortifresca Guasimal;ProdBEBIDAS_LACT;LECHE EN POLVO PURISIMA 400GR;6.95
3796205;2026-09-28;MCY04;Hortifresca Guasimal;ProdDERIV_LACTEOS;CREMA DE LECHE DE 250GR PURISIMA;3.45
3618182;2026-09-14;MCY04;Hortifresca Guasimal;ProdEMBUTIDOS;MORTADELA CCS DE CARNES 500G;2.4
3796200;2026-09-28;MCY04;Hortifresca Guasimal;ProdDERIV_LACTEOS;MANTEQUILLA PURISIMA SIN SAL 200G PURISIMA;4.99
3796201;2026-09-28;MCY04;Hortifresca Guasimal;ProdDERIV_LACTEOS;MANTEQUILLA PURISIMA CON SAL 200G PURISIMA;5.55
3796203;2026-09-28;MCY04;Hortifresca Guasimal;ProdEMBUTIDOS;MORTADELA CCS DE CARNES 900G;2.4
3796210;2026-09-28;MCY04;Hortifresca Guasimal;ProdBEBIDAS;NARANJADA  200 ML TUNAL;0.9
3796211;2026-09-28;MCY04;Hortifresca Guasimal;ProdBEBIDAS;NECTAR MANZANA 200 ML TUNAL;0.85
3796212;2026-09-28;MCY04;Hortifresca Guasimal;ProdBEBIDAS;NECTAR PERA 200 ML TUNAL;0.85
3796213;2026-09-28;MCY04;Hortifresca Guasimal;ProdBEBIDAS;NARANJADA 1L TUNAL;0.85
3796217;2026-09-28;MCY04;Hortifresca Guasimal;ProdBEBIDAS_LACT;LECHE COMPLETA LIQUIDA PURISIMA;2.8
3796218;2026-09-28;MCY04;Hortifresca Guasimal;ProdBEBIDAS_LACT;LECHE DESCREMADA LIQUIDA PURISIMA;2.65
3796219;2026-09-28;MCY04;Hortifresca Guasimal;ProdBEBIDAS_LACT;LECHE  DESLACTOSADA LIQUIDA PURISIMA;2.75
3801623;2026-09-30;VLC02;KROMI SUR;ProdJAMONERIA;JAMON PIERNA ALIMEX 98% 5.9kg;11.45
3801625;2026-09-30;VLC02;KROMI SUR;ProdJAMONERIA;JAMON AHUMADO VISKING ITALICO 3.5 KG;8.99
3801624;2026-09-30;VLC02;KROMI SUR;ProdJAMONERIA;JAMON AREPERO AHUMADO;8.5
3801618;2026-09-30;VLC02;KROMI SUR;ProdEMBUTIDOS;TOCINETA AHUMADA SIN CUERO 3.5KG ALIMEX;16.4
3801632;2026-09-30;VLC02;KROMI SUR;ProdDERIV_LACTEOS;MANTEQUILLA PURISIMA SIN SAL 200G PURISIMA;5.2
3801633;2026-09-30;VLC02;KROMI SUR;ProdDERIV_LACTEOS;MANTEQUILLA PURISIMA CON SAL 200G PURISIMA;5.6
3801630;2026-09-30;VLC02;KROMI SUR;ProdDERIV_LACTEOS;CREMA DE LECHE DE 250GR PURISIMA;3.27
3801631;2026-09-30;VLC02;KROMI SUR;ProdDERIV_LACTEOS;CREMA DE LECHE DE 500GR PURISIMA;5.52
3801635;2026-09-30;VLC02;KROMI SUR;ProdEMBUTIDOS;SALCHICHA TIPO VIENA 225G (11unid) ALIMEX;3.34
3801634;2026-09-30;VLC02;KROMI SUR;ProdEMBUTIDOS;SALCHICHA TIPO VIENA 450GR (22unid) ALIMEX;5.45
3801636;2026-09-30;VLC02;KROMI SUR;ProdEMBUTIDOS;SALCHICHA TIPO VIENA 800GR (24unid) ALIMEX;9.35
3801627;2026-09-30;VLC02;KROMI SUR;ProdBEBIDAS_LACT;LECHE COMPLETA LIQUIDA PURISIMA;2.45
3801628;2026-09-30;VLC02;KROMI SUR;ProdBEBIDAS_LACT;LECHE DESCREMADA LIQUIDA PURISIMA;2.25
3801629;2026-09-30;VLC02;KROMI SUR;ProdBEBIDAS_LACT;LECHE  DESLACTOSADA LIQUIDA PURISIMA;2.53
3801626;2026-09-30;VLC02;KROMI SUR;ProdBEBIDAS_LACT;LECHE BARISTA PURISIMA;2.8
3477417;2026-09-02;VLC02;KROMI SUR;ProdBEBIDAS;NARANJADA  200 ML TUNAL;2.64
3752833;2026-09-25;VLC02;KROMI SUR;ProdBEBIDAS;NECTAR DURAZNO 200 ML TUNAL;2.6
3752834;2026-09-25;VLC02;KROMI SUR;ProdBEBIDAS;NECTAR MANZANA 200 ML TUNAL;2.6
3752835;2026-09-25;VLC02;KROMI SUR;ProdBEBIDAS;NECTAR PERA 200 ML TUNAL;2.6
3752826;2026-09-25;VLC02;KROMI SUR;ProdBEBIDAS;TE DURAZNO 1L TUNAL;2.25
3752827;2026-09-25;VLC02;KROMI SUR;ProdBEBIDAS;TE LIMON 1L TUNAL;2.25
3752828;2026-09-25;VLC02;KROMI SUR;ProdBEBIDAS;TE FRUTOS ROJOS 1L TUNAL;2.2
3801637;2026-09-30;VLC02;KROMI SUR;ProdEMBUTIDOS;MORTADELA TAPARA Alimex;12.2
3752813;2026-09-25;VLC02;KROMI SUR;ProdBEBIDAS_LACT;LECHE EN POLVO PURISIMA 400GR;6.2
3752814;2026-09-25;VLC02;KROMI SUR;ProdBEBIDAS_LACT;LECHE EN POLVO PURISIMA 900GR;12.7
3479185;2026-09-02;PTO04;AUT SHUN KING;ProdBEBIDAS_LACT;LECHE BARISTA PURISIMA;3
3479187;2026-09-02;PTO04;AUT SHUN KING;ProdBEBIDAS_LACT;LECHE COMPLETA LIQUIDA PURISIMA;2.68
3479188;2026-09-02;PTO04;AUT SHUN KING;ProdBEBIDAS_LACT;LECHE DESCREMADA LIQUIDA PURISIMA;2.62
3479189;2026-09-02;PTO04;AUT SHUN KING;ProdBEBIDAS_LACT;LECHE  DESLACTOSADA LIQUIDA PURISIMA;2.77
3792082;2026-09-30;CCS08;MARAPLUS LA FLORIDA;ProdDERIV_LACTEOS;MANTEQUILLA PURISIMA CON SAL 200G PURISIMA;6.25
3792083;2026-09-30;CCS08;MARAPLUS LA FLORIDA;ProdDERIV_LACTEOS;MANTEQUILLA PURISIMA SIN SAL 200G PURISIMA;5.77
3792087;2026-09-30;CCS08;MARAPLUS LA FLORIDA;ProdEMBUTIDOS;SALCHICHA TIPO VIENA 800GR (24unid) ALIMEX;10.8
3622867;2026-09-16;CCS08;MARAPLUS LA FLORIDA;ProdEMBUTIDOS;SALCHICHA TIPO VIENA 450GR (22unid) ALIMEX;6.47
3792080;2026-09-30;CCS08;MARAPLUS LA FLORIDA;ProdDERIV_LACTEOS;CREMA DE LECHE DE 250GR PURISIMA;4.07
3792100;2026-09-30;CCS08;MARAPLUS LA FLORIDA;ProdBEBIDAS_LACT;LECHE BARISTA PURISIMA;2.89
3792101;2026-09-30;CCS08;MARAPLUS LA FLORIDA;ProdBEBIDAS_LACT;LECHE COMPLETA LIQUIDA PURISIMA;2.75
3792102;2026-09-30;CCS08;MARAPLUS LA FLORIDA;ProdBEBIDAS_LACT;LECHE DESCREMADA LIQUIDA PURISIMA;2.69
3792103;2026-09-30;CCS08;MARAPLUS LA FLORIDA;ProdBEBIDAS_LACT;LECHE  DESLACTOSADA LIQUIDA PURISIMA;2.84
3792105;2026-09-30;CCS08;MARAPLUS LA FLORIDA;ProdBEBIDAS;NARANJADA 1L TUNAL;2.99
3792106;2026-09-30;CCS08;MARAPLUS LA FLORIDA;ProdBEBIDAS;NECTAR MANZANA 1L TUNAL;2.27
3792107;2026-09-30;CCS08;MARAPLUS LA FLORIDA;ProdBEBIDAS;NECTAR PERA 1L TUNAL;2.26
3705841;2026-09-23;CCS08;MARAPLUS LA FLORIDA;ProdBEBIDAS;NECTAR DURAZNO 1L TUNAL;2.33
3792081;2026-09-30;CCS08;MARAPLUS LA FLORIDA;ProdDERIV_LACTEOS;CREMA DE LECHE DE 500GR PURISIMA;7.28
3792088;2026-09-30;CCS08;MARAPLUS LA FLORIDA;ProdEMBUTIDOS;MORTADELA CCS DE CARNES 500G;2.5
3792104;2026-09-30;CCS08;MARAPLUS LA FLORIDA;ProdBEBIDAS;NECTAR PERA LIGHT 1 LITRO TUNAL;2.38
3792108;2026-09-30;CCS08;MARAPLUS LA FLORIDA;ProdBEBIDAS;NECTAR MANZANA 200 ML TUNAL;2.67
3792109;2026-09-30;CCS08;MARAPLUS LA FLORIDA;ProdBEBIDAS;NECTAR PERA 200 ML TUNAL;2.67
3511846;2026-09-02;CCS03;PLAN SUAREZ LA URBINA;ProdBEBIDAS_LACT;Leche en polvo Purisima 1kg;12.51
3511847;2026-09-02;CCS03;PLAN SUAREZ LA URBINA;ProdBEBIDAS_LACT;LECHE COMPLETA LIQUIDA PURISIMA;2.4
3511848;2026-09-02;CCS03;PLAN SUAREZ LA URBINA;ProdDERIV_LACTEOS;MANTEQUILLA PURISIMA SIN SAL 200G PURISIMA;5.52
3511849;2026-09-02;CCS03;PLAN SUAREZ LA URBINA;ProdEMBUTIDOS;SALCHICHA TIPO COCTEL 450 GR ALIMEX;6.38
3511850;2026-09-02;CCS03;PLAN SUAREZ LA URBINA;ProdEMBUTIDOS;SALCHICHA TIPO VIENA 800GR (24unid) ALIMEX;10.93
3511851;2026-09-02;CCS03;PLAN SUAREZ LA URBINA;ProdEMBUTIDOS;SALCHICHA TIPO VIENA 225G (11unid) ALIMEX;3.47
3511853;2026-09-02;CCS03;PLAN SUAREZ LA URBINA;ProdDERIV_LACTEOS;CREMA DE LECHE DE 500GR PURISIMA;5.88
3511854;2026-09-02;CCS03;PLAN SUAREZ LA URBINA;ProdDERIV_LACTEOS;CREMA DE LECHE DE 250GR PURISIMA;3.47
3511860;2026-09-02;CCS03;PLAN SUAREZ LA URBINA;ProdBEBIDAS;NARANJADA 1L TUNAL;2.42
3511856;2026-09-02;CCS03;PLAN SUAREZ LA URBINA;ProdBEBIDAS;NECTAR DURAZNO 1L TUNAL;2.13
3511857;2026-09-02;CCS03;PLAN SUAREZ LA URBINA;ProdBEBIDAS;NECTAR MANZANA 1L TUNAL;2.13
3511858;2026-09-02;CCS03;PLAN SUAREZ LA URBINA;ProdBEBIDAS;NECTAR PERA 1L TUNAL;2.13
3511859;2026-09-02;CCS03;PLAN SUAREZ LA URBINA;ProdBEBIDAS;NARANJADA  200 ML TUNAL;2.46
3511861;2026-09-02;CCS03;PLAN SUAREZ LA URBINA;ProdBEBIDAS;NECTAR MANZANA 200 ML TUNAL;2.42
3633914;2026-09-16;BQTO06;GRAN MARKET TUREN;ProdBEBIDAS_LACT;LECHE DESCREMADA LIQUIDA PURISIMA;2.49
3482077;2026-09-02;BQTO06;GRAN MARKET TUREN;ProdBEBIDAS;NECTAR DURAZNO 1L TUNAL;2.29
3482083;2026-09-02;BQTO06;GRAN MARKET TUREN;ProdBEBIDAS;NARANJADA  200 ML TUNAL;2.86
3482085;2026-09-02;BQTO06;GRAN MARKET TUREN;ProdBEBIDAS;NECTAR MANZANA 200 ML TUNAL;2.86
3482088;2026-09-02;BQTO06;GRAN MARKET TUREN;ProdBEBIDAS;NECTAR PERA 200 ML TUNAL;2.86
3633918;2026-09-16;BQTO06;GRAN MARKET TUREN;ProdDERIV_LACTEOS;MANTEQUILLA PURISIMA CON SAL 200G PURISIMA;5.26
3482113;2026-09-02;BQTO06;GRAN MARKET TUREN;ProdEMBUTIDOS;SALCHICHA TIPO VIENA 800GR (24unid) ALIMEX;9.49
3482116;2026-09-02;BQTO06;GRAN MARKET TUREN;ProdEMBUTIDOS;TOCINETA AHUMADA SIN CUERO 3.5KG ALIMEX;5.69
3482119;2026-09-02;BQTO06;GRAN MARKET TUREN;ProdEMBUTIDOS;SALCHICHA TIPO VIENA 225G (11unid) ALIMEX;3.5
3482128;2026-09-02;BQTO06;GRAN MARKET TUREN;ProdEMBUTIDOS;MORTADELA CCS DE CARNES 500G;1.95
3482131;2026-09-02;BQTO06;GRAN MARKET TUREN;ProdEMBUTIDOS;MORTADELA CCS DE CARNES 900G;3.25
3633916;2026-09-16;BQTO06;GRAN MARKET TUREN;ProdDERIV_LACTEOS;CREMA DE LECHE DE 500GR PURISIMA;5.8
3633917;2026-09-16;BQTO06;GRAN MARKET TUREN;ProdDERIV_LACTEOS;CREMA DE LECHE DE 250GR PURISIMA;3.25
3633912;2026-09-16;BQTO06;GRAN MARKET TUREN;ProdBEBIDAS_LACT;LECHE BARISTA PURISIMA;2.76
3633913;2026-09-16;BQTO06;GRAN MARKET TUREN;ProdBEBIDAS_LACT;LECHE COMPLETA LIQUIDA PURISIMA;2.55
3633915;2026-09-16;BQTO06;GRAN MARKET TUREN;ProdBEBIDAS_LACT;LECHE  DESLACTOSADA LIQUIDA PURISIMA;2.59
3482099;2026-09-02;BQTO06;GRAN MARKET TUREN;ProdBEBIDAS;NARANJADA 1L TUNAL;2.84
3482102;2026-09-02;BQTO06;GRAN MARKET TUREN;ProdBEBIDAS;NECTAR MANZANA 1L TUNAL;2.37
3482105;2026-09-02;BQTO06;GRAN MARKET TUREN;ProdBEBIDAS;NECTAR PERA 1L TUNAL;1.77
3482108;2026-09-02;BQTO06;GRAN MARKET TUREN;ProdBEBIDAS;TE DURAZNO 1L TUNAL;2.33
3482111;2026-09-02;BQTO06;GRAN MARKET TUREN;ProdBEBIDAS;TE LIMON 1L TUNAL;2.33
3633919;2026-09-16;BQTO06;GRAN MARKET TUREN;ProdDERIV_LACTEOS;MANTEQUILLA PURISIMA SIN SAL 200G PURISIMA;4.87
3633920;2026-09-16;BQTO06;GRAN MARKET TUREN;ProdEMBUTIDOS;SALCHICHA TIPO VIENA 450GR (22unid) ALIMEX;5.97
3668141;2026-09-18;BQTO06;SUPERMERCADO NUEVA CASA CENTER;ProdBEBIDAS;NARANJADA 1L TUNAL;2.87
3668143;2026-09-18;BQTO06;SUPERMERCADO NUEVA CASA CENTER;ProdBEBIDAS;NECTAR MANZANA 1L TUNAL;2.23
3668145;2026-09-18;BQTO06;SUPERMERCADO NUEVA CASA CENTER;ProdBEBIDAS;NECTAR PERA 1L TUNAL;2.23
3668147;2026-09-18;BQTO06;SUPERMERCADO NUEVA CASA CENTER;ProdBEBIDAS;NECTAR DURAZNO 1L TUNAL;2.23
3668149;2026-09-18;BQTO06;SUPERMERCADO NUEVA CASA CENTER;ProdBEBIDAS;NECTAR DURAZNO 200 ML TUNAL;2.54
3668151;2026-09-18;BQTO06;SUPERMERCADO NUEVA CASA CENTER;ProdBEBIDAS;NECTAR MANZANA 200 ML TUNAL;2.54
3668153;2026-09-18;BQTO06;SUPERMERCADO NUEVA CASA CENTER;ProdBEBIDAS;NECTAR PERA 200 ML TUNAL;2.54
3726620;2026-09-24;MCY01;Mas x Menos Global;ProdBEBIDAS_LACT;LECHE COMPLETA LIQUIDA PURISIMA;2.59
3726621;2026-09-24;MCY01;Mas x Menos Global;ProdBEBIDAS_LACT;LECHE DESCREMADA LIQUIDA PURISIMA;2.55
3726622;2026-09-24;MCY01;Mas x Menos Global;ProdBEBIDAS_LACT;LECHE  DESLACTOSADA LIQUIDA PURISIMA;2.69
3726624;2026-09-24;MCY01;Mas x Menos Global;ProdDERIV_LACTEOS;CREMA DE LECHE DE 250GR PURISIMA;3.43
3726627;2026-09-24;MCY01;Mas x Menos Global;ProdDERIV_LACTEOS;MANTEQUILLA PURISIMA SIN SAL 200G PURISIMA;5.65
3726628;2026-09-24;MCY01;Mas x Menos Global;ProdDERIV_LACTEOS;MANTEQUILLA PURISIMA CON SAL 200G PURISIMA;6.09
3633161;2026-09-16;MCY01;Mas x Menos Global;ProdEMBUTIDOS;SALCHICHA TIPO VIENA 225G (11unid) ALIMEX;3.51
3549250;2026-09-09;CCS07;FORUM GUARENAS;ProdDERIV_LACTEOS;CREMA DE LECHE DE 500GR PURISIMA;6.19
3549251;2026-09-09;CCS07;FORUM GUARENAS;ProdDERIV_LACTEOS;CREMA DE LECHE DE 250GR PURISIMA;3.65
3549244;2026-09-09;CCS07;FORUM GUARENAS;ProdDERIV_LACTEOS;MANTEQUILLA PURISIMA CON SAL 200G PURISIMA;6.29
3549242;2026-09-09;CCS07;FORUM GUARENAS;ProdDERIV_LACTEOS;MANTEQUILLA PURISIMA SIN SAL 200G PURISIMA;5.79
3549246;2026-09-09;CCS07;FORUM GUARENAS;ProdDERIV_LACTEOS;Queso amarillo Purisima semimadurado disco 500gr;32.99
3549248;2026-09-09;CCS07;FORUM GUARENAS;ProdDERIV_LACTEOS;QUESO DE CABRA 500G PURISIMA;22.29
3549254;2026-09-09;CCS07;FORUM GUARENAS;ProdEMBUTIDOS;MORTADELA CCS DE CARNES 900G;3.49
3549252;2026-09-09;CCS07;FORUM GUARENAS;ProdEMBUTIDOS;MORTADELA CCS DE CARNES 500G;2.25
3549256;2026-09-09;CCS07;FORUM GUARENAS;ProdEMBUTIDOS;CHORIZO DE CERDO PICANTE PARRILLERO ALIMEX;11.99
3549258;2026-09-09;CCS07;FORUM GUARENAS;ProdEMBUTIDOS;CHORIZO DE CERDO AHUMADO PARRILLERO ALIMEX;14.49
3549260;2026-09-09;CCS07;FORUM GUARENAS;ProdEMBUTIDOS;SALCHICHA TIPO VIENA 800GR (24unid) ALIMEX;11.69
3549262;2026-09-09;CCS07;FORUM GUARENAS;ProdEMBUTIDOS;SALCHICHA TIPO VIENA 450GR (22unid) ALIMEX;6.75
3549264;2026-09-09;CCS07;FORUM GUARENAS;ProdEMBUTIDOS;SALCHICHA TIPO VIENA 225G (11unid) ALIMEX;3.65
3549266;2026-09-09;CCS07;FORUM GUARENAS;ProdJAMONERIA;JAMON PIERNA ALIMEX 98% 5.9kg;15.78
3549268;2026-09-09;CCS07;FORUM GUARENAS;ProdDERIV_LACTEOS;Queso amarillo Purisima semimadurado barra;32.99
3549271;2026-09-09;CCS07;FORUM GUARENAS;ProdJAMONERIA;JAMON AREPERO AHUMADO;11.95
3549273;2026-09-09;CCS07;FORUM GUARENAS;ProdEMBUTIDOS;MORTADELA TAPARA Alimex;14.21
3549275;2026-09-09;CCS07;FORUM GUARENAS;ProdJAMONERIA;JAMON AHUMADO VISKING ITALICO 3.5 KG;12.49
3623683;2026-09-16;CCS07;FORUM GUARENAS;ProdBEBIDAS_LACT;LECHE COMPLETA LIQUIDA PURISIMA;2.59
3623684;2026-09-16;CCS07;FORUM GUARENAS;ProdBEBIDAS_LACT;LECHE DESCREMADA LIQUIDA PURISIMA;2.59
3623685;2026-09-16;CCS07;FORUM GUARENAS;ProdBEBIDAS_LACT;LECHE  DESLACTOSADA LIQUIDA PURISIMA;2.75
3549217;2026-09-09;CCS07;FORUM GUARENAS;ProdBEBIDAS_LACT;Leche en polvo Purisima 1kg;12.79
3549220;2026-09-09;CCS07;FORUM GUARENAS;ProdBEBIDAS_LACT;Leche en polvo Purisima 500gr;6.29
3623688;2026-09-16;CCS07;FORUM GUARENAS;ProdBEBIDAS;TE LIMON 1L TUNAL;2.75
3623689;2026-09-16;CCS07;FORUM GUARENAS;ProdBEBIDAS;TE FRUTOS ROJOS 1L TUNAL;2.75
3623692;2026-09-16;CCS07;FORUM GUARENAS;ProdBEBIDAS;NARANJADA  200 ML TUNAL;3.2
3623693;2026-09-16;CCS07;FORUM GUARENAS;ProdBEBIDAS;NECTAR MANZANA 200 ML TUNAL;3.16
3549240;2026-09-09;CCS07;FORUM GUARENAS;ProdBEBIDAS;NECTAR PERA 200 ML TUNAL;3.16
3623695;2026-09-16;CCS07;FORUM GUARENAS;ProdBEBIDAS;NECTAR DURAZNO 200 ML TUNAL;3.16
3623690;2026-09-16;CCS07;FORUM GUARENAS;ProdBEBIDAS;NARANJADA 1L TUNAL;3.55
3623691;2026-09-16;CCS07;FORUM GUARENAS;ProdBEBIDAS;NECTAR MANZANA 1L TUNAL;2.77
3549230;2026-09-09;CCS07;FORUM GUARENAS;ProdBEBIDAS;NECTAR DURAZNO 1L TUNAL;2.77
3473564;2026-09-02;CCS07;FORUM GUARENAS;ProdDERIV_LACTEOS;QUESO DE CABRA EN BARRA 3.3 KG PURISIMA;27.69
3549232;2026-09-09;CCS07;FORUM GUARENAS;ProdBEBIDAS;NECTAR PERA 1L TUNAL;2.77
3708134;2026-09-23;CCS07;FORUM GUARENAS;ProdBEBIDAS;TE DURAZNO 1L TUNAL;2.75
3623686;2026-09-16;CCS07;FORUM GUARENAS;ProdBEBIDAS_LACT;LECHE EN POLVO PURISIMA 900GR;13.99
3623687;2026-09-16;CCS07;FORUM GUARENAS;ProdBEBIDAS_LACT;LECHE EN POLVO PURISIMA 400GR;6.69
3549270;2026-09-09;CCS07;FORUM GUARENAS;ProdJAMONERIA;JAMON COCIDO ESTANDAR ITALICO 5.9kg;9.99
3623678;2026-09-16;CCS07;FORUM GUARENAS;ProdJAMONERIA;JAMON DE ESPALDA ALIMEX 4.4KG;9.99
3650673;2026-09-17;BQTO06;INVERSIONES GRAN FUTURO 88;ProdBEBIDAS;NARANJADA 1L TUNAL;2.74
3650674;2026-09-17;BQTO06;INVERSIONES GRAN FUTURO 88;ProdBEBIDAS;NECTAR MANZANA 1L TUNAL;2.13
3650677;2026-09-17;BQTO06;INVERSIONES GRAN FUTURO 88;ProdBEBIDAS;NECTAR DURAZNO 1L TUNAL;2.13
3650679;2026-09-17;BQTO06;INVERSIONES GRAN FUTURO 88;ProdBEBIDAS;NECTAR MANZANA 200 ML TUNAL;0.96
3493309;2026-09-03;BQTO06;INVERSIONES GRAN FUTURO 88;ProdBEBIDAS;NECTAR PERA 200 ML TUNAL;0.96
3493311;2026-09-03;BQTO06;INVERSIONES GRAN FUTURO 88;ProdBEBIDAS;NECTAR DURAZNO 200 ML TUNAL;0.96
3650669;2026-09-17;BQTO06;INVERSIONES GRAN FUTURO 88;ProdBEBIDAS_LACT;LECHE COMPLETA LIQUIDA PURISIMA;2.6
3650671;2026-09-17;BQTO06;INVERSIONES GRAN FUTURO 88;ProdBEBIDAS_LACT;LECHE DESCREMADA LIQUIDA PURISIMA;2.6
3493329;2026-09-03;BQTO06;INVERSIONES GRAN FUTURO 88;ProdDERIV_LACTEOS;CREMA DE LECHE DE 500GR PURISIMA;5.6
3493331;2026-09-03;BQTO06;INVERSIONES GRAN FUTURO 88;ProdDERIV_LACTEOS;CREMA DE LECHE DE 250GR PURISIMA;3.45
3493336;2026-09-03;BQTO06;INVERSIONES GRAN FUTURO 88;ProdEMBUTIDOS;SALCHICHA TIPO VIENA 225G (11unid) ALIMEX;3.14
3493341;2026-09-03;BQTO06;INVERSIONES GRAN FUTURO 88;ProdEMBUTIDOS;MORTADELA CCS DE CARNES 500G;2.04
3493343;2026-09-03;BQTO06;INVERSIONES GRAN FUTURO 88;ProdEMBUTIDOS;MORTADELA CCS DE CARNES 900G;3.56
3650676;2026-09-17;BQTO06;INVERSIONES GRAN FUTURO 88;ProdBEBIDAS;NECTAR PERA 1L TUNAL;2.13
3628161;2026-09-16;PTO04;AUTO MERCADO MEGA;ProdBEBIDAS_LACT;LECHE COMPLETA LIQUIDA PURISIMA;2.68
3628162;2026-09-16;PTO04;AUTO MERCADO MEGA;ProdBEBIDAS_LACT;LECHE DESCREMADA LIQUIDA PURISIMA;2.57
3628172;2026-09-16;PTO04;AUTO MERCADO MEGA;ProdBEBIDAS_LACT;LECHE EN POLVO PURISIMA 200GR;3.7
3628173;2026-09-16;PTO04;AUTO MERCADO MEGA;ProdBEBIDAS_LACT;LECHE EN POLVO PURISIMA 400GR;7.26
3628174;2026-09-16;PTO04;AUTO MERCADO MEGA;ProdBEBIDAS_LACT;LECHE EN POLVO PURISIMA 900GR;12.99
3628189;2026-09-16;PTO04;AUTO MERCADO MEGA;ProdBEBIDAS;NECTAR MANZANA 1L TUNAL;2.28
3628190;2026-09-16;PTO04;AUTO MERCADO MEGA;ProdBEBIDAS;NECTAR PERA 1L TUNAL;2.28
3628188;2026-09-16;PTO04;AUTO MERCADO MEGA;ProdBEBIDAS;NECTAR DURAZNO 1L TUNAL;2.28
3628192;2026-09-16;PTO04;AUTO MERCADO MEGA;ProdBEBIDAS;NECTAR MANZANA 200 ML TUNAL;0.94
3628193;2026-09-16;PTO04;AUTO MERCADO MEGA;ProdBEBIDAS;NECTAR PERA 200 ML TUNAL;0.94
3628191;2026-09-16;PTO04;AUTO MERCADO MEGA;ProdBEBIDAS;NECTAR DURAZNO 200 ML TUNAL;0.94
3628194;2026-09-16;PTO04;AUTO MERCADO MEGA;ProdBEBIDAS;NECTAR PERA 500 ML TUNAL;1.61
3628163;2026-09-16;PTO04;AUTO MERCADO MEGA;ProdBEBIDAS_LACT;LECHE  DESLACTOSADA LIQUIDA PURISIMA;2.72
3628195;2026-09-16;PTO04;AUTO MERCADO MEGA;ProdBEBIDAS;TE FRUTOS ROJOS 1L TUNAL;2.37
3628199;2026-09-16;PTO04;AUTO MERCADO MEGA;ProdEMBUTIDOS;MORTADELA CCS DE CARNES 900G;4.13
3723893;2026-09-24;MCY01;LUXOR IPSFA;ProdBEBIDAS_LACT;LECHE COMPLETA LIQUIDA PURISIMA;2.56
3633137;2026-09-16;MCY01;LUXOR IPSFA;ProdBEBIDAS_LACT;LECHE DESCREMADA LIQUIDA PURISIMA;2.29
3723901;2026-09-24;MCY01;LUXOR IPSFA;ProdBEBIDAS_LACT;LECHE  DESLACTOSADA LIQUIDA PURISIMA;2.78
3723903;2026-09-24;MCY01;LUXOR IPSFA;ProdBEBIDAS_LACT;LECHE EN POLVO PURISIMA 900GR;13.85
3633200;2026-09-16;MCY01;LUXOR IPSFA;ProdDERIV_LACTEOS;CREMA DE LECHE DE 500GR PURISIMA;6.3
3633219;2026-09-16;MCY01;LUXOR IPSFA;ProdBEBIDAS;NARANJADA  500 ML TUNAL;1.89
3633224;2026-09-16;MCY01;LUXOR IPSFA;ProdBEBIDAS;NECTAR PERA 500 ML TUNAL;1.57
3633227;2026-09-16;MCY01;LUXOR IPSFA;ProdBEBIDAS;TE LIMON 500ML TUNAL;1.46
3633231;2026-09-16;MCY01;LUXOR IPSFA;ProdBEBIDAS;TE DURAZNO 500ML TUNAL;1.46
3723915;2026-09-24;MCY01;LUXOR IPSFA;ProdEMBUTIDOS;MORTADELA DE POLLO DE 1 KG;3.19
3723906;2026-09-24;MCY01;LUXOR IPSFA;ProdDERIV_LACTEOS;MANTEQUILLA PURISIMA SIN SAL 200G PURISIMA;5.92
3723907;2026-09-24;MCY01;LUXOR IPSFA;ProdDERIV_LACTEOS;MANTEQUILLA PURISIMA CON SAL 200G PURISIMA;6.38
3723924;2026-09-24;MCY01;LUXOR IPSFA;ProdBEBIDAS;NARANJADA 1L TUNAL;2.99
3723925;2026-09-24;MCY01;LUXOR IPSFA;ProdBEBIDAS;NECTAR DURAZNO 1L TUNAL;2.33
3723926;2026-09-24;MCY01;LUXOR IPSFA;ProdBEBIDAS;NECTAR MANZANA 1L TUNAL;2.33
3723927;2026-09-24;MCY01;LUXOR IPSFA;ProdBEBIDAS;NECTAR PERA 1L TUNAL;2.33
3723928;2026-09-24;MCY01;LUXOR IPSFA;ProdBEBIDAS;TE DURAZNO 1L TUNAL;2.31
3723929;2026-09-24;MCY01;LUXOR IPSFA;ProdBEBIDAS;TE LIMON 1L TUNAL;2.31
3723930;2026-09-24;MCY01;LUXOR IPSFA;ProdBEBIDAS;TE FRUTOS ROJOS 1L TUNAL;2.31
3684170;2026-09-17;MCY05;CAMPOLLANO 2;ProdDERIV_LACTEOS;CREMA DE LECHE DE 500GR PURISIMA;6.5
3739371;2026-09-24;MCY05;CAMPOLLANO 2;ProdDERIV_LACTEOS;MANTEQUILLA PURISIMA SIN SAL 200G PURISIMA;5.81
3508433;2026-09-03;MCY05;CAMPOLLANO 2;ProdEMBUTIDOS;TOCINETA AHUMADA SIN CUERO 3.5KG ALIMEX;11.5
3739360;2026-09-24;MCY05;CAMPOLLANO 2;ProdEMBUTIDOS;SALCHICHA TIPO VIENA 450GR (22unid) ALIMEX;6.72
3739362;2026-09-24;MCY05;CAMPOLLANO 2;ProdEMBUTIDOS;SALCHICHA TIPO VIENA 225G (11unid) ALIMEX;3.65
3739384;2026-09-24;MCY05;CAMPOLLANO 2;ProdBEBIDAS_LACT;LECHE COMPLETA LIQUIDA PURISIMA;2.84
3739386;2026-09-24;MCY05;CAMPOLLANO 2;ProdBEBIDAS_LACT;LECHE  DESLACTOSADA LIQUIDA PURISIMA;2.93
3739358;2026-09-24;MCY05;CAMPOLLANO 2;ProdEMBUTIDOS;SALCHICHA TIPO VIENA 800GR (24unid) ALIMEX;11.5
3684171;2026-09-17;MCY05;CAMPOLLANO 2;ProdDERIV_LACTEOS;CREMA DE LECHE DE 250GR PURISIMA;3.84
3739385;2026-09-24;MCY05;CAMPOLLANO 2;ProdBEBIDAS_LACT;LECHE DESCREMADA LIQUIDA PURISIMA;2.78
3684165;2026-09-17;MCY05;CAMPOLLANO 2;ProdBEBIDAS;NARANJADA 1L TUNAL;2.58
3684160;2026-09-17;MCY05;CAMPOLLANO 2;ProdBEBIDAS;NECTAR MANZANA 1L TUNAL;2.42
3684162;2026-09-17;MCY05;CAMPOLLANO 2;ProdBEBIDAS;NECTAR PERA 1L TUNAL;2.42
3684164;2026-09-17;MCY05;CAMPOLLANO 2;ProdBEBIDAS;NECTAR DURAZNO 1L TUNAL;2.42
3684166;2026-09-17;MCY05;CAMPOLLANO 2;ProdBEBIDAS;NECTAR PERA LIGHT 1 LITRO TUNAL;2.58
3684175;2026-09-17;MCY05;CAMPOLLANO 2;ProdBEBIDAS_LACT;LECHE BARISTA PURISIMA;2.84
3717158;2026-09-23;BQTO07;INVERSIONES SALAS Y VARGAS;ProdEMBUTIDOS;SALCHICHA TIPO VIENA 450GR (22unid) ALIMEX;6.28
3717161;2026-09-23;BQTO07;INVERSIONES SALAS Y VARGAS;ProdEMBUTIDOS;SALCHICHA TIPO VIENA 225G (11unid) ALIMEX;3.42
3717164;2026-09-23;BQTO07;INVERSIONES SALAS Y VARGAS;ProdEMBUTIDOS;MORTADELA CCS DE CARNES 900G;3.69
3481618;2026-09-02;BQTO07;INVERSIONES SALAS Y VARGAS;ProdEMBUTIDOS;TOCINETA AHUMADA SIN CUERO 3.5KG ALIMEX;2.6
3717173;2026-09-23;BQTO07;INVERSIONES SALAS Y VARGAS;ProdDERIV_LACTEOS;CREMA DE LECHE DE 250GR PURISIMA;3.58
3481623;2026-09-02;BQTO07;INVERSIONES SALAS Y VARGAS;ProdDERIV_LACTEOS;MANTEQUILLA PURISIMA SIN SAL 200G PURISIMA;2.6
3717170;2026-09-23;BQTO07;INVERSIONES SALAS Y VARGAS;ProdDERIV_LACTEOS;MANTEQUILLA PURISIMA CON SAL 200G PURISIMA;5.63
3717208;2026-09-23;BQTO07;INVERSIONES SALAS Y VARGAS;ProdBEBIDAS_LACT;LECHE COMPLETA LIQUIDA PURISIMA;2.83
3717211;2026-09-23;BQTO07;INVERSIONES SALAS Y VARGAS;ProdBEBIDAS_LACT;LECHE DESCREMADA LIQUIDA PURISIMA;2.77
3481630;2026-09-02;BQTO07;INVERSIONES SALAS Y VARGAS;ProdBEBIDAS_LACT;LECHE BARISTA PURISIMA;2.63
3717196;2026-09-23;BQTO07;INVERSIONES SALAS Y VARGAS;ProdBEBIDAS;NARANJADA 1L TUNAL;3.2
3717199;2026-09-23;BQTO07;INVERSIONES SALAS Y VARGAS;ProdBEBIDAS;NECTAR MANZANA 1L TUNAL;2.35
3717202;2026-09-23;BQTO07;INVERSIONES SALAS Y VARGAS;ProdBEBIDAS;NECTAR PERA 1L TUNAL;2.32
3481639;2026-09-02;BQTO07;INVERSIONES SALAS Y VARGAS;ProdBEBIDAS;NECTAR DURAZNO 500 ML TUNAL;2.05
3481640;2026-09-02;BQTO07;INVERSIONES SALAS Y VARGAS;ProdBEBIDAS;NARANJADA  500 ML TUNAL;2.06
3717155;2026-09-23;BQTO07;INVERSIONES SALAS Y VARGAS;ProdEMBUTIDOS;SALCHICHA TIPO VIENA 800GR (24unid) ALIMEX;10.35
3717167;2026-09-23;BQTO07;INVERSIONES SALAS Y VARGAS;ProdEMBUTIDOS;MORTADELA CCS DE CARNES 500G;2.88
3717205;2026-09-23;BQTO07;INVERSIONES SALAS Y VARGAS;ProdBEBIDAS;NECTAR DURAZNO 1L TUNAL;2.32
3717214;2026-09-23;BQTO07;INVERSIONES SALAS Y VARGAS;ProdBEBIDAS_LACT;LECHE  DESLACTOSADA LIQUIDA PURISIMA;2.84
3493744;2026-09-03;PLC03;NEW MARKET;ProdBEBIDAS_LACT;LECHE COMPLETA LIQUIDA PURISIMA;2.72
3493746;2026-09-03;PLC03;NEW MARKET;ProdEMBUTIDOS;MORTADELA CCS DE CARNES 900G;3.52
3493748;2026-09-03;PLC03;NEW MARKET;ProdEMBUTIDOS;SALCHICHA TIPO VIENA 225G (11unid) ALIMEX;3.21
3796753;2026-09-30;PLC01;TODO HOGAR AV. INTERCOMUNAL;ProdBEBIDAS_LACT;LECHE COMPLETA LIQUIDA PURISIMA;2.69
3796754;2026-09-30;PLC01;TODO HOGAR AV. INTERCOMUNAL;ProdBEBIDAS_LACT;LECHE DESCREMADA LIQUIDA PURISIMA;2.79
3796755;2026-09-30;PLC01;TODO HOGAR AV. INTERCOMUNAL;ProdBEBIDAS_LACT;LECHE  DESLACTOSADA LIQUIDA PURISIMA;2.79
3753865;2026-09-25;PLC01;TODO HOGAR AV. INTERCOMUNAL;ProdBEBIDAS;NARANJADA 1L TUNAL;2.85
3796773;2026-09-30;PLC01;TODO HOGAR AV. INTERCOMUNAL;ProdBEBIDAS;NECTAR DURAZNO 1L TUNAL;2.25
3796774;2026-09-30;PLC01;TODO HOGAR AV. INTERCOMUNAL;ProdBEBIDAS;NECTAR PERA 1L TUNAL;1.55
3796772;2026-09-30;PLC01;TODO HOGAR AV. INTERCOMUNAL;ProdBEBIDAS;NECTAR MANZANA 1L TUNAL;2.25
3709347;2026-09-23;PLC01;TODO HOGAR AV. INTERCOMUNAL;ProdBEBIDAS;NECTAR PERA LIGHT 1 LITRO TUNAL;2.35
3753867;2026-09-25;PLC01;TODO HOGAR AV. INTERCOMUNAL;ProdBEBIDAS;NARANJADA  500 ML TUNAL;1.99
3796775;2026-09-30;PLC01;TODO HOGAR AV. INTERCOMUNAL;ProdBEBIDAS;NECTAR DURAZNO 500 ML TUNAL;1.55
3496232;2026-09-03;PLC01;TODO HOGAR AV. INTERCOMUNAL;ProdBEBIDAS;NECTAR PERA 500 ML TUNAL;1.55
3753846;2026-09-25;PLC01;TODO HOGAR AV. INTERCOMUNAL;ProdEMBUTIDOS;CHORIZO DE CERDO AHUMADO PARRILLERO ALIMEX;4.85
3753847;2026-09-25;PLC01;TODO HOGAR AV. INTERCOMUNAL;ProdEMBUTIDOS;CHORIZO DE CERDO PICANTE PARRILLERO ALIMEX;4.65
3753844;2026-09-25;PLC01;TODO HOGAR AV. INTERCOMUNAL;ProdEMBUTIDOS;SALCHICHA TIPO VIENA 450GR (22unid) ALIMEX;5.99
3753843;2026-09-25;PLC01;TODO HOGAR AV. INTERCOMUNAL;ProdEMBUTIDOS;SALCHICHA TIPO VIENA 800GR (24unid) ALIMEX;10.29
3796769;2026-09-30;PLC01;TODO HOGAR AV. INTERCOMUNAL;ProdBEBIDAS;TE LIMON 1L TUNAL;2.35
3753869;2026-09-25;PLC01;TODO HOGAR AV. INTERCOMUNAL;ProdBEBIDAS;TE DURAZNO 500ML TUNAL;1.55
3709327;2026-09-23;PLC01;TODO HOGAR AV. INTERCOMUNAL;ProdBEBIDAS_LACT;LECHE BARISTA PURISIMA;2.85
3796760;2026-09-30;PLC01;TODO HOGAR AV. INTERCOMUNAL;ProdBEBIDAS_LACT;LECHE EN POLVO PURISIMA 900GR;13.89
3796761;2026-09-30;PLC01;TODO HOGAR AV. INTERCOMUNAL;ProdBEBIDAS_LACT;LECHE EN POLVO PURISIMA 400GR;6.89
3796762;2026-09-30;PLC01;TODO HOGAR AV. INTERCOMUNAL;ProdBEBIDAS_LACT;LECHE EN POLVO PURISIMA 200GR;3.55
3796777;2026-09-30;PLC01;TODO HOGAR AV. INTERCOMUNAL;ProdBEBIDAS;TE LIMON 500ML TUNAL;1.29
3709352;2026-09-23;PLC01;TODO HOGAR AV. INTERCOMUNAL;ProdBEBIDAS;NECTAR MANZANA 200 ML TUNAL;0.89
3796781;2026-09-30;PLC01;TODO HOGAR AV. INTERCOMUNAL;ProdBEBIDAS;NECTAR PERA 200 ML TUNAL;0.89
3753845;2026-09-25;PLC01;TODO HOGAR AV. INTERCOMUNAL;ProdEMBUTIDOS;SALCHICHA TIPO VIENA 225G (11unid) ALIMEX;3.29
3796783;2026-09-30;PLC01;TODO HOGAR AV. INTERCOMUNAL;ProdDERIV_LACTEOS;MANTEQUILLA PURISIMA CON SAL 200G PURISIMA;4.44
3796756;2026-09-30;PLC01;TODO HOGAR AV. INTERCOMUNAL;ProdBEBIDAS_LACT;LECHE COMPLETA BARISTA LIQUIDA PURISIMA;2.85
3796770;2026-09-30;PLC01;TODO HOGAR AV. INTERCOMUNAL;ProdBEBIDAS;JUGO NARANJA LIGTH 1 LITRO TUNAL;2.39
3796771;2026-09-30;PLC01;TODO HOGAR AV. INTERCOMUNAL;ProdBEBIDAS;NECTAR MANZANA LIGHT 1 LITRO TUNAL;2.35
3796776;2026-09-30;PLC01;TODO HOGAR AV. INTERCOMUNAL;ProdBEBIDAS;TE DURAZNO 1L TUNAL;1.29
3796780;2026-09-30;PLC01;TODO HOGAR AV. INTERCOMUNAL;ProdBEBIDAS;NARANJADA  200 ML TUNAL;0.89
3614744;2026-09-15;CCS05;CENTRAL MADEIRENSE MANZANARES;ProdBEBIDAS_LACT;LECHE COMPLETA LIQUIDA PURISIMA;2.75
3491378;2026-09-03;CCS05;CENTRAL MADEIRENSE MANZANARES;ProdBEBIDAS_LACT;LECHE DESCREMADA LIQUIDA PURISIMA;2.65
3491379;2026-09-03;CCS05;CENTRAL MADEIRENSE MANZANARES;ProdBEBIDAS_LACT;LECHE  DESLACTOSADA LIQUIDA PURISIMA;2.79
3614742;2026-09-15;CCS05;CENTRAL MADEIRENSE MANZANARES;ProdBEBIDAS;NARANJADA 1L TUNAL;3.38
3614748;2026-09-15;CCS05;CENTRAL MADEIRENSE MANZANARES;ProdEMBUTIDOS;SALCHICHA TIPO VIENA 800GR (24unid) ALIMEX;11.69
3614749;2026-09-15;CCS05;CENTRAL MADEIRENSE MANZANARES;ProdEMBUTIDOS;SALCHICHA TIPO VIENA 450GR (22unid) ALIMEX;6.79
3614750;2026-09-15;CCS05;CENTRAL MADEIRENSE MANZANARES;ProdEMBUTIDOS;SALCHICHA TIPO VIENA 225G (11unid) ALIMEX;3.75
3490387;2026-09-03;CCS04;FRESCO MARKET CAURIMARE;ProdDERIV_LACTEOS;MANTEQUILLA PURISIMA CON SAL 200G PURISIMA;5.81
3548905;2026-09-09;CCS04;FRESCO MARKET CAURIMARE;ProdDERIV_LACTEOS;MANTEQUILLA PURISIMA SIN SAL 200G PURISIMA;5.57
3490390;2026-09-03;CCS04;FRESCO MARKET CAURIMARE;ProdDERIV_LACTEOS;CREMA DE LECHE DE 250GR PURISIMA;3.63
3548906;2026-09-09;CCS04;FRESCO MARKET CAURIMARE;ProdDERIV_LACTEOS;CREMA DE LECHE DE 500GR PURISIMA;6.02
3490392;2026-09-03;CCS04;FRESCO MARKET CAURIMARE;ProdBEBIDAS_LACT;Leche en polvo Purisima 500gr;7.33
3490393;2026-09-03;CCS04;FRESCO MARKET CAURIMARE;ProdBEBIDAS_LACT;Leche en polvo Purisima 1kg;15.5
3548897;2026-09-09;CCS04;FRESCO MARKET CAURIMARE;ProdBEBIDAS_LACT;LECHE BARISTA PURISIMA;2.85
3548898;2026-09-09;CCS04;FRESCO MARKET CAURIMARE;ProdBEBIDAS_LACT;LECHE COMPLETA LIQUIDA PURISIMA;2.68
3548899;2026-09-09;CCS04;FRESCO MARKET CAURIMARE;ProdBEBIDAS_LACT;LECHE DESCREMADA LIQUIDA PURISIMA;2.68
3548900;2026-09-09;CCS04;FRESCO MARKET CAURIMARE;ProdBEBIDAS_LACT;LECHE  DESLACTOSADA LIQUIDA PURISIMA;2.7
3548882;2026-09-09;CCS04;FRESCO MARKET CAURIMARE;ProdBEBIDAS;TE DURAZNO 1L TUNAL;2.42
3548883;2026-09-09;CCS04;FRESCO MARKET CAURIMARE;ProdBEBIDAS;TE LIMON 1L TUNAL;2.42
3548884;2026-09-09;CCS04;FRESCO MARKET CAURIMARE;ProdBEBIDAS;NARANJADA 1L TUNAL;3.02
3548885;2026-09-09;CCS04;FRESCO MARKET CAURIMARE;ProdBEBIDAS;NECTAR MANZANA 1L TUNAL;2.35
3548886;2026-09-09;CCS04;FRESCO MARKET CAURIMARE;ProdBEBIDAS;NECTAR PERA 1L TUNAL;2.53
3548890;2026-09-09;CCS04;FRESCO MARKET CAURIMARE;ProdBEBIDAS;NARANJADA  200 ML TUNAL;3.06
3548891;2026-09-09;CCS04;FRESCO MARKET CAURIMARE;ProdBEBIDAS;NECTAR DURAZNO 200 ML TUNAL;2.93
3579757;2026-09-11;VLC04;BALYS COLORADO;ProdBEBIDAS;NARANJADA 1L TUNAL;2.84
3579758;2026-09-11;VLC04;BALYS COLORADO;ProdBEBIDAS;NECTAR DURAZNO 1L TUNAL;2.22
3579759;2026-09-11;VLC04;BALYS COLORADO;ProdBEBIDAS;NECTAR MANZANA 1L TUNAL;2.22
3579760;2026-09-11;VLC04;BALYS COLORADO;ProdBEBIDAS;NECTAR PERA 1L TUNAL;2.22
3579761;2026-09-11;VLC04;BALYS COLORADO;ProdBEBIDAS;TE DURAZNO 1L TUNAL;2.19
3579762;2026-09-11;VLC04;BALYS COLORADO;ProdBEBIDAS;TE LIMON 1L TUNAL;2.19
3579763;2026-09-11;VLC04;BALYS COLORADO;ProdBEBIDAS;TE FRUTOS ROJOS 1L TUNAL;2.19
3579764;2026-09-11;VLC04;BALYS COLORADO;ProdBEBIDAS;NARANJADA  200 ML TUNAL;2.42
3579765;2026-09-11;VLC04;BALYS COLORADO;ProdBEBIDAS;NECTAR DURAZNO 200 ML TUNAL;2.37
3579766;2026-09-11;VLC04;BALYS COLORADO;ProdBEBIDAS;NECTAR MANZANA 200 ML TUNAL;2.37
3579767;2026-09-11;VLC04;BALYS COLORADO;ProdBEBIDAS;NECTAR PERA 200 ML TUNAL;2.37
3579768;2026-09-11;VLC04;BALYS COLORADO;ProdBEBIDAS;NARANJADA  500 ML TUNAL;1.96
3579769;2026-09-11;VLC04;BALYS COLORADO;ProdBEBIDAS;NECTAR MANZANA 500 ML TUNAL;1.49
3579770;2026-09-11;VLC04;BALYS COLORADO;ProdBEBIDAS;NECTAR DURAZNO 500 ML TUNAL;1.49
3579771;2026-09-11;VLC04;BALYS COLORADO;ProdBEBIDAS_LACT;LECHE COMPLETA LIQUIDA PURISIMA;2.38
3579772;2026-09-11;VLC04;BALYS COLORADO;ProdBEBIDAS_LACT;LECHE DESCREMADA LIQUIDA PURISIMA;2.29
3579773;2026-09-11;VLC04;BALYS COLORADO;ProdBEBIDAS_LACT;LECHE  DESLACTOSADA LIQUIDA PURISIMA;2.47
3579777;2026-09-11;VLC04;BALYS COLORADO;ProdDERIV_LACTEOS;CREMA DE LECHE DE 500GR PURISIMA;6.04
3579782;2026-09-11;VLC04;BALYS COLORADO;ProdDERIV_LACTEOS;MANTEQUILLA PURISIMA SIN SAL 200G PURISIMA;4.8
3579781;2026-09-11;VLC04;BALYS COLORADO;ProdDERIV_LACTEOS;MANTEQUILLA PURISIMA CON SAL 200G PURISIMA;5.2
3579778;2026-09-11;VLC04;BALYS COLORADO;ProdDERIV_LACTEOS;CREMA DE LECHE DE 250GR PURISIMA;3.06
3579787;2026-09-11;VLC04;BALYS COLORADO;ProdEMBUTIDOS;SALCHICHA TIPO VIENA 450GR (22unid) ALIMEX;5.63
3579786;2026-09-11;VLC04;BALYS COLORADO;ProdEMBUTIDOS;SALCHICHA TIPO VIENA 225G (11unid) ALIMEX;3.06
3579789;2026-09-11;VLC04;BALYS COLORADO;ProdEMBUTIDOS;SALCHICHA TIPO VIENA 800GR (24unid) ALIMEX;9.85
3799193;2026-09-30;VLC04;BALYS COLORADO;ProdBEBIDAS;NECTAR MANZANA LIGHT 1 LITRO TUNAL;2.35
3548166;2026-09-09;VLC04;BALYS COLORADO;ProdJAMONERIA;JAMON PIERNA ALIMEX 98% 5.9kg;11.05
3548167;2026-09-09;VLC04;BALYS COLORADO;ProdJAMONERIA;JAMON COCIDO ESTANDAR ITALICO 5.9kg;9.56
3493759;2026-09-03;PLC03;MAS POR MENOS C.C.CUMANA PLAZA;ProdBEBIDAS_LACT;LECHE COMPLETA LIQUIDA PURISIMA;2.59
3493760;2026-09-03;PLC03;MAS POR MENOS C.C.CUMANA PLAZA;ProdBEBIDAS_LACT;LECHE DESCREMADA LIQUIDA PURISIMA;2.55
3493761;2026-09-03;PLC03;MAS POR MENOS C.C.CUMANA PLAZA;ProdBEBIDAS_LACT;LECHE  DESLACTOSADA LIQUIDA PURISIMA;2.69
3493766;2026-09-03;PLC03;MAS POR MENOS C.C.CUMANA PLAZA;ProdBEBIDAS;NARANJADA 1L TUNAL;3
3493767;2026-09-03;PLC03;MAS POR MENOS C.C.CUMANA PLAZA;ProdBEBIDAS;NECTAR MANZANA 1L TUNAL;2.45
3493768;2026-09-03;PLC03;MAS POR MENOS C.C.CUMANA PLAZA;ProdBEBIDAS;NECTAR DURAZNO 1L TUNAL;2.45
3493771;2026-09-03;PLC03;MAS POR MENOS C.C.CUMANA PLAZA;ProdDERIV_LACTEOS;MANTEQUILLA PURISIMA SIN SAL 200G PURISIMA;4.25
3493772;2026-09-03;PLC03;MAS POR MENOS C.C.CUMANA PLAZA;ProdDERIV_LACTEOS;MANTEQUILLA PURISIMA CON SAL 200G PURISIMA;5.81
3792193;2026-09-30;VLC01;KOSMO NISPERO;ProdDERIV_LACTEOS;MANTEQUILLA PURISIMA SIN SAL 200G PURISIMA;5.39
3669093;2026-09-21;VLC01;KOSMO NISPERO;ProdDERIV_LACTEOS;MANTEQUILLA PURISIMA CON SAL 200G PURISIMA;5.81
3792189;2026-09-30;VLC01;KOSMO NISPERO;ProdDERIV_LACTEOS;CREMA DE LECHE DE 500GR PURISIMA;5.73
3792190;2026-09-30;VLC01;KOSMO NISPERO;ProdDERIV_LACTEOS;CREMA DE LECHE DE 250GR PURISIMA;3.38
3792241;2026-09-30;VLC01;KOSMO NISPERO;ProdBEBIDAS_LACT;LECHE  DESLACTOSADA LIQUIDA PURISIMA;2.67
3792240;2026-09-30;VLC01;KOSMO NISPERO;ProdBEBIDAS_LACT;LECHE DESCREMADA LIQUIDA PURISIMA;2.53
3792239;2026-09-30;VLC01;KOSMO NISPERO;ProdBEBIDAS_LACT;LECHE COMPLETA LIQUIDA PURISIMA;2.58
3792197;2026-09-30;VLC01;KOSMO NISPERO;ProdBEBIDAS_LACT;LECHE EN POLVO PURISIMA 200GR;3.36
3792195;2026-09-30;VLC01;KOSMO NISPERO;ProdBEBIDAS_LACT;LECHE EN POLVO PURISIMA 900GR;13.29
3792215;2026-09-30;VLC01;KOSMO NISPERO;ProdBEBIDAS;TE DURAZNO 1L TUNAL;2.1
3792214;2026-09-30;VLC01;KOSMO NISPERO;ProdBEBIDAS;TE LIMON 1L TUNAL;2.1
3669122;2026-09-21;VLC01;KOSMO NISPERO;ProdBEBIDAS;NARANJADA 1L TUNAL;2.72
3792219;2026-09-30;VLC01;KOSMO NISPERO;ProdBEBIDAS;NECTAR MANZANA 1L TUNAL;2.13
3792220;2026-09-30;VLC01;KOSMO NISPERO;ProdBEBIDAS;NECTAR PERA 1L TUNAL;2.13
3792221;2026-09-30;VLC01;KOSMO NISPERO;ProdBEBIDAS;NECTAR DURAZNO 1L TUNAL;2.13
3669126;2026-09-21;VLC01;KOSMO NISPERO;ProdBEBIDAS;NECTAR PERA LIGHT 1 LITRO TUNAL;2.23
3669134;2026-09-21;VLC01;KOSMO NISPERO;ProdEMBUTIDOS;MORTADELA CCS DE CARNES 900G;3.37
3792233;2026-09-30;VLC01;KOSMO NISPERO;ProdEMBUTIDOS;SALCHICHA TIPO VIENA 800GR (24unid) ALIMEX;10.66
3669139;2026-09-21;VLC01;KOSMO NISPERO;ProdEMBUTIDOS;SALCHICHA TIPO VIENA 450GR (22unid) ALIMEX;6.21
3792234;2026-09-30;VLC01;KOSMO NISPERO;ProdEMBUTIDOS;SALCHICHA TIPO VIENA 225G (11unid) ALIMEX;3.38
3792227;2026-09-30;VLC01;KOSMO NISPERO;ProdEMBUTIDOS;CHORIZO DE CERDO AHUMADO PARRILLERO ALIMEX;12.71
3792226;2026-09-30;VLC01;KOSMO NISPERO;ProdEMBUTIDOS;CHORIZO DE CERDO PICANTE PARRILLERO ALIMEX;11.93
3792205;2026-09-30;VLC01;KOSMO NISPERO;ProdBEBIDAS;NARANJADA  200 ML TUNAL;0.82
3792206;2026-09-30;VLC01;KOSMO NISPERO;ProdBEBIDAS;NECTAR MANZANA 200 ML TUNAL;0.81
3792207;2026-09-30;VLC01;KOSMO NISPERO;ProdBEBIDAS;NECTAR DURAZNO 200 ML TUNAL;0.81
3792230;2026-09-30;VLC01;KOSMO NISPERO;ProdHUEVOS;HUEVO TIPO  GRANEL 30 UND TUNAL;6.6
3486133;2026-09-03;MCY04;GRAN MARISCAL;ProdBEBIDAS_LACT;LECHE COMPLETA LIQUIDA PURISIMA;2.95
3760230;2026-09-24;MCY04;GRAN MARISCAL;ProdBEBIDAS_LACT;LECHE DESCREMADA LIQUIDA PURISIMA;2.9
3760232;2026-09-24;MCY04;GRAN MARISCAL;ProdBEBIDAS_LACT;LECHE  DESLACTOSADA LIQUIDA PURISIMA;3.4
3760229;2026-09-24;MCY04;GRAN MARISCAL;ProdBEBIDAS_LACT;LECHE BARISTA PURISIMA;2.95
3760204;2026-09-24;MCY04;GRAN MARISCAL;ProdDERIV_LACTEOS;CREMA DE LECHE DE 500GR PURISIMA;6.99
3760207;2026-09-24;MCY04;GRAN MARISCAL;ProdDERIV_LACTEOS;CREMA DE LECHE DE 250GR PURISIMA;3.75
3486152;2026-09-03;MCY04;GRAN MARISCAL;ProdEMBUTIDOS;SALCHICHA TIPO VIENA 800GR (24unid) ALIMEX;11.2
3486153;2026-09-03;MCY04;GRAN MARISCAL;ProdEMBUTIDOS;SALCHICHA TIPO VIENA 450GR (22unid) ALIMEX;6.5
3486154;2026-09-03;MCY04;GRAN MARISCAL;ProdEMBUTIDOS;SALCHICHA TIPO VIENA 225G (11unid) ALIMEX;4.3
3760221;2026-09-24;MCY04;GRAN MARISCAL;ProdEMBUTIDOS;MORTADELA DE POLLO DE 1 KG;3.35
3760224;2026-09-24;MCY04;GRAN MARISCAL;ProdEMBUTIDOS;MORTADELA DE POLLO DE 500G;1.9
3760225;2026-09-24;MCY04;GRAN MARISCAL;ProdEMBUTIDOS;MORTADELA CCS DE CARNES 900G;4.69
3472150;2026-09-02;PLC02;MERCATODO ANZOATEGUI;ProdBEBIDAS_LACT;LECHE BARISTA PURISIMA;3.32
3571639;2026-09-10;PLC02;MERCATODO ANZOATEGUI;ProdBEBIDAS_LACT;LECHE COMPLETA LIQUIDA PURISIMA;2.79
3571640;2026-09-10;PLC02;MERCATODO ANZOATEGUI;ProdBEBIDAS_LACT;LECHE DESCREMADA LIQUIDA PURISIMA;2.99
3571641;2026-09-10;PLC02;MERCATODO ANZOATEGUI;ProdBEBIDAS_LACT;LECHE  DESLACTOSADA LIQUIDA PURISIMA;2.99
3533842;2026-09-08;PLC02;MERCATODO ANZOATEGUI;ProdBEBIDAS;NARANJADA  500 ML TUNAL;2.02
3533843;2026-09-08;PLC02;MERCATODO ANZOATEGUI;ProdBEBIDAS;NECTAR DURAZNO 500 ML TUNAL;1.52
3533845;2026-09-08;PLC02;MERCATODO ANZOATEGUI;ProdBEBIDAS;NECTAR MANZANA 500 ML TUNAL;1.52
3472167;2026-09-02;PLC02;MERCATODO ANZOATEGUI;ProdEMBUTIDOS;SALCHICHA TIPO VIENA 450GR (22unid) ALIMEX;5.7
3571636;2026-09-10;PLC02;MERCATODO ANZOATEGUI;ProdEMBUTIDOS;SALCHICHA TIPO VIENA 225G (11unid) ALIMEX;3.31
3533852;2026-09-08;PLC02;MERCATODO ANZOATEGUI;ProdBEBIDAS_LACT;Leche en polvo Purisima 1kg;15.82
3533844;2026-09-08;PLC02;MERCATODO ANZOATEGUI;ProdBEBIDAS;NECTAR PERA 200 ML TUNAL;1.52
3571622;2026-09-10;PLC02;MERCATODO ANZOATEGUI;ProdBEBIDAS_LACT;LECHE EN POLVO PURISIMA 900GR;15.67
3571623;2026-09-10;PLC02;MERCATODO ANZOATEGUI;ProdBEBIDAS_LACT;LECHE EN POLVO PURISIMA 400GR;6.95
3571634;2026-09-10;PLC02;MERCATODO ANZOATEGUI;ProdDERIV_LACTEOS;CREMA DE LECHE DE 500GR PURISIMA;6.67
3571635;2026-09-10;PLC02;MERCATODO ANZOATEGUI;ProdDERIV_LACTEOS;CREMA DE LECHE DE 250GR PURISIMA;3.33
3571637;2026-09-10;PLC02;MERCATODO ANZOATEGUI;ProdEMBUTIDOS;MORTADELA CCS DE CARNES 500G;1.84
3571638;2026-09-10;PLC02;MERCATODO ANZOATEGUI;ProdEMBUTIDOS;MORTADELA CCS DE CARNES 900G;3.43
3795561;2026-09-30;PLC03;TODO HOGAR MUNICIPAL;ProdBEBIDAS;NARANJADA 1L TUNAL;2.85
3795534;2026-09-30;PLC03;TODO HOGAR MUNICIPAL;ProdBEBIDAS;NECTAR MANZANA 1L TUNAL;2.25
3795533;2026-09-30;PLC03;TODO HOGAR MUNICIPAL;ProdBEBIDAS;NECTAR PERA 1L TUNAL;2.25
3795532;2026-09-30;PLC03;TODO HOGAR MUNICIPAL;ProdBEBIDAS;NECTAR DURAZNO 1L TUNAL;2.25
3795539;2026-09-30;PLC03;TODO HOGAR MUNICIPAL;ProdBEBIDAS;NARANJADA  500 ML TUNAL;1.29
3479289;2026-09-02;PLC03;TODO HOGAR MUNICIPAL;ProdBEBIDAS;NECTAR MANZANA 500 ML TUNAL;1.55
3479292;2026-09-02;PLC03;TODO HOGAR MUNICIPAL;ProdBEBIDAS;NECTAR PERA 500 ML TUNAL;1.55
3551317;2026-09-09;PLC03;TODO HOGAR MUNICIPAL;ProdBEBIDAS_LACT;LECHE COMPLETA LIQUIDA PURISIMA;2.69
3795545;2026-09-30;PLC03;TODO HOGAR MUNICIPAL;ProdBEBIDAS_LACT;LECHE DESCREMADA LIQUIDA PURISIMA;2.79
3795546;2026-09-30;PLC03;TODO HOGAR MUNICIPAL;ProdBEBIDAS_LACT;LECHE  DESLACTOSADA LIQUIDA PURISIMA;2.79
3795547;2026-09-30;PLC03;TODO HOGAR MUNICIPAL;ProdBEBIDAS_LACT;LECHE BARISTA PURISIMA;2.85
3479328;2026-09-02;PLC03;TODO HOGAR MUNICIPAL;ProdEMBUTIDOS;CHORIZO DE CERDO AHUMADO PARRILLERO ALIMEX;12.24
3479330;2026-09-02;PLC03;TODO HOGAR MUNICIPAL;ProdEMBUTIDOS;CHORIZO DE CERDO PICANTE PARRILLERO ALIMEX;13.04
3479332;2026-09-02;PLC03;TODO HOGAR MUNICIPAL;ProdEMBUTIDOS;MORTADELA CCS DE CARNES 500G;2.06
3479334;2026-09-02;PLC03;TODO HOGAR MUNICIPAL;ProdEMBUTIDOS;MORTADELA CCS DE CARNES 1KG;3.75
3708262;2026-09-23;PLC03;TODO HOGAR MUNICIPAL;ProdBEBIDAS;TE FRUTOS ROJOS 50OML;1.29
3708263;2026-09-23;PLC03;TODO HOGAR MUNICIPAL;ProdBEBIDAS;TE LIMON 500ML TUNAL;1.29
3708264;2026-09-23;PLC03;TODO HOGAR MUNICIPAL;ProdBEBIDAS;TE DURAZNO 500ML TUNAL;1.29
3795537;2026-09-30;PLC03;TODO HOGAR MUNICIPAL;ProdBEBIDAS;TE FRUTOS ROJOS 1L TUNAL;2.35
3795538;2026-09-30;PLC03;TODO HOGAR MUNICIPAL;ProdBEBIDAS;TE LIMON 1L TUNAL;2.35
3795555;2026-09-30;PLC03;TODO HOGAR MUNICIPAL;ProdEMBUTIDOS;SALCHICHA TIPO VIENA 225G (11unid) ALIMEX;3.29
3551322;2026-09-09;PLC03;TODO HOGAR MUNICIPAL;ProdBEBIDAS_LACT;LECHE EN POLVO PURISIMA 900GR;13.89
3551323;2026-09-09;PLC03;TODO HOGAR MUNICIPAL;ProdBEBIDAS_LACT;LECHE EN POLVO PURISIMA 200GR;3.55
3551334;2026-09-09;PLC03;TODO HOGAR MUNICIPAL;ProdBEBIDAS;NECTAR MANZANA 200 ML TUNAL;0.89
3551335;2026-09-09;PLC03;TODO HOGAR MUNICIPAL;ProdBEBIDAS;NECTAR PERA 200 ML TUNAL;0.89
3795556;2026-09-30;PLC03;TODO HOGAR MUNICIPAL;ProdEMBUTIDOS;SALCHICHA TIPO VIENA 450GR (22unid) ALIMEX;5.99
3795557;2026-09-30;PLC03;TODO HOGAR MUNICIPAL;ProdEMBUTIDOS;SALCHICHA TIPO VIENA 800GR (24unid) ALIMEX;10.29
3795558;2026-09-30;PLC03;TODO HOGAR MUNICIPAL;ProdEMBUTIDOS;MORTADELA de Pollo Caracas 900gr;2.8
3795559;2026-09-30;PLC03;TODO HOGAR MUNICIPAL;ProdEMBUTIDOS;MORTADELA CCS DE CARNES 900G;3.75
3634349;2026-09-16;BQTO04;NUEVO SIGLO CA;ProdBEBIDAS_LACT;LECHE COMPLETA LIQUIDA PURISIMA;2.7
3634350;2026-09-16;BQTO04;NUEVO SIGLO CA;ProdBEBIDAS_LACT;LECHE DESCREMADA LIQUIDA PURISIMA;2.65
3634351;2026-09-16;BQTO04;NUEVO SIGLO CA;ProdBEBIDAS_LACT;LECHE  DESLACTOSADA LIQUIDA PURISIMA;2.79
3634321;2026-09-16;BQTO04;NUEVO SIGLO CA;ProdBEBIDAS;NARANJADA  200 ML TUNAL;2.65
3634322;2026-09-16;BQTO04;NUEVO SIGLO CA;ProdBEBIDAS;NECTAR MANZANA 200 ML TUNAL;2.65
3634323;2026-09-16;BQTO04;NUEVO SIGLO CA;ProdBEBIDAS;NECTAR PERA 200 ML TUNAL;2.59
3634324;2026-09-16;BQTO04;NUEVO SIGLO CA;ProdBEBIDAS;NECTAR DURAZNO 200 ML TUNAL;2.65
3634325;2026-09-16;BQTO04;NUEVO SIGLO CA;ProdBEBIDAS;NARANJADA 1L TUNAL;2.95
3634326;2026-09-16;BQTO04;NUEVO SIGLO CA;ProdBEBIDAS;NECTAR MANZANA 1L TUNAL;2.35
3634327;2026-09-16;BQTO04;NUEVO SIGLO CA;ProdBEBIDAS;NECTAR PERA 1L TUNAL;2.35
3634328;2026-09-16;BQTO04;NUEVO SIGLO CA;ProdBEBIDAS;NECTAR DURAZNO 1L TUNAL;2.29
3634329;2026-09-16;BQTO04;NUEVO SIGLO CA;ProdBEBIDAS;TE DURAZNO 1L TUNAL;2.25
3634330;2026-09-16;BQTO04;NUEVO SIGLO CA;ProdBEBIDAS;TE LIMON 1L TUNAL;2.25
3634331;2026-09-16;BQTO04;NUEVO SIGLO CA;ProdBEBIDAS;TE FRUTOS ROJOS 1L TUNAL;2.25
3634335;2026-09-16;BQTO04;NUEVO SIGLO CA;ProdEMBUTIDOS;SALCHICHA TIPO VIENA 225G (11unid) ALIMEX;3.37
3634336;2026-09-16;BQTO04;NUEVO SIGLO CA;ProdEMBUTIDOS;SALCHICHA TIPO VIENA 450GR (22unid) ALIMEX;6.19
3634337;2026-09-16;BQTO04;NUEVO SIGLO CA;ProdEMBUTIDOS;SALCHICHA TIPO VIENA 800GR (24unid) ALIMEX;10.65
3634340;2026-09-16;BQTO04;NUEVO SIGLO CA;ProdDERIV_LACTEOS;MANTEQUILLA PURISIMA SIN SAL 200G PURISIMA;5.38
3634341;2026-09-16;BQTO04;NUEVO SIGLO CA;ProdDERIV_LACTEOS;MANTEQUILLA PURISIMA CON SAL 200G PURISIMA;5.79
3634344;2026-09-16;BQTO04;NUEVO SIGLO CA;ProdDERIV_LACTEOS;CREMA DE LECHE DE 500GR PURISIMA;5.73
3634345;2026-09-16;BQTO04;NUEVO SIGLO CA;ProdDERIV_LACTEOS;CREMA DE LECHE DE 250GR PURISIMA;3.55
3479370;2026-09-02;MCY05;MAXI OFERTAS;ProdBEBIDAS_LACT;LECHE COMPLETA LIQUIDA PURISIMA;2.48
3479371;2026-09-02;MCY05;MAXI OFERTAS;ProdBEBIDAS_LACT;LECHE DESCREMADA LIQUIDA PURISIMA;2.51
3479372;2026-09-02;MCY05;MAXI OFERTAS;ProdBEBIDAS;NECTAR DURAZNO 500 ML TUNAL;1.66
3482075;2026-09-02;BQTO06;LA MEGA TIENDA TUREN;ProdBEBIDAS_LACT;LECHE COMPLETA LIQUIDA PURISIMA;2.47
3482078;2026-09-02;BQTO06;LA MEGA TIENDA TUREN;ProdBEBIDAS_LACT;LECHE DESCREMADA LIQUIDA PURISIMA;2.43
3482082;2026-09-02;BQTO06;LA MEGA TIENDA TUREN;ProdBEBIDAS_LACT;LECHE  DESLACTOSADA LIQUIDA PURISIMA;2.56
3482094;2026-09-02;BQTO06;LA MEGA TIENDA TUREN;ProdBEBIDAS;NARANJADA  200 ML TUNAL;2.41
3482096;2026-09-02;BQTO06;LA MEGA TIENDA TUREN;ProdBEBIDAS;NECTAR DURAZNO 200 ML TUNAL;2.38
3482098;2026-09-02;BQTO06;LA MEGA TIENDA TUREN;ProdBEBIDAS;NECTAR MANZANA 200 ML TUNAL;2.38
3482101;2026-09-02;BQTO06;LA MEGA TIENDA TUREN;ProdBEBIDAS;NECTAR PERA 200 ML TUNAL;2.38
3633932;2026-09-16;BQTO06;LA MEGA TIENDA TUREN;ProdEMBUTIDOS;MORTADELA CCS DE CARNES 500G;1.86
3633935;2026-09-16;BQTO06;LA MEGA TIENDA TUREN;ProdEMBUTIDOS;MORTADELA CCS DE CARNES 900G;3.14
3633950;2026-09-16;BQTO06;LA MEGA TIENDA TUREN;ProdEMBUTIDOS;SALCHICHA TIPO VIENA 800GR (24unid) ALIMEX;9.7
3633953;2026-09-16;BQTO06;LA MEGA TIENDA TUREN;ProdEMBUTIDOS;SALCHICHA TIPO VIENA 450GR (22unid) ALIMEX;5.63
3633956;2026-09-16;BQTO06;LA MEGA TIENDA TUREN;ProdEMBUTIDOS;SALCHICHA TIPO VIENA 225G (11unid) ALIMEX;3.15
3633939;2026-09-16;BQTO06;LA MEGA TIENDA TUREN;ProdDERIV_LACTEOS;CREMA DE LECHE DE 500GR PURISIMA;5.19
3633942;2026-09-16;BQTO06;LA MEGA TIENDA TUREN;ProdDERIV_LACTEOS;CREMA DE LECHE DE 250GR PURISIMA;3.14
3633948;2026-09-16;BQTO06;LA MEGA TIENDA TUREN;ProdDERIV_LACTEOS;MANTEQUILLA PURISIMA CON SAL 200G PURISIMA;5.99
3633943;2026-09-16;BQTO06;LA MEGA TIENDA TUREN;ProdDERIV_LACTEOS;MANTEQUILLA PURISIMA SIN SAL 200G PURISIMA;4.99
3717436;2026-09-23;MCY05;GRAN FUTURO 2009;ProdBEBIDAS_LACT;LECHE COMPLETA LIQUIDA PURISIMA;2.41
3479377;2026-09-02;MCY05;GRAN FUTURO 2009;ProdBEBIDAS_LACT;LECHE DESCREMADA LIQUIDA PURISIMA;2.68
3717438;2026-09-23;MCY05;GRAN FUTURO 2009;ProdBEBIDAS;NECTAR MANZANA 1L TUNAL;2.2
3717440;2026-09-23;MCY05;GRAN FUTURO 2009;ProdBEBIDAS;NECTAR PERA 1L TUNAL;2.2
3717443;2026-09-23;MCY05;GRAN FUTURO 2009;ProdBEBIDAS;NECTAR DURAZNO 1L TUNAL;2.2
3486105;2026-09-03;MCY04;MERCATODO CORINZA;ProdBEBIDAS_LACT;LECHE COMPLETA LIQUIDA PURISIMA;2.59
3760259;2026-09-24;MCY04;MERCATODO CORINZA;ProdBEBIDAS_LACT;LECHE DESCREMADA LIQUIDA PURISIMA;2.59
3760261;2026-09-24;MCY04;MERCATODO CORINZA;ProdBEBIDAS_LACT;LECHE  DESLACTOSADA LIQUIDA PURISIMA;2.69
3486113;2026-09-03;MCY04;MERCATODO CORINZA;ProdEMBUTIDOS;SALCHICHA TIPO VIENA 225G (11unid) ALIMEX;3.51
3760265;2026-09-24;MCY04;MERCATODO CORINZA;ProdDERIV_LACTEOS;CREMA DE LECHE DE 250GR PURISIMA;3.43
3760243;2026-09-24;MCY04;MERCATODO CORINZA;ProdDERIV_LACTEOS;MANTEQUILLA PURISIMA SIN SAL 200G PURISIMA;5.65
3486120;2026-09-03;MCY04;MERCATODO CORINZA;ProdDERIV_LACTEOS;MANTEQUILLA PURISIMA CON SAL 200G PURISIMA;6.09
3760213;2026-09-24;MCY04;MERCATODO CORINZA;ProdEMBUTIDOS;SALCHICHA TIPO VIENA 450GR (22unid) ALIMEX;6.45
3760233;2026-09-24;MCY04;MERCATODO CORINZA;ProdDERIV_LACTEOS;Queso amarillo Purisima semimadurado disco 500gr;28.91
3557505;2026-09-10;CCS07;RIO GUATIRE;ProdBEBIDAS;NECTAR MANZANA 200 ML TUNAL;0.91
3557506;2026-09-10;CCS07;RIO GUATIRE;ProdBEBIDAS;NECTAR PERA 200 ML TUNAL;0.91
3557507;2026-09-10;CCS07;RIO GUATIRE;ProdBEBIDAS;NECTAR DURAZNO 200 ML TUNAL;0.91
3762195;2026-09-28;CCS07;RIO GUATIRE;ProdBEBIDAS;JUGO NARANJA LIGTH 1 LITRO TUNAL;2.55
3762196;2026-09-28;CCS07;RIO GUATIRE;ProdBEBIDAS;NECTAR PERA LIGHT 1 LITRO TUNAL;2.53
3762191;2026-09-28;CCS07;RIO GUATIRE;ProdBEBIDAS;NARANJADA 1L TUNAL;3.09
3762192;2026-09-28;CCS07;RIO GUATIRE;ProdBEBIDAS;NECTAR MANZANA 1L TUNAL;2.41
3762193;2026-09-28;CCS07;RIO GUATIRE;ProdBEBIDAS;NECTAR PERA 1L TUNAL;2.41
3762194;2026-09-28;CCS07;RIO GUATIRE;ProdBEBIDAS;NECTAR DURAZNO 1L TUNAL;2.41
3796432;2026-09-30;CCS07;RIO GUATIRE;ProdBEBIDAS;TE DURAZNO 1L TUNAL;2.38
3796433;2026-09-30;CCS07;RIO GUATIRE;ProdBEBIDAS;TE LIMON 1L TUNAL;2.38
3796434;2026-09-30;CCS07;RIO GUATIRE;ProdBEBIDAS;TE FRUTOS ROJOS 1L TUNAL;2.38
3762206;2026-09-28;CCS07;RIO GUATIRE;ProdBEBIDAS_LACT;LECHE COMPLETA LIQUIDA PURISIMA;2.75
3762207;2026-09-28;CCS07;RIO GUATIRE;ProdBEBIDAS_LACT;LECHE  DESLACTOSADA LIQUIDA PURISIMA;2.84
3762212;2026-09-28;CCS07;RIO GUATIRE;ProdJAMONERIA;JAMON PIERNA ALIMEX 98% 5.9kg;11.49
3762220;2026-09-28;CCS07;RIO GUATIRE;ProdJAMONERIA;JAMON AREPERO AHUMADO;10.39
3762218;2026-09-28;CCS07;RIO GUATIRE;ProdJAMONERIA;JAMON AHUMADO VISKING ITALICO 3.5 KG;10.85
3762217;2026-09-28;CCS07;RIO GUATIRE;ProdEMBUTIDOS;MORTADELA TAPARA Alimex;12.97
3762224;2026-09-28;CCS07;RIO GUATIRE;ProdDERIV_LACTEOS;MANTEQUILLA PURISIMA SIN SAL 200G PURISIMA;5.29
3762225;2026-09-28;CCS07;RIO GUATIRE;ProdDERIV_LACTEOS;MANTEQUILLA PURISIMA CON SAL 200G PURISIMA;5.75
3762234;2026-09-28;CCS07;RIO GUATIRE;ProdDERIV_LACTEOS;CREMA DE LECHE DE 250GR PURISIMA;3.25
3557504;2026-09-10;CCS07;RIO GUATIRE;ProdBEBIDAS;NARANJADA  200 ML TUNAL;0.93
3762233;2026-09-28;CCS07;RIO GUATIRE;ProdDERIV_LACTEOS;CREMA DE LECHE DE 500GR PURISIMA;5.49
3762238;2026-09-28;CCS07;RIO GUATIRE;ProdEMBUTIDOS;SALCHICHA TIPO VIENA 800GR (24unid) ALIMEX;10.25
3762237;2026-09-28;CCS07;RIO GUATIRE;ProdEMBUTIDOS;SALCHICHA TIPO VIENA 450GR (22unid) ALIMEX;5.95
3557552;2026-09-10;CCS07;RIO GUATIRE;ProdEMBUTIDOS;SALCHICHA TIPO VIENA 225G (11unid) ALIMEX;3.25
3762228;2026-09-28;CCS07;RIO GUATIRE;ProdEMBUTIDOS;MORTADELA CCS DE CARNES 900G;3.39
3762229;2026-09-28;CCS07;RIO GUATIRE;ProdEMBUTIDOS;MORTADELA CCS DE CARNES 500G;3.65
3642331;2026-09-17;CCS07;RIO GUATIRE;ProdBEBIDAS_LACT;LECHE DESCREMADA LIQUIDA PURISIMA;2.69
3537524;2026-09-08;CCS07;RIO GUATIRE;ProdDERIV_LACTEOS;QUESO DE CABRA 500G PURISIMA;17.95
3762219;2026-09-28;CCS07;RIO GUATIRE;ProdJAMONERIA;JAMON AHUMADO VISKING ALIMEX 3.3 KG;13.15
3653400;2026-09-18;VLC01;LUXOR EL BOSQUE;ProdDERIV_LACTEOS;QUESO DE CABRA 500G PURISIMA;19.47
3729003;2026-09-24;VLC01;LUXOR EL BOSQUE;ProdDERIV_LACTEOS;MANTEQUILLA PURISIMA CON SAL 200G PURISIMA;6.38
3729006;2026-09-24;VLC01;LUXOR EL BOSQUE;ProdDERIV_LACTEOS;MANTEQUILLA PURISIMA SIN SAL 200G PURISIMA;5.92
3728992;2026-09-24;VLC01;LUXOR EL BOSQUE;ProdDERIV_LACTEOS;CREMA DE LECHE DE 250GR PURISIMA;3.71
3728989;2026-09-24;VLC01;LUXOR EL BOSQUE;ProdDERIV_LACTEOS;CREMA DE LECHE DE 500GR PURISIMA;6.3
3653413;2026-09-18;VLC01;LUXOR EL BOSQUE;ProdHUEVOS;HUEVO TIPO  GRANEL 30 UND TUNAL;6.81
3728981;2026-09-24;VLC01;LUXOR EL BOSQUE;ProdHUEVOS;HUEVO EMPACADO- ESTUCHADO 1X12 TUNAL;3.66
3728975;2026-09-24;VLC01;LUXOR EL BOSQUE;ProdHUEVOS;HUEVO EMPACADO- ESTUCHADO 1X6 TUNAL;1.39
3653416;2026-09-18;VLC01;LUXOR EL BOSQUE;ProdHUEVOS;HUEVO EMPACADO- ESTUCHADO 15 und TUNAL;3.66
3728943;2026-09-24;VLC01;LUXOR EL BOSQUE;ProdJAMONERIA;JAMON PIERNA ALIMEX 98% 5.9kg;11.96
3729020;2026-09-24;VLC01;LUXOR EL BOSQUE;ProdBEBIDAS;TE FRUTOS ROJOS 1L TUNAL;2.15
3729023;2026-09-24;VLC01;LUXOR EL BOSQUE;ProdBEBIDAS;TE LIMON 1L TUNAL;2.15
3729027;2026-09-24;VLC01;LUXOR EL BOSQUE;ProdBEBIDAS;TE DURAZNO 1L TUNAL;2.15
3729039;2026-09-24;VLC01;LUXOR EL BOSQUE;ProdBEBIDAS;TE DURAZNO 500ML TUNAL;1.26
3729035;2026-09-24;VLC01;LUXOR EL BOSQUE;ProdBEBIDAS;TE LIMON 500ML TUNAL;1.26
3729084;2026-09-24;VLC01;LUXOR EL BOSQUE;ProdBEBIDAS;JUGO NARANJA LIGTH 1 LITRO TUNAL;2.47
3729088;2026-09-24;VLC01;LUXOR EL BOSQUE;ProdBEBIDAS;NECTAR PERA LIGHT 1 LITRO TUNAL;2.45
3729090;2026-09-24;VLC01;LUXOR EL BOSQUE;ProdBEBIDAS;NARANJADA  500 ML TUNAL;2.06
3729093;2026-09-24;VLC01;LUXOR EL BOSQUE;ProdBEBIDAS;NECTAR MANZANA 500 ML TUNAL;1.57
3729096;2026-09-24;VLC01;LUXOR EL BOSQUE;ProdBEBIDAS;NECTAR PERA 500 ML TUNAL;1.57
3729099;2026-09-24;VLC01;LUXOR EL BOSQUE;ProdBEBIDAS;NECTAR DURAZNO 500 ML TUNAL;1.57
3729081;2026-09-24;VLC01;LUXOR EL BOSQUE;ProdBEBIDAS;NECTAR DURAZNO 1L TUNAL;2.33
3729078;2026-09-24;VLC01;LUXOR EL BOSQUE;ProdBEBIDAS;NECTAR PERA 1L TUNAL;2.33
3729075;2026-09-24;VLC01;LUXOR EL BOSQUE;ProdBEBIDAS;NECTAR MANZANA 1L TUNAL;2.33
3729072;2026-09-24;VLC01;LUXOR EL BOSQUE;ProdBEBIDAS;NARANJADA 1L TUNAL;2.99
3728949;2026-09-24;VLC01;LUXOR EL BOSQUE;ProdBEBIDAS_LACT;LECHE COMPLETA LIQUIDA PURISIMA;2.56
3728925;2026-09-24;VLC01;LUXOR EL BOSQUE;ProdBEBIDAS_LACT;LECHE DESCREMADA LIQUIDA PURISIMA;2.51
3728920;2026-09-24;VLC01;LUXOR EL BOSQUE;ProdBEBIDAS_LACT;LECHE  DESLACTOSADA LIQUIDA PURISIMA;2.78
3728969;2026-09-24;VLC01;LUXOR EL BOSQUE;ProdBEBIDAS_LACT;LECHE EN POLVO PURISIMA 900GR;13.05
3653471;2026-09-18;VLC01;LUXOR EL BOSQUE;ProdBEBIDAS_LACT;LECHE BARISTA PURISIMA;2.66
3729138;2026-09-24;VLC01;LUXOR EL BOSQUE;ProdBEBIDAS;NECTAR PERA 200 ML TUNAL;2.66
3729135;2026-09-24;VLC01;LUXOR EL BOSQUE;ProdBEBIDAS;NECTAR DURAZNO 200 ML TUNAL;2.66
3729144;2026-09-24;VLC01;LUXOR EL BOSQUE;ProdBEBIDAS;NARANJADA  200 ML TUNAL;2.66
3729141;2026-09-24;VLC01;LUXOR EL BOSQUE;ProdBEBIDAS;NECTAR MANZANA 200 ML TUNAL;2.66
3763984;2026-09-28;VLC04;KALEA TRIGALENA;ProdDERIV_LACTEOS;MANTEQUILLA PURISIMA CON SAL 200G PURISIMA;5.6
3763985;2026-09-28;VLC04;KALEA TRIGALENA;ProdDERIV_LACTEOS;MANTEQUILLA PURISIMA SIN SAL 200G PURISIMA;5.15
3763998;2026-09-28;VLC04;KALEA TRIGALENA;ProdDERIV_LACTEOS;CREMA DE LECHE DE 250GR PURISIMA;3.5
3763999;2026-09-28;VLC04;KALEA TRIGALENA;ProdDERIV_LACTEOS;CREMA DE LECHE DE 500GR PURISIMA;5.89
3763980;2026-09-28;VLC04;KALEA TRIGALENA;ProdBEBIDAS_LACT;LECHE EN POLVO PURISIMA 400GR;6.49
3763981;2026-09-28;VLC04;KALEA TRIGALENA;ProdBEBIDAS_LACT;LECHE EN POLVO PURISIMA 900GR;13.05
3763992;2026-09-28;VLC04;KALEA TRIGALENA;ProdBEBIDAS_LACT;LECHE COMPLETA LIQUIDA PURISIMA;2.55
3763993;2026-09-28;VLC04;KALEA TRIGALENA;ProdBEBIDAS_LACT;LECHE DESCREMADA LIQUIDA PURISIMA;2.49
3763994;2026-09-28;VLC04;KALEA TRIGALENA;ProdBEBIDAS_LACT;LECHE  DESLACTOSADA LIQUIDA PURISIMA;2.6
3764019;2026-09-28;VLC04;KALEA TRIGALENA;ProdBEBIDAS;NARANJADA 1L TUNAL;2.8
3543966;2026-09-09;VLC04;KALEA TRIGALENA;ProdBEBIDAS;NECTAR DURAZNO 1L TUNAL;2.19
3764020;2026-09-28;VLC04;KALEA TRIGALENA;ProdBEBIDAS;NECTAR MANZANA 1L TUNAL;2.19
3764021;2026-09-28;VLC04;KALEA TRIGALENA;ProdBEBIDAS;NECTAR PERA 1L TUNAL;2.19
3764025;2026-09-28;VLC04;KALEA TRIGALENA;ProdBEBIDAS;JUGO NARANJA LIGTH 1 LITRO TUNAL;2.3
3764026;2026-09-28;VLC04;KALEA TRIGALENA;ProdBEBIDAS;NECTAR PERA LIGHT 1 LITRO TUNAL;2.29
3764022;2026-09-28;VLC04;KALEA TRIGALENA;ProdBEBIDAS;TE DURAZNO 1L TUNAL;2.15
3764023;2026-09-28;VLC04;KALEA TRIGALENA;ProdBEBIDAS;TE LIMON 1L TUNAL;2.15
3764024;2026-09-28;VLC04;KALEA TRIGALENA;ProdBEBIDAS;TE FRUTOS ROJOS 1L TUNAL;2.19
3764030;2026-09-28;VLC04;KALEA TRIGALENA;ProdHUEVOS;HUEVO TIPO  GRANEL 30 UND TUNAL;6.25
3764002;2026-09-28;VLC04;KALEA TRIGALENA;ProdEMBUTIDOS;SALCHICHA TIPO VIENA 450GR (22unid) ALIMEX;6.8
3764003;2026-09-28;VLC04;KALEA TRIGALENA;ProdEMBUTIDOS;SALCHICHA TIPO VIENA 800GR (24unid) ALIMEX;11.9
3764007;2026-09-28;VLC04;KALEA TRIGALENA;ProdDERIV_LACTEOS;QUESO DE CABRA 500G PURISIMA;18.15
3764008;2026-09-28;VLC04;KALEA TRIGALENA;ProdDERIV_LACTEOS;Queso amarillo Purisima semimadurado disco 500gr;31.31
3796071;2026-09-30;VLC04;KALEA TRIGALENA;ProdBEBIDAS;NARANJADA  500 ML TUNAL;1.9
3764027;2026-09-28;VLC04;KALEA TRIGALENA;ProdBEBIDAS;NECTAR MANZANA 500 ML TUNAL;1.45
3764028;2026-09-28;VLC04;KALEA TRIGALENA;ProdBEBIDAS;NECTAR PERA 500 ML TUNAL;1.45
3796079;2026-09-30;VLC04;KALEA TRIGALENA;ProdHUEVOS;HUEVO EMPACADO- ESTUCHADO 1X6 TUNAL;1.35
3796080;2026-09-30;VLC04;KALEA TRIGALENA;ProdHUEVOS;HUEVO EMPACADO- ESTUCHADO 1X12 TUNAL;2.65
3796081;2026-09-30;VLC04;KALEA TRIGALENA;ProdHUEVOS;HUEVO EMPACADO- ESTUCHADO 15 und TUNAL;3.45
3543973;2026-09-09;VLC04;KALEA TRIGALENA;ProdEMBUTIDOS;CHORIZO DE CERDO AHUMADO PARRILLERO ALIMEX;13.25
3543974;2026-09-09;VLC04;KALEA TRIGALENA;ProdEMBUTIDOS;CHORIZO DE CERDO PICANTE PARRILLERO ALIMEX;12.4
3796082;2026-09-30;VLC04;KALEA TRIGALENA;ProdHUEVOS;HUEVO EMPACADO- 1X12 PLASTICO TUNAL;2.65
3622557;2026-09-16;VLC04;KALEA TRIGALENA;ProdDERIV_LACTEOS;QUESO DE CABRA 250 G PURISIMA;3.5
3712395;2026-09-23;VLC04;KALEA TRIGALENA;ProdBEBIDAS;NARANJADA  200 ML TUNAL;2.51
3712396;2026-09-23;VLC04;KALEA TRIGALENA;ProdBEBIDAS;NECTAR DURAZNO 200 ML TUNAL;2.51
3712397;2026-09-23;VLC04;KALEA TRIGALENA;ProdBEBIDAS;NECTAR MANZANA 200 ML TUNAL;2.45
3712398;2026-09-23;VLC04;KALEA TRIGALENA;ProdBEBIDAS;NECTAR PERA 200 ML TUNAL;2.51
3668127;2026-09-18;BQTO06;INV. MI FORTUNA 817;ProdDERIV_LACTEOS;MANTEQUILLA PURISIMA CON SAL 200G PURISIMA;5.63
3668128;2026-09-18;BQTO06;INV. MI FORTUNA 817;ProdDERIV_LACTEOS;MANTEQUILLA PURISIMA SIN SAL 200G PURISIMA;5.63
3668129;2026-09-18;BQTO06;INV. MI FORTUNA 817;ProdEMBUTIDOS;SALCHICHA TIPO VIENA 450GR (22unid) ALIMEX;5.89
3493283;2026-09-03;BQTO06;INV. MI FORTUNA 817;ProdDERIV_LACTEOS;CREMA DE LECHE DE 500GR PURISIMA;5.56
3493284;2026-09-03;BQTO06;INV. MI FORTUNA 817;ProdDERIV_LACTEOS;CREMA DE LECHE DE 250GR PURISIMA;3.14
3493290;2026-09-03;BQTO06;INV. MI FORTUNA 817;ProdEMBUTIDOS;CHORIZO DE CERDO PICANTE PARRILLERO ALIMEX;4.55
3493293;2026-09-03;BQTO06;INV. MI FORTUNA 817;ProdEMBUTIDOS;CHORIZO DE CERDO AHUMADO PARRILLERO ALIMEX;4.55
3668121;2026-09-18;BQTO06;INV. MI FORTUNA 817;ProdBEBIDAS_LACT;LECHE COMPLETA LIQUIDA PURISIMA;2.57
3668122;2026-09-18;BQTO06;INV. MI FORTUNA 817;ProdBEBIDAS_LACT;LECHE DESCREMADA LIQUIDA PURISIMA;2.49
3668123;2026-09-18;BQTO06;INV. MI FORTUNA 817;ProdBEBIDAS_LACT;LECHE  DESLACTOSADA LIQUIDA PURISIMA;2.62
3493322;2026-09-03;BQTO06;INV. MI FORTUNA 817;ProdEMBUTIDOS;MORTADELA CCS DE CARNES 500G;1.89
3493323;2026-09-03;BQTO06;INV. MI FORTUNA 817;ProdEMBUTIDOS;MORTADELA CCS DE CARNES 900G;3.21
3649192;2026-09-17;VLC02;GRANJA MANONGO;ProdBEBIDAS_LACT;LECHE COMPLETA LIQUIDA PURISIMA;2.52
3649193;2026-09-17;VLC02;GRANJA MANONGO;ProdBEBIDAS_LACT;LECHE DESCREMADA LIQUIDA PURISIMA;2.47
3649194;2026-09-17;VLC02;GRANJA MANONGO;ProdBEBIDAS_LACT;LECHE  DESLACTOSADA LIQUIDA PURISIMA;2.62
3649198;2026-09-17;VLC02;GRANJA MANONGO;ProdBEBIDAS;NARANJADA  200 ML TUNAL;0.84
3649199;2026-09-17;VLC02;GRANJA MANONGO;ProdBEBIDAS;NECTAR MANZANA 200 ML TUNAL;0.81
3649200;2026-09-17;VLC02;GRANJA MANONGO;ProdBEBIDAS;NECTAR PERA 200 ML TUNAL;0.81
3649209;2026-09-17;VLC02;GRANJA MANONGO;ProdBEBIDAS;NARANJADA 1L TUNAL;2.77
3649210;2026-09-17;VLC02;GRANJA MANONGO;ProdBEBIDAS;NECTAR DURAZNO 1L TUNAL;2.19
3730796;2026-09-24;VLC02;GRANJA MANONGO;ProdBEBIDAS;NECTAR MANZANA 1L TUNAL;2.19
3730797;2026-09-24;VLC02;GRANJA MANONGO;ProdBEBIDAS;NECTAR PERA 1L TUNAL;2.19
3730800;2026-09-24;VLC02;GRANJA MANONGO;ProdBEBIDAS;TE DURAZNO 1L TUNAL;2.15
3730802;2026-09-24;VLC02;GRANJA MANONGO;ProdBEBIDAS;TE FRUTOS ROJOS 1L TUNAL;2.15
3730798;2026-09-24;VLC02;GRANJA MANONGO;ProdBEBIDAS;JUGO NARANJA LIGTH 1 LITRO TUNAL;2.3
3730799;2026-09-24;VLC02;GRANJA MANONGO;ProdBEBIDAS;NECTAR PERA LIGHT 1 LITRO TUNAL;2.29
3730803;2026-09-24;VLC02;GRANJA MANONGO;ProdEMBUTIDOS;MORTADELA CCS DE CARNES 500G;1.78
3730804;2026-09-24;VLC02;GRANJA MANONGO;ProdEMBUTIDOS;MORTADELA CCS DE CARNES 900G;2.87
3482509;2026-09-03;VLC02;GRANJA MANONGO;ProdEMBUTIDOS;SALCHICHA TIPO VIENA 225G (11unid) ALIMEX;5.42
3730806;2026-09-24;VLC02;GRANJA MANONGO;ProdDERIV_LACTEOS;CREMA DE LECHE DE 250GR PURISIMA;3.5
3730808;2026-09-24;VLC02;GRANJA MANONGO;ProdDERIV_LACTEOS;MANTEQUILLA PURISIMA CON SAL 200G PURISIMA;5.24
3730780;2026-09-24;VLC02;GRANJA MANONGO;ProdBEBIDAS;NECTAR DURAZNO 200 ML TUNAL;0.81
3730801;2026-09-24;VLC02;GRANJA MANONGO;ProdBEBIDAS;TE LIMON 1L TUNAL;2.15
3745293;2026-09-24;MCY01;"MERCANOVA EXPRESS; C.A";ProdBEBIDAS_LACT;LECHE COMPLETA LIQUIDA PURISIMA;2.71
3745294;2026-09-24;MCY01;"MERCANOVA EXPRESS; C.A";ProdBEBIDAS_LACT;LECHE DESCREMADA LIQUIDA PURISIMA;2.66
3745295;2026-09-24;MCY01;"MERCANOVA EXPRESS; C.A";ProdBEBIDAS_LACT;LECHE  DESLACTOSADA LIQUIDA PURISIMA;2.81
3745321;2026-09-24;MCY01;"MERCANOVA EXPRESS; C.A";ProdBEBIDAS;NECTAR DURAZNO 1L TUNAL;2.33
3745320;2026-09-24;MCY01;"MERCANOVA EXPRESS; C.A";ProdBEBIDAS;NECTAR MANZANA 1L TUNAL;2.33
3745322;2026-09-24;MCY01;"MERCANOVA EXPRESS; C.A";ProdBEBIDAS;NECTAR PERA 1L TUNAL;2.33
3633192;2026-09-16;MCY01;"MERCANOVA EXPRESS; C.A";ProdDERIV_LACTEOS;CREMA DE LECHE DE 500GR PURISIMA;6.33
3745312;2026-09-24;MCY01;"MERCANOVA EXPRESS; C.A";ProdEMBUTIDOS;SALCHICHA TIPO VIENA 800GR (24unid) ALIMEX;11.21
3745313;2026-09-24;MCY01;"MERCANOVA EXPRESS; C.A";ProdEMBUTIDOS;SALCHICHA TIPO VIENA 450GR (22unid) ALIMEX;6.53
3745307;2026-09-24;MCY01;"MERCANOVA EXPRESS; C.A";ProdDERIV_LACTEOS;CREMA DE LECHE DE 250GR PURISIMA;3.74
3745319;2026-09-24;MCY01;"MERCANOVA EXPRESS; C.A";ProdBEBIDAS;NARANJADA 1L TUNAL;2.99
3745323;2026-09-24;MCY01;"MERCANOVA EXPRESS; C.A";ProdBEBIDAS;TE DURAZNO 1L TUNAL;2.31
3745324;2026-09-24;MCY01;"MERCANOVA EXPRESS; C.A";ProdBEBIDAS;TE LIMON 1L TUNAL;2.31
3634445;2026-09-16;BQTO04;JINGYANG LI;ProdBEBIDAS_LACT;LECHE COMPLETA LIQUIDA PURISIMA;2.72
3634450;2026-09-16;BQTO04;JINGYANG LI;ProdBEBIDAS_LACT;LECHE DESCREMADA LIQUIDA PURISIMA;2.66
3634453;2026-09-16;BQTO04;JINGYANG LI;ProdBEBIDAS_LACT;LECHE  DESLACTOSADA LIQUIDA PURISIMA;3.05
3634456;2026-09-16;BQTO04;JINGYANG LI;ProdBEBIDAS;NARANJADA  200 ML TUNAL;2.69
3634461;2026-09-16;BQTO04;JINGYANG LI;ProdBEBIDAS;NECTAR MANZANA 200 ML TUNAL;2.65
3634466;2026-09-16;BQTO04;JINGYANG LI;ProdBEBIDAS;NECTAR PERA 200 ML TUNAL;2.65
3634469;2026-09-16;BQTO04;JINGYANG LI;ProdBEBIDAS;NECTAR DURAZNO 200 ML TUNAL;2.65
3634472;2026-09-16;BQTO04;JINGYANG LI;ProdBEBIDAS;TE DURAZNO 1L TUNAL;2.3
3634475;2026-09-16;BQTO04;JINGYANG LI;ProdBEBIDAS;TE LIMON 1L TUNAL;2.3
3501589;2026-09-02;BQTO04;JINGYANG LI;ProdBEBIDAS;JUGO NARANJA LIGTH 1 LITRO TUNAL;2.56
3634481;2026-09-16;BQTO04;JINGYANG LI;ProdBEBIDAS;NECTAR PERA LIGHT 1 LITRO TUNAL;2.56
3634485;2026-09-16;BQTO04;JINGYANG LI;ProdBEBIDAS;NARANJADA 1L TUNAL;2.99
3634487;2026-09-16;BQTO04;JINGYANG LI;ProdBEBIDAS;NECTAR MANZANA 1L TUNAL;2.38
3634491;2026-09-16;BQTO04;JINGYANG LI;ProdBEBIDAS;NECTAR PERA 1L TUNAL;2.38
3634494;2026-09-16;BQTO04;JINGYANG LI;ProdBEBIDAS;NECTAR DURAZNO 1L TUNAL;2.38
3772881;2026-09-29;VLC04;BALYS CAOBOS SUR;ProdBEBIDAS;NARANJADA  200 ML TUNAL;2.42
3772882;2026-09-29;VLC04;BALYS CAOBOS SUR;ProdBEBIDAS;NECTAR DURAZNO 200 ML TUNAL;2.37
3772883;2026-09-29;VLC04;BALYS CAOBOS SUR;ProdBEBIDAS;NECTAR MANZANA 200 ML TUNAL;2.37
3772884;2026-09-29;VLC04;BALYS CAOBOS SUR;ProdBEBIDAS;NECTAR PERA 200 ML TUNAL;2.37
3772874;2026-09-29;VLC04;BALYS CAOBOS SUR;ProdBEBIDAS;NARANJADA 1L TUNAL;2.84
3772875;2026-09-29;VLC04;BALYS CAOBOS SUR;ProdBEBIDAS;NECTAR DURAZNO 1L TUNAL;2.22
3772876;2026-09-29;VLC04;BALYS CAOBOS SUR;ProdBEBIDAS;NECTAR MANZANA 1L TUNAL;2.22
3772877;2026-09-29;VLC04;BALYS CAOBOS SUR;ProdBEBIDAS;NECTAR PERA 1L TUNAL;2.22
3772878;2026-09-29;VLC04;BALYS CAOBOS SUR;ProdBEBIDAS;TE DURAZNO 1L TUNAL;2.19
3772879;2026-09-29;VLC04;BALYS CAOBOS SUR;ProdBEBIDAS;TE LIMON 1L TUNAL;2.19
3772880;2026-09-29;VLC04;BALYS CAOBOS SUR;ProdBEBIDAS;TE FRUTOS ROJOS 1L TUNAL;2.19
3772867;2026-09-29;VLC04;BALYS CAOBOS SUR;ProdBEBIDAS_LACT;LECHE COMPLETA LIQUIDA PURISIMA;2.34
3772868;2026-09-29;VLC04;BALYS CAOBOS SUR;ProdBEBIDAS_LACT;LECHE DESCREMADA LIQUIDA PURISIMA;2.34
3772869;2026-09-29;VLC04;BALYS CAOBOS SUR;ProdBEBIDAS_LACT;LECHE  DESLACTOSADA LIQUIDA PURISIMA;2.48
3526796;2026-09-08;VLC04;BALYS CAOBOS SUR;ProdJAMONERIA;JAMON PIERNA ALIMEX 98% 5.9kg;11.05
3526797;2026-09-08;VLC04;BALYS CAOBOS SUR;ProdJAMONERIA;JAMON COCIDO ESTANDAR ITALICO 5.9kg;9.56
3772885;2026-09-29;VLC04;BALYS CAOBOS SUR;ProdBEBIDAS;NARANJADA  500 ML TUNAL;1.96
3772886;2026-09-29;VLC04;BALYS CAOBOS SUR;ProdBEBIDAS;NECTAR MANZANA 500 ML TUNAL;1.49
3772887;2026-09-29;VLC04;BALYS CAOBOS SUR;ProdBEBIDAS;NECTAR PERA 500 ML TUNAL;1.49
3772900;2026-09-29;VLC04;BALYS CAOBOS SUR;ProdDERIV_LACTEOS;CREMA DE LECHE DE 250GR PURISIMA;3.06
3772898;2026-09-29;VLC04;BALYS CAOBOS SUR;ProdDERIV_LACTEOS;MANTEQUILLA PURISIMA CON SAL 200G PURISIMA;5.26
3772899;2026-09-29;VLC04;BALYS CAOBOS SUR;ProdDERIV_LACTEOS;MANTEQUILLA PURISIMA SIN SAL 200G PURISIMA;5.29
3772901;2026-09-29;VLC04;BALYS CAOBOS SUR;ProdDERIV_LACTEOS;CREMA DE LECHE DE 500GR PURISIMA;5.46
3772891;2026-09-29;VLC04;BALYS CAOBOS SUR;ProdEMBUTIDOS;SALCHICHA TIPO VIENA 225G (11unid) ALIMEX;2.43
3772892;2026-09-29;VLC04;BALYS CAOBOS SUR;ProdEMBUTIDOS;SALCHICHA TIPO VIENA 450GR (22unid) ALIMEX;5.63
3526799;2026-09-08;VLC04;BALYS CAOBOS SUR;ProdJAMONERIA;JAMON DE ESPALDA ALIMEX 4.4KG;9.76
3772893;2026-09-29;VLC04;BALYS CAOBOS SUR;ProdEMBUTIDOS;SALCHICHA TIPO VIENA 800GR (24unid) ALIMEX;9.65
3479184;2026-09-02;PTO04;AUT SHUN CHINA;ProdBEBIDAS_LACT;LECHE COMPLETA LIQUIDA PURISIMA;2.7
3479186;2026-09-02;PTO04;AUT SHUN CHINA;ProdBEBIDAS_LACT;LECHE DESCREMADA LIQUIDA PURISIMA;2.64
3479190;2026-09-02;PTO04;AUT SHUN CHINA;ProdBEBIDAS_LACT;LECHE  DESLACTOSADA LIQUIDA PURISIMA;3.09
3479196;2026-09-02;PTO04;AUT SHUN CHINA;ProdEMBUTIDOS;MORTADELA CCS DE CARNES 500G;2.07
3633951;2026-09-16;BQTO06;HIPER MERCADO CRITAL;ProdBEBIDAS;NECTAR MANZANA 1L TUNAL;2.05
3633947;2026-09-16;BQTO06;HIPER MERCADO CRITAL;ProdBEBIDAS;NECTAR PERA 1L TUNAL;2.05
3633945;2026-09-16;BQTO06;HIPER MERCADO CRITAL;ProdBEBIDAS;NECTAR DURAZNO 1L TUNAL;2.1
3482038;2026-09-02;BQTO06;HIPER MERCADO CRITAL;ProdBEBIDAS;NECTAR PERA 500 ML TUNAL;1.65
3633954;2026-09-16;BQTO06;HIPER MERCADO CRITAL;ProdBEBIDAS;NECTAR DURAZNO 500 ML TUNAL;1.65
3633965;2026-09-16;BQTO06;HIPER MERCADO CRITAL;ProdBEBIDAS;NECTAR PERA 200 ML TUNAL;2.32
3633966;2026-09-16;BQTO06;HIPER MERCADO CRITAL;ProdBEBIDAS;NECTAR DURAZNO 200 ML TUNAL;2.32
3482045;2026-09-02;BQTO06;HIPER MERCADO CRITAL;ProdBEBIDAS;TE LIMON 1L TUNAL;2.2
3633957;2026-09-16;BQTO06;HIPER MERCADO CRITAL;ProdBEBIDAS;TE LIMON 500ML TUNAL;1.25
3633959;2026-09-16;BQTO06;HIPER MERCADO CRITAL;ProdBEBIDAS;TE FRUTOS ROJOS 50OML;1.15
3482050;2026-09-02;BQTO06;HIPER MERCADO CRITAL;ProdBEBIDAS;TE DURAZNO 500ML TUNAL;1.25
3482054;2026-09-02;BQTO06;HIPER MERCADO CRITAL;ProdEMBUTIDOS;MORTADELA CCS DE CARNES 500G;1.82
3482056;2026-09-02;BQTO06;HIPER MERCADO CRITAL;ProdEMBUTIDOS;MORTADELA CCS DE CARNES 900G;3.1
3482059;2026-09-02;BQTO06;HIPER MERCADO CRITAL;ProdEMBUTIDOS;SALCHICHA TIPO VIENA 800GR (24unid) ALIMEX;9.45
3633970;2026-09-16;BQTO06;HIPER MERCADO CRITAL;ProdDERIV_LACTEOS;CREMA DE LECHE DE 500GR PURISIMA;5.1
3633972;2026-09-16;BQTO06;HIPER MERCADO CRITAL;ProdDERIV_LACTEOS;MANTEQUILLA PURISIMA CON SAL 200G PURISIMA;4.65
3633936;2026-09-16;BQTO06;HIPER MERCADO CRITAL;ProdBEBIDAS_LACT;LECHE COMPLETA LIQUIDA PURISIMA;2.42
3633938;2026-09-16;BQTO06;HIPER MERCADO CRITAL;ProdBEBIDAS_LACT;LECHE DESCREMADA LIQUIDA PURISIMA;2.48
3633941;2026-09-16;BQTO06;HIPER MERCADO CRITAL;ProdBEBIDAS_LACT;LECHE  DESLACTOSADA LIQUIDA PURISIMA;2.48
3633964;2026-09-16;BQTO06;HIPER MERCADO CRITAL;ProdBEBIDAS;NARANJADA  200 ML TUNAL;2.64
3633971;2026-09-16;BQTO06;HIPER MERCADO CRITAL;ProdDERIV_LACTEOS;CREMA DE LECHE DE 250GR PURISIMA;3
3633973;2026-09-16;BQTO06;HIPER MERCADO CRITAL;ProdDERIV_LACTEOS;MANTEQUILLA PURISIMA SIN SAL 200G PURISIMA;4.65
3634404;2026-09-16;BQTO04;LIANG 2009 C.A.;ProdBEBIDAS_LACT;LECHE COMPLETA LIQUIDA PURISIMA;2.72
3634408;2026-09-16;BQTO04;LIANG 2009 C.A.;ProdBEBIDAS_LACT;LECHE DESCREMADA LIQUIDA PURISIMA;2.66
3501543;2026-09-02;BQTO04;LIANG 2009 C.A.;ProdBEBIDAS_LACT;LECHE BARISTA PURISIMA;2.93
3501540;2026-09-02;BQTO04;FABUCENTER C.A.;ProdBEBIDAS;NARANJADA 1L TUNAL;2.4
3501544;2026-09-02;BQTO04;FABUCENTER C.A.;ProdBEBIDAS;NECTAR MANZANA 1L TUNAL;2.27
3501548;2026-09-02;BQTO04;FABUCENTER C.A.;ProdBEBIDAS;NECTAR PERA 1L TUNAL;2.27
3501553;2026-09-02;BQTO04;FABUCENTER C.A.;ProdBEBIDAS_LACT;LECHE COMPLETA LIQUIDA PURISIMA;3
3634419;2026-09-16;BQTO04;FABUCENTER C.A.;ProdBEBIDAS_LACT;LECHE DESCREMADA LIQUIDA PURISIMA;2.91
3634422;2026-09-16;BQTO04;FABUCENTER C.A.;ProdBEBIDAS_LACT;LECHE  DESLACTOSADA LIQUIDA PURISIMA;3.06
3634428;2026-09-16;BQTO04;FABUCENTER C.A.;ProdBEBIDAS_LACT;LECHE BARISTA PURISIMA;3.01
3634431;2026-09-16;BQTO04;FABUCENTER C.A.;ProdBEBIDAS;NARANJADA  200 ML TUNAL;0.88
3634434;2026-09-16;BQTO04;FABUCENTER C.A.;ProdBEBIDAS;NECTAR MANZANA 200 ML TUNAL;0.93
3634437;2026-09-16;BQTO04;FABUCENTER C.A.;ProdBEBIDAS;NECTAR PERA 200 ML TUNAL;0.93
3634440;2026-09-16;BQTO04;FABUCENTER C.A.;ProdBEBIDAS;NECTAR DURAZNO 200 ML TUNAL;0.93
3634462;2026-09-16;BQTO04;FABUCENTER C.A.;ProdEMBUTIDOS;SALCHICHA TIPO VIENA 225G (11unid) ALIMEX;3.31
3634464;2026-09-16;BQTO04;FABUCENTER C.A.;ProdEMBUTIDOS;SALCHICHA TIPO VIENA 450GR (22unid) ALIMEX;6.04
3634467;2026-09-16;BQTO04;FABUCENTER C.A.;ProdEMBUTIDOS;SALCHICHA TIPO VIENA 800GR (24unid) ALIMEX;10.07
3634470;2026-09-16;BQTO04;FABUCENTER C.A.;ProdDERIV_LACTEOS;MANTEQUILLA PURISIMA CON SAL 200G PURISIMA;6.23
3634473;2026-09-16;BQTO04;FABUCENTER C.A.;ProdDERIV_LACTEOS;MANTEQUILLA PURISIMA SIN SAL 200G PURISIMA;5.63
3634476;2026-09-16;BQTO04;FABUCENTER C.A.;ProdEMBUTIDOS;MORTADELA CCS DE CARNES 900G;3.53
3634479;2026-09-16;BQTO04;FABUCENTER C.A.;ProdEMBUTIDOS;MORTADELA CCS DE CARNES 500G;2.08
3634482;2026-09-16;BQTO04;FABUCENTER C.A.;ProdEMBUTIDOS;MORTADELA DE POLLO DE 500G;21
3634483;2026-09-16;BQTO04;FABUCENTER C.A.;ProdEMBUTIDOS;MORTADELA de Pollo Caracas 900gr;6.66
3568446;2026-09-10;PTO04;AWA MARKET;ProdBEBIDAS_LACT;LECHE EN POLVO PURISIMA 200GR;3.64
3568447;2026-09-10;PTO04;AWA MARKET;ProdBEBIDAS_LACT;LECHE EN POLVO PURISIMA 400GR;7.45
3568456;2026-09-10;PTO04;AWA MARKET;ProdBEBIDAS_LACT;LECHE COMPLETA LIQUIDA PURISIMA;2.93
3568457;2026-09-10;PTO04;AWA MARKET;ProdBEBIDAS_LACT;LECHE DESCREMADA LIQUIDA PURISIMA;2.86
3568458;2026-09-10;PTO04;AWA MARKET;ProdBEBIDAS_LACT;LECHE  DESLACTOSADA LIQUIDA PURISIMA;3.03
3568466;2026-09-10;PTO04;AWA MARKET;ProdDERIV_LACTEOS;CREMA DE LECHE DE 250GR PURISIMA;2.99
3568467;2026-09-10;PTO04;AWA MARKET;ProdDERIV_LACTEOS;MANTEQUILLA PURISIMA SIN SAL 200G PURISIMA;5.36
3568468;2026-09-10;PTO04;AWA MARKET;ProdDERIV_LACTEOS;MANTEQUILLA PURISIMA CON SAL 200G PURISIMA;5.36
3568471;2026-09-10;PTO04;AWA MARKET;ProdEMBUTIDOS;MORTADELA CCS DE CARNES 500G;1.99
3568472;2026-09-10;PTO04;AWA MARKET;ProdEMBUTIDOS;MORTADELA CCS DE CARNES 900G;3.37
3568482;2026-09-10;PTO04;AWA MARKET;ProdBEBIDAS;NARANJADA  200 ML TUNAL;0.98
3568483;2026-09-10;PTO04;AWA MARKET;ProdBEBIDAS;NECTAR PERA 200 ML TUNAL;0.98
3568484;2026-09-10;PTO04;AWA MARKET;ProdBEBIDAS;NECTAR DURAZNO 200 ML TUNAL;0.98
3587249;2026-09-14;PTO02;HIPERMERCADO DLIFE;ProdBEBIDAS;NARANJADA  500 ML TUNAL;1.8
3587261;2026-09-14;PTO02;HIPERMERCADO DLIFE;ProdBEBIDAS;NECTAR MANZANA 500 ML TUNAL;1.37
3587264;2026-09-14;PTO02;HIPERMERCADO DLIFE;ProdBEBIDAS;NECTAR PERA 500 ML TUNAL;1.37
3587274;2026-09-14;PTO02;HIPERMERCADO DLIFE;ProdBEBIDAS;NECTAR DURAZNO 500 ML TUNAL;1.37
3587769;2026-09-14;PTO02;HIPERMERCADO DLIFE;ProdBEBIDAS;NARANJADA  200 ML TUNAL;0.79
3587779;2026-09-14;PTO02;HIPERMERCADO DLIFE;ProdBEBIDAS;NECTAR MANZANA 200 ML TUNAL;0.78
3587783;2026-09-14;PTO02;HIPERMERCADO DLIFE;ProdBEBIDAS;NECTAR PERA 200 ML TUNAL;0.78
3587812;2026-09-14;PTO02;HIPERMERCADO DLIFE;ProdBEBIDAS;NECTAR DURAZNO 200 ML TUNAL;0.78
3587304;2026-09-14;PTO02;HIPERMERCADO DLIFE;ProdBEBIDAS;NARANJADA 1L TUNAL;2.62
3587308;2026-09-14;PTO02;HIPERMERCADO DLIFE;ProdBEBIDAS;NECTAR MANZANA 1L TUNAL;2.05
3587311;2026-09-14;PTO02;HIPERMERCADO DLIFE;ProdBEBIDAS;NECTAR PERA 1L TUNAL;2.05
3587316;2026-09-14;PTO02;HIPERMERCADO DLIFE;ProdBEBIDAS;NECTAR DURAZNO 1L TUNAL;2.05
3557622;2026-09-10;CCS04;MERCATO MARKET;ProdBEBIDAS;NARANJADA 1L TUNAL;3.25
3557623;2026-09-10;CCS04;MERCATO MARKET;ProdBEBIDAS;NECTAR DURAZNO 1L TUNAL;2.49
3482659;2026-09-03;CCS04;MERCATO MARKET;ProdBEBIDAS;NECTAR MANZANA 1L TUNAL;2.54
3482660;2026-09-03;CCS04;MERCATO MARKET;ProdBEBIDAS;NECTAR PERA 1L TUNAL;2.54
3482661;2026-09-03;CCS04;MERCATO MARKET;ProdBEBIDAS;JUGO NARANJA LIGTH 1 LITRO TUNAL;2.68
3482662;2026-09-03;CCS04;MERCATO MARKET;ProdBEBIDAS;NECTAR PERA LIGHT 1 LITRO TUNAL;2.58
3557621;2026-09-10;CCS04;MERCATO MARKET;ProdBEBIDAS;TE DURAZNO 1L TUNAL;2.37
3557620;2026-09-10;CCS04;MERCATO MARKET;ProdBEBIDAS;TE LIMON 1L TUNAL;2.37
3557619;2026-09-10;CCS04;MERCATO MARKET;ProdBEBIDAS;TE FRUTOS ROJOS 1L TUNAL;2.37
3557616;2026-09-10;CCS04;MERCATO MARKET;ProdBEBIDAS_LACT;LECHE COMPLETA LIQUIDA PURISIMA;2.6
3557617;2026-09-10;CCS04;MERCATO MARKET;ProdBEBIDAS_LACT;LECHE DESCREMADA LIQUIDA PURISIMA;2.6
3557618;2026-09-10;CCS04;MERCATO MARKET;ProdBEBIDAS_LACT;LECHE  DESLACTOSADA LIQUIDA PURISIMA;2.6
3482669;2026-09-03;CCS04;MERCATO MARKET;ProdDERIV_LACTEOS;CREMA DE LECHE DE 250GR PURISIMA;3.92
3482670;2026-09-03;CCS04;MERCATO MARKET;ProdDERIV_LACTEOS;CREMA DE LECHE DE 500GR PURISIMA;6.3
3557591;2026-09-10;CCS04;MERCATO MARKET;ProdDERIV_LACTEOS;MANTEQUILLA PURISIMA SIN SAL 200G PURISIMA;5.91
3557592;2026-09-10;CCS04;MERCATO MARKET;ProdDERIV_LACTEOS;MANTEQUILLA PURISIMA CON SAL 200G PURISIMA;6.09
3667567;2026-09-17;BQTO04;SUPER PLAZA;ProdBEBIDAS_LACT;LECHE COMPLETA LIQUIDA PURISIMA;2.75
3667570;2026-09-17;BQTO04;SUPER PLAZA;ProdBEBIDAS_LACT;LECHE DESCREMADA LIQUIDA PURISIMA;2.7
3667572;2026-09-17;BQTO04;SUPER PLAZA;ProdBEBIDAS_LACT;LECHE  DESLACTOSADA LIQUIDA PURISIMA;2.84
3501649;2026-09-03;BQTO04;SUPER PLAZA;ProdBEBIDAS;NECTAR MANZANA 500 ML TUNAL;1.57
3667599;2026-09-17;BQTO04;SUPER PLAZA;ProdBEBIDAS;NECTAR PERA 500 ML TUNAL;1.5
3667601;2026-09-17;BQTO04;SUPER PLAZA;ProdBEBIDAS;NECTAR DURAZNO 500 ML TUNAL;1.5
3667612;2026-09-17;BQTO04;SUPER PLAZA;ProdBEBIDAS;NECTAR PERA LIGHT 1 LITRO TUNAL;2.4
3667610;2026-09-17;BQTO04;SUPER PLAZA;ProdBEBIDAS;JUGO NARANJA LIGTH 1 LITRO TUNAL;2.62
3667621;2026-09-17;BQTO04;SUPER PLAZA;ProdBEBIDAS;NARANJADA 1L TUNAL;2.42
3667617;2026-09-17;BQTO04;SUPER PLAZA;ProdBEBIDAS;NECTAR MANZANA 1L TUNAL;2.42
3667619;2026-09-17;BQTO04;SUPER PLAZA;ProdBEBIDAS;NECTAR PERA 1L TUNAL;2.42
3501666;2026-09-03;BQTO04;SUPER PLAZA;ProdBEBIDAS;NECTAR DURAZNO 1L TUNAL;2.35
3667623;2026-09-17;BQTO04;SUPER PLAZA;ProdBEBIDAS;TE DURAZNO 1L TUNAL;2.19
3667625;2026-09-17;BQTO04;SUPER PLAZA;ProdBEBIDAS;TE LIMON 1L TUNAL;2.19
3667627;2026-09-17;BQTO04;SUPER PLAZA;ProdBEBIDAS;TE FRUTOS ROJOS 1L TUNAL;2.19
3667603;2026-09-17;BQTO04;SUPER PLAZA;ProdBEBIDAS;NECTAR MANZANA 200 ML TUNAL;2.45
3667606;2026-09-17;BQTO04;SUPER PLAZA;ProdBEBIDAS;NECTAR PERA 200 ML TUNAL;2.45
3667608;2026-09-17;BQTO04;SUPER PLAZA;ProdBEBIDAS;NECTAR DURAZNO 200 ML TUNAL;2.45
3667636;2026-09-17;BQTO04;SUPER PLAZA;ProdDERIV_LACTEOS;MANTEQUILLA PURISIMA CON SAL 200G PURISIMA;5.79
3667638;2026-09-17;BQTO04;SUPER PLAZA;ProdDERIV_LACTEOS;MANTEQUILLA PURISIMA SIN SAL 200G PURISIMA;5.37
3667639;2026-09-17;BQTO04;SUPER PLAZA;ProdDERIV_LACTEOS;CREMA DE LECHE DE 500GR PURISIMA;6.02
3667640;2026-09-17;BQTO04;SUPER PLAZA;ProdDERIV_LACTEOS;CREMA DE LECHE DE 250GR PURISIMA;3.55
3769916;2026-09-28;BQTO01;TORITO EXPRESS;ProdBEBIDAS;NARANJADA 1L TUNAL;0
3769918;2026-09-28;BQTO01;TORITO EXPRESS;ProdBEBIDAS;NECTAR DURAZNO 1L TUNAL;0
3769923;2026-09-28;BQTO01;TORITO EXPRESS;ProdBEBIDAS;NECTAR PERA 1L TUNAL;0
3769928;2026-09-28;BQTO01;TORITO EXPRESS;ProdBEBIDAS;TE DURAZNO 1L TUNAL;0
3769929;2026-09-28;BQTO01;TORITO EXPRESS;ProdBEBIDAS;TE LIMON 1L TUNAL;0
3769930;2026-09-28;BQTO01;TORITO EXPRESS;ProdBEBIDAS;TE FRUTOS ROJOS 1L TUNAL;0
3769931;2026-09-28;BQTO01;TORITO EXPRESS;ProdBEBIDAS;NARANJADA  200 ML TUNAL;0
3769934;2026-09-28;BQTO01;TORITO EXPRESS;ProdBEBIDAS;NECTAR DURAZNO 200 ML TUNAL;0
3769932;2026-09-28;BQTO01;TORITO EXPRESS;ProdBEBIDAS;NECTAR MANZANA 200 ML TUNAL;0
3600553;2026-09-14;BQTO01;TORITO EXPRESS;ProdBEBIDAS;NECTAR PERA 200 ML TUNAL;0
3769925;2026-09-28;BQTO01;TORITO EXPRESS;ProdBEBIDAS;NECTAR MANZANA LIGHT 1 LITRO TUNAL;0
3769906;2026-09-28;BQTO01;TORITO EXPRESS;ProdBEBIDAS_LACT;LECHE COMPLETA LIQUIDA PURISIMA;0
3769912;2026-09-28;BQTO01;TORITO EXPRESS;ProdBEBIDAS_LACT;LECHE  DESLACTOSADA LIQUIDA PURISIMA;0
3769910;2026-09-28;BQTO01;TORITO EXPRESS;ProdBEBIDAS_LACT;LECHE DESCREMADA LIQUIDA PURISIMA;0
3769903;2026-09-28;BQTO01;TORITO EXPRESS;ProdBEBIDAS_LACT;LECHE BARISTA PURISIMA;0
3769921;2026-09-28;BQTO01;TORITO EXPRESS;ProdBEBIDAS;NECTAR MANZANA 1L TUNAL;0
3769927;2026-09-28;BQTO01;TORITO EXPRESS;ProdBEBIDAS;NECTAR PERA LIGHT 1 LITRO TUNAL;0
3760254;2026-09-24;MCY04;MERCATODO STAR CENTER;ProdBEBIDAS_LACT;LECHE COMPLETA LIQUIDA PURISIMA;2.59
3760256;2026-09-24;MCY04;MERCATODO STAR CENTER;ProdBEBIDAS_LACT;LECHE DESCREMADA LIQUIDA PURISIMA;2.55
3760258;2026-09-24;MCY04;MERCATODO STAR CENTER;ProdBEBIDAS_LACT;LECHE  DESLACTOSADA LIQUIDA PURISIMA;2.59
3486140;2026-09-03;MCY04;MERCATODO STAR CENTER;ProdEMBUTIDOS;SALCHICHA TIPO VIENA 450GR (22unid) ALIMEX;6.45
3486141;2026-09-03;MCY04;MERCATODO STAR CENTER;ProdEMBUTIDOS;SALCHICHA TIPO VIENA 225G (11unid) ALIMEX;3.51
3760216;2026-09-24;MCY04;MERCATODO STAR CENTER;ProdDERIV_LACTEOS;MANTEQUILLA PURISIMA CON SAL 200G PURISIMA;6.09
3760222;2026-09-24;MCY04;MERCATODO STAR CENTER;ProdDERIV_LACTEOS;MANTEQUILLA PURISIMA SIN SAL 200G PURISIMA;5.65
3760245;2026-09-24;MCY04;MERCATODO STAR CENTER;ProdDERIV_LACTEOS;CREMA DE LECHE DE 250GR PURISIMA;3.43
3667584;2026-09-17;BQTO04;CARORITA 16;ProdBEBIDAS;NARANJADA  200 ML TUNAL;0.95
3667586;2026-09-17;BQTO04;CARORITA 16;ProdBEBIDAS;NECTAR MANZANA 200 ML TUNAL;0.9
3667588;2026-09-17;BQTO04;CARORITA 16;ProdBEBIDAS;NECTAR PERA 200 ML TUNAL;0.9
3667590;2026-09-17;BQTO04;CARORITA 16;ProdBEBIDAS;NECTAR DURAZNO 200 ML TUNAL;0.9
3667598;2026-09-17;BQTO04;CARORITA 16;ProdBEBIDAS;NARANJADA 1L TUNAL;2.99
3667600;2026-09-17;BQTO04;CARORITA 16;ProdBEBIDAS;NECTAR MANZANA 1L TUNAL;2.35
3667602;2026-09-17;BQTO04;CARORITA 16;ProdBEBIDAS;NECTAR PERA 1L TUNAL;2.35
3667605;2026-09-17;BQTO04;CARORITA 16;ProdBEBIDAS;NECTAR DURAZNO 1L TUNAL;2.45
3501644;2026-09-03;BQTO04;CARORITA 16;ProdBEBIDAS;TE DURAZNO 1L TUNAL;2.45
3667607;2026-09-17;BQTO04;CARORITA 16;ProdBEBIDAS;TE LIMON 1L TUNAL;2.45
3501652;2026-09-03;BQTO04;CARORITA 16;ProdBEBIDAS;TE DURAZNO 500ML TUNAL;1.27
3667596;2026-09-17;BQTO04;CARORITA 16;ProdBEBIDAS;TE LIMON 500ML TUNAL;1.27
3667615;2026-09-17;BQTO04;CARORITA 16;ProdBEBIDAS_LACT;LECHE COMPLETA LIQUIDA PURISIMA;2.85
3667618;2026-09-17;BQTO04;CARORITA 16;ProdBEBIDAS_LACT;LECHE DESCREMADA LIQUIDA PURISIMA;2.95
3667620;2026-09-17;BQTO04;CARORITA 16;ProdBEBIDAS_LACT;LECHE  DESLACTOSADA LIQUIDA PURISIMA;2.85
3667629;2026-09-17;BQTO04;CARORITA 16;ProdEMBUTIDOS;MORTADELA CCS DE CARNES 500G;2.26
3667626;2026-09-17;BQTO04;CARORITA 16;ProdEMBUTIDOS;MORTADELA CCS DE CARNES 900G;4.26
3667593;2026-09-17;BQTO04;CARORITA 16;ProdBEBIDAS;NECTAR DURAZNO 500 ML TUNAL;1.27
3599666;2026-09-14;BQTO06;GRAN PUNTO;ProdBEBIDAS_LACT;LECHE COMPLETA LIQUIDA PURISIMA;2.63
3599667;2026-09-14;BQTO06;GRAN PUNTO;ProdBEBIDAS_LACT;LECHE DESCREMADA LIQUIDA PURISIMA;2.59
3599668;2026-09-14;BQTO06;GRAN PUNTO;ProdBEBIDAS_LACT;LECHE  DESLACTOSADA LIQUIDA PURISIMA;2.81
3560639;2026-09-10;CCS04;PLAN SUAREZ CAURIMARE;ProdBEBIDAS;NARANJADA  200 ML TUNAL;2.73
3560640;2026-09-10;CCS04;PLAN SUAREZ CAURIMARE;ProdBEBIDAS;NECTAR DURAZNO 200 ML TUNAL;2.69
3560641;2026-09-10;CCS04;PLAN SUAREZ CAURIMARE;ProdBEBIDAS;NECTAR MANZANA 200 ML TUNAL;2.69
3560642;2026-09-10;CCS04;PLAN SUAREZ CAURIMARE;ProdBEBIDAS;NECTAR PERA 200 ML TUNAL;2.69
3560635;2026-09-10;CCS04;PLAN SUAREZ CAURIMARE;ProdBEBIDAS;NARANJADA 1L TUNAL;3.03
3560636;2026-09-10;CCS04;PLAN SUAREZ CAURIMARE;ProdBEBIDAS;NECTAR DURAZNO 1L TUNAL;2.37
3560637;2026-09-10;CCS04;PLAN SUAREZ CAURIMARE;ProdBEBIDAS;NECTAR MANZANA 1L TUNAL;2.37
3560638;2026-09-10;CCS04;PLAN SUAREZ CAURIMARE;ProdBEBIDAS;NECTAR PERA 1L TUNAL;2.37
3560646;2026-09-10;CCS04;PLAN SUAREZ CAURIMARE;ProdBEBIDAS;TE FRUTOS ROJOS 1L TUNAL;2.34
3560645;2026-09-10;CCS04;PLAN SUAREZ CAURIMARE;ProdBEBIDAS;TE LIMON 1L TUNAL;2.34
3560618;2026-09-10;CCS04;PLAN SUAREZ CAURIMARE;ProdBEBIDAS_LACT;LECHE BARISTA PURISIMA;3.24
3560619;2026-09-10;CCS04;PLAN SUAREZ CAURIMARE;ProdBEBIDAS_LACT;LECHE COMPLETA LIQUIDA PURISIMA;2.53
3560620;2026-09-10;CCS04;PLAN SUAREZ CAURIMARE;ProdBEBIDAS_LACT;LECHE DESCREMADA LIQUIDA PURISIMA;2.48
3560621;2026-09-10;CCS04;PLAN SUAREZ CAURIMARE;ProdBEBIDAS_LACT;LECHE  DESLACTOSADA LIQUIDA PURISIMA;2.62
3560659;2026-09-10;CCS04;PLAN SUAREZ CAURIMARE;ProdDERIV_LACTEOS;CREMA DE LECHE DE 500GR PURISIMA;6.19
3560660;2026-09-10;CCS04;PLAN SUAREZ CAURIMARE;ProdDERIV_LACTEOS;CREMA DE LECHE DE 250GR PURISIMA;3.65
3560661;2026-09-10;CCS04;PLAN SUAREZ CAURIMARE;ProdDERIV_LACTEOS;MANTEQUILLA PURISIMA SIN SAL 200G PURISIMA;5.7
3560662;2026-09-10;CCS04;PLAN SUAREZ CAURIMARE;ProdDERIV_LACTEOS;MANTEQUILLA PURISIMA CON SAL 200G PURISIMA;6.15
3560656;2026-09-10;CCS04;PLAN SUAREZ CAURIMARE;ProdEMBUTIDOS;SALCHICHA TIPO VIENA 800GR (24unid) ALIMEX;10.93
3560657;2026-09-10;CCS04;PLAN SUAREZ CAURIMARE;ProdEMBUTIDOS;SALCHICHA TIPO VIENA 450GR (22unid) ALIMEX;6.38
3560658;2026-09-10;CCS04;PLAN SUAREZ CAURIMARE;ProdEMBUTIDOS;SALCHICHA TIPO VIENA 225G (11unid) ALIMEX;3.47
3560643;2026-09-10;CCS04;PLAN SUAREZ CAURIMARE;ProdBEBIDAS;NECTAR PERA LIGHT 1 LITRO TUNAL;2.48
3560644;2026-09-10;CCS04;PLAN SUAREZ CAURIMARE;ProdBEBIDAS;TE DURAZNO 1L TUNAL;2.34
3602813;2026-09-15;PTO04;SUP  LUKY GRASS;ProdBEBIDAS_LACT;LECHE EN POLVO PURISIMA 400GR;7.11
3602814;2026-09-15;PTO04;SUP  LUKY GRASS;ProdBEBIDAS_LACT;LECHE EN POLVO PURISIMA 900GR;14.53
3602824;2026-09-15;PTO04;SUP  LUKY GRASS;ProdBEBIDAS_LACT;LECHE COMPLETA LIQUIDA PURISIMA;3.04
3602825;2026-09-15;PTO04;SUP  LUKY GRASS;ProdBEBIDAS_LACT;LECHE DESCREMADA LIQUIDA PURISIMA;3.04
3602826;2026-09-15;PTO04;SUP  LUKY GRASS;ProdBEBIDAS_LACT;LECHE  DESLACTOSADA LIQUIDA PURISIMA;3.04
3602835;2026-09-15;PTO04;SUP  LUKY GRASS;ProdEMBUTIDOS;MORTADELA CCS DE CARNES 500G;1.9
3602836;2026-09-15;PTO04;SUP  LUKY GRASS;ProdEMBUTIDOS;MORTADELA CCS DE CARNES 900G;3.21
3657946;2026-09-18;VLC03;KOZMO FLOR AMARILLO;ProdEMBUTIDOS;CHORIZO DE CERDO AHUMADO PARRILLERO ALIMEX;12.71
3657947;2026-09-18;VLC03;KOZMO FLOR AMARILLO;ProdEMBUTIDOS;CHORIZO DE CERDO PICANTE PARRILLERO ALIMEX;11.93
3657950;2026-09-18;VLC03;KOZMO FLOR AMARILLO;ProdBEBIDAS_LACT;LECHE DESCREMADA LIQUIDA PURISIMA;2.53
3657952;2026-09-18;VLC03;KOZMO FLOR AMARILLO;ProdDERIV_LACTEOS;QUESO DE CABRA 500G PURISIMA;17.71
3657955;2026-09-18;VLC03;KOZMO FLOR AMARILLO;ProdDERIV_LACTEOS;MANTEQUILLA PURISIMA SIN SAL 200G PURISIMA;5.39
3657956;2026-09-18;VLC03;KOZMO FLOR AMARILLO;ProdDERIV_LACTEOS;MANTEQUILLA PURISIMA CON SAL 200G PURISIMA;5.81
3657960;2026-09-18;VLC03;KOZMO FLOR AMARILLO;ProdEMBUTIDOS;SALCHICHA TIPO VIENA 800GR (24unid) ALIMEX;9.84
3657961;2026-09-18;VLC03;KOZMO FLOR AMARILLO;ProdEMBUTIDOS;SALCHICHA TIPO VIENA 450GR (22unid) ALIMEX;5.74
3657962;2026-09-18;VLC03;KOZMO FLOR AMARILLO;ProdEMBUTIDOS;SALCHICHA TIPO VIENA 225G (11unid) ALIMEX;3.12
3657965;2026-09-18;VLC03;KOZMO FLOR AMARILLO;ProdDERIV_LACTEOS;CREMA DE LECHE DE 500GR PURISIMA;5.73
3657966;2026-09-18;VLC03;KOZMO FLOR AMARILLO;ProdDERIV_LACTEOS;CREMA DE LECHE DE 250GR PURISIMA;3.38
3657970;2026-09-18;VLC03;KOZMO FLOR AMARILLO;ProdBEBIDAS;NECTAR DURAZNO 200 ML TUNAL;0.81
3657971;2026-09-18;VLC03;KOZMO FLOR AMARILLO;ProdBEBIDAS;NECTAR MANZANA 200 ML TUNAL;0.81
3657972;2026-09-18;VLC03;KOZMO FLOR AMARILLO;ProdBEBIDAS;NECTAR PERA 200 ML TUNAL;0.81
3657980;2026-09-18;VLC03;KOZMO FLOR AMARILLO;ProdBEBIDAS;NARANJADA 1L TUNAL;2.72
3657981;2026-09-18;VLC03;KOZMO FLOR AMARILLO;ProdBEBIDAS;NECTAR DURAZNO 1L TUNAL;2.13
3657982;2026-09-18;VLC03;KOZMO FLOR AMARILLO;ProdBEBIDAS;NECTAR MANZANA 1L TUNAL;2.13
3657983;2026-09-18;VLC03;KOZMO FLOR AMARILLO;ProdBEBIDAS;NECTAR PERA 1L TUNAL;2.13
3657984;2026-09-18;VLC03;KOZMO FLOR AMARILLO;ProdBEBIDAS;TE DURAZNO 1L TUNAL;2.1
3657985;2026-09-18;VLC03;KOZMO FLOR AMARILLO;ProdBEBIDAS;TE LIMON 1L TUNAL;2.1
3657986;2026-09-18;VLC03;KOZMO FLOR AMARILLO;ProdBEBIDAS;TE FRUTOS ROJOS 1L TUNAL;2.1
3657989;2026-09-18;VLC03;KOZMO FLOR AMARILLO;ProdBEBIDAS_LACT;LECHE EN POLVO PURISIMA 900GR;14.45
3657991;2026-09-18;VLC03;KOZMO FLOR AMARILLO;ProdBEBIDAS_LACT;LECHE EN POLVO PURISIMA 200GR;3.47
3662289;2026-09-18;VLC02;KALEA  LA GRANJA;ProdBEBIDAS_LACT;LECHE EN POLVO PURISIMA 900GR;13.05
3662290;2026-09-18;VLC02;KALEA  LA GRANJA;ProdBEBIDAS_LACT;LECHE EN POLVO PURISIMA 400GR;6.7
3553390;2026-09-09;VLC02;KALEA  LA GRANJA;ProdBEBIDAS;NECTAR DURAZNO 1L TUNAL;2.19
3553391;2026-09-09;VLC02;KALEA  LA GRANJA;ProdBEBIDAS;NECTAR MANZANA 1L TUNAL;2.19
3553392;2026-09-09;VLC02;KALEA  LA GRANJA;ProdBEBIDAS;NECTAR PERA 1L TUNAL;2.19
3553393;2026-09-09;VLC02;KALEA  LA GRANJA;ProdBEBIDAS;JUGO NARANJA LIGTH 1 LITRO TUNAL;2.3
3553394;2026-09-09;VLC02;KALEA  LA GRANJA;ProdBEBIDAS;NECTAR PERA LIGHT 1 LITRO TUNAL;2.29
3553388;2026-09-09;VLC02;KALEA  LA GRANJA;ProdDERIV_LACTEOS;CREMA DE LECHE DE 500GR PURISIMA;5.89
3553389;2026-09-09;VLC02;KALEA  LA GRANJA;ProdDERIV_LACTEOS;CREMA DE LECHE DE 250GR PURISIMA;3.5
3553397;2026-09-09;VLC02;KALEA  LA GRANJA;ProdBEBIDAS;TE DURAZNO 1L TUNAL;2.15
3553395;2026-09-09;VLC02;KALEA  LA GRANJA;ProdBEBIDAS;TE LIMON 1L TUNAL;2.15
3553396;2026-09-09;VLC02;KALEA  LA GRANJA;ProdBEBIDAS;TE FRUTOS ROJOS 1L TUNAL;2.15
3553402;2026-09-09;VLC02;KALEA  LA GRANJA;ProdBEBIDAS_LACT;LECHE COMPLETA LIQUIDA PURISIMA;2.55
3713613;2026-09-23;VLC02;KALEA  LA GRANJA;ProdBEBIDAS_LACT;LECHE DESCREMADA LIQUIDA PURISIMA;2.49
3553403;2026-09-09;VLC02;KALEA  LA GRANJA;ProdBEBIDAS_LACT;LECHE  DESLACTOSADA LIQUIDA PURISIMA;2.6
3713632;2026-09-23;VLC02;KALEA  LA GRANJA;ProdBEBIDAS;NARANJADA 1L TUNAL;2.45
3713623;2026-09-23;VLC02;KALEA  LA GRANJA;ProdEMBUTIDOS;CHORIZO DE CERDO AHUMADO PARRILLERO ALIMEX;13.25
3713624;2026-09-23;VLC02;KALEA  LA GRANJA;ProdEMBUTIDOS;CHORIZO DE CERDO PICANTE PARRILLERO ALIMEX;12.4
3553386;2026-09-09;VLC02;KALEA  LA GRANJA;ProdDERIV_LACTEOS;MANTEQUILLA PURISIMA SIN SAL 200G PURISIMA;5
3553387;2026-09-09;VLC02;KALEA  LA GRANJA;ProdDERIV_LACTEOS;MANTEQUILLA PURISIMA CON SAL 200G PURISIMA;5
3713630;2026-09-23;VLC02;KALEA  LA GRANJA;ProdBEBIDAS;NARANJADA  200 ML TUNAL;2.61
3713631;2026-09-23;VLC02;KALEA  LA GRANJA;ProdBEBIDAS;NECTAR DURAZNO 200 ML TUNAL;2.51
3713633;2026-09-23;VLC02;KALEA  LA GRANJA;ProdBEBIDAS;NECTAR PERA 200 ML TUNAL;2.45
3553384;2026-09-09;VLC02;KALEA  LA GRANJA;ProdEMBUTIDOS;SALCHICHA TIPO VIENA 800GR (24unid) ALIMEX;11.9
3553385;2026-09-09;VLC02;KALEA  LA GRANJA;ProdEMBUTIDOS;SALCHICHA TIPO VIENA 450GR (22unid) ALIMEX;5.79
3553401;2026-09-09;VLC02;KALEA  LA GRANJA;ProdBEBIDAS_LACT;LECHE BARISTA PURISIMA;2.65
3676211;2026-09-21;PTO03;"MUNDO MARKET MONAGAS; C.A.";ProdBEBIDAS_LACT;LECHE BARISTA PURISIMA;2.47
3765013;2026-09-28;PTO03;"MUNDO MARKET MONAGAS; C.A.";ProdBEBIDAS_LACT;LECHE DESCREMADA LIQUIDA PURISIMA;2.41
3765014;2026-09-28;PTO03;"MUNDO MARKET MONAGAS; C.A.";ProdBEBIDAS_LACT;LECHE  DESLACTOSADA LIQUIDA PURISIMA;2.55
3765020;2026-09-28;PTO03;"MUNDO MARKET MONAGAS; C.A.";ProdBEBIDAS;NARANJADA 1L TUNAL;2.88
3728635;2026-09-24;PTO03;"MUNDO MARKET MONAGAS; C.A.";ProdBEBIDAS;NECTAR MANZANA 1L TUNAL;2.24
3765021;2026-09-28;PTO03;"MUNDO MARKET MONAGAS; C.A.";ProdBEBIDAS;NECTAR PERA 1L TUNAL;2.24
3765024;2026-09-28;PTO03;"MUNDO MARKET MONAGAS; C.A.";ProdBEBIDAS;TE FRUTOS ROJOS 1L TUNAL;2.22
3765022;2026-09-28;PTO03;"MUNDO MARKET MONAGAS; C.A.";ProdBEBIDAS;TE LIMON 1L TUNAL;2.22
3765023;2026-09-28;PTO03;"MUNDO MARKET MONAGAS; C.A.";ProdBEBIDAS;TE DURAZNO 1L TUNAL;2.22
3765012;2026-09-28;PTO03;"MUNDO MARKET MONAGAS; C.A.";ProdBEBIDAS_LACT;LECHE COMPLETA LIQUIDA PURISIMA;2.47
3765005;2026-09-28;PTO03;"MUNDO MARKET MONAGAS; C.A.";ProdBEBIDAS_LACT;LECHE EN POLVO PURISIMA 200GR;3.37
3765004;2026-09-28;PTO03;"MUNDO MARKET MONAGAS; C.A.";ProdBEBIDAS_LACT;LECHE EN POLVO PURISIMA 400GR;6.64
3728641;2026-09-24;PTO03;"MUNDO MARKET MONAGAS; C.A.";ProdBEBIDAS_LACT;LECHE EN POLVO PURISIMA 900GR;13.37
3765031;2026-09-28;PTO03;"MUNDO MARKET MONAGAS; C.A.";ProdEMBUTIDOS;MORTADELA CCS DE CARNES 900G;3.14
3765032;2026-09-28;PTO03;"MUNDO MARKET MONAGAS; C.A.";ProdEMBUTIDOS;MORTADELA DE POLLO DE 1 KG;3.88
3765027;2026-09-28;PTO03;"MUNDO MARKET MONAGAS; C.A.";ProdDERIV_LACTEOS;MANTEQUILLA PURISIMA CON SAL 200G PURISIMA;6.44
3765028;2026-09-28;PTO03;"MUNDO MARKET MONAGAS; C.A.";ProdDERIV_LACTEOS;MANTEQUILLA PURISIMA SIN SAL 200G PURISIMA;6.44
3765035;2026-09-28;PTO03;"MUNDO MARKET MONAGAS; C.A.";ProdEMBUTIDOS;SALCHICHA TIPO VIENA 225G (11unid) ALIMEX;3.07
3765036;2026-09-28;PTO03;"MUNDO MARKET MONAGAS; C.A.";ProdEMBUTIDOS;SALCHICHA TIPO VIENA 450GR (22unid) ALIMEX;5.65
3781754;2026-09-29;VLC04;CATANIA PLAZA DE TOROS;ProdBEBIDAS;NECTAR DURAZNO 1L TUNAL;1.98
3781755;2026-09-29;VLC04;CATANIA PLAZA DE TOROS;ProdBEBIDAS;NECTAR MANZANA 1L TUNAL;1.98
3781756;2026-09-29;VLC04;CATANIA PLAZA DE TOROS;ProdBEBIDAS;NECTAR PERA 1L TUNAL;1.98
3781764;2026-09-29;VLC04;CATANIA PLAZA DE TOROS;ProdBEBIDAS;TE DURAZNO 1L TUNAL;1.97
3781765;2026-09-29;VLC04;CATANIA PLAZA DE TOROS;ProdBEBIDAS;TE FRUTOS ROJOS 1L TUNAL;1.97
3781757;2026-09-29;VLC04;CATANIA PLAZA DE TOROS;ProdBEBIDAS;NARANJADA  200 ML TUNAL;2.46
3781769;2026-09-29;VLC04;CATANIA PLAZA DE TOROS;ProdBEBIDAS_LACT;LECHE COMPLETA LIQUIDA PURISIMA;2.29
3781770;2026-09-29;VLC04;CATANIA PLAZA DE TOROS;ProdBEBIDAS_LACT;LECHE DESCREMADA LIQUIDA PURISIMA;2.29
3781771;2026-09-29;VLC04;CATANIA PLAZA DE TOROS;ProdBEBIDAS_LACT;LECHE  DESLACTOSADA LIQUIDA PURISIMA;2.29
3781775;2026-09-29;VLC04;CATANIA PLAZA DE TOROS;ProdEMBUTIDOS;SALCHICHA TIPO VIENA 225G (11unid) ALIMEX;2.7
3532134;2026-09-08;VLC04;CATANIA PLAZA DE TOROS;ProdEMBUTIDOS;SALCHICHA TIPO VIENA 450GR (22unid) ALIMEX;5.97
3781776;2026-09-29;VLC04;CATANIA PLAZA DE TOROS;ProdEMBUTIDOS;SALCHICHA TIPO VIENA 800GR (24unid) ALIMEX;8.48
3781786;2026-09-29;VLC04;CATANIA PLAZA DE TOROS;ProdDERIV_LACTEOS;CREMA DE LECHE DE 250GR PURISIMA;3.48
3781753;2026-09-29;VLC04;CATANIA PLAZA DE TOROS;ProdBEBIDAS;NARANJADA 1L TUNAL;2.6
3781758;2026-09-29;VLC04;CATANIA PLAZA DE TOROS;ProdBEBIDAS;NECTAR DURAZNO 200 ML TUNAL;2.42
3781759;2026-09-29;VLC04;CATANIA PLAZA DE TOROS;ProdBEBIDAS;NECTAR MANZANA 200 ML TUNAL;2.42
3781763;2026-09-29;VLC04;CATANIA PLAZA DE TOROS;ProdBEBIDAS;NECTAR PERA 200 ML TUNAL;2.42
3781787;2026-09-29;VLC04;CATANIA PLAZA DE TOROS;ProdDERIV_LACTEOS;CREMA DE LECHE DE 500GR PURISIMA;5.88
3781782;2026-09-29;VLC04;CATANIA PLAZA DE TOROS;ProdDERIV_LACTEOS;MANTEQUILLA PURISIMA CON SAL 200G PURISIMA;5.59
3781783;2026-09-29;VLC04;CATANIA PLAZA DE TOROS;ProdDERIV_LACTEOS;MANTEQUILLA PURISIMA SIN SAL 200G PURISIMA;5.18
3781777;2026-09-29;VLC04;CATANIA PLAZA DE TOROS;ProdEMBUTIDOS;MORTADELA CCS DE CARNES 900G;3.06
3781779;2026-09-29;VLC04;CATANIA PLAZA DE TOROS;ProdEMBUTIDOS;MORTADELA CCS DE CARNES 500G;1.64
3756212;2026-09-28;PTO03;"MYKASA 2; C.A";ProdBEBIDAS_LACT;LECHE COMPLETA LIQUIDA PURISIMA;2.69
3756213;2026-09-28;PTO03;"MYKASA 2; C.A";ProdBEBIDAS_LACT;LECHE DESCREMADA LIQUIDA PURISIMA;2.64
3756214;2026-09-28;PTO03;"MYKASA 2; C.A";ProdBEBIDAS_LACT;LECHE  DESLACTOSADA LIQUIDA PURISIMA;2.79
3756208;2026-09-28;PTO03;"MYKASA 2; C.A";ProdBEBIDAS_LACT;LECHE COMPLETA BARISTA LIQUIDA PURISIMA;2.83
3756218;2026-09-28;PTO03;"MYKASA 2; C.A";ProdBEBIDAS;NECTAR MANZANA 1L TUNAL;1.39
3756219;2026-09-28;PTO03;"MYKASA 2; C.A";ProdBEBIDAS;NECTAR PERA 1L TUNAL;3.48
3756220;2026-09-28;PTO03;"MYKASA 2; C.A";ProdBEBIDAS;NECTAR DURAZNO 1L TUNAL;3.48
3756225;2026-09-28;PTO03;"MYKASA 2; C.A";ProdBEBIDAS_LACT;LECHE EN POLVO PURISIMA 200GR;3.38
3756226;2026-09-28;PTO03;"MYKASA 2; C.A";ProdBEBIDAS_LACT;LECHE EN POLVO PURISIMA 400GR;6.65
3756227;2026-09-28;PTO03;"MYKASA 2; C.A";ProdBEBIDAS_LACT;LECHE EN POLVO PURISIMA 900GR;15.33
3775372;2026-09-29;PTO02;ATLANTICO CENTER;ProdBEBIDAS_LACT;LECHE COMPLETA LIQUIDA PURISIMA;2.58
3775457;2026-09-29;PTO02;ATLANTICO CENTER;ProdBEBIDAS_LACT;LECHE DESCREMADA LIQUIDA PURISIMA;2.64
3775492;2026-09-29;PTO02;ATLANTICO CENTER;ProdBEBIDAS_LACT;LECHE  DESLACTOSADA LIQUIDA PURISIMA;2.82
3775576;2026-09-29;PTO02;ATLANTICO CENTER;ProdBEBIDAS_LACT;LECHE BARISTA PURISIMA;2.82
3777770;2026-09-29;PTO02;ATLANTICO CENTER;ProdBEBIDAS_LACT;LECHE EN POLVO PURISIMA 200GR;3.36
3777806;2026-09-29;PTO02;ATLANTICO CENTER;ProdBEBIDAS_LACT;LECHE EN POLVO PURISIMA 400GR;6.94
3695072;2026-09-22;PTO02;ATLANTICO CENTER;ProdBEBIDAS_LACT;Leche en polvo Purisima 1kg;13.3
3777823;2026-09-29;PTO02;ATLANTICO CENTER;ProdBEBIDAS_LACT;LECHE EN POLVO PURISIMA 900GR;13.3
3778588;2026-09-29;PTO02;ATLANTICO CENTER;ProdBEBIDAS;NARANJADA  500 ML TUNAL;1.95
3778612;2026-09-29;PTO02;ATLANTICO CENTER;ProdBEBIDAS;NECTAR PERA 500 ML TUNAL;1.49
3778642;2026-09-29;PTO02;ATLANTICO CENTER;ProdBEBIDAS;NECTAR DURAZNO 500 ML TUNAL;1.49
3778688;2026-09-29;PTO02;ATLANTICO CENTER;ProdBEBIDAS;NARANJADA  200 ML TUNAL;0.94
3778699;2026-09-29;PTO02;ATLANTICO CENTER;ProdBEBIDAS;NECTAR MANZANA 200 ML TUNAL;0.94
3778744;2026-09-29;PTO02;ATLANTICO CENTER;ProdBEBIDAS;NECTAR PERA 200 ML TUNAL;0.94
3778750;2026-09-29;PTO02;ATLANTICO CENTER;ProdBEBIDAS;NECTAR DURAZNO 200 ML TUNAL;0.94
3778791;2026-09-29;PTO02;ATLANTICO CENTER;ProdBEBIDAS;NARANJADA 1L TUNAL;2.84
3778799;2026-09-29;PTO02;ATLANTICO CENTER;ProdBEBIDAS;NECTAR MANZANA 1L TUNAL;2.44
3778806;2026-09-29;PTO02;ATLANTICO CENTER;ProdBEBIDAS;NECTAR PERA 1L TUNAL;2.21
3778859;2026-09-29;PTO02;ATLANTICO CENTER;ProdBEBIDAS;NECTAR DURAZNO 1L TUNAL;2.21
3778864;2026-09-29;PTO02;ATLANTICO CENTER;ProdBEBIDAS;TE DURAZNO 1L TUNAL;2.42
3778871;2026-09-29;PTO02;ATLANTICO CENTER;ProdBEBIDAS;TE LIMON 1L TUNAL;2.42
3778882;2026-09-29;PTO02;ATLANTICO CENTER;ProdBEBIDAS;TE FRUTOS ROJOS 1L TUNAL;2.42
3780349;2026-09-29;PTO02;ATLANTICO CENTER;ProdEMBUTIDOS;CHORIZO DE CERDO AHUMADO PARRILLERO ALIMEX;4.35
3780357;2026-09-29;PTO02;ATLANTICO CENTER;ProdEMBUTIDOS;CHORIZO DE CERDO PICANTE PARRILLERO ALIMEX;4.35
3780396;2026-09-29;PTO02;ATLANTICO CENTER;ProdEMBUTIDOS;SALCHICHA TIPO VIENA 800GR (24unid) ALIMEX;10.66
3780426;2026-09-29;PTO02;ATLANTICO CENTER;ProdEMBUTIDOS;SALCHICHA TIPO VIENA 450GR (22unid) ALIMEX;6.54
3780456;2026-09-29;PTO02;ATLANTICO CENTER;ProdEMBUTIDOS;SALCHICHA TIPO VIENA 225G (11unid) ALIMEX;3.43
3780818;2026-09-29;PTO02;ATLANTICO CENTER;ProdEMBUTIDOS;MORTADELA CCS DE CARNES 500G;2.17
3780820;2026-09-29;PTO02;ATLANTICO CENTER;ProdEMBUTIDOS;MORTADELA CCS DE CARNES 900G;3.65
3780825;2026-09-29;PTO02;ATLANTICO CENTER;ProdEMBUTIDOS;MORTADELA DE POLLO DE 1 KG;3.88
3781151;2026-09-29;PTO02;ATLANTICO CENTER;ProdDERIV_LACTEOS;CREMA DE LECHE DE 500GR PURISIMA;6.4
3781156;2026-09-29;PTO02;ATLANTICO CENTER;ProdDERIV_LACTEOS;CREMA DE LECHE DE 250GR PURISIMA;3.59
3781210;2026-09-29;PTO02;ATLANTICO CENTER;ProdDERIV_LACTEOS;MANTEQUILLA PURISIMA CON SAL 200G PURISIMA;6.17
3781247;2026-09-29;PTO02;ATLANTICO CENTER;ProdDERIV_LACTEOS;MANTEQUILLA PURISIMA SIN SAL 200G PURISIMA;5.17
3572284;2026-09-11;CCS02;CENTRAL MADEIRENSE BELLO MONTE;ProdDERIV_LACTEOS;MANTEQUILLA PURISIMA SIN SAL 200G PURISIMA;6.13
3572285;2026-09-11;CCS02;CENTRAL MADEIRENSE BELLO MONTE;ProdDERIV_LACTEOS;MANTEQUILLA PURISIMA CON SAL 200G PURISIMA;6.61
3800609;2026-09-30;CCS02;CENTRAL MADEIRENSE BELLO MONTE;ProdDERIV_LACTEOS;CREMA DE LECHE DE 500GR PURISIMA;6.3
3737475;2026-09-25;CCS02;CENTRAL MADEIRENSE BELLO MONTE;ProdDERIV_LACTEOS;CREMA DE LECHE DE 250GR PURISIMA;3.91
3572281;2026-09-11;CCS02;CENTRAL MADEIRENSE BELLO MONTE;ProdEMBUTIDOS;SALCHICHA TIPO VIENA 800GR (24unid) ALIMEX;12.35
3572282;2026-09-11;CCS02;CENTRAL MADEIRENSE BELLO MONTE;ProdEMBUTIDOS;SALCHICHA TIPO VIENA 450GR (22unid) ALIMEX;7.19
3572283;2026-09-11;CCS02;CENTRAL MADEIRENSE BELLO MONTE;ProdEMBUTIDOS;SALCHICHA TIPO VIENA 225G (11unid) ALIMEX;3.93
3572288;2026-09-11;CCS02;CENTRAL MADEIRENSE BELLO MONTE;ProdBEBIDAS;NARANJADA 1L TUNAL;3.38
3572289;2026-09-11;CCS02;CENTRAL MADEIRENSE BELLO MONTE;ProdBEBIDAS;NECTAR MANZANA 1L TUNAL;2.63
3572291;2026-09-11;CCS02;CENTRAL MADEIRENSE BELLO MONTE;ProdBEBIDAS;NECTAR DURAZNO 1L TUNAL;2.63
3572292;2026-09-11;CCS02;CENTRAL MADEIRENSE BELLO MONTE;ProdBEBIDAS;TE DURAZNO 1L TUNAL;2.63
3572293;2026-09-11;CCS02;CENTRAL MADEIRENSE BELLO MONTE;ProdBEBIDAS;TE LIMON 1L TUNAL;2.63
3572310;2026-09-11;CCS02;CENTRAL MADEIRENSE BELLO MONTE;ProdBEBIDAS_LACT;LECHE COMPLETA LIQUIDA PURISIMA;2.75
3572311;2026-09-11;CCS02;CENTRAL MADEIRENSE BELLO MONTE;ProdBEBIDAS_LACT;LECHE DESCREMADA LIQUIDA PURISIMA;2.65
3572312;2026-09-11;CCS02;CENTRAL MADEIRENSE BELLO MONTE;ProdBEBIDAS_LACT;LECHE  DESLACTOSADA LIQUIDA PURISIMA;2.79
3572313;2026-09-11;CCS02;CENTRAL MADEIRENSE BELLO MONTE;ProdBEBIDAS_LACT;LECHE COMPLETA BARISTA LIQUIDA PURISIMA;3.55
3572290;2026-09-11;CCS02;CENTRAL MADEIRENSE BELLO MONTE;ProdBEBIDAS;NECTAR PERA 1L TUNAL;2.63
3737511;2026-09-25;CCS02;CENTRAL MADEIRENSE BELLO MONTE;ProdEMBUTIDOS;TOCINETA AHUMADA SIN CUERO 3.5KG ALIMEX;3.75
3800582;2026-09-30;CCS02;CENTRAL MADEIRENSE BELLO MONTE;ProdBEBIDAS_LACT;LECHE BARISTA PURISIMA;3.14
3576591;2026-09-11;CCS02;CENTRAL MADEIRENSE CHACAITO;ProdBEBIDAS_LACT;LECHE COMPLETA LIQUIDA PURISIMA;2.75
3576593;2026-09-11;CCS02;CENTRAL MADEIRENSE CHACAITO;ProdBEBIDAS_LACT;LECHE DESCREMADA LIQUIDA PURISIMA;2.65
3576592;2026-09-11;CCS02;CENTRAL MADEIRENSE CHACAITO;ProdBEBIDAS_LACT;LECHE  DESLACTOSADA LIQUIDA PURISIMA;2.79
3576594;2026-09-11;CCS02;CENTRAL MADEIRENSE CHACAITO;ProdBEBIDAS_LACT;LECHE COMPLETA BARISTA LIQUIDA PURISIMA;3.55
3576584;2026-09-11;CCS02;CENTRAL MADEIRENSE CHACAITO;ProdDERIV_LACTEOS;CREMA DE LECHE DE 500GR PURISIMA;6.62
3576585;2026-09-11;CCS02;CENTRAL MADEIRENSE CHACAITO;ProdDERIV_LACTEOS;CREMA DE LECHE DE 250GR PURISIMA;3.91
3576579;2026-09-11;CCS02;CENTRAL MADEIRENSE CHACAITO;ProdEMBUTIDOS;SALCHICHA TIPO VIENA 800GR (24unid) ALIMEX;12.35
3576580;2026-09-11;CCS02;CENTRAL MADEIRENSE CHACAITO;ProdEMBUTIDOS;SALCHICHA TIPO VIENA 450GR (22unid) ALIMEX;7.19
3576581;2026-09-11;CCS02;CENTRAL MADEIRENSE CHACAITO;ProdEMBUTIDOS;SALCHICHA TIPO VIENA 225G (11unid) ALIMEX;3.93
3576570;2026-09-11;CCS02;CENTRAL MADEIRENSE CHACAITO;ProdDERIV_LACTEOS;MANTEQUILLA PURISIMA CON SAL 200G PURISIMA;6.61
3576569;2026-09-11;CCS02;CENTRAL MADEIRENSE CHACAITO;ProdDERIV_LACTEOS;MANTEQUILLA PURISIMA SIN SAL 200G PURISIMA;6.13
3691369;2026-09-22;CCS02;CENTRAL MADEIRENSE CHACAITO;ProdBEBIDAS;TE DURAZNO 500ML TUNAL;2.63
3576558;2026-09-11;CCS02;CENTRAL MADEIRENSE CHACAITO;ProdBEBIDAS;NARANJADA 1L TUNAL;3.38
3637935;2026-09-17;CCS02;CENTRAL MADEIRENSE CHACAITO;ProdBEBIDAS;NECTAR MANZANA 1L TUNAL;2.63
3576559;2026-09-11;CCS02;CENTRAL MADEIRENSE CHACAITO;ProdBEBIDAS;NECTAR PERA 1L TUNAL;2.63
3576560;2026-09-11;CCS02;CENTRAL MADEIRENSE CHACAITO;ProdBEBIDAS;NECTAR DURAZNO 1L TUNAL;2.63
3576565;2026-09-11;CCS02;CENTRAL MADEIRENSE CHACAITO;ProdBEBIDAS;TE DURAZNO 1L TUNAL;2.63
3717141;2026-09-23;BQTO07;CENTRO ARAURE;ProdBEBIDAS_LACT;LECHE COMPLETA LIQUIDA PURISIMA;2.72
3717147;2026-09-23;BQTO07;CENTRO ARAURE;ProdBEBIDAS_LACT;LECHE DESCREMADA LIQUIDA PURISIMA;2.66
3717151;2026-09-23;BQTO07;CENTRO ARAURE;ProdBEBIDAS_LACT;LECHE  DESLACTOSADA LIQUIDA PURISIMA;2.82
3762138;2026-09-28;CCS07;FORUM GUATIRE;ProdBEBIDAS_LACT;LECHE  DESLACTOSADA LIQUIDA PURISIMA;2.75
3762137;2026-09-28;CCS07;FORUM GUATIRE;ProdBEBIDAS_LACT;LECHE DESCREMADA LIQUIDA PURISIMA;2.59
3762136;2026-09-28;CCS07;FORUM GUATIRE;ProdBEBIDAS_LACT;LECHE COMPLETA LIQUIDA PURISIMA;2.59
3762139;2026-09-28;CCS07;FORUM GUATIRE;ProdBEBIDAS_LACT;LECHE EN POLVO PURISIMA 900GR;13.99
3762140;2026-09-28;CCS07;FORUM GUATIRE;ProdBEBIDAS_LACT;LECHE EN POLVO PURISIMA 400GR;6.69
3695276;2026-09-22;CCS07;FORUM GUATIRE;ProdDERIV_LACTEOS;QUESO DE CABRA 500G PURISIMA;22.29
3695277;2026-09-22;CCS07;FORUM GUATIRE;ProdDERIV_LACTEOS;Queso amarillo Purisima semimadurado disco 500gr;32.99
3762141;2026-09-28;CCS07;FORUM GUATIRE;ProdEMBUTIDOS;MORTADELA TAPARA Alimex;14.21
3762142;2026-09-28;CCS07;FORUM GUATIRE;ProdJAMONERIA;JAMON AHUMADO VISKING ITALICO 3.5 KG;13.03
3762143;2026-09-28;CCS07;FORUM GUATIRE;ProdDERIV_LACTEOS;Queso amarillo Purisima semimadurado barra;32.99
3762144;2026-09-28;CCS07;FORUM GUATIRE;ProdJAMONERIA;JAMON COCIDO ESTANDAR ITALICO 5.9kg;9.99
3796405;2026-09-30;CCS07;FORUM GUATIRE;ProdJAMONERIA;JAMON PIERNA ALIMEX 98% 5.9kg;12.99
3762145;2026-09-28;CCS07;FORUM GUATIRE;ProdJAMONERIA;JAMON AREPERO AHUMADO;12.48
3762146;2026-09-28;CCS07;FORUM GUATIRE;ProdBEBIDAS;TE DURAZNO 1L TUNAL;2.75
3762147;2026-09-28;CCS07;FORUM GUATIRE;ProdBEBIDAS;TE LIMON 1L TUNAL;2.75
3762148;2026-09-28;CCS07;FORUM GUATIRE;ProdBEBIDAS;TE FRUTOS ROJOS 1L TUNAL;2.75
3762149;2026-09-28;CCS07;FORUM GUATIRE;ProdBEBIDAS;NARANJADA 1L TUNAL;3.55
3762150;2026-09-28;CCS07;FORUM GUATIRE;ProdBEBIDAS;NECTAR MANZANA 1L TUNAL;2.77
3762151;2026-09-28;CCS07;FORUM GUATIRE;ProdBEBIDAS;NECTAR PERA 1L TUNAL;2.77
3762152;2026-09-28;CCS07;FORUM GUATIRE;ProdBEBIDAS;NECTAR DURAZNO 1L TUNAL;2.77
3762155;2026-09-28;CCS07;FORUM GUATIRE;ProdBEBIDAS;NECTAR DURAZNO 200 ML TUNAL;3.16
3762161;2026-09-28;CCS07;FORUM GUATIRE;ProdDERIV_LACTEOS;MANTEQUILLA PURISIMA CON SAL 200G PURISIMA;6.59
3762160;2026-09-28;CCS07;FORUM GUATIRE;ProdDERIV_LACTEOS;MANTEQUILLA PURISIMA SIN SAL 200G PURISIMA;5.79
3762159;2026-09-28;CCS07;FORUM GUATIRE;ProdDERIV_LACTEOS;CREMA DE LECHE DE 250GR PURISIMA;3.89
3762158;2026-09-28;CCS07;FORUM GUATIRE;ProdDERIV_LACTEOS;CREMA DE LECHE DE 500GR PURISIMA;6.59
3762157;2026-09-28;CCS07;FORUM GUATIRE;ProdEMBUTIDOS;MORTADELA CCS DE CARNES 900G;3.49
3762156;2026-09-28;CCS07;FORUM GUATIRE;ProdEMBUTIDOS;MORTADELA CCS DE CARNES 500G;2.25
3762162;2026-09-28;CCS07;FORUM GUATIRE;ProdEMBUTIDOS;CHORIZO DE CERDO PICANTE PARRILLERO ALIMEX;11.99
3762163;2026-09-28;CCS07;FORUM GUATIRE;ProdEMBUTIDOS;CHORIZO DE CERDO AHUMADO PARRILLERO ALIMEX;14.49
3762166;2026-09-28;CCS07;FORUM GUATIRE;ProdEMBUTIDOS;SALCHICHA TIPO VIENA 225G (11unid) ALIMEX;3.65
3762165;2026-09-28;CCS07;FORUM GUATIRE;ProdEMBUTIDOS;SALCHICHA TIPO VIENA 450GR (22unid) ALIMEX;7.15
3762164;2026-09-28;CCS07;FORUM GUATIRE;ProdEMBUTIDOS;SALCHICHA TIPO VIENA 800GR (24unid) ALIMEX;12.25
3537341;2026-09-08;CCS07;FORUM GUATIRE;ProdBEBIDAS_LACT;Leche en polvo Purisima 1kg;12.79
3537342;2026-09-08;CCS07;FORUM GUATIRE;ProdBEBIDAS_LACT;Leche en polvo Purisima 500gr;6.29
3537349;2026-09-08;CCS07;FORUM GUATIRE;ProdDERIV_LACTEOS;QUESO DE CABRA EN BARRA 3.3 KG PURISIMA;26.69
3762153;2026-09-28;CCS07;FORUM GUATIRE;ProdBEBIDAS;NARANJADA  200 ML TUNAL;3.2
3762154;2026-09-28;CCS07;FORUM GUATIRE;ProdBEBIDAS;NECTAR MANZANA 200 ML TUNAL;3.16
3537356;2026-09-08;CCS07;FORUM GUATIRE;ProdBEBIDAS;NECTAR PERA 200 ML TUNAL;3.16
3729478;2026-09-24;VLC03;KOSMO GUACARA;ProdBEBIDAS_LACT;LECHE EN POLVO PURISIMA 900GR;13.29
3729480;2026-09-24;VLC03;KOSMO GUACARA;ProdBEBIDAS_LACT;LECHE EN POLVO PURISIMA 200GR;3.36
3490541;2026-09-03;VLC03;KOSMO GUACARA;ProdBEBIDAS_LACT;LECHE COMPLETA LIQUIDA PURISIMA;2.58
3729471;2026-09-24;VLC03;KOSMO GUACARA;ProdBEBIDAS_LACT;LECHE DESCREMADA LIQUIDA PURISIMA;2.53
3729472;2026-09-24;VLC03;KOSMO GUACARA;ProdBEBIDAS_LACT;LECHE  DESLACTOSADA LIQUIDA PURISIMA;2.67
3729489;2026-09-24;VLC03;KOSMO GUACARA;ProdEMBUTIDOS;MORTADELA CCS DE CARNES 900G;3.56
3729494;2026-09-24;VLC03;KOSMO GUACARA;ProdEMBUTIDOS;SALCHICHA TIPO VIENA 800GR (24unid) ALIMEX;9.84
3729495;2026-09-24;VLC03;KOSMO GUACARA;ProdEMBUTIDOS;SALCHICHA TIPO VIENA 450GR (22unid) ALIMEX;5.74
3729496;2026-09-24;VLC03;KOSMO GUACARA;ProdEMBUTIDOS;SALCHICHA TIPO VIENA 225G (11unid) ALIMEX;3.12
3729503;2026-09-24;VLC03;KOSMO GUACARA;ProdDERIV_LACTEOS;CREMA DE LECHE DE 500GR PURISIMA;5.73
3729504;2026-09-24;VLC03;KOSMO GUACARA;ProdDERIV_LACTEOS;CREMA DE LECHE DE 250GR PURISIMA;3.38
3729517;2026-09-24;VLC03;KOSMO GUACARA;ProdBEBIDAS;NECTAR DURAZNO 1L TUNAL;2.13
3729518;2026-09-24;VLC03;KOSMO GUACARA;ProdBEBIDAS;NECTAR MANZANA 1L TUNAL;2.13
3729519;2026-09-24;VLC03;KOSMO GUACARA;ProdBEBIDAS;NECTAR PERA 1L TUNAL;2.13
3729521;2026-09-24;VLC03;KOSMO GUACARA;ProdBEBIDAS;TE LIMON 1L TUNAL;2.1
3729522;2026-09-24;VLC03;KOSMO GUACARA;ProdBEBIDAS;TE FRUTOS ROJOS 1L TUNAL;2.1
3729523;2026-09-24;VLC03;KOSMO GUACARA;ProdBEBIDAS;NARANJADA  200 ML TUNAL;0.82
3729524;2026-09-24;VLC03;KOSMO GUACARA;ProdBEBIDAS;NECTAR DURAZNO 200 ML TUNAL;0.81
3729525;2026-09-24;VLC03;KOSMO GUACARA;ProdBEBIDAS;NECTAR MANZANA 200 ML TUNAL;0.81
3729526;2026-09-24;VLC03;KOSMO GUACARA;ProdBEBIDAS;NECTAR PERA 200 ML TUNAL;0.81
3729536;2026-09-24;VLC03;KOSMO GUACARA;ProdEMBUTIDOS;CHORIZO DE CERDO PICANTE PARRILLERO ALIMEX;11.93
3490579;2026-09-03;VLC03;KOSMO GUACARA;ProdHUEVOS;HUEVO EMPACADO- ESTUCHADO 15 und TUNAL;3.55
3490580;2026-09-03;VLC03;KOSMO GUACARA;ProdHUEVOS;HUEVO EMPACADO- ESTUCHADO 1X12 TUNAL;2.6
3729532;2026-09-24;VLC03;KOSMO GUACARA;ProdDERIV_LACTEOS;MANTEQUILLA PURISIMA SIN SAL 200G PURISIMA;5.39
3490587;2026-09-03;VLC03;KOSMO GUACARA;ProdDERIV_LACTEOS;MANTEQUILLA PURISIMA CON SAL 200G PURISIMA;5.81
3729500;2026-09-24;VLC03;KOSMO GUACARA;ProdDERIV_LACTEOS;QUESO DE CABRA 500G PURISIMA;17.71
3729520;2026-09-24;VLC03;KOSMO GUACARA;ProdBEBIDAS;TE DURAZNO 1L TUNAL;2.1
3729535;2026-09-24;VLC03;KOSMO GUACARA;ProdEMBUTIDOS;CHORIZO DE CERDO AHUMADO PARRILLERO ALIMEX;12.71
3691719;2026-09-22;PTO03;ESTRELLA DE LA SUERTE;ProdBEBIDAS_LACT;LECHE COMPLETA LIQUIDA PURISIMA;2.65
3691721;2026-09-22;PTO03;ESTRELLA DE LA SUERTE;ProdBEBIDAS_LACT;LECHE DESCREMADA LIQUIDA PURISIMA;2.65
3691723;2026-09-22;PTO03;ESTRELLA DE LA SUERTE;ProdBEBIDAS_LACT;LECHE EN POLVO PURISIMA 200GR;3.36
3691725;2026-09-22;PTO03;ESTRELLA DE LA SUERTE;ProdBEBIDAS_LACT;LECHE EN POLVO PURISIMA 400GR;6.63
3778335;2026-09-29;PTO01;Rio supermarket alta vista;ProdBEBIDAS_LACT;LECHE COMPLETA LIQUIDA PURISIMA;2.75
3778332;2026-09-29;PTO01;Rio supermarket alta vista;ProdDERIV_LACTEOS;MANTEQUILLA PURISIMA CON SAL 200G PURISIMA;5.75
3778334;2026-09-29;PTO01;Rio supermarket alta vista;ProdDERIV_LACTEOS;CREMA DE LECHE DE 500GR PURISIMA;3.25
3778329;2026-09-29;PTO01;Rio supermarket alta vista;ProdEMBUTIDOS;SALCHICHA TIPO VIENA 225G (11unid) ALIMEX;3.25
3778328;2026-09-29;PTO01;Rio supermarket alta vista;ProdEMBUTIDOS;SALCHICHA TIPO VIENA 450GR (22unid) ALIMEX;5.95
3778330;2026-09-29;PTO01;Rio supermarket alta vista;ProdEMBUTIDOS;SALCHICHA TIPO VIENA 800GR (24unid) ALIMEX;10.25
3740196;2026-09-25;PTO01;Rio supermarket alta vista;ProdEMBUTIDOS;MORTADELA CCS DE CARNES 900G;3.39
3740197;2026-09-25;PTO01;Rio supermarket alta vista;ProdEMBUTIDOS;MORTADELA CCS DE CARNES 500G;3.65
3778339;2026-09-29;PTO01;Rio supermarket alta vista;ProdBEBIDAS_LACT;LECHE EN POLVO PURISIMA 400GR;6.15
3778338;2026-09-29;PTO01;Rio supermarket alta vista;ProdBEBIDAS_LACT;LECHE EN POLVO PURISIMA 900GR;12.9
3778325;2026-09-29;PTO01;Rio supermarket alta vista;ProdBEBIDAS;NECTAR PERA 1L TUNAL;2.41
3778326;2026-09-29;PTO01;Rio supermarket alta vista;ProdBEBIDAS;NECTAR DURAZNO 1L TUNAL;2.41
3778323;2026-09-29;PTO01;Rio supermarket alta vista;ProdBEBIDAS;NARANJADA 1L TUNAL;3.09
3778337;2026-09-29;PTO01;Rio supermarket alta vista;ProdBEBIDAS_LACT;LECHE  DESLACTOSADA LIQUIDA PURISIMA;2.84
3778336;2026-09-29;PTO01;Rio supermarket alta vista;ProdBEBIDAS_LACT;LECHE DESCREMADA LIQUIDA PURISIMA;2.69
3778331;2026-09-29;PTO01;Rio supermarket alta vista;ProdDERIV_LACTEOS;MANTEQUILLA PURISIMA SIN SAL 200G PURISIMA;5.29
3740191;2026-09-25;PTO01;Rio supermarket alta vista;ProdDERIV_LACTEOS;CREMA DE LECHE DE 250GR PURISIMA;3.25
3740198;2026-09-25;PTO01;Rio supermarket alta vista;ProdBEBIDAS;NECTAR DURAZNO 200 ML TUNAL;0.88
3778324;2026-09-29;PTO01;Rio supermarket alta vista;ProdBEBIDAS;NECTAR MANZANA 1L TUNAL;2.41
3586689;2026-09-11;CCS02;LUZ LA CARLOTA;ProdBEBIDAS_LACT;LECHE COMPLETA LIQUIDA PURISIMA;2.99
3586690;2026-09-11;CCS02;LUZ LA CARLOTA;ProdBEBIDAS_LACT;LECHE DESCREMADA LIQUIDA PURISIMA;2.95
3586691;2026-09-11;CCS02;LUZ LA CARLOTA;ProdBEBIDAS_LACT;LECHE  DESLACTOSADA LIQUIDA PURISIMA;3.09
3586696;2026-09-11;CCS02;LUZ LA CARLOTA;ProdDERIV_LACTEOS;CREMA DE LECHE DE 500GR PURISIMA;5.89
3586698;2026-09-11;CCS02;LUZ LA CARLOTA;ProdDERIV_LACTEOS;MANTEQUILLA PURISIMA SIN SAL 200G PURISIMA;5.69
3703722;2026-09-22;CCS02;LUZ LA CARLOTA;ProdDERIV_LACTEOS;MANTEQUILLA PURISIMA CON SAL 200G PURISIMA;6.15
3586705;2026-09-11;CCS02;LUZ LA CARLOTA;ProdBEBIDAS;NARANJADA 1L TUNAL;3.09
3586706;2026-09-11;CCS02;LUZ LA CARLOTA;ProdBEBIDAS;NECTAR MANZANA 1L TUNAL;2.4
3586709;2026-09-11;CCS02;LUZ LA CARLOTA;ProdBEBIDAS;TE DURAZNO 1L TUNAL;2.39
3633365;2026-09-15;CCS02;LUZ LA CARLOTA;ProdBEBIDAS;TE LIMON 1L TUNAL;2.39
3586710;2026-09-11;CCS02;LUZ LA CARLOTA;ProdBEBIDAS;NARANJADA  200 ML TUNAL;0.99
3586711;2026-09-11;CCS02;LUZ LA CARLOTA;ProdBEBIDAS;NECTAR MANZANA 200 ML TUNAL;0.95
3703740;2026-09-22;CCS02;LUZ LA CARLOTA;ProdBEBIDAS;NECTAR DURAZNO 200 ML TUNAL;0.95
3586697;2026-09-11;CCS02;LUZ LA CARLOTA;ProdDERIV_LACTEOS;CREMA DE LECHE DE 250GR PURISIMA;3.49
3586707;2026-09-11;CCS02;LUZ LA CARLOTA;ProdBEBIDAS;NECTAR PERA 1L TUNAL;2.4
3586708;2026-09-11;CCS02;LUZ LA CARLOTA;ProdBEBIDAS;NECTAR DURAZNO 1L TUNAL;2.4
3586712;2026-09-11;CCS02;LUZ LA CARLOTA;ProdBEBIDAS;NECTAR PERA 200 ML TUNAL;0.95
3607651;2026-09-15;PLC06;AUTOMERCADO MI PUEBLO;ProdBEBIDAS_LACT;LECHE BARISTA PURISIMA;2.7
3607652;2026-09-15;PLC06;AUTOMERCADO MI PUEBLO;ProdBEBIDAS_LACT;LECHE COMPLETA LIQUIDA PURISIMA;2.7
3607656;2026-09-15;PLC06;AUTOMERCADO MI PUEBLO;ProdBEBIDAS;NECTAR MANZANA 1L TUNAL;2.5
3607657;2026-09-15;PLC06;AUTOMERCADO MI PUEBLO;ProdBEBIDAS;NECTAR PERA 1L TUNAL;2.5
3607658;2026-09-15;PLC06;AUTOMERCADO MI PUEBLO;ProdBEBIDAS;NECTAR DURAZNO 1L TUNAL;2.5
3796244;2026-09-30;MCY04;ARB MARKET REDOMA EL AVION;ProdEMBUTIDOS;MORTADELA DE POLLO DE 1 KG;2.95
3760014;2026-09-23;MCY04;ARB MARKET REDOMA EL AVION;ProdEMBUTIDOS;MORTADELA DE POLLO DE 500G;1.75
3760020;2026-09-23;MCY04;ARB MARKET REDOMA EL AVION;ProdDERIV_LACTEOS;MANTEQUILLA PURISIMA CON SAL 200G PURISIMA;5.55
3760022;2026-09-23;MCY04;ARB MARKET REDOMA EL AVION;ProdDERIV_LACTEOS;MANTEQUILLA PURISIMA SIN SAL 200G PURISIMA;5.55
3796266;2026-09-30;MCY04;ARB MARKET REDOMA EL AVION;ProdEMBUTIDOS;SALCHICHA TIPO VIENA 225G (11unid) ALIMEX;3.25
3760029;2026-09-23;MCY04;ARB MARKET REDOMA EL AVION;ProdEMBUTIDOS;Salchicha el tunal de pollo 450gr;5.75
3796234;2026-09-30;MCY04;ARB MARKET REDOMA EL AVION;ProdBEBIDAS_LACT;LECHE COMPLETA LIQUIDA PURISIMA;1.99
3796237;2026-09-30;MCY04;ARB MARKET REDOMA EL AVION;ProdBEBIDAS_LACT;LECHE DESCREMADA LIQUIDA PURISIMA;1.99
3760036;2026-09-23;MCY04;ARB MARKET REDOMA EL AVION;ProdBEBIDAS_LACT;LECHE  DESLACTOSADA LIQUIDA PURISIMA;2.45
3760039;2026-09-23;MCY04;ARB MARKET REDOMA EL AVION;ProdBEBIDAS_LACT;LECHE EN POLVO PURISIMA 900GR;13.35
3796253;2026-09-30;MCY04;ARB MARKET REDOMA EL AVION;ProdDERIV_LACTEOS;CREMA DE LECHE DE 250GR PURISIMA;3.35
3796256;2026-09-30;MCY04;ARB MARKET REDOMA EL AVION;ProdDERIV_LACTEOS;CREMA DE LECHE DE 500GR PURISIMA;5.7
3796263;2026-09-30;MCY04;ARB MARKET REDOMA EL AVION;ProdEMBUTIDOS;SALCHICHA TIPO VIENA 450GR (22unid) ALIMEX;5.75
3796281;2026-09-30;MCY04;ARB MARKET REDOMA EL AVION;ProdBEBIDAS;NARANJADA 1L TUNAL;2.75
3796283;2026-09-30;MCY04;ARB MARKET REDOMA EL AVION;ProdBEBIDAS;NECTAR MANZANA 1L TUNAL;2.2
3796284;2026-09-30;MCY04;ARB MARKET REDOMA EL AVION;ProdBEBIDAS;NECTAR PERA 1L TUNAL;2.2
3796285;2026-09-30;MCY04;ARB MARKET REDOMA EL AVION;ProdBEBIDAS;NECTAR DURAZNO 1L TUNAL;2.2
3698302;2026-09-22;PTO01;CENTRAL SANTO TOME III LOS OLIVOS;ProdEMBUTIDOS;SALCHICHA TIPO VIENA 225G (11unid) ALIMEX;3.6
3698303;2026-09-22;PTO01;CENTRAL SANTO TOME III LOS OLIVOS;ProdEMBUTIDOS;SALCHICHA TIPO VIENA 450GR (22unid) ALIMEX;6.59
3698304;2026-09-22;PTO01;CENTRAL SANTO TOME III LOS OLIVOS;ProdEMBUTIDOS;SALCHICHA TIPO VIENA 800GR (24unid) ALIMEX;11.33
3698305;2026-09-22;PTO01;CENTRAL SANTO TOME III LOS OLIVOS;ProdEMBUTIDOS;CHORIZO DE CERDO AHUMADO PARRILLERO ALIMEX;4.41
3698306;2026-09-22;PTO01;CENTRAL SANTO TOME III LOS OLIVOS;ProdEMBUTIDOS;MORTADELA CCS DE CARNES 900G;3.69
3698307;2026-09-22;PTO01;CENTRAL SANTO TOME III LOS OLIVOS;ProdEMBUTIDOS;MORTADELA CCS DE CARNES 500G;2.18
3698308;2026-09-22;PTO01;CENTRAL SANTO TOME III LOS OLIVOS;ProdBEBIDAS;NARANJADA 1L TUNAL;3.03
3698309;2026-09-22;PTO01;CENTRAL SANTO TOME III LOS OLIVOS;ProdBEBIDAS;NECTAR DURAZNO 1L TUNAL;2.37
3698310;2026-09-22;PTO01;CENTRAL SANTO TOME III LOS OLIVOS;ProdBEBIDAS;NECTAR MANZANA 1L TUNAL;2.37
3698311;2026-09-22;PTO01;CENTRAL SANTO TOME III LOS OLIVOS;ProdBEBIDAS;NECTAR PERA 1L TUNAL;2.37
3698313;2026-09-22;PTO01;CENTRAL SANTO TOME III LOS OLIVOS;ProdBEBIDAS_LACT;LECHE COMPLETA LIQUIDA PURISIMA;2.69
3698314;2026-09-22;PTO01;CENTRAL SANTO TOME III LOS OLIVOS;ProdBEBIDAS_LACT;LECHE DESCREMADA LIQUIDA PURISIMA;2.63
3698315;2026-09-22;PTO01;CENTRAL SANTO TOME III LOS OLIVOS;ProdBEBIDAS_LACT;LECHE  DESLACTOSADA LIQUIDA PURISIMA;2.78
3698326;2026-09-22;PTO01;CENTRAL SANTO TOME III LOS OLIVOS;ProdDERIV_LACTEOS;MANTEQUILLA PURISIMA CON SAL 200G PURISIMA;5.56
3698327;2026-09-22;PTO01;CENTRAL SANTO TOME III LOS OLIVOS;ProdDERIV_LACTEOS;MANTEQUILLA PURISIMA SIN SAL 200G PURISIMA;5.56
3698330;2026-09-22;PTO01;CENTRAL SANTO TOME III LOS OLIVOS;ProdBEBIDAS_LACT;LECHE EN POLVO PURISIMA 900GR;14.87
3698331;2026-09-22;PTO01;CENTRAL SANTO TOME III LOS OLIVOS;ProdBEBIDAS_LACT;LECHE EN POLVO PURISIMA 400GR;7.01
3772707;2026-09-29;CCS10;UNICASA MONTALBAN C.C. CARACAS;ProdBEBIDAS;NARANJADA 1L TUNAL;2.49
3686592;2026-09-22;CCS10;UNICASA MONTALBAN C.C. CARACAS;ProdBEBIDAS;NECTAR DURAZNO 200 ML TUNAL;2.55
3772703;2026-09-29;CCS10;UNICASA MONTALBAN C.C. CARACAS;ProdBEBIDAS_LACT;LECHE COMPLETA LIQUIDA PURISIMA;2.49
3772706;2026-09-29;CCS10;UNICASA MONTALBAN C.C. CARACAS;ProdBEBIDAS_LACT;Leche en polvo Purisima 500gr;6.88
3527041;2026-09-08;CCS10;UNICASA MONTALBAN C.C. CARACAS;ProdBEBIDAS_LACT;LECHE BARISTA PURISIMA;2.89
3557015;2026-09-10;CCS05;PARAMO BARUTA;ProdBEBIDAS_LACT;LECHE COMPLETA LIQUIDA PURISIMA;2.42
3610846;2026-09-15;CCS05;PARAMO BARUTA;ProdBEBIDAS;NARANJADA 1L TUNAL;3.03
3637444;2026-09-17;CCS05;PARAMO BARUTA;ProdBEBIDAS_LACT;LECHE EN POLVO PURISIMA 900GR;13.46
3557018;2026-09-10;CCS05;PARAMO BARUTA;ProdBEBIDAS_LACT;LECHE DESCREMADA LIQUIDA PURISIMA;2.38
3557023;2026-09-10;CCS05;PARAMO BARUTA;ProdBEBIDAS_LACT;LECHE  DESLACTOSADA LIQUIDA PURISIMA;2.51
3610856;2026-09-15;CCS05;PARAMO BARUTA;ProdBEBIDAS;NECTAR DURAZNO 1L TUNAL;3.03
3610857;2026-09-15;CCS05;PARAMO BARUTA;ProdBEBIDAS;NECTAR MANZANA 1L TUNAL;2.34
3610859;2026-09-15;CCS05;PARAMO BARUTA;ProdEMBUTIDOS;CHULETA AHUMADA 7KG ALIMEX;10.52
3557044;2026-09-10;CCS05;PARAMO BARUTA;ProdDERIV_LACTEOS;MANTEQUILLA PURISIMA SIN SAL 200G PURISIMA;5.59
3557045;2026-09-10;CCS05;PARAMO BARUTA;ProdDERIV_LACTEOS;MANTEQUILLA PURISIMA CON SAL 200G PURISIMA;5.94
3637448;2026-09-17;CCS05;PARAMO BARUTA;ProdEMBUTIDOS;MORTADELA CCS DE CARNES 900G;4.19
3557006;2026-09-10;CCS05;PARAMO BARUTA;ProdBEBIDAS_LACT;Leche en polvo Purisima 1kg;13.46
3557028;2026-09-10;CCS05;PARAMO BARUTA;ProdBEBIDAS_LACT;LECHE COMPLETA BARISTA LIQUIDA PURISIMA;2.6
3579820;2026-09-11;PTO03;AUTOMERCADO SKYLER;ProdBEBIDAS_LACT;LECHE COMPLETA LIQUIDA PURISIMA;2.64
3782270;2026-09-29;PTO03;AUTOMERCADO SKYLER;ProdBEBIDAS_LACT;LECHE DESCREMADA LIQUIDA PURISIMA;2.6
3579822;2026-09-11;PTO03;AUTOMERCADO SKYLER;ProdBEBIDAS_LACT;LECHE  DESLACTOSADA LIQUIDA PURISIMA;2.74
3782274;2026-09-29;PTO03;AUTOMERCADO SKYLER;ProdBEBIDAS;NARANJADA 1L TUNAL;2.72
3579824;2026-09-11;PTO03;AUTOMERCADO SKYLER;ProdBEBIDAS;NECTAR MANZANA 1L TUNAL;2.12
3782275;2026-09-29;PTO03;AUTOMERCADO SKYLER;ProdBEBIDAS;NECTAR PERA 1L TUNAL;2.12
3782277;2026-09-29;PTO03;AUTOMERCADO SKYLER;ProdBEBIDAS;NECTAR DURAZNO 1L TUNAL;2.12
3782278;2026-09-29;PTO03;AUTOMERCADO SKYLER;ProdBEBIDAS;NARANJADA  200 ML TUNAL;0.86
3691742;2026-09-22;PTO03;AUTOMERCADO SKYLER;ProdBEBIDAS;NECTAR MANZANA 200 ML TUNAL;0.86
3782280;2026-09-29;PTO03;AUTOMERCADO SKYLER;ProdBEBIDAS;NECTAR PERA 200 ML TUNAL;0.86
3782281;2026-09-29;PTO03;AUTOMERCADO SKYLER;ProdBEBIDAS;TE LIMON 500ML TUNAL;1.15
3782284;2026-09-29;PTO03;AUTOMERCADO SKYLER;ProdBEBIDAS;TE LIMON 1L TUNAL;2.1
3782259;2026-09-29;PTO03;AUTOMERCADO SKYLER;ProdBEBIDAS_LACT;LECHE EN POLVO PURISIMA 200GR;3.5
3782263;2026-09-29;PTO03;AUTOMERCADO SKYLER;ProdBEBIDAS_LACT;LECHE EN POLVO PURISIMA 400GR;6.89
3782264;2026-09-29;PTO03;AUTOMERCADO SKYLER;ProdBEBIDAS_LACT;LECHE EN POLVO PURISIMA 900GR;13.85
3579828;2026-09-11;PTO03;AUTOMERCADO SKYLER;ProdBEBIDAS;NECTAR DURAZNO 200 ML TUNAL;0.86
3782271;2026-09-29;PTO03;AUTOMERCADO SKYLER;ProdBEBIDAS_LACT;LECHE BARISTA PURISIMA;2.74
3574406;2026-09-11;PTO03;SUPERMARKET EJERCITO;ProdBEBIDAS_LACT;LECHE  DESLACTOSADA LIQUIDA PURISIMA;2.93
3775626;2026-09-29;PTO03;SUPERMARKET EJERCITO;ProdBEBIDAS;NECTAR MANZANA 1L TUNAL;2.16
3775627;2026-09-29;PTO03;SUPERMARKET EJERCITO;ProdBEBIDAS;NECTAR PERA 1L TUNAL;2.16
3775628;2026-09-29;PTO03;SUPERMARKET EJERCITO;ProdBEBIDAS;NECTAR DURAZNO 1L TUNAL;2.16
3775631;2026-09-29;PTO03;SUPERMARKET EJERCITO;ProdEMBUTIDOS;MORTADELA CCS DE CARNES 500G;2.08
3775633;2026-09-29;PTO03;SUPERMARKET EJERCITO;ProdEMBUTIDOS;MORTADELA CCS DE CARNES 900G;3.5
3574404;2026-09-11;PTO03;SUPERMARKET EJERCITO;ProdBEBIDAS_LACT;LECHE COMPLETA LIQUIDA PURISIMA;2.77
3574405;2026-09-11;PTO03;SUPERMARKET EJERCITO;ProdBEBIDAS_LACT;LECHE DESCREMADA LIQUIDA PURISIMA;2.77
3574410;2026-09-11;PTO03;SUPERMARKET EJERCITO;ProdEMBUTIDOS;TOCINETA AHUMADA SIN CUERO 3.5KG ALIMEX;2.08
3599691;2026-09-14;BQTO06;PATY ORMARY;ProdBEBIDAS;NARANJADA 1L TUNAL;3.02
3599695;2026-09-14;BQTO06;PATY ORMARY;ProdBEBIDAS;NECTAR DURAZNO 1L TUNAL;2.25
3599699;2026-09-14;BQTO06;PATY ORMARY;ProdBEBIDAS;NECTAR MANZANA 1L TUNAL;2.38
3599702;2026-09-14;BQTO06;PATY ORMARY;ProdBEBIDAS;TE LIMON 1L TUNAL;2.32
3619947;2026-09-16;CCS03;LUZ EL LLANITO;ProdDERIV_LACTEOS;MANTEQUILLA PURISIMA SIN SAL 200G PURISIMA;5.99
3619948;2026-09-16;CCS03;LUZ EL LLANITO;ProdDERIV_LACTEOS;MANTEQUILLA PURISIMA CON SAL 200G PURISIMA;6.39
3619949;2026-09-16;CCS03;LUZ EL LLANITO;ProdDERIV_LACTEOS;QUESO DE CABRA 250 G PURISIMA;3.75
3624570;2026-09-16;PTO04;CASA MARKET MONAGAS;ProdBEBIDAS_LACT;LECHE BARISTA PURISIMA;3
3624571;2026-09-16;PTO04;CASA MARKET MONAGAS;ProdBEBIDAS_LACT;LECHE COMPLETA LIQUIDA PURISIMA;3.09
3624572;2026-09-16;PTO04;CASA MARKET MONAGAS;ProdBEBIDAS_LACT;LECHE DESCREMADA LIQUIDA PURISIMA;3.02
3624573;2026-09-16;PTO04;CASA MARKET MONAGAS;ProdBEBIDAS_LACT;LECHE  DESLACTOSADA LIQUIDA PURISIMA;3.19
3624550;2026-09-16;PTO04;CASA MARKET MONAGAS;ProdEMBUTIDOS;MORTADELA CCS DE CARNES 500G;2.29
3624551;2026-09-16;PTO04;CASA MARKET MONAGAS;ProdEMBUTIDOS;MORTADELA CCS DE CARNES 900G;2.41
3624558;2026-09-16;PTO04;CASA MARKET MONAGAS;ProdDERIV_LACTEOS;CREMA DE LECHE DE 250GR PURISIMA;3.54
3624559;2026-09-16;PTO04;CASA MARKET MONAGAS;ProdDERIV_LACTEOS;CREMA DE LECHE DE 500GR PURISIMA;5.7
3624560;2026-09-16;PTO04;CASA MARKET MONAGAS;ProdDERIV_LACTEOS;MANTEQUILLA PURISIMA CON SAL 200G PURISIMA;5.49
3793333;2026-09-29;BQTO03;"MERKAFUR; C.A_CABUDARE";ProdBEBIDAS;NARANJADA 1L TUNAL;3.14
3793337;2026-09-29;BQTO03;"MERKAFUR; C.A_CABUDARE";ProdBEBIDAS;JUGO NARANJA LIGTH 1 LITRO TUNAL;2.59
3793338;2026-09-29;BQTO03;"MERKAFUR; C.A_CABUDARE";ProdBEBIDAS;NECTAR MANZANA LIGHT 1 LITRO TUNAL;2.57
3793339;2026-09-29;BQTO03;"MERKAFUR; C.A_CABUDARE";ProdBEBIDAS;NECTAR PERA LIGHT 1 LITRO TUNAL;2.57
3793329;2026-09-29;BQTO03;"MERKAFUR; C.A_CABUDARE";ProdBEBIDAS_LACT;LECHE COMPLETA LIQUIDA PURISIMA;2.65
3793330;2026-09-29;BQTO03;"MERKAFUR; C.A_CABUDARE";ProdBEBIDAS_LACT;LECHE DESCREMADA LIQUIDA PURISIMA;2.6
3611983;2026-09-15;BQTO03;"MERKAFUR; C.A_CABUDARE";ProdBEBIDAS_LACT;LECHE BARISTA PURISIMA;2.95
3793331;2026-09-29;BQTO03;"MERKAFUR; C.A_CABUDARE";ProdBEBIDAS_LACT;LECHE  DESLACTOSADA LIQUIDA PURISIMA;2.74
3793332;2026-09-29;BQTO03;"MERKAFUR; C.A_CABUDARE";ProdBEBIDAS_LACT;LECHE COMPLETA BARISTA LIQUIDA PURISIMA;2.95
3793334;2026-09-29;BQTO03;"MERKAFUR; C.A_CABUDARE";ProdBEBIDAS;NECTAR MANZANA 1L TUNAL;2.45
3793335;2026-09-29;BQTO03;"MERKAFUR; C.A_CABUDARE";ProdBEBIDAS;NECTAR PERA 1L TUNAL;2.45
3793336;2026-09-29;BQTO03;"MERKAFUR; C.A_CABUDARE";ProdBEBIDAS;NECTAR DURAZNO 1L TUNAL;2.45
3790860;2026-09-30;PTO02;HIPER VIP;ProdBEBIDAS;NARANJADA  500 ML TUNAL;2.03
3790871;2026-09-30;PTO02;HIPER VIP;ProdBEBIDAS;NECTAR MANZANA 500 ML TUNAL;1.55
3790907;2026-09-30;PTO02;HIPER VIP;ProdBEBIDAS;NECTAR PERA 500 ML TUNAL;1.55
3790918;2026-09-30;PTO02;HIPER VIP;ProdBEBIDAS;NECTAR DURAZNO 500 ML TUNAL;1.59
3790933;2026-09-30;PTO02;HIPER VIP;ProdBEBIDAS;NARANJADA  200 ML TUNAL;0.89
3790939;2026-09-30;PTO02;HIPER VIP;ProdBEBIDAS;NECTAR MANZANA 200 ML TUNAL;0.87
3790948;2026-09-30;PTO02;HIPER VIP;ProdBEBIDAS;NECTAR PERA 200 ML TUNAL;0.87
3790952;2026-09-30;PTO02;HIPER VIP;ProdBEBIDAS;NECTAR DURAZNO 200 ML TUNAL;0.87
3791003;2026-09-30;PTO02;HIPER VIP;ProdBEBIDAS;NARANJADA 1L TUNAL;2.95
3791011;2026-09-30;PTO02;HIPER VIP;ProdBEBIDAS;NECTAR MANZANA 1L TUNAL;2.3
3791020;2026-09-30;PTO02;HIPER VIP;ProdBEBIDAS;NECTAR PERA 1L TUNAL;2.3
3791025;2026-09-30;PTO02;HIPER VIP;ProdBEBIDAS;NECTAR DURAZNO 1L TUNAL;2.31
3791047;2026-09-30;PTO02;HIPER VIP;ProdBEBIDAS;TE DURAZNO 1L TUNAL;2.28
3791055;2026-09-30;PTO02;HIPER VIP;ProdBEBIDAS;TE LIMON 1L TUNAL;2.28
3791064;2026-09-30;PTO02;HIPER VIP;ProdBEBIDAS;TE FRUTOS ROJOS 1L TUNAL;2.28
3791341;2026-09-30;PTO02;HIPER VIP;ProdDERIV_LACTEOS;CREMA DE LECHE DE 250GR PURISIMA;3.56
3791349;2026-09-30;PTO02;HIPER VIP;ProdDERIV_LACTEOS;CREMA DE LECHE DE 500GR PURISIMA;6.21
3793432;2026-09-30;PTO02;HIPER VIP;ProdDERIV_LACTEOS;MANTEQUILLA PURISIMA SIN SAL 200G PURISIMA;5.59
3705139;2026-09-23;PTO02;HIPER VIP;ProdBEBIDAS_LACT;LECHE COMPLETA BARISTA LIQUIDA PURISIMA;2.94
3789058;2026-09-30;PTO02;HIPER VIP;ProdBEBIDAS_LACT;LECHE COMPLETA LIQUIDA PURISIMA;2.8
3789075;2026-09-30;PTO02;HIPER VIP;ProdBEBIDAS_LACT;LECHE  DESLACTOSADA LIQUIDA PURISIMA;2.89
3789061;2026-09-30;PTO02;HIPER VIP;ProdBEBIDAS_LACT;LECHE DESCREMADA LIQUIDA PURISIMA;2.74
3789081;2026-09-30;PTO02;HIPER VIP;ProdBEBIDAS_LACT;LECHE BARISTA PURISIMA;2.94
3788918;2026-09-30;PTO02;HIPER VIP;ProdBEBIDAS_LACT;LECHE EN POLVO PURISIMA 200GR;3.61
3788928;2026-09-30;PTO02;HIPER VIP;ProdBEBIDAS_LACT;LECHE EN POLVO PURISIMA 900GR;13.58
3793428;2026-09-30;PTO02;HIPER VIP;ProdDERIV_LACTEOS;MANTEQUILLA PURISIMA CON SAL 200G PURISIMA;6.03
3541851;2026-09-09;PTO02;HIPER VIP;ProdEMBUTIDOS;MORTADELA CCS DE CARNES 900G;3.28
3541848;2026-09-09;PTO02;HIPER VIP;ProdEMBUTIDOS;MORTADELA CCS DE CARNES 500G;1.91
3788922;2026-09-30;PTO02;HIPER VIP;ProdBEBIDAS_LACT;LECHE EN POLVO PURISIMA 400GR;6.5
3519509;2026-09-07;PLC02;TODO HOGAR C.C. VISTAMAR;ProdBEBIDAS_LACT;LECHE COMPLETA LIQUIDA PURISIMA;2.69
3519510;2026-09-07;PLC02;TODO HOGAR C.C. VISTAMAR;ProdBEBIDAS_LACT;LECHE DESCREMADA LIQUIDA PURISIMA;2.79
3519511;2026-09-07;PLC02;TODO HOGAR C.C. VISTAMAR;ProdBEBIDAS_LACT;LECHE  DESLACTOSADA LIQUIDA PURISIMA;2.79
3610549;2026-09-15;VLC03;LUXOR GUACARA;ProdEMBUTIDOS;CHORIZO DE CERDO PICANTE PARRILLERO ALIMEX;11.8
3532894;2026-09-08;VLC03;LUXOR GUACARA;ProdHUEVOS;HUEVO TIPO  GRANEL 30 UND TUNAL;6.81
3610554;2026-09-15;VLC03;LUXOR GUACARA;ProdDERIV_LACTEOS;MANTEQUILLA PURISIMA SIN SAL 200G PURISIMA;5.92
3610555;2026-09-15;VLC03;LUXOR GUACARA;ProdDERIV_LACTEOS;MANTEQUILLA PURISIMA CON SAL 200G PURISIMA;6.38
3610557;2026-09-15;VLC03;LUXOR GUACARA;ProdDERIV_LACTEOS;QUESO DE CABRA 500G PURISIMA;19.75
3610562;2026-09-15;VLC03;LUXOR GUACARA;ProdEMBUTIDOS;SALCHICHA TIPO VIENA 450GR (22unid) ALIMEX;6.46
3610563;2026-09-15;VLC03;LUXOR GUACARA;ProdEMBUTIDOS;SALCHICHA TIPO VIENA 225G (11unid) ALIMEX;3.51
3532906;2026-09-08;VLC03;LUXOR GUACARA;ProdEMBUTIDOS;MORTADELA de Pollo Caracas 900gr;3.09
3610566;2026-09-15;VLC03;LUXOR GUACARA;ProdDERIV_LACTEOS;CREMA DE LECHE DE 500GR PURISIMA;6.3
3610567;2026-09-15;VLC03;LUXOR GUACARA;ProdDERIV_LACTEOS;CREMA DE LECHE DE 250GR PURISIMA;3.71
3610571;2026-09-15;VLC03;LUXOR GUACARA;ProdJAMONERIA;JAMON PIERNA ALIMEX 98% 5.9kg;11.96
3610583;2026-09-15;VLC03;LUXOR GUACARA;ProdBEBIDAS;NARANJADA  500 ML TUNAL;1.89
3610574;2026-09-15;VLC03;LUXOR GUACARA;ProdBEBIDAS;NECTAR DURAZNO 200 ML TUNAL;2.39
3532923;2026-09-08;VLC03;LUXOR GUACARA;ProdBEBIDAS;NECTAR MANZANA 200 ML TUNAL;2.66
3610575;2026-09-15;VLC03;LUXOR GUACARA;ProdBEBIDAS;NECTAR PERA 200 ML TUNAL;2.39
3610599;2026-09-15;VLC03;LUXOR GUACARA;ProdBEBIDAS;NECTAR PERA LIGHT 1 LITRO TUNAL;2.15
3610585;2026-09-15;VLC03;LUXOR GUACARA;ProdBEBIDAS;TE LIMON 500ML TUNAL;1.26
3610601;2026-09-15;VLC03;LUXOR GUACARA;ProdBEBIDAS;TE LIMON 1L TUNAL;2.31
3610590;2026-09-15;VLC03;LUXOR GUACARA;ProdBEBIDAS_LACT;LECHE COMPLETA LIQUIDA PURISIMA;2.29
3610592;2026-09-15;VLC03;LUXOR GUACARA;ProdBEBIDAS_LACT;LECHE DESCREMADA LIQUIDA PURISIMA;2.29
3610593;2026-09-15;VLC03;LUXOR GUACARA;ProdBEBIDAS_LACT;LECHE  DESLACTOSADA LIQUIDA PURISIMA;2.55
3610598;2026-09-15;VLC03;LUXOR GUACARA;ProdBEBIDAS;NECTAR MANZANA LIGHT 1 LITRO TUNAL;2.15
3610600;2026-09-15;VLC03;LUXOR GUACARA;ProdBEBIDAS;NECTAR DURAZNO LIGTH 1 LITRO TUNAL;2.15
3610547;2026-09-15;VLC03;LUXOR GUACARA;ProdHUEVOS;HUEVO EMPACADO- 1X12 PLASTICO TUNAL;2.78
3610551;2026-09-15;VLC03;LUXOR GUACARA;ProdHUEVOS;HUEVO EMPACADO- ESTUCHADO 15 und TUNAL;3.66
3610561;2026-09-15;VLC03;LUXOR GUACARA;ProdEMBUTIDOS;SALCHICHA TIPO VIENA 800GR (24unid) ALIMEX;11.08
3610584;2026-09-15;VLC03;LUXOR GUACARA;ProdBEBIDAS;TE DURAZNO 500ML TUNAL;1.26
3610603;2026-09-15;VLC03;LUXOR GUACARA;ProdBEBIDAS_LACT;LECHE EN POLVO PURISIMA 900GR;11.99
3688744;2026-09-22;PTO02;LOTOMARKET;ProdBEBIDAS_LACT;LECHE COMPLETA LIQUIDA PURISIMA;3.03
3688756;2026-09-22;PTO02;LOTOMARKET;ProdBEBIDAS_LACT;LECHE DESCREMADA LIQUIDA PURISIMA;2.63
3688760;2026-09-22;PTO02;LOTOMARKET;ProdBEBIDAS_LACT;LECHE  DESLACTOSADA LIQUIDA PURISIMA;3.14
3688786;2026-09-22;PTO02;LOTOMARKET;ProdBEBIDAS_LACT;LECHE BARISTA PURISIMA;3.15
3689940;2026-09-22;PTO02;LOTOMARKET;ProdBEBIDAS;JUGO NARANJA LIGTH 1 LITRO TUNAL;2.68
3689956;2026-09-22;PTO02;LOTOMARKET;ProdBEBIDAS;NECTAR PERA LIGHT 1 LITRO TUNAL;2.81
3689960;2026-09-22;PTO02;LOTOMARKET;ProdBEBIDAS;NARANJADA 1L TUNAL;2.63
3689989;2026-09-22;PTO02;LOTOMARKET;ProdBEBIDAS;NECTAR MANZANA 1L TUNAL;2.7
3690087;2026-09-22;PTO02;LOTOMARKET;ProdBEBIDAS;NECTAR DURAZNO 1L TUNAL;2.7
3690627;2026-09-22;PTO02;LOTOMARKET;ProdBEBIDAS_LACT;Leche en polvo Purisima 500gr;6.68
3690631;2026-09-22;PTO02;LOTOMARKET;ProdBEBIDAS_LACT;Leche en polvo Purisima 1kg;14.11
3775659;2026-09-29;PTO03;AUTOMERCADO MAXI CA;ProdBEBIDAS;NARANJADA 1L TUNAL;2.95
3775660;2026-09-29;PTO03;AUTOMERCADO MAXI CA;ProdBEBIDAS;NECTAR MANZANA 1L TUNAL;2.38
3775661;2026-09-29;PTO03;AUTOMERCADO MAXI CA;ProdBEBIDAS;NECTAR PERA 1L TUNAL;2.3
3775662;2026-09-29;PTO03;AUTOMERCADO MAXI CA;ProdBEBIDAS;NECTAR DURAZNO 1L TUNAL;2.27
3775667;2026-09-29;PTO03;AUTOMERCADO MAXI CA;ProdBEBIDAS;NARANJADA  200 ML TUNAL;0.89
3775668;2026-09-29;PTO03;AUTOMERCADO MAXI CA;ProdBEBIDAS;NECTAR MANZANA 200 ML TUNAL;0.87
3775669;2026-09-29;PTO03;AUTOMERCADO MAXI CA;ProdBEBIDAS;NECTAR PERA 200 ML TUNAL;0.87
3775670;2026-09-29;PTO03;AUTOMERCADO MAXI CA;ProdBEBIDAS;NECTAR DURAZNO 200 ML TUNAL;0.87
3775673;2026-09-29;PTO03;AUTOMERCADO MAXI CA;ProdEMBUTIDOS;MORTADELA CCS DE CARNES 900G;3.09
3775674;2026-09-29;PTO03;AUTOMERCADO MAXI CA;ProdEMBUTIDOS;MORTADELA CCS DE CARNES 500G;1.83
3574390;2026-09-11;PTO03;AUTOMERCADO MAXI CA;ProdBEBIDAS_LACT;LECHE COMPLETA LIQUIDA PURISIMA;3.29
3574391;2026-09-11;PTO03;AUTOMERCADO MAXI CA;ProdBEBIDAS_LACT;LECHE DESCREMADA LIQUIDA PURISIMA;3.41
3574392;2026-09-11;PTO03;AUTOMERCADO MAXI CA;ProdBEBIDAS_LACT;LECHE COMPLETA BARISTA LIQUIDA PURISIMA;3.46
3574387;2026-09-11;PTO03;AUTOMERCADO MAXI CA;ProdBEBIDAS_LACT;LECHE EN POLVO PURISIMA 200GR;3.6
3574388;2026-09-11;PTO03;AUTOMERCADO MAXI CA;ProdBEBIDAS_LACT;LECHE EN POLVO PURISIMA 400GR;7.1
3574389;2026-09-11;PTO03;AUTOMERCADO MAXI CA;ProdBEBIDAS_LACT;LECHE EN POLVO PURISIMA 900GR;15.05
3574385;2026-09-11;PTO03;AUTOMERCADO MAXI CA;ProdBEBIDAS_LACT;LECHE  DESLACTOSADA LIQUIDA PURISIMA;3.4
3615418;2026-09-15;PTO03;AUTOMERCADO MAXI CA;ProdBEBIDAS_LACT;LECHE BARISTA PURISIMA;3.42
3615420;2026-09-15;PTO03;AUTOMERCADO MAXI CA;ProdEMBUTIDOS;TOCINETA AHUMADA SIN CUERO 3.5KG ALIMEX;1.86
3775663;2026-09-29;PTO03;AUTOMERCADO MAXI CA;ProdBEBIDAS;NECTAR PERA LIGHT 1 LITRO TUNAL;2.41
3775664;2026-09-29;PTO03;AUTOMERCADO MAXI CA;ProdBEBIDAS;TE DURAZNO 1L TUNAL;2.27
3775665;2026-09-29;PTO03;AUTOMERCADO MAXI CA;ProdBEBIDAS;TE LIMON 1L TUNAL;2.27
3775666;2026-09-29;PTO03;AUTOMERCADO MAXI CA;ProdBEBIDAS;TE LIMON 500ML TUNAL;1.25
3694126;2026-09-22;PLC04;RIO SUPERMARKET JUANGRIEGO;ProdBEBIDAS_LACT;LECHE COMPLETA LIQUIDA PURISIMA;3.06
3694127;2026-09-22;PLC04;RIO SUPERMARKET JUANGRIEGO;ProdBEBIDAS_LACT;LECHE DESCREMADA LIQUIDA PURISIMA;2.99
3694128;2026-09-22;PLC04;RIO SUPERMARKET JUANGRIEGO;ProdBEBIDAS_LACT;LECHE  DESLACTOSADA LIQUIDA PURISIMA;3.16
3570053;2026-09-10;PLC04;RIO SUPERMARKET JUANGRIEGO;ProdBEBIDAS_LACT;LECHE EN POLVO PURISIMA 900GR;14.33
3778766;2026-09-29;PLC04;RIO SUPERMARKET JUANGRIEGO;ProdBEBIDAS;NARANJADA 1L TUNAL;2.66
3694136;2026-09-22;PLC04;RIO SUPERMARKET JUANGRIEGO;ProdBEBIDAS;NECTAR PERA 1L TUNAL;2.08
3778768;2026-09-29;PLC04;RIO SUPERMARKET JUANGRIEGO;ProdBEBIDAS;JUGO NARANJA LIGTH 1 LITRO TUNAL;2.2
3694138;2026-09-22;PLC04;RIO SUPERMARKET JUANGRIEGO;ProdBEBIDAS;TE LIMON 1L TUNAL;2.05
3694149;2026-09-22;PLC04;RIO SUPERMARKET JUANGRIEGO;ProdDERIV_LACTEOS;MANTEQUILLA PURISIMA CON SAL 200G PURISIMA;5.75
3694150;2026-09-22;PLC04;RIO SUPERMARKET JUANGRIEGO;ProdDERIV_LACTEOS;MANTEQUILLA PURISIMA SIN SAL 200G PURISIMA;5.29
3778767;2026-09-29;PLC04;RIO SUPERMARKET JUANGRIEGO;ProdBEBIDAS;NECTAR PERA LIGHT 1 LITRO TUNAL;2.18
3778769;2026-09-29;PLC04;RIO SUPERMARKET JUANGRIEGO;ProdBEBIDAS;NARANJADA  200 ML TUNAL;0.76
3778770;2026-09-29;PLC04;RIO SUPERMARKET JUANGRIEGO;ProdBEBIDAS;NECTAR MANZANA 200 ML TUNAL;0.76
3778771;2026-09-29;PLC04;RIO SUPERMARKET JUANGRIEGO;ProdBEBIDAS;NECTAR PERA 200 ML TUNAL;0.76
3717099;2026-09-23;BQTO07;AUTOMERCADO LUZ;ProdBEBIDAS;NARANJADA 1L TUNAL;2.5
3717100;2026-09-23;BQTO07;AUTOMERCADO LUZ;ProdBEBIDAS;NECTAR MANZANA 1L TUNAL;2.35
3717101;2026-09-23;BQTO07;AUTOMERCADO LUZ;ProdBEBIDAS;NECTAR PERA 1L TUNAL;2.35
3717102;2026-09-23;BQTO07;AUTOMERCADO LUZ;ProdBEBIDAS;NECTAR DURAZNO 1L TUNAL;2.35
3717103;2026-09-23;BQTO07;AUTOMERCADO LUZ;ProdBEBIDAS;TE DURAZNO 1L TUNAL;2.35
3717104;2026-09-23;BQTO07;AUTOMERCADO LUZ;ProdBEBIDAS;TE LIMON 1L TUNAL;2.35
3717105;2026-09-23;BQTO07;AUTOMERCADO LUZ;ProdBEBIDAS_LACT;LECHE COMPLETA LIQUIDA PURISIMA;2.7
3717106;2026-09-23;BQTO07;AUTOMERCADO LUZ;ProdBEBIDAS_LACT;LECHE DESCREMADA LIQUIDA PURISIMA;2.65
3717107;2026-09-23;BQTO07;AUTOMERCADO LUZ;ProdBEBIDAS_LACT;LECHE  DESLACTOSADA LIQUIDA PURISIMA;2.8
3717108;2026-09-23;BQTO07;AUTOMERCADO LUZ;ProdBEBIDAS_LACT;LECHE BARISTA PURISIMA;2.85
3717111;2026-09-23;BQTO07;AUTOMERCADO LUZ;ProdEMBUTIDOS;SALCHICHA TIPO VIENA 450GR (22unid) ALIMEX;5.89
3717112;2026-09-23;BQTO07;AUTOMERCADO LUZ;ProdEMBUTIDOS;SALCHICHA TIPO VIENA 225G (11unid) ALIMEX;3.14
3717115;2026-09-23;BQTO07;AUTOMERCADO LUZ;ProdDERIV_LACTEOS;CREMA DE LECHE DE 250GR PURISIMA;5.15
3717116;2026-09-23;BQTO07;AUTOMERCADO LUZ;ProdDERIV_LACTEOS;CREMA DE LECHE DE 500GR PURISIMA;6
3717119;2026-09-23;BQTO07;AUTOMERCADO LUZ;ProdEMBUTIDOS;MORTADELA CCS DE CARNES 900G;3.75
3717120;2026-09-23;BQTO07;AUTOMERCADO LUZ;ProdEMBUTIDOS;MORTADELA CCS DE CARNES 500G;2.1
3776982;2026-09-29;VLC04;BALYS LA CANCHA;ProdBEBIDAS_LACT;LECHE COMPLETA LIQUIDA PURISIMA;2.38
3776984;2026-09-29;VLC04;BALYS LA CANCHA;ProdBEBIDAS_LACT;LECHE DESCREMADA LIQUIDA PURISIMA;2.33
3776985;2026-09-29;VLC04;BALYS LA CANCHA;ProdBEBIDAS_LACT;LECHE  DESLACTOSADA LIQUIDA PURISIMA;2.47
3776993;2026-09-29;VLC04;BALYS LA CANCHA;ProdBEBIDAS;NARANJADA 1L TUNAL;2.84
3776994;2026-09-29;VLC04;BALYS LA CANCHA;ProdBEBIDAS;NECTAR DURAZNO 1L TUNAL;2.22
3776995;2026-09-29;VLC04;BALYS LA CANCHA;ProdBEBIDAS;NECTAR MANZANA 1L TUNAL;2.22
3776996;2026-09-29;VLC04;BALYS LA CANCHA;ProdBEBIDAS;NECTAR PERA 1L TUNAL;2.22
3776997;2026-09-29;VLC04;BALYS LA CANCHA;ProdBEBIDAS;NARANJADA  500 ML TUNAL;1.96
3776999;2026-09-29;VLC04;BALYS LA CANCHA;ProdBEBIDAS;NECTAR DURAZNO 500 ML TUNAL;1.49
3776998;2026-09-29;VLC04;BALYS LA CANCHA;ProdBEBIDAS;NECTAR MANZANA 500 ML TUNAL;1.49
3690590;2026-09-22;VLC04;BALYS LA CANCHA;ProdBEBIDAS;NARANJADA  200 ML TUNAL;0.97
3690591;2026-09-22;VLC04;BALYS LA CANCHA;ProdBEBIDAS;NECTAR DURAZNO 200 ML TUNAL;0.96
3690592;2026-09-22;VLC04;BALYS LA CANCHA;ProdBEBIDAS;NECTAR MANZANA 200 ML TUNAL;0.96
3690593;2026-09-22;VLC04;BALYS LA CANCHA;ProdBEBIDAS;NECTAR PERA 200 ML TUNAL;0.96
3777003;2026-09-29;VLC04;BALYS LA CANCHA;ProdBEBIDAS;TE DURAZNO 1L TUNAL;2.19
3777004;2026-09-29;VLC04;BALYS LA CANCHA;ProdBEBIDAS;TE LIMON 1L TUNAL;2.19
3777005;2026-09-29;VLC04;BALYS LA CANCHA;ProdBEBIDAS;TE FRUTOS ROJOS 1L TUNAL;2.19
3777010;2026-09-29;VLC04;BALYS LA CANCHA;ProdDERIV_LACTEOS;MANTEQUILLA PURISIMA SIN SAL 200G PURISIMA;5.29
3777009;2026-09-29;VLC04;BALYS LA CANCHA;ProdDERIV_LACTEOS;MANTEQUILLA PURISIMA CON SAL 200G PURISIMA;5.26
3777013;2026-09-29;VLC04;BALYS LA CANCHA;ProdDERIV_LACTEOS;CREMA DE LECHE DE 250GR PURISIMA;3.24
3777014;2026-09-29;VLC04;BALYS LA CANCHA;ProdDERIV_LACTEOS;CREMA DE LECHE DE 500GR PURISIMA;5.46
3777018;2026-09-29;VLC04;BALYS LA CANCHA;ProdEMBUTIDOS;SALCHICHA TIPO VIENA 225G (11unid) ALIMEX;3.06
3777019;2026-09-29;VLC04;BALYS LA CANCHA;ProdEMBUTIDOS;SALCHICHA TIPO VIENA 450GR (22unid) ALIMEX;5.63
3777020;2026-09-29;VLC04;BALYS LA CANCHA;ProdEMBUTIDOS;SALCHICHA TIPO VIENA 800GR (24unid) ALIMEX;9.64
3609549;2026-09-15;VLC04;BALYS LA CANCHA;ProdBEBIDAS;NECTAR PERA 500 ML TUNAL;1.49
3528290;2026-09-08;VLC04;BALYS LA CANCHA;ProdJAMONERIA;JAMON DE ESPALDA ALIMEX 4.4KG;9.76
3708438;2026-09-23;PTO01;HIPERMERCADO EL GUAMO;ProdBEBIDAS_LACT;LECHE COMPLETA LIQUIDA PURISIMA;2.58
3708439;2026-09-23;PTO01;HIPERMERCADO EL GUAMO;ProdBEBIDAS_LACT;LECHE  DESLACTOSADA LIQUIDA PURISIMA;2.67
3708440;2026-09-23;PTO01;HIPERMERCADO EL GUAMO;ProdBEBIDAS_LACT;LECHE BARISTA PURISIMA;2.71
3708441;2026-09-23;PTO01;HIPERMERCADO EL GUAMO;ProdEMBUTIDOS;SALCHICHA TIPO VIENA 800GR (24unid) ALIMEX;10.24
3708442;2026-09-23;PTO01;HIPERMERCADO EL GUAMO;ProdEMBUTIDOS;SALCHICHA TIPO VIENA 450GR (22unid) ALIMEX;5.97
3533085;2026-09-08;PTO03;MERCANTIL INNOVO;ProdBEBIDAS_LACT;LECHE COMPLETA LIQUIDA PURISIMA;2.84
3782279;2026-09-29;PTO03;MERCANTIL INNOVO;ProdBEBIDAS_LACT;LECHE DESCREMADA LIQUIDA PURISIMA;2.84
3782286;2026-09-29;PTO03;MERCANTIL INNOVO;ProdBEBIDAS_LACT;LECHE EN POLVO PURISIMA 200GR;3.42
3782287;2026-09-29;PTO03;MERCANTIL INNOVO;ProdBEBIDAS_LACT;LECHE EN POLVO PURISIMA 400GR;6.82
3782288;2026-09-29;PTO03;MERCANTIL INNOVO;ProdBEBIDAS_LACT;LECHE EN POLVO PURISIMA 900GR;15.1
3782283;2026-09-29;PTO03;MERCANTIL INNOVO;ProdBEBIDAS;NECTAR MANZANA 1L TUNAL;2.26
3782285;2026-09-29;PTO03;MERCANTIL INNOVO;ProdBEBIDAS;NECTAR PERA 1L TUNAL;2.26
3782269;2026-09-29;PTO03;MERCANTIL INNOVO;ProdBEBIDAS;NECTAR MANZANA 200 ML TUNAL;0.91
3782272;2026-09-29;PTO03;MERCANTIL INNOVO;ProdBEBIDAS;NECTAR PERA 200 ML TUNAL;0.91
3782282;2026-09-29;PTO03;MERCANTIL INNOVO;ProdBEBIDAS_LACT;LECHE  DESLACTOSADA LIQUIDA PURISIMA;2.84
3782268;2026-09-29;PTO03;MERCANTIL INNOVO;ProdBEBIDAS;NARANJADA  200 ML TUNAL;0.91
3782276;2026-09-29;PTO03;MERCANTIL INNOVO;ProdBEBIDAS_LACT;LECHE BARISTA PURISIMA;2.84
3531728;2026-09-08;PLC02;GRUPO LA ORQUIDEA;ProdBEBIDAS_LACT;Leche en polvo Purisima 1kg;11.25
3531729;2026-09-08;PLC02;GRUPO LA ORQUIDEA;ProdBEBIDAS_LACT;Leche en polvo Purisima 500gr;5.59
3531733;2026-09-08;PLC02;GRUPO LA ORQUIDEA;ProdBEBIDAS;NECTAR DURAZNO 1L TUNAL;1.62
3531734;2026-09-08;PLC02;GRUPO LA ORQUIDEA;ProdBEBIDAS;NECTAR MANZANA 1L TUNAL;1.62
3531735;2026-09-08;PLC02;GRUPO LA ORQUIDEA;ProdBEBIDAS;NECTAR PERA 1L TUNAL;1.61
3623169;2026-09-16;PTO03;MAXI LIBERTADOR;ProdBEBIDAS_LACT;LECHE BARISTA PURISIMA;2.55
3796629;2026-09-30;PTO03;MAXI LIBERTADOR;ProdBEBIDAS_LACT;LECHE DESCREMADA LIQUIDA PURISIMA;2.57
3796628;2026-09-30;PTO03;MAXI LIBERTADOR;ProdBEBIDAS_LACT;LECHE COMPLETA LIQUIDA PURISIMA;2.57
3623170;2026-09-16;PTO03;MAXI LIBERTADOR;ProdBEBIDAS;NECTAR PERA 1L TUNAL;2.88
3623171;2026-09-16;PTO03;MAXI LIBERTADOR;ProdBEBIDAS;TE FRUTOS ROJOS 1L TUNAL;2.22
3623172;2026-09-16;PTO03;MAXI LIBERTADOR;ProdBEBIDAS;TE LIMON 1L TUNAL;2.22
3623173;2026-09-16;PTO03;MAXI LIBERTADOR;ProdBEBIDAS;NECTAR DURAZNO LIGTH 1 LITRO TUNAL;2.88
3623174;2026-09-16;PTO03;MAXI LIBERTADOR;ProdBEBIDAS;NECTAR PERA LIGHT 1 LITRO TUNAL;2.88
3623175;2026-09-16;PTO03;MAXI LIBERTADOR;ProdBEBIDAS;NECTAR MANZANA LIGHT 1 LITRO TUNAL;2.88
3623176;2026-09-16;PTO03;MAXI LIBERTADOR;ProdBEBIDAS;NECTAR PERA 500 ML TUNAL;1.52
3623177;2026-09-16;PTO03;MAXI LIBERTADOR;ProdBEBIDAS;NECTAR DURAZNO 500 ML TUNAL;1.52
3623178;2026-09-16;PTO03;MAXI LIBERTADOR;ProdBEBIDAS;TE FRUTOS ROJOS 50OML;1.52
3796632;2026-09-30;PTO03;MAXI LIBERTADOR;ProdEMBUTIDOS;MORTADELA CCS DE CARNES 500G;2.11
3796633;2026-09-30;PTO03;MAXI LIBERTADOR;ProdEMBUTIDOS;MORTADELA CCS DE CARNES 900G;3.93
3796636;2026-09-30;PTO03;MAXI LIBERTADOR;ProdEMBUTIDOS;SALCHICHA TIPO VIENA 450GR (22unid) ALIMEX;6.08
3796637;2026-09-30;PTO03;MAXI LIBERTADOR;ProdEMBUTIDOS;SALCHICHA TIPO VIENA 225G (11unid) ALIMEX;3.3
3709640;2026-09-23;MCY01;LUXOR SANTA RITA;ProdBEBIDAS_LACT;LECHE COMPLETA LIQUIDA PURISIMA;2.56
3709643;2026-09-23;MCY01;LUXOR SANTA RITA;ProdBEBIDAS_LACT;LECHE DESCREMADA LIQUIDA PURISIMA;2.51
3709644;2026-09-23;MCY01;LUXOR SANTA RITA;ProdBEBIDAS_LACT;LECHE  DESLACTOSADA LIQUIDA PURISIMA;2.78
3709657;2026-09-23;MCY01;LUXOR SANTA RITA;ProdBEBIDAS;TE DURAZNO 1L TUNAL;2.31
3709658;2026-09-23;MCY01;LUXOR SANTA RITA;ProdBEBIDAS;TE LIMON 1L TUNAL;2.31
3709659;2026-09-23;MCY01;LUXOR SANTA RITA;ProdBEBIDAS;TE FRUTOS ROJOS 1L TUNAL;2.31
3709664;2026-09-23;MCY01;LUXOR SANTA RITA;ProdBEBIDAS;NARANJADA 1L TUNAL;2.99
3709665;2026-09-23;MCY01;LUXOR SANTA RITA;ProdBEBIDAS;NECTAR DURAZNO 1L TUNAL;2.33
3709666;2026-09-23;MCY01;LUXOR SANTA RITA;ProdBEBIDAS;NECTAR MANZANA 1L TUNAL;2.33
3709667;2026-09-23;MCY01;LUXOR SANTA RITA;ProdBEBIDAS;NECTAR PERA 1L TUNAL;2.33
3709671;2026-09-23;MCY01;LUXOR SANTA RITA;ProdBEBIDAS;NARANJADA  500 ML TUNAL;2.06
3709672;2026-09-23;MCY01;LUXOR SANTA RITA;ProdBEBIDAS;NECTAR PERA 500 ML TUNAL;1.57
3709673;2026-09-23;MCY01;LUXOR SANTA RITA;ProdBEBIDAS;NECTAR DURAZNO 500 ML TUNAL;2.57
3709676;2026-09-23;MCY01;LUXOR SANTA RITA;ProdDERIV_LACTEOS;CREMA DE LECHE DE 500GR PURISIMA;6.3
3709677;2026-09-23;MCY01;LUXOR SANTA RITA;ProdDERIV_LACTEOS;CREMA DE LECHE DE 250GR PURISIMA;3.71
3709680;2026-09-23;MCY01;LUXOR SANTA RITA;ProdDERIV_LACTEOS;MANTEQUILLA PURISIMA SIN SAL 200G PURISIMA;5.92
3709681;2026-09-23;MCY01;LUXOR SANTA RITA;ProdDERIV_LACTEOS;MANTEQUILLA PURISIMA CON SAL 200G PURISIMA;6.36
3793933;2026-09-30;PTO01;LLOVIZNA MARKET SIERRA PARIMA;ProdEMBUTIDOS;SALCHICHA TIPO VIENA 225G (11unid) ALIMEX;3.75
3793932;2026-09-30;PTO01;LLOVIZNA MARKET SIERRA PARIMA;ProdEMBUTIDOS;SALCHICHA TIPO VIENA 450GR (22unid) ALIMEX;5.05
3704533;2026-09-23;PTO01;LLOVIZNA MARKET SIERRA PARIMA;ProdEMBUTIDOS;SALCHICHA TIPO VIENA 800GR (24unid) ALIMEX;8.65
3793934;2026-09-30;PTO01;LLOVIZNA MARKET SIERRA PARIMA;ProdEMBUTIDOS;MORTADELA CCS DE CARNES 500G;2.05
3793935;2026-09-30;PTO01;LLOVIZNA MARKET SIERRA PARIMA;ProdEMBUTIDOS;MORTADELA CCS DE CARNES 900G;3.85
3793925;2026-09-30;PTO01;LLOVIZNA MARKET SIERRA PARIMA;ProdBEBIDAS_LACT;LECHE EN POLVO PURISIMA 900GR;12.75
3793926;2026-09-30;PTO01;LLOVIZNA MARKET SIERRA PARIMA;ProdBEBIDAS_LACT;LECHE EN POLVO PURISIMA 400GR;6.35
3793927;2026-09-30;PTO01;LLOVIZNA MARKET SIERRA PARIMA;ProdBEBIDAS_LACT;LECHE EN POLVO PURISIMA 200GR;3.25
3704541;2026-09-23;PTO01;LLOVIZNA MARKET SIERRA PARIMA;ProdDERIV_LACTEOS;MANTEQUILLA PURISIMA CON SAL 200G PURISIMA;5.4
3704542;2026-09-23;PTO01;LLOVIZNA MARKET SIERRA PARIMA;ProdDERIV_LACTEOS;CREMA DE LECHE DE 500GR PURISIMA;5.4
3704547;2026-09-23;PTO01;LLOVIZNA MARKET SIERRA PARIMA;ProdBEBIDAS_LACT;LECHE COMPLETA LIQUIDA PURISIMA;2.8
3704548;2026-09-23;PTO01;LLOVIZNA MARKET SIERRA PARIMA;ProdBEBIDAS_LACT;LECHE DESCREMADA LIQUIDA PURISIMA;2.75
3704549;2026-09-23;PTO01;LLOVIZNA MARKET SIERRA PARIMA;ProdBEBIDAS_LACT;LECHE  DESLACTOSADA LIQUIDA PURISIMA;2.9
3704550;2026-09-23;PTO01;LLOVIZNA MARKET SIERRA PARIMA;ProdBEBIDAS_LACT;LECHE BARISTA PURISIMA;2.95
3684149;2026-09-17;MCY05;ARB CANTA CLARO;ProdBEBIDAS_LACT;LECHE COMPLETA LIQUIDA PURISIMA;2.15
3684152;2026-09-17;MCY05;ARB CANTA CLARO;ProdBEBIDAS_LACT;LECHE DESCREMADA LIQUIDA PURISIMA;2.45
3684155;2026-09-17;MCY05;ARB CANTA CLARO;ProdBEBIDAS_LACT;LECHE  DESLACTOSADA LIQUIDA PURISIMA;2.45
3717450;2026-09-23;MCY05;ARB CANTA CLARO;ProdBEBIDAS;NARANJADA 1L TUNAL;2.69
3717451;2026-09-23;MCY05;ARB CANTA CLARO;ProdBEBIDAS;NECTAR MANZANA 1L TUNAL;2.69
3717452;2026-09-23;MCY05;ARB CANTA CLARO;ProdBEBIDAS;NECTAR DURAZNO 1L TUNAL;2.69
3717145;2026-09-23;BQTO07;AUTOMERCADO LOS MOLINOS I;ProdEMBUTIDOS;MORTADELA CCS DE CARNES 900G;2.76
3717150;2026-09-23;BQTO07;AUTOMERCADO LOS MOLINOS I;ProdEMBUTIDOS;MORTADELA CCS DE CARNES 500G;1.95
3717153;2026-09-23;BQTO07;AUTOMERCADO LOS MOLINOS I;ProdEMBUTIDOS;SALCHICHA TIPO VIENA 800GR (24unid) ALIMEX;11.5
3717156;2026-09-23;BQTO07;AUTOMERCADO LOS MOLINOS I;ProdEMBUTIDOS;SALCHICHA TIPO VIENA 450GR (22unid) ALIMEX;6.96
3717160;2026-09-23;BQTO07;AUTOMERCADO LOS MOLINOS I;ProdEMBUTIDOS;SALCHICHA TIPO VIENA 225G (11unid) ALIMEX;3.59
3717189;2026-09-23;BQTO07;AUTOMERCADO LOS MOLINOS I;ProdDERIV_LACTEOS;CREMA DE LECHE DE 500GR PURISIMA;5.89
3717192;2026-09-23;BQTO07;AUTOMERCADO LOS MOLINOS I;ProdDERIV_LACTEOS;CREMA DE LECHE DE 250GR PURISIMA;3.46
3717195;2026-09-23;BQTO07;AUTOMERCADO LOS MOLINOS I;ProdDERIV_LACTEOS;MANTEQUILLA PURISIMA SIN SAL 200G PURISIMA;5.5
3717198;2026-09-23;BQTO07;AUTOMERCADO LOS MOLINOS I;ProdDERIV_LACTEOS;MANTEQUILLA PURISIMA CON SAL 200G PURISIMA;5.6
3717201;2026-09-23;BQTO07;AUTOMERCADO LOS MOLINOS I;ProdBEBIDAS;NARANJADA 1L TUNAL;2.4
3717204;2026-09-23;BQTO07;AUTOMERCADO LOS MOLINOS I;ProdBEBIDAS;NECTAR MANZANA 1L TUNAL;2.3
3717207;2026-09-23;BQTO07;AUTOMERCADO LOS MOLINOS I;ProdBEBIDAS;NECTAR DURAZNO 1L TUNAL;2.3
3717210;2026-09-23;BQTO07;AUTOMERCADO LOS MOLINOS I;ProdBEBIDAS;TE LIMON 1L TUNAL;2.4
3717213;2026-09-23;BQTO07;AUTOMERCADO LOS MOLINOS I;ProdBEBIDAS;JUGO NARANJA LIGTH 1 LITRO TUNAL;2.45
3717232;2026-09-23;BQTO07;AUTOMERCADO LOS MOLINOS I;ProdBEBIDAS;NARANJADA  200 ML TUNAL;0.95
3717233;2026-09-23;BQTO07;AUTOMERCADO LOS MOLINOS I;ProdBEBIDAS;NECTAR MANZANA 200 ML TUNAL;0.9
3717234;2026-09-23;BQTO07;AUTOMERCADO LOS MOLINOS I;ProdBEBIDAS;NECTAR PERA 200 ML TUNAL;0.9
3717235;2026-09-23;BQTO07;AUTOMERCADO LOS MOLINOS I;ProdBEBIDAS;NECTAR DURAZNO 200 ML TUNAL;0.9
3717236;2026-09-23;BQTO07;AUTOMERCADO LOS MOLINOS I;ProdBEBIDAS;NECTAR MANZANA 500 ML TUNAL;1.5
3717237;2026-09-23;BQTO07;AUTOMERCADO LOS MOLINOS I;ProdBEBIDAS;NECTAR DURAZNO 500 ML TUNAL;1.5
3717238;2026-09-23;BQTO07;AUTOMERCADO LOS MOLINOS I;ProdBEBIDAS;NECTAR PERA 500 ML TUNAL;1.5
3717239;2026-09-23;BQTO07;AUTOMERCADO LOS MOLINOS I;ProdBEBIDAS;TE FRUTOS ROJOS 50OML;1.6
3717241;2026-09-23;BQTO07;AUTOMERCADO LOS MOLINOS I;ProdBEBIDAS_LACT;LECHE COMPLETA LIQUIDA PURISIMA;2.96
3708993;2026-09-23;PTO02;MULTIMARKET CHIRICA;ProdBEBIDAS_LACT;LECHE EN POLVO PURISIMA 200GR;3.3
3709002;2026-09-23;PTO02;MULTIMARKET CHIRICA;ProdBEBIDAS_LACT;LECHE EN POLVO PURISIMA 400GR;7.8
3709029;2026-09-23;PTO02;MULTIMARKET CHIRICA;ProdBEBIDAS_LACT;LECHE EN POLVO PURISIMA 900GR;13.08
3709111;2026-09-23;PTO02;MULTIMARKET CHIRICA;ProdBEBIDAS;NARANJADA 1L TUNAL;3.05
3796443;2026-09-30;PTO02;MULTIMARKET CHIRICA;ProdEMBUTIDOS;MORTADELA CCS DE CARNES 500G;2.1
3796446;2026-09-30;PTO02;MULTIMARKET CHIRICA;ProdEMBUTIDOS;MORTADELA CCS DE CARNES 900G;3.56
3796592;2026-09-30;PTO02;MULTIMARKET CHIRICA;ProdEMBUTIDOS;SALCHICHA TIPO VIENA 225G (11unid) ALIMEX;3.46
3796595;2026-09-30;PTO02;MULTIMARKET CHIRICA;ProdEMBUTIDOS;SALCHICHA TIPO VIENA 450GR (22unid) ALIMEX;6
3796597;2026-09-30;PTO02;MULTIMARKET CHIRICA;ProdEMBUTIDOS;SALCHICHA TIPO VIENA 800GR (24unid) ALIMEX;10.95
3796836;2026-09-30;PTO02;MULTIMARKET CHIRICA;ProdDERIV_LACTEOS;CREMA DE LECHE DE 250GR PURISIMA;3.48
3796852;2026-09-30;PTO02;MULTIMARKET CHIRICA;ProdDERIV_LACTEOS;CREMA DE LECHE DE 500GR PURISIMA;6.2
3796856;2026-09-30;PTO02;MULTIMARKET CHIRICA;ProdDERIV_LACTEOS;MANTEQUILLA PURISIMA CON SAL 200G PURISIMA;5.59
3796857;2026-09-30;PTO02;MULTIMARKET CHIRICA;ProdDERIV_LACTEOS;MANTEQUILLA PURISIMA SIN SAL 200G PURISIMA;5.2
3798148;2026-09-30;PTO02;MULTIMARKET CHIRICA;ProdBEBIDAS_LACT;LECHE COMPLETA LIQUIDA PURISIMA;2.55
3798152;2026-09-30;PTO02;MULTIMARKET CHIRICA;ProdBEBIDAS_LACT;LECHE DESCREMADA LIQUIDA PURISIMA;2.5
3798156;2026-09-30;PTO02;MULTIMARKET CHIRICA;ProdBEBIDAS_LACT;LECHE  DESLACTOSADA LIQUIDA PURISIMA;2.64
3625845;2026-09-16;CCS05;CENTRAL MADEIRENSE LA BOYERA;ProdBEBIDAS;NECTAR MANZANA 1L TUNAL;2.63
3625846;2026-09-16;CCS05;CENTRAL MADEIRENSE LA BOYERA;ProdBEBIDAS;NECTAR PERA 1L TUNAL;2.63
3625847;2026-09-16;CCS05;CENTRAL MADEIRENSE LA BOYERA;ProdBEBIDAS;NECTAR DURAZNO 1L TUNAL;2.63
3625853;2026-09-16;CCS05;CENTRAL MADEIRENSE LA BOYERA;ProdEMBUTIDOS;SALCHICHA TIPO VIENA 450GR (22unid) ALIMEX;6.79
3625854;2026-09-16;CCS05;CENTRAL MADEIRENSE LA BOYERA;ProdEMBUTIDOS;SALCHICHA TIPO VIENA 225G (11unid) ALIMEX;3.75
3625857;2026-09-16;CCS05;CENTRAL MADEIRENSE LA BOYERA;ProdDERIV_LACTEOS;MANTEQUILLA PURISIMA CON SAL 200G PURISIMA;6.61
3625858;2026-09-16;CCS05;CENTRAL MADEIRENSE LA BOYERA;ProdDERIV_LACTEOS;MANTEQUILLA PURISIMA SIN SAL 200G PURISIMA;6.45
3625859;2026-09-16;CCS05;CENTRAL MADEIRENSE LA BOYERA;ProdDERIV_LACTEOS;CREMA DE LECHE DE 500GR PURISIMA;6.62
3625860;2026-09-16;CCS05;CENTRAL MADEIRENSE LA BOYERA;ProdDERIV_LACTEOS;CREMA DE LECHE DE 250GR PURISIMA;3.91
3625861;2026-09-16;CCS05;CENTRAL MADEIRENSE LA BOYERA;ProdBEBIDAS_LACT;LECHE COMPLETA LIQUIDA PURISIMA;2.75
3625862;2026-09-16;CCS05;CENTRAL MADEIRENSE LA BOYERA;ProdBEBIDAS_LACT;LECHE DESCREMADA LIQUIDA PURISIMA;2.65
3625863;2026-09-16;CCS05;CENTRAL MADEIRENSE LA BOYERA;ProdBEBIDAS_LACT;LECHE  DESLACTOSADA LIQUIDA PURISIMA;2.79
3632765;2026-09-16;BQTO01;SUPERMERCADO LUXOR;ProdBEBIDAS_LACT;LECHE DESCREMADA LIQUIDA PURISIMA;2.29
3632766;2026-09-16;BQTO01;SUPERMERCADO LUXOR;ProdBEBIDAS_LACT;LECHE  DESLACTOSADA LIQUIDA PURISIMA;2.55
3719211;2026-09-23;MCY01;MERCANOVA;ProdBEBIDAS_LACT;LECHE EN POLVO PURISIMA 900GR;13.61
3719212;2026-09-23;MCY01;MERCANOVA;ProdBEBIDAS_LACT;LECHE COMPLETA LIQUIDA PURISIMA;2.81
3719213;2026-09-23;MCY01;MERCANOVA;ProdBEBIDAS_LACT;LECHE DESCREMADA LIQUIDA PURISIMA;2.66
3719214;2026-09-23;MCY01;MERCANOVA;ProdBEBIDAS_LACT;LECHE  DESLACTOSADA LIQUIDA PURISIMA;2.81
3719228;2026-09-23;MCY01;MERCANOVA;ProdBEBIDAS;NARANJADA 1L TUNAL;2.97
3719229;2026-09-23;MCY01;MERCANOVA;ProdBEBIDAS;NECTAR MANZANA 1L TUNAL;2.33
3719230;2026-09-23;MCY01;MERCANOVA;ProdBEBIDAS;NECTAR DURAZNO 1L TUNAL;2.33
3719231;2026-09-23;MCY01;MERCANOVA;ProdBEBIDAS;NECTAR PERA 1L TUNAL;2.33
3719234;2026-09-23;MCY01;MERCANOVA;ProdBEBIDAS;TE DURAZNO 1L TUNAL;2.31
3719235;2026-09-23;MCY01;MERCANOVA;ProdBEBIDAS;TE LIMON 1L TUNAL;2.31
3719239;2026-09-23;MCY01;MERCANOVA;ProdEMBUTIDOS;MORTADELA DE POLLO DE 1 KG;3.44
3719240;2026-09-23;MCY01;MERCANOVA;ProdEMBUTIDOS;MORTADELA CCS DE CARNES 500G;2.14
3719241;2026-09-23;MCY01;MERCANOVA;ProdEMBUTIDOS;MORTADELA CCS DE CARNES 900G;3.94
3719244;2026-09-23;MCY01;MERCANOVA;ProdDERIV_LACTEOS;MANTEQUILLA PURISIMA SIN SAL 200G PURISIMA;5.44
3719245;2026-09-23;MCY01;MERCANOVA;ProdDERIV_LACTEOS;MANTEQUILLA PURISIMA CON SAL 200G PURISIMA;5.86
3798555;2026-09-30;PTO01;AUT. MAXICONSUMO;ProdBEBIDAS_LACT;LECHE COMPLETA LIQUIDA PURISIMA;2.65
3798556;2026-09-30;PTO01;AUT. MAXICONSUMO;ProdBEBIDAS_LACT;LECHE DESCREMADA LIQUIDA PURISIMA;2.8
3798557;2026-09-30;PTO01;AUT. MAXICONSUMO;ProdBEBIDAS_LACT;LECHE  DESLACTOSADA LIQUIDA PURISIMA;2.7
3798569;2026-09-30;PTO01;AUT. MAXICONSUMO;ProdBEBIDAS_LACT;LECHE EN POLVO PURISIMA 900GR;12.74
3798571;2026-09-30;PTO01;AUT. MAXICONSUMO;ProdBEBIDAS_LACT;LECHE EN POLVO PURISIMA 200GR;3.22
3798570;2026-09-30;PTO01;AUT. MAXICONSUMO;ProdBEBIDAS_LACT;LECHE EN POLVO PURISIMA 400GR;6.34
3714402;2026-09-23;PTO01;AUT. MAXICONSUMO;ProdEMBUTIDOS;Salchicha el tunal de pollo 450gr;10.45
3714403;2026-09-23;PTO01;AUT. MAXICONSUMO;ProdEMBUTIDOS;Salchicha el tunal de pollo 250gr;4.76
3714404;2026-09-23;PTO01;AUT. MAXICONSUMO;ProdEMBUTIDOS;SALCHICHA TIPO VIENA 450GR (22unid) ALIMEX;6.24
3714405;2026-09-23;PTO01;AUT. MAXICONSUMO;ProdEMBUTIDOS;SALCHICHA TIPO VIENA 800GR (24unid) ALIMEX;10.66
3798576;2026-09-30;PTO01;AUT. MAXICONSUMO;ProdEMBUTIDOS;MORTADELA CCS DE CARNES 500G;2.3
3798575;2026-09-30;PTO01;AUT. MAXICONSUMO;ProdEMBUTIDOS;MORTADELA CCS DE CARNES 900G;3.85
3714410;2026-09-23;PTO01;AUT. MAXICONSUMO;ProdDERIV_LACTEOS;MANTEQUILLA PURISIMA SIN SAL 200G PURISIMA;5.01
3798577;2026-09-30;PTO01;AUT. MAXICONSUMO;ProdDERIV_LACTEOS;CREMA DE LECHE DE 500GR PURISIMA;5.88
3798564;2026-09-30;PTO01;AUT. MAXICONSUMO;ProdBEBIDAS;NECTAR DURAZNO 200 ML TUNAL;0.97
3798565;2026-09-30;PTO01;AUT. MAXICONSUMO;ProdBEBIDAS;NECTAR PERA 200 ML TUNAL;0.97
3798563;2026-09-30;PTO01;AUT. MAXICONSUMO;ProdBEBIDAS;NECTAR MANZANA 200 ML TUNAL;0.97
3798561;2026-09-30;PTO01;AUT. MAXICONSUMO;ProdBEBIDAS;NARANJADA 1L TUNAL;2.84
3798568;2026-09-30;PTO01;AUT. MAXICONSUMO;ProdBEBIDAS;NECTAR DURAZNO 500 ML TUNAL;1.55
3798567;2026-09-30;PTO01;AUT. MAXICONSUMO;ProdBEBIDAS;NECTAR PERA 500 ML TUNAL;1.55
3798562;2026-09-30;PTO01;AUT. MAXICONSUMO;ProdBEBIDAS;NARANJADA  200 ML TUNAL;0.97
3798560;2026-09-30;PTO01;AUT. MAXICONSUMO;ProdBEBIDAS;NECTAR MANZANA 1L TUNAL;2.33
3798558;2026-09-30;PTO01;AUT. MAXICONSUMO;ProdBEBIDAS;NECTAR DURAZNO 1L TUNAL;2.33
3798559;2026-09-30;PTO01;AUT. MAXICONSUMO;ProdBEBIDAS;NECTAR PERA 1L TUNAL;2.33
3798566;2026-09-30;PTO01;AUT. MAXICONSUMO;ProdBEBIDAS;NARANJADA  500 ML TUNAL;2.05
3719196;2026-09-23;MCY01;SUPERLIDER PALONEGRO;ProdDERIV_LACTEOS;CREMA DE LECHE DE 500GR PURISIMA;6.51
3719197;2026-09-23;MCY01;SUPERLIDER PALONEGRO;ProdDERIV_LACTEOS;CREMA DE LECHE DE 250GR PURISIMA;3.84
3719202;2026-09-23;MCY01;SUPERLIDER PALONEGRO;ProdBEBIDAS;NARANJADA 1L TUNAL;3.19
3719203;2026-09-23;MCY01;SUPERLIDER PALONEGRO;ProdBEBIDAS;NECTAR DURAZNO 1L TUNAL;2.49
3719204;2026-09-23;MCY01;SUPERLIDER PALONEGRO;ProdBEBIDAS;NECTAR MANZANA 1L TUNAL;2.49
3719205;2026-09-23;MCY01;SUPERLIDER PALONEGRO;ProdBEBIDAS;NECTAR PERA 1L TUNAL;2.49
3555414;2026-09-10;PTO02;CENTRAL SANTO TOME I CASTILLITO;ProdBEBIDAS_LACT;LECHE EN POLVO PURISIMA 400GR;7.01
3555419;2026-09-10;PTO02;CENTRAL SANTO TOME I CASTILLITO;ProdBEBIDAS_LACT;LECHE EN POLVO PURISIMA 900GR;14.87
3555102;2026-09-10;PTO02;CENTRAL SANTO TOME I CASTILLITO;ProdBEBIDAS_LACT;LECHE COMPLETA LIQUIDA PURISIMA;2.69
3555121;2026-09-10;PTO02;CENTRAL SANTO TOME I CASTILLITO;ProdBEBIDAS_LACT;LECHE DESCREMADA LIQUIDA PURISIMA;2.63
3555136;2026-09-10;PTO02;CENTRAL SANTO TOME I CASTILLITO;ProdBEBIDAS_LACT;LECHE  DESLACTOSADA LIQUIDA PURISIMA;2.78
3555139;2026-09-10;PTO02;CENTRAL SANTO TOME I CASTILLITO;ProdBEBIDAS_LACT;LECHE BARISTA PURISIMA;3.23
3555854;2026-09-10;PTO02;CENTRAL SANTO TOME I CASTILLITO;ProdBEBIDAS;NECTAR PERA 500 ML TUNAL;1.46
3555869;2026-09-10;PTO02;CENTRAL SANTO TOME I CASTILLITO;ProdBEBIDAS;NARANJADA  200 ML TUNAL;1.01
3555871;2026-09-10;PTO02;CENTRAL SANTO TOME I CASTILLITO;ProdBEBIDAS;NECTAR MANZANA 200 ML TUNAL;0.88
3555877;2026-09-10;PTO02;CENTRAL SANTO TOME I CASTILLITO;ProdBEBIDAS;NECTAR PERA 200 ML TUNAL;0.89
3555925;2026-09-10;PTO02;CENTRAL SANTO TOME I CASTILLITO;ProdBEBIDAS;NECTAR DURAZNO 200 ML TUNAL;0.88
3556038;2026-09-10;PTO02;CENTRAL SANTO TOME I CASTILLITO;ProdBEBIDAS;NARANJADA 1L TUNAL;3.03
3556166;2026-09-10;PTO02;CENTRAL SANTO TOME I CASTILLITO;ProdBEBIDAS;NECTAR MANZANA 1L TUNAL;2.37
3556399;2026-09-10;PTO02;CENTRAL SANTO TOME I CASTILLITO;ProdBEBIDAS;NECTAR PERA 1L TUNAL;2.37
3555954;2026-09-10;PTO02;CENTRAL SANTO TOME I CASTILLITO;ProdBEBIDAS;NECTAR DURAZNO 1L TUNAL;2.3
3680260;2026-09-17;MCY01;DELI PLAZA 1 (A FINAL DE MES);ProdBEBIDAS_LACT;LECHE COMPLETA LIQUIDA PURISIMA;2.75
3680262;2026-09-17;MCY01;DELI PLAZA 1 (A FINAL DE MES);ProdBEBIDAS_LACT;LECHE DESCREMADA LIQUIDA PURISIMA;2.75
3680264;2026-09-17;MCY01;DELI PLAZA 1 (A FINAL DE MES);ProdBEBIDAS_LACT;LECHE  DESLACTOSADA LIQUIDA PURISIMA;2.89
3680266;2026-09-17;MCY01;DELI PLAZA 1 (A FINAL DE MES);ProdBEBIDAS_LACT;LECHE BARISTA PURISIMA;2.95
3680293;2026-09-17;MCY01;DELI PLAZA 1 (A FINAL DE MES);ProdBEBIDAS;TE DURAZNO 1L TUNAL;2.45
3680295;2026-09-17;MCY01;DELI PLAZA 1 (A FINAL DE MES);ProdBEBIDAS;TE LIMON 1L TUNAL;2.45
3680297;2026-09-17;MCY01;DELI PLAZA 1 (A FINAL DE MES);ProdBEBIDAS;TE FRUTOS ROJOS 1L TUNAL;2.45
3680311;2026-09-17;MCY01;DELI PLAZA 1 (A FINAL DE MES);ProdBEBIDAS;NARANJADA 1L TUNAL;2.49
3680312;2026-09-17;MCY01;DELI PLAZA 1 (A FINAL DE MES);ProdBEBIDAS;NECTAR MANZANA 1L TUNAL;1.99
3680313;2026-09-17;MCY01;DELI PLAZA 1 (A FINAL DE MES);ProdBEBIDAS;NECTAR PERA 1L TUNAL;1.99
3680314;2026-09-17;MCY01;DELI PLAZA 1 (A FINAL DE MES);ProdBEBIDAS;NECTAR DURAZNO 1L TUNAL;1.99
3680321;2026-09-17;MCY01;DELI PLAZA 1 (A FINAL DE MES);ProdBEBIDAS_LACT;LECHE EN POLVO PURISIMA 400GR;6.79
3680323;2026-09-17;MCY01;DELI PLAZA 1 (A FINAL DE MES);ProdBEBIDAS_LACT;LECHE EN POLVO PURISIMA 900GR;14.45
3680330;2026-09-17;MCY01;DELI PLAZA 1 (A FINAL DE MES);ProdDERIV_LACTEOS;CREMA DE LECHE DE 250GR PURISIMA;3.79
3680331;2026-09-17;MCY01;DELI PLAZA 1 (A FINAL DE MES);ProdDERIV_LACTEOS;CREMA DE LECHE DE 500GR PURISIMA;6.39
3680341;2026-09-17;MCY01;DELI PLAZA 1 (A FINAL DE MES);ProdEMBUTIDOS;SALCHICHA TIPO VIENA 225G (11unid) ALIMEX;3.75
3680344;2026-09-17;MCY01;DELI PLAZA 1 (A FINAL DE MES);ProdEMBUTIDOS;SALCHICHA TIPO VIENA 450GR (22unid) ALIMEX;6.89
3680346;2026-09-17;MCY01;DELI PLAZA 1 (A FINAL DE MES);ProdEMBUTIDOS;SALCHICHA TIPO VIENA 800GR (24unid) ALIMEX;11.79
3680355;2026-09-17;MCY01;DELI PLAZA 1 (A FINAL DE MES);ProdEMBUTIDOS;MORTADELA DE POLLO DE 500G;2.25
3680358;2026-09-17;MCY01;DELI PLAZA 1 (A FINAL DE MES);ProdEMBUTIDOS;MORTADELA DE POLLO DE 1 KG;4.49
3796664;2026-09-30;PTO03;ASIA FORTUNA;ProdBEBIDAS_LACT;LECHE EN POLVO PURISIMA 200GR;3.5
3796665;2026-09-30;PTO03;ASIA FORTUNA;ProdBEBIDAS_LACT;LECHE EN POLVO PURISIMA 400GR;7.09
3796666;2026-09-30;PTO03;ASIA FORTUNA;ProdBEBIDAS_LACT;LECHE EN POLVO PURISIMA 900GR;16.03
3796654;2026-09-30;PTO03;ASIA FORTUNA;ProdBEBIDAS_LACT;LECHE COMPLETA LIQUIDA PURISIMA;2.74
3796655;2026-09-30;PTO03;ASIA FORTUNA;ProdBEBIDAS_LACT;LECHE DESCREMADA LIQUIDA PURISIMA;2.59
3796663;2026-09-30;PTO03;ASIA FORTUNA;ProdEMBUTIDOS;MORTADELA CCS DE CARNES 900G;3.67
3796662;2026-09-30;PTO03;ASIA FORTUNA;ProdEMBUTIDOS;MORTADELA CCS DE CARNES 500G;2.14
3796656;2026-09-30;PTO03;ASIA FORTUNA;ProdBEBIDAS_LACT;LECHE  DESLACTOSADA LIQUIDA PURISIMA;2.71
3796653;2026-09-30;PTO03;ASIA FORTUNA;ProdBEBIDAS_LACT;LECHE COMPLETA BARISTA LIQUIDA PURISIMA;2.74
3739404;2026-09-24;MCY05;ARAGUA MARKET;ProdBEBIDAS;NARANJADA 1L TUNAL;2.99
3739405;2026-09-24;MCY05;ARAGUA MARKET;ProdBEBIDAS;NECTAR MANZANA 1L TUNAL;2.34
3739406;2026-09-24;MCY05;ARAGUA MARKET;ProdBEBIDAS;NECTAR PERA 1L TUNAL;2.34
3739408;2026-09-24;MCY05;ARAGUA MARKET;ProdBEBIDAS;NECTAR DURAZNO 1L TUNAL;2.34
3739416;2026-09-24;MCY05;ARAGUA MARKET;ProdBEBIDAS_LACT;LECHE COMPLETA LIQUIDA PURISIMA;2.38
3739418;2026-09-24;MCY05;ARAGUA MARKET;ProdBEBIDAS_LACT;LECHE BARISTA PURISIMA;2.88
3723158;2026-09-24;PTO01;CENTRAL SANTO TOME II UNARE;ProdEMBUTIDOS;SALCHICHA TIPO VIENA 225G (11unid) ALIMEX;3.6
3723159;2026-09-24;PTO01;CENTRAL SANTO TOME II UNARE;ProdEMBUTIDOS;SALCHICHA TIPO VIENA 450GR (22unid) ALIMEX;6.59
3723160;2026-09-24;PTO01;CENTRAL SANTO TOME II UNARE;ProdEMBUTIDOS;SALCHICHA TIPO VIENA 800GR (24unid) ALIMEX;11.33
3723161;2026-09-24;PTO01;CENTRAL SANTO TOME II UNARE;ProdDERIV_LACTEOS;CREMA DE LECHE DE 500GR PURISIMA;5.26
3723162;2026-09-24;PTO01;CENTRAL SANTO TOME II UNARE;ProdDERIV_LACTEOS;MANTEQUILLA PURISIMA SIN SAL 200G PURISIMA;5.56
3723163;2026-09-24;PTO01;CENTRAL SANTO TOME II UNARE;ProdDERIV_LACTEOS;CREMA DE LECHE DE 250GR PURISIMA;3.82
3723164;2026-09-24;PTO01;CENTRAL SANTO TOME II UNARE;ProdEMBUTIDOS;MORTADELA CCS DE CARNES 900G;3.51
3723165;2026-09-24;PTO01;CENTRAL SANTO TOME II UNARE;ProdEMBUTIDOS;MORTADELA CCS DE CARNES 500G;2.07
3723166;2026-09-24;PTO01;CENTRAL SANTO TOME II UNARE;ProdBEBIDAS_LACT;LECHE COMPLETA LIQUIDA PURISIMA;2.69
3723167;2026-09-24;PTO01;CENTRAL SANTO TOME II UNARE;ProdBEBIDAS_LACT;LECHE DESCREMADA LIQUIDA PURISIMA;2.63
3723168;2026-09-24;PTO01;CENTRAL SANTO TOME II UNARE;ProdBEBIDAS_LACT;LECHE  DESLACTOSADA LIQUIDA PURISIMA;2.78
3723172;2026-09-24;PTO01;CENTRAL SANTO TOME II UNARE;ProdBEBIDAS_LACT;LECHE BARISTA PURISIMA;14.87
3723173;2026-09-24;PTO01;CENTRAL SANTO TOME II UNARE;ProdBEBIDAS_LACT;LECHE EN POLVO PURISIMA 400GR;7.01
3711473;2026-09-23;PTO01;PEKIN EL GUAMO;ProdBEBIDAS_LACT;LECHE COMPLETA LIQUIDA PURISIMA;2.79
3711474;2026-09-23;PTO01;PEKIN EL GUAMO;ProdBEBIDAS_LACT;LECHE DESCREMADA LIQUIDA PURISIMA;2.79
3711475;2026-09-23;PTO01;PEKIN EL GUAMO;ProdBEBIDAS_LACT;LECHE  DESLACTOSADA LIQUIDA PURISIMA;2.94
3711476;2026-09-23;PTO01;PEKIN EL GUAMO;ProdBEBIDAS;NARANJADA 1L TUNAL;2.45
3711477;2026-09-23;PTO01;PEKIN EL GUAMO;ProdBEBIDAS;NECTAR MANZANA 1L TUNAL;2.45
3711478;2026-09-23;PTO01;PEKIN EL GUAMO;ProdBEBIDAS;NARANJADA  500 ML TUNAL;2.08
3711479;2026-09-23;PTO01;PEKIN EL GUAMO;ProdBEBIDAS;NARANJADA  200 ML TUNAL;0.99
3711480;2026-09-23;PTO01;PEKIN EL GUAMO;ProdBEBIDAS;NECTAR MANZANA 200 ML TUNAL;0.99
3711481;2026-09-23;PTO01;PEKIN EL GUAMO;ProdBEBIDAS;NECTAR PERA 200 ML TUNAL;0.99
3711482;2026-09-23;PTO01;PEKIN EL GUAMO;ProdBEBIDAS;NECTAR DURAZNO 200 ML TUNAL;0.99
3711483;2026-09-23;PTO01;PEKIN EL GUAMO;ProdBEBIDAS;TE LIMON 1L TUNAL;2.33
3800131;2026-09-30;PTO01;PEKIN EL GUAMO;ProdDERIV_LACTEOS;CREMA DE LECHE DE 500GR PURISIMA;6.19
3800133;2026-09-30;PTO01;PEKIN EL GUAMO;ProdDERIV_LACTEOS;MANTEQUILLA PURISIMA SIN SAL 200G PURISIMA;5.95
3800135;2026-09-30;PTO01;PEKIN EL GUAMO;ProdEMBUTIDOS;MORTADELA CCS DE CARNES 900G;3.75
3800134;2026-09-30;PTO01;PEKIN EL GUAMO;ProdEMBUTIDOS;MORTADELA CCS DE CARNES 500G;2.25
3711489;2026-09-23;PTO01;PEKIN EL GUAMO;ProdEMBUTIDOS;SALCHICHA TIPO VIENA 800GR (24unid) ALIMEX;10.24
3800128;2026-09-30;PTO01;PEKIN EL GUAMO;ProdEMBUTIDOS;SALCHICHA TIPO VIENA 450GR (22unid) ALIMEX;6.35
3800129;2026-09-30;PTO01;PEKIN EL GUAMO;ProdEMBUTIDOS;Salchicha el tunal de pollo 250gr;6.35
3800130;2026-09-30;PTO01;PEKIN EL GUAMO;ProdEMBUTIDOS;Salchicha el tunal de pollo 450gr;10.24
3800141;2026-09-30;PTO01;PEKIN EL GUAMO;ProdBEBIDAS_LACT;LECHE EN POLVO PURISIMA 200GR;3.57
3800139;2026-09-30;PTO01;PEKIN EL GUAMO;ProdBEBIDAS_LACT;LECHE EN POLVO PURISIMA 900GR;13.67
3800140;2026-09-30;PTO01;PEKIN EL GUAMO;ProdBEBIDAS_LACT;LECHE EN POLVO PURISIMA 400GR;7.05
3800132;2026-09-30;PTO01;PEKIN EL GUAMO;ProdDERIV_LACTEOS;CREMA DE LECHE DE 250GR PURISIMA;3.65
3560766;2026-09-10;VLC04;REDVITAL NAGUANAGUA;ProdBEBIDAS;NARANJADA 1L TUNAL;3.04
3560767;2026-09-10;VLC04;REDVITAL NAGUANAGUA;ProdBEBIDAS;NECTAR DURAZNO 1L TUNAL;2.38
3560768;2026-09-10;VLC04;REDVITAL NAGUANAGUA;ProdBEBIDAS;NECTAR MANZANA 1L TUNAL;2.38
3635179;2026-09-17;VLC04;REDVITAL NAGUANAGUA;ProdBEBIDAS;TE FRUTOS ROJOS 1L TUNAL;2.35
3635180;2026-09-17;VLC04;REDVITAL NAGUANAGUA;ProdBEBIDAS;NECTAR PERA LIGHT 1 LITRO TUNAL;2.5
3560771;2026-09-10;VLC04;REDVITAL NAGUANAGUA;ProdBEBIDAS;NARANJADA  200 ML TUNAL;0.92
3723291;2026-09-24;VLC04;REDVITAL NAGUANAGUA;ProdBEBIDAS;NECTAR DURAZNO 500 ML TUNAL;1.6
3723292;2026-09-24;VLC04;REDVITAL NAGUANAGUA;ProdBEBIDAS;NECTAR MANZANA 500 ML TUNAL;1.6
3560788;2026-09-10;VLC04;REDVITAL NAGUANAGUA;ProdBEBIDAS_LACT;LECHE COMPLETA LIQUIDA PURISIMA;2.27
3560789;2026-09-10;VLC04;REDVITAL NAGUANAGUA;ProdBEBIDAS_LACT;LECHE DESCREMADA LIQUIDA PURISIMA;2.23
3560790;2026-09-10;VLC04;REDVITAL NAGUANAGUA;ProdBEBIDAS_LACT;LECHE  DESLACTOSADA LIQUIDA PURISIMA;2.35
3560793;2026-09-10;VLC04;REDVITAL NAGUANAGUA;ProdDERIV_LACTEOS;MANTEQUILLA PURISIMA CON SAL 200G PURISIMA;5.4
3560794;2026-09-10;VLC04;REDVITAL NAGUANAGUA;ProdDERIV_LACTEOS;MANTEQUILLA PURISIMA SIN SAL 200G PURISIMA;5
3560796;2026-09-10;VLC04;REDVITAL NAGUANAGUA;ProdDERIV_LACTEOS;CREMA DE LECHE DE 250GR PURISIMA;3.32
3723304;2026-09-24;VLC04;REDVITAL NAGUANAGUA;ProdDERIV_LACTEOS;CREMA DE LECHE DE 500GR PURISIMA;5.6
3723311;2026-09-24;VLC04;REDVITAL NAGUANAGUA;ProdHUEVOS;HUEVO EMPACADO- ESTUCHADO 1X12 TUNAL;2.6
3560787;2026-09-10;VLC04;REDVITAL NAGUANAGUA;ProdBEBIDAS_LACT;LECHE BARISTA PURISIMA;2.4
3560782;2026-09-10;VLC04;REDVITAL NAGUANAGUA;ProdHUEVOS;HUEVO EMPACADO- 1X12 PLASTICO TUNAL;2.7
3560769;2026-09-10;VLC04;REDVITAL NAGUANAGUA;ProdBEBIDAS;NECTAR PERA 1L TUNAL;2.02
3635177;2026-09-17;VLC04;REDVITAL NAGUANAGUA;ProdBEBIDAS;TE DURAZNO 1L TUNAL;2.35
3560770;2026-09-10;VLC04;REDVITAL NAGUANAGUA;ProdBEBIDAS;TE LIMON 1L TUNAL;2.35
3560775;2026-09-10;VLC04;REDVITAL NAGUANAGUA;ProdBEBIDAS;NARANJADA  500 ML TUNAL;1.78
3560772;2026-09-10;VLC04;REDVITAL NAGUANAGUA;ProdBEBIDAS;NECTAR DURAZNO 200 ML TUNAL;0.76
3560773;2026-09-10;VLC04;REDVITAL NAGUANAGUA;ProdBEBIDAS;NECTAR MANZANA 200 ML TUNAL;0.9
3560774;2026-09-10;VLC04;REDVITAL NAGUANAGUA;ProdBEBIDAS;NECTAR PERA 200 ML TUNAL;0.76
3560776;2026-09-10;VLC04;REDVITAL NAGUANAGUA;ProdBEBIDAS;NECTAR PERA 500 ML TUNAL;1.35
3629412;2026-09-16;PTO04;CHAN I;ProdEMBUTIDOS;MORTADELA CCS DE CARNES 500G;2.05
3629417;2026-09-16;PTO04;CHAN I;ProdBEBIDAS;NECTAR MANZANA 1L TUNAL;2.42
3629418;2026-09-16;PTO04;CHAN I;ProdBEBIDAS;NECTAR PERA 1L TUNAL;2.42
3629425;2026-09-16;PTO04;CHAN I;ProdBEBIDAS_LACT;LECHE COMPLETA LIQUIDA PURISIMA;2.86
3629426;2026-09-16;PTO04;CHAN I;ProdBEBIDAS_LACT;LECHE  DESLACTOSADA LIQUIDA PURISIMA;2.81
3629434;2026-09-16;PTO04;CHAN I;ProdBEBIDAS_LACT;LECHE EN POLVO PURISIMA 200GR;3.68
3629435;2026-09-16;PTO04;CHAN I;ProdBEBIDAS_LACT;LECHE EN POLVO PURISIMA 400GR;7.71
3629436;2026-09-16;PTO04;CHAN I;ProdBEBIDAS_LACT;LECHE EN POLVO PURISIMA 900GR;15.53
3732467;2026-09-24;PTO01;HIP GUAYANA;ProdBEBIDAS_LACT;LECHE EN POLVO PURISIMA 900GR;15.53
3732468;2026-09-24;PTO01;HIP GUAYANA;ProdBEBIDAS_LACT;LECHE EN POLVO PURISIMA 400GR;7.5
3732469;2026-09-24;PTO01;HIP GUAYANA;ProdBEBIDAS_LACT;LECHE EN POLVO PURISIMA 200GR;3.76
3732472;2026-09-24;PTO01;HIP GUAYANA;ProdEMBUTIDOS;MORTADELA CCS DE CARNES 500G;2.32
3732473;2026-09-24;PTO01;HIP GUAYANA;ProdEMBUTIDOS;MORTADELA CCS DE CARNES 900G;3.9
3650638;2026-09-17;BQTO06;"SUPERMERCADO XINGZI; C.A";ProdBEBIDAS_LACT;LECHE COMPLETA LIQUIDA PURISIMA;2.49
3650639;2026-09-17;BQTO06;"SUPERMERCADO XINGZI; C.A";ProdBEBIDAS_LACT;LECHE DESCREMADA LIQUIDA PURISIMA;2.44
3650640;2026-09-17;BQTO06;"SUPERMERCADO XINGZI; C.A";ProdBEBIDAS_LACT;LECHE  DESLACTOSADA LIQUIDA PURISIMA;2.57
3650641;2026-09-17;BQTO06;"SUPERMERCADO XINGZI; C.A";ProdBEBIDAS;NARANJADA 1L TUNAL;2.75
3650642;2026-09-17;BQTO06;"SUPERMERCADO XINGZI; C.A";ProdBEBIDAS;NECTAR MANZANA 1L TUNAL;2.05
3650643;2026-09-17;BQTO06;"SUPERMERCADO XINGZI; C.A";ProdBEBIDAS;NECTAR PERA 1L TUNAL;2.05
3650644;2026-09-17;BQTO06;"SUPERMERCADO XINGZI; C.A";ProdBEBIDAS;NECTAR MANZANA 500 ML TUNAL;1.65
3650645;2026-09-17;BQTO06;"SUPERMERCADO XINGZI; C.A";ProdBEBIDAS;NARANJADA  200 ML TUNAL;0.79
3650646;2026-09-17;BQTO06;"SUPERMERCADO XINGZI; C.A";ProdBEBIDAS;NECTAR MANZANA 200 ML TUNAL;0.77
3731861;2026-09-24;PLC04;RIO SUPERMARKET  31 DE JULIO;ProdBEBIDAS_LACT;LECHE BARISTA PURISIMA;3.06
3563124;2026-09-10;PLC04;RIO SUPERMARKET  31 DE JULIO;ProdBEBIDAS_LACT;LECHE DESCREMADA LIQUIDA PURISIMA;2.99
3563125;2026-09-10;PLC04;RIO SUPERMARKET  31 DE JULIO;ProdBEBIDAS_LACT;LECHE  DESLACTOSADA LIQUIDA PURISIMA;3.16
3563123;2026-09-10;PLC04;RIO SUPERMARKET  31 DE JULIO;ProdBEBIDAS_LACT;LECHE COMPLETA LIQUIDA PURISIMA;2.99
3782887;2026-09-29;PTO01;MARKET VIP ALTAVISTA;ProdBEBIDAS;NECTAR DURAZNO 200 ML TUNAL;0.81
3782886;2026-09-29;PTO01;MARKET VIP ALTAVISTA;ProdBEBIDAS;NECTAR PERA 200 ML TUNAL;0.81
3782885;2026-09-29;PTO01;MARKET VIP ALTAVISTA;ProdBEBIDAS;NECTAR MANZANA 200 ML TUNAL;0.81
3743691;2026-09-25;PTO01;MARKET VIP ALTAVISTA;ProdBEBIDAS;NARANJADA  200 ML TUNAL;0.82
3782890;2026-09-29;PTO01;MARKET VIP ALTAVISTA;ProdBEBIDAS;NECTAR DURAZNO 1L TUNAL;2.22
3782889;2026-09-29;PTO01;MARKET VIP ALTAVISTA;ProdBEBIDAS;NECTAR PERA 1L TUNAL;2.22
3782888;2026-09-29;PTO01;MARKET VIP ALTAVISTA;ProdBEBIDAS;NECTAR MANZANA 1L TUNAL;2.22
3782894;2026-09-29;PTO01;MARKET VIP ALTAVISTA;ProdBEBIDAS_LACT;LECHE COMPLETA LIQUIDA PURISIMA;2.58
3782893;2026-09-29;PTO01;MARKET VIP ALTAVISTA;ProdBEBIDAS_LACT;LECHE DESCREMADA LIQUIDA PURISIMA;2.53
3782892;2026-09-29;PTO01;MARKET VIP ALTAVISTA;ProdBEBIDAS_LACT;LECHE  DESLACTOSADA LIQUIDA PURISIMA;2.67
3743698;2026-09-25;PTO01;MARKET VIP ALTAVISTA;ProdBEBIDAS_LACT;LECHE COMPLETA BARISTA LIQUIDA PURISIMA;2.72
3782897;2026-09-29;PTO01;MARKET VIP ALTAVISTA;ProdBEBIDAS_LACT;LECHE EN POLVO PURISIMA 200GR;3.36
3782896;2026-09-29;PTO01;MARKET VIP ALTAVISTA;ProdBEBIDAS_LACT;LECHE EN POLVO PURISIMA 400GR;6.61
3782891;2026-09-29;PTO01;MARKET VIP ALTAVISTA;ProdBEBIDAS_LACT;LECHE BARISTA PURISIMA;2.72
3782900;2026-09-29;PTO01;MARKET VIP ALTAVISTA;ProdDERIV_LACTEOS;CREMA DE LECHE DE 500GR PURISIMA;6.03
3782901;2026-09-29;PTO01;MARKET VIP ALTAVISTA;ProdDERIV_LACTEOS;CREMA DE LECHE DE 250GR PURISIMA;3.57
3743713;2026-09-25;PTO01;MARKET VIP ALTAVISTA;ProdEMBUTIDOS;MORTADELA CCS DE CARNES 900G;2.98
3782904;2026-09-29;PTO01;MARKET VIP ALTAVISTA;ProdEMBUTIDOS;MORTADELA CCS DE CARNES 500G;1.78
3782895;2026-09-29;PTO01;MARKET VIP ALTAVISTA;ProdBEBIDAS_LACT;LECHE EN POLVO PURISIMA 900GR;12.63
3782902;2026-09-29;PTO01;MARKET VIP ALTAVISTA;ProdDERIV_LACTEOS;MANTEQUILLA PURISIMA SIN SAL 200G PURISIMA;5.56
3744370;2026-09-25;PTO02;AUTOMERCADO DIFE;ProdEMBUTIDOS;SALCHICHA TIPO VIENA 225G (11unid) ALIMEX;3.66
3744605;2026-09-25;PTO02;AUTOMERCADO DIFE;ProdDERIV_LACTEOS;MANTEQUILLA PURISIMA CON SAL 200G PURISIMA;5.15
3744608;2026-09-25;PTO02;AUTOMERCADO DIFE;ProdDERIV_LACTEOS;MANTEQUILLA PURISIMA SIN SAL 200G PURISIMA;4.77
3744874;2026-09-25;PTO02;AUTOMERCADO DIFE;ProdEMBUTIDOS;MORTADELA CCS DE CARNES 500G;1.9
3744899;2026-09-25;PTO02;AUTOMERCADO DIFE;ProdEMBUTIDOS;MORTADELA CCS DE CARNES 900G;3.36
3745692;2026-09-25;PTO02;AUTOMERCADO DIFE;ProdBEBIDAS_LACT;LECHE COMPLETA LIQUIDA PURISIMA;2.48
3745693;2026-09-25;PTO02;AUTOMERCADO DIFE;ProdBEBIDAS_LACT;LECHE DESCREMADA LIQUIDA PURISIMA;2.43
3745697;2026-09-25;PTO02;AUTOMERCADO DIFE;ProdBEBIDAS_LACT;LECHE  DESLACTOSADA LIQUIDA PURISIMA;2.57
3746725;2026-09-25;PTO02;AUTOMERCADO DIFE;ProdBEBIDAS;NARANJADA  500 ML TUNAL;1.99
3746753;2026-09-25;PTO02;AUTOMERCADO DIFE;ProdBEBIDAS;NECTAR MANZANA 500 ML TUNAL;1.43
3746754;2026-09-25;PTO02;AUTOMERCADO DIFE;ProdBEBIDAS;NECTAR DURAZNO 500 ML TUNAL;1.47
3746755;2026-09-25;PTO02;AUTOMERCADO DIFE;ProdBEBIDAS;NARANJADA  200 ML TUNAL;0.82
3746772;2026-09-25;PTO02;AUTOMERCADO DIFE;ProdBEBIDAS;NECTAR MANZANA 200 ML TUNAL;0.83
3746826;2026-09-25;PTO02;AUTOMERCADO DIFE;ProdBEBIDAS;NECTAR PERA 200 ML TUNAL;0.83
3746827;2026-09-25;PTO02;AUTOMERCADO DIFE;ProdBEBIDAS;NECTAR DURAZNO 200 ML TUNAL;0.83
3746828;2026-09-25;PTO02;AUTOMERCADO DIFE;ProdBEBIDAS;TE LIMON 500ML TUNAL;1.16
3746829;2026-09-25;PTO02;AUTOMERCADO DIFE;ProdBEBIDAS;NARANJADA 1L TUNAL;2.62
3746830;2026-09-25;PTO02;AUTOMERCADO DIFE;ProdBEBIDAS;NECTAR MANZANA 1L TUNAL;2.13
3746831;2026-09-25;PTO02;AUTOMERCADO DIFE;ProdBEBIDAS;NECTAR PERA 1L TUNAL;2.13
3746865;2026-09-25;PTO02;AUTOMERCADO DIFE;ProdBEBIDAS;NECTAR DURAZNO 1L TUNAL;2.19
3746866;2026-09-25;PTO02;AUTOMERCADO DIFE;ProdBEBIDAS;NECTAR PERA LIGHT 1 LITRO TUNAL;2.29
3725792;2026-09-24;PTO01;LLOVIZNA MARKET UNARE;ProdEMBUTIDOS;MORTADELA CCS DE CARNES 900G;3.85
3725793;2026-09-24;PTO01;LLOVIZNA MARKET UNARE;ProdEMBUTIDOS;MORTADELA CCS DE CARNES 500G;2.2
3725794;2026-09-24;PTO01;LLOVIZNA MARKET UNARE;ProdDERIV_LACTEOS;CREMA DE LECHE DE 500GR PURISIMA;6.25
3725795;2026-09-24;PTO01;LLOVIZNA MARKET UNARE;ProdDERIV_LACTEOS;MANTEQUILLA PURISIMA SIN SAL 200G PURISIMA;5.8
3725796;2026-09-24;PTO01;LLOVIZNA MARKET UNARE;ProdBEBIDAS_LACT;LECHE EN POLVO PURISIMA 400GR;6.6
3725797;2026-09-24;PTO01;LLOVIZNA MARKET UNARE;ProdBEBIDAS_LACT;LECHE EN POLVO PURISIMA 200GR;3.36
3725798;2026-09-24;PTO01;LLOVIZNA MARKET UNARE;ProdBEBIDAS_LACT;LECHE EN POLVO PURISIMA 900GR;13.28
3725799;2026-09-24;PTO01;LLOVIZNA MARKET UNARE;ProdEMBUTIDOS;CHORIZO DE CERDO PICANTE PARRILLERO ALIMEX;4.82
3725805;2026-09-24;PTO01;LLOVIZNA MARKET UNARE;ProdBEBIDAS_LACT;LECHE COMPLETA LIQUIDA PURISIMA;2.58
3725806;2026-09-24;PTO01;LLOVIZNA MARKET UNARE;ProdBEBIDAS_LACT;LECHE DESCREMADA LIQUIDA PURISIMA;2.52
3725807;2026-09-24;PTO01;LLOVIZNA MARKET UNARE;ProdBEBIDAS_LACT;LECHE  DESLACTOSADA LIQUIDA PURISIMA;2.67
3725810;2026-09-24;PTO01;LLOVIZNA MARKET UNARE;ProdBEBIDAS;NARANJADA 1L TUNAL;2.95
3725811;2026-09-24;PTO01;LLOVIZNA MARKET UNARE;ProdBEBIDAS;NECTAR DURAZNO 1L TUNAL;2.3
3743047;2026-09-25;PTO02;CORPORACION MAXICONSUMO;ProdBEBIDAS_LACT;LECHE COMPLETA LIQUIDA PURISIMA;2.69
3743052;2026-09-25;PTO02;CORPORACION MAXICONSUMO;ProdBEBIDAS_LACT;LECHE DESCREMADA LIQUIDA PURISIMA;2.64
3743054;2026-09-25;PTO02;CORPORACION MAXICONSUMO;ProdBEBIDAS_LACT;LECHE  DESLACTOSADA LIQUIDA PURISIMA;2.79
3743217;2026-09-25;PTO02;CORPORACION MAXICONSUMO;ProdBEBIDAS;NARANJADA 1L TUNAL;2.84
3743221;2026-09-25;PTO02;CORPORACION MAXICONSUMO;ProdBEBIDAS;NECTAR MANZANA 1L TUNAL;2.21
3743225;2026-09-25;PTO02;CORPORACION MAXICONSUMO;ProdBEBIDAS;NECTAR PERA 1L TUNAL;2.21
3743214;2026-09-25;PTO02;CORPORACION MAXICONSUMO;ProdBEBIDAS;NARANJADA  500 ML TUNAL;1.96
3743229;2026-09-25;PTO02;CORPORACION MAXICONSUMO;ProdBEBIDAS;NECTAR DURAZNO 1L TUNAL;2.21
3752410;2026-09-24;BQTO07;ABASTO LOS JOSES;ProdDERIV_LACTEOS;MANTEQUILLA PURISIMA CON SAL 200G PURISIMA;5.53
3752413;2026-09-24;BQTO07;ABASTO LOS JOSES;ProdDERIV_LACTEOS;MANTEQUILLA PURISIMA SIN SAL 200G PURISIMA;5.53
3752415;2026-09-24;BQTO07;ABASTO LOS JOSES;ProdEMBUTIDOS;MORTADELA CCS DE CARNES 900G;3.78
3752417;2026-09-24;BQTO07;ABASTO LOS JOSES;ProdEMBUTIDOS;MORTADELA CCS DE CARNES 500G;2.01
3756366;2026-09-28;PTO01;AMAZON  SUPERMARKET;ProdBEBIDAS_LACT;LECHE COMPLETA LIQUIDA PURISIMA;2.6
3756367;2026-09-28;PTO01;AMAZON  SUPERMARKET;ProdBEBIDAS_LACT;LECHE DESCREMADA LIQUIDA PURISIMA;2.54
3756368;2026-09-28;PTO01;AMAZON  SUPERMARKET;ProdBEBIDAS_LACT;LECHE  DESLACTOSADA LIQUIDA PURISIMA;2.7
3756369;2026-09-28;PTO01;AMAZON  SUPERMARKET;ProdBEBIDAS;NARANJADA 1L TUNAL;2.97
3756370;2026-09-28;PTO01;AMAZON  SUPERMARKET;ProdBEBIDAS;NECTAR MANZANA 1L TUNAL;2.32
3756371;2026-09-28;PTO01;AMAZON  SUPERMARKET;ProdBEBIDAS;NECTAR PERA 1L TUNAL;2.32
3756372;2026-09-28;PTO01;AMAZON  SUPERMARKET;ProdBEBIDAS;NECTAR DURAZNO 1L TUNAL;2.32
3756373;2026-09-28;PTO01;AMAZON  SUPERMARKET;ProdBEBIDAS_LACT;LECHE EN POLVO PURISIMA 900GR;12.75
3756374;2026-09-28;PTO01;AMAZON  SUPERMARKET;ProdBEBIDAS_LACT;LECHE EN POLVO PURISIMA 400GR;6.35
3756375;2026-09-28;PTO01;AMAZON  SUPERMARKET;ProdBEBIDAS_LACT;LECHE EN POLVO PURISIMA 200GR;3.4
3756376;2026-09-28;PTO01;AMAZON  SUPERMARKET;ProdDERIV_LACTEOS;CREMA DE LECHE DE 500GR PURISIMA;5.8
3756377;2026-09-28;PTO01;AMAZON  SUPERMARKET;ProdDERIV_LACTEOS;CREMA DE LECHE DE 250GR PURISIMA;3.45
3756378;2026-09-28;PTO01;AMAZON  SUPERMARKET;ProdDERIV_LACTEOS;MANTEQUILLA PURISIMA CON SAL 200G PURISIMA;5.6
3756379;2026-09-28;PTO01;AMAZON  SUPERMARKET;ProdDERIV_LACTEOS;MANTEQUILLA PURISIMA SIN SAL 200G PURISIMA;5.2
3756380;2026-09-28;PTO01;AMAZON  SUPERMARKET;ProdEMBUTIDOS;SALCHICHA TIPO VIENA 225G (11unid) ALIMEX;3.25
3756381;2026-09-28;PTO01;AMAZON  SUPERMARKET;ProdEMBUTIDOS;SALCHICHA TIPO VIENA 450GR (22unid) ALIMEX;5.99
3756382;2026-09-28;PTO01;AMAZON  SUPERMARKET;ProdEMBUTIDOS;SALCHICHA TIPO VIENA 800GR (24unid) ALIMEX;10.25
3756384;2026-09-28;PTO01;AMAZON  SUPERMARKET;ProdEMBUTIDOS;MORTADELA CCS DE CARNES 900G;4.1
3756386;2026-09-28;PTO01;AMAZON  SUPERMARKET;ProdEMBUTIDOS;MORTADELA CCS DE CARNES 500G;2.1
3755269;2026-09-28;PTO02;SUP MANUEL PIAR;ProdBEBIDAS_LACT;LECHE EN POLVO PURISIMA 200GR;3.4
3755276;2026-09-28;PTO02;SUP MANUEL PIAR;ProdBEBIDAS_LACT;LECHE EN POLVO PURISIMA 400GR;6.65
3755300;2026-09-28;PTO02;SUP MANUEL PIAR;ProdBEBIDAS_LACT;LECHE EN POLVO PURISIMA 900GR;13.4
3757516;2026-09-28;PTO02;SUP MANUEL PIAR;ProdBEBIDAS;NARANJADA 1L TUNAL;3.11
3757527;2026-09-28;PTO02;SUP MANUEL PIAR;ProdBEBIDAS;NECTAR MANZANA 1L TUNAL;2.35
3757530;2026-09-28;PTO02;SUP MANUEL PIAR;ProdBEBIDAS;NECTAR PERA 1L TUNAL;2.35
3757535;2026-09-28;PTO02;SUP MANUEL PIAR;ProdBEBIDAS;NECTAR DURAZNO 1L TUNAL;2.35
3758000;2026-09-28;PTO02;SUP MANUEL PIAR;ProdBEBIDAS_LACT;LECHE COMPLETA LIQUIDA PURISIMA;2.58
3758009;2026-09-28;PTO02;SUP MANUEL PIAR;ProdBEBIDAS_LACT;LECHE DESCREMADA LIQUIDA PURISIMA;2.56
3758017;2026-09-28;PTO02;SUP MANUEL PIAR;ProdBEBIDAS_LACT;LECHE  DESLACTOSADA LIQUIDA PURISIMA;2.7
3731517;2026-09-24;CCS08;FORUM IPSFA;ProdBEBIDAS;NARANJADA 1L TUNAL;3.55
3731518;2026-09-24;CCS08;FORUM IPSFA;ProdBEBIDAS;NECTAR MANZANA 1L TUNAL;2.77
3731519;2026-09-24;CCS08;FORUM IPSFA;ProdBEBIDAS;NECTAR PERA 1L TUNAL;2.77
3731521;2026-09-24;CCS08;FORUM IPSFA;ProdBEBIDAS;NECTAR DURAZNO 1L TUNAL;2.77
3731522;2026-09-24;CCS08;FORUM IPSFA;ProdBEBIDAS;NARANJADA  200 ML TUNAL;3.2
3731523;2026-09-24;CCS08;FORUM IPSFA;ProdBEBIDAS;NECTAR MANZANA 200 ML TUNAL;3.16
3731524;2026-09-24;CCS08;FORUM IPSFA;ProdBEBIDAS;NECTAR PERA 200 ML TUNAL;3.16
3731525;2026-09-24;CCS08;FORUM IPSFA;ProdBEBIDAS;NECTAR DURAZNO 200 ML TUNAL;3.16
3731526;2026-09-24;CCS08;FORUM IPSFA;ProdBEBIDAS;TE DURAZNO 1L TUNAL;2.75
3731527;2026-09-24;CCS08;FORUM IPSFA;ProdBEBIDAS;TE LIMON 1L TUNAL;2.75
3731528;2026-09-24;CCS08;FORUM IPSFA;ProdBEBIDAS;TE FRUTOS ROJOS 1L TUNAL;2.75
3731533;2026-09-24;CCS08;FORUM IPSFA;ProdBEBIDAS_LACT;LECHE COMPLETA LIQUIDA PURISIMA;2.59
3731534;2026-09-24;CCS08;FORUM IPSFA;ProdBEBIDAS_LACT;LECHE DESCREMADA LIQUIDA PURISIMA;2.59
3731535;2026-09-24;CCS08;FORUM IPSFA;ProdBEBIDAS_LACT;LECHE  DESLACTOSADA LIQUIDA PURISIMA;2.75
3552865;2026-09-09;PTO03;MUNDO FORTUNA;ProdBEBIDAS;NARANJADA 1L TUNAL;2.99
3552867;2026-09-09;PTO03;MUNDO FORTUNA;ProdBEBIDAS;NECTAR MANZANA 1L TUNAL;2.2
3552869;2026-09-09;PTO03;MUNDO FORTUNA;ProdBEBIDAS;NECTAR PERA 1L TUNAL;2.32
3552871;2026-09-09;PTO03;MUNDO FORTUNA;ProdBEBIDAS;NECTAR DURAZNO 1L TUNAL;2.99
3552873;2026-09-09;PTO03;MUNDO FORTUNA;ProdBEBIDAS;NECTAR PERA LIGHT 1 LITRO TUNAL;2.31
3552875;2026-09-09;PTO03;MUNDO FORTUNA;ProdBEBIDAS;NECTAR MANZANA LIGHT 1 LITRO TUNAL;2.31
3552877;2026-09-09;PTO03;MUNDO FORTUNA;ProdBEBIDAS;TE FRUTOS ROJOS 1L TUNAL;2.18
3552879;2026-09-09;PTO03;MUNDO FORTUNA;ProdBEBIDAS;NECTAR PERA 500 ML TUNAL;1.49
3552881;2026-09-09;PTO03;MUNDO FORTUNA;ProdBEBIDAS;NECTAR MANZANA 500 ML TUNAL;1.49
3552883;2026-09-09;PTO03;MUNDO FORTUNA;ProdBEBIDAS;NECTAR DURAZNO 500 ML TUNAL;1.49
3552885;2026-09-09;PTO03;MUNDO FORTUNA;ProdBEBIDAS;NARANJADA  200 ML TUNAL;0.91
3552887;2026-09-09;PTO03;MUNDO FORTUNA;ProdBEBIDAS;NECTAR PERA 200 ML TUNAL;0.91
3552889;2026-09-09;PTO03;MUNDO FORTUNA;ProdBEBIDAS;NECTAR MANZANA 200 ML TUNAL;0.91
3552891;2026-09-09;PTO03;MUNDO FORTUNA;ProdBEBIDAS;NECTAR DURAZNO 200 ML TUNAL;0.91
3552893;2026-09-09;PTO03;MUNDO FORTUNA;ProdBEBIDAS_LACT;LECHE COMPLETA LIQUIDA PURISIMA;2.61
3552895;2026-09-09;PTO03;MUNDO FORTUNA;ProdBEBIDAS_LACT;LECHE BARISTA PURISIMA;2.61
3552897;2026-09-09;PTO03;MUNDO FORTUNA;ProdBEBIDAS_LACT;LECHE  DESLACTOSADA LIQUIDA PURISIMA;2.7
3552899;2026-09-09;PTO03;MUNDO FORTUNA;ProdBEBIDAS_LACT;LECHE COMPLETA BARISTA LIQUIDA PURISIMA;3.24
3636697;2026-09-17;PTO04;SUP LA CASA QUN FUNG;ProdEMBUTIDOS;MORTADELA CCS DE CARNES 500G;2.26
3636701;2026-09-17;PTO04;SUP LA CASA QUN FUNG;ProdEMBUTIDOS;MORTADELA CCS DE CARNES 900G;4.25
3636702;2026-09-17;PTO04;SUP LA CASA QUN FUNG;ProdDERIV_LACTEOS;CREMA DE LECHE DE 500GR PURISIMA;5.92
3636703;2026-09-17;PTO04;SUP LA CASA QUN FUNG;ProdDERIV_LACTEOS;CREMA DE LECHE DE 250GR PURISIMA;3.84
3636704;2026-09-17;PTO04;SUP LA CASA QUN FUNG;ProdDERIV_LACTEOS;MANTEQUILLA PURISIMA CON SAL 200G PURISIMA;6.45
3636714;2026-09-17;PTO04;SUP LA CASA QUN FUNG;ProdBEBIDAS_LACT;LECHE EN POLVO PURISIMA 200GR;3.46
3636715;2026-09-17;PTO04;SUP LA CASA QUN FUNG;ProdBEBIDAS_LACT;LECHE EN POLVO PURISIMA 400GR;7.01
3636716;2026-09-17;PTO04;SUP LA CASA QUN FUNG;ProdBEBIDAS_LACT;LECHE EN POLVO PURISIMA 900GR;14.86
3636725;2026-09-17;PTO04;SUP LA CASA QUN FUNG;ProdBEBIDAS_LACT;LECHE COMPLETA LIQUIDA PURISIMA;2.64
3636726;2026-09-17;PTO04;SUP LA CASA QUN FUNG;ProdBEBIDAS_LACT;LECHE DESCREMADA LIQUIDA PURISIMA;2.59
3636727;2026-09-17;PTO04;SUP LA CASA QUN FUNG;ProdBEBIDAS_LACT;LECHE  DESLACTOSADA LIQUIDA PURISIMA;2.86
3636728;2026-09-17;PTO04;SUP LA CASA QUN FUNG;ProdBEBIDAS;NECTAR MANZANA 1L TUNAL;2.56
3636464;2026-09-17;PLC06;EL REY DEL PUEBLO;ProdBEBIDAS;NECTAR MANZANA 1L TUNAL;3.03
3636465;2026-09-17;PLC06;EL REY DEL PUEBLO;ProdBEBIDAS;NECTAR PERA 1L TUNAL;3.03
3636466;2026-09-17;PLC06;EL REY DEL PUEBLO;ProdBEBIDAS;NECTAR DURAZNO 1L TUNAL;3.03
3636474;2026-09-17;PLC06;EL REY DEL PUEBLO;ProdBEBIDAS_LACT;LECHE BARISTA PURISIMA;3.59
3636475;2026-09-17;PLC06;EL REY DEL PUEBLO;ProdBEBIDAS_LACT;LECHE COMPLETA LIQUIDA PURISIMA;3.2
3636476;2026-09-17;PLC06;EL REY DEL PUEBLO;ProdBEBIDAS_LACT;LECHE DESCREMADA LIQUIDA PURISIMA;3.2
3636477;2026-09-17;PLC06;EL REY DEL PUEBLO;ProdBEBIDAS_LACT;LECHE  DESLACTOSADA LIQUIDA PURISIMA;3.35
3636485;2026-09-17;PLC06;EL REY DEL PUEBLO;ProdBEBIDAS_LACT;LECHE EN POLVO PURISIMA 200GR;4.16
3636486;2026-09-17;PLC06;EL REY DEL PUEBLO;ProdBEBIDAS_LACT;LECHE EN POLVO PURISIMA 400GR;8.06
3714382;2026-09-23;PTO02;HIP HONG KONG;ProdBEBIDAS_LACT;LECHE COMPLETA LIQUIDA PURISIMA;2.49
3714449;2026-09-23;PTO02;HIP HONG KONG;ProdBEBIDAS_LACT;LECHE DESCREMADA LIQUIDA PURISIMA;2.43
3714451;2026-09-23;PTO02;HIP HONG KONG;ProdBEBIDAS_LACT;LECHE  DESLACTOSADA LIQUIDA PURISIMA;2.57
3770999;2026-09-28;BQTO08;HIPERMERCADO FRESH MARKET C.A;ProdBEBIDAS_LACT;LECHE COMPLETA LIQUIDA PURISIMA;2.58
3771000;2026-09-28;BQTO08;HIPERMERCADO FRESH MARKET C.A;ProdBEBIDAS_LACT;LECHE DESCREMADA LIQUIDA PURISIMA;2.53
3771001;2026-09-28;BQTO08;HIPERMERCADO FRESH MARKET C.A;ProdBEBIDAS_LACT;LECHE BARISTA PURISIMA;2.68
3771002;2026-09-28;BQTO08;HIPERMERCADO FRESH MARKET C.A;ProdBEBIDAS;NECTAR MANZANA 1L TUNAL;2.22
3771003;2026-09-28;BQTO08;HIPERMERCADO FRESH MARKET C.A;ProdBEBIDAS;NECTAR PERA 1L TUNAL;2.22
3771004;2026-09-28;BQTO08;HIPERMERCADO FRESH MARKET C.A;ProdBEBIDAS;NECTAR DURAZNO 1L TUNAL;2.22
3771005;2026-09-28;BQTO08;HIPERMERCADO FRESH MARKET C.A;ProdBEBIDAS;TE DURAZNO 1L TUNAL;2.2
3771006;2026-09-28;BQTO08;HIPERMERCADO FRESH MARKET C.A;ProdBEBIDAS;TE LIMON 1L TUNAL;2.2
3771007;2026-09-28;BQTO08;HIPERMERCADO FRESH MARKET C.A;ProdBEBIDAS;NECTAR MANZANA 200 ML TUNAL;2.53
3771008;2026-09-28;BQTO08;HIPERMERCADO FRESH MARKET C.A;ProdBEBIDAS;NECTAR PERA 200 ML TUNAL;2.53
3771009;2026-09-28;BQTO08;HIPERMERCADO FRESH MARKET C.A;ProdBEBIDAS;NECTAR DURAZNO 200 ML TUNAL;2.53
3771010;2026-09-28;BQTO08;HIPERMERCADO FRESH MARKET C.A;ProdEMBUTIDOS;SALCHICHA TIPO VIENA 800GR (24unid) ALIMEX;10.25
3771011;2026-09-28;BQTO08;HIPERMERCADO FRESH MARKET C.A;ProdEMBUTIDOS;SALCHICHA TIPO VIENA 450GR (22unid) ALIMEX;5.99
3771015;2026-09-28;BQTO08;HIPERMERCADO FRESH MARKET C.A;ProdDERIV_LACTEOS;CREMA DE LECHE DE 500GR PURISIMA;5.59
3771013;2026-09-28;BQTO08;HIPERMERCADO FRESH MARKET C.A;ProdDERIV_LACTEOS;CREMA DE LECHE DE 250GR PURISIMA;3.25
3771014;2026-09-28;BQTO08;HIPERMERCADO FRESH MARKET C.A;ProdDERIV_LACTEOS;MANTEQUILLA PURISIMA SIN SAL 200G PURISIMA;5.18
3771016;2026-09-28;BQTO08;HIPERMERCADO FRESH MARKET C.A;ProdEMBUTIDOS;MORTADELA CCS DE CARNES 900G;3.18
3771017;2026-09-28;BQTO08;HIPERMERCADO FRESH MARKET C.A;ProdEMBUTIDOS;MORTADELA CCS DE CARNES 500G;1.88
3771018;2026-09-28;BQTO08;HIPERMERCADO FRESH MARKET C.A;ProdBEBIDAS_LACT;Leche en polvo Purisima 1kg;12.75
3771019;2026-09-28;BQTO08;HIPERMERCADO FRESH MARKET C.A;ProdBEBIDAS_LACT;Leche en polvo Purisima 500gr;6.35
3767876;2026-09-28;PTO01;UNARE CENTER;ProdEMBUTIDOS;MORTADELA CCS DE CARNES 900G;3
3767877;2026-09-28;PTO01;UNARE CENTER;ProdEMBUTIDOS;MORTADELA CCS DE CARNES 500G;2.2
3728656;2026-09-24;PTO01;UNARE CENTER;ProdBEBIDAS_LACT;LECHE BARISTA PURISIMA;13.19
3745274;2026-09-25;PTO01;SUP ARA;ProdDERIV_LACTEOS;CREMA DE LECHE DE 500GR PURISIMA;6.17
3745275;2026-09-25;PTO01;SUP ARA;ProdDERIV_LACTEOS;CREMA DE LECHE DE 250GR PURISIMA;3.39
3745277;2026-09-25;PTO01;SUP ARA;ProdDERIV_LACTEOS;MANTEQUILLA PURISIMA CON SAL 200G PURISIMA;8.9
3562077;2026-09-10;CCS04;RIO VIDA SANTA SOFIA;ProdEMBUTIDOS;SALCHICHA TIPO VIENA 450GR (22unid) ALIMEX;6.76
3562078;2026-09-10;CCS04;RIO VIDA SANTA SOFIA;ProdDERIV_LACTEOS;CREMA DE LECHE DE 500GR PURISIMA;6.15
3562079;2026-09-10;CCS04;RIO VIDA SANTA SOFIA;ProdDERIV_LACTEOS;CREMA DE LECHE DE 250GR PURISIMA;3.68
3562081;2026-09-10;CCS04;RIO VIDA SANTA SOFIA;ProdDERIV_LACTEOS;MANTEQUILLA PURISIMA CON SAL 200G PURISIMA;6.59
3562082;2026-09-10;CCS04;RIO VIDA SANTA SOFIA;ProdBEBIDAS;NECTAR DURAZNO 200 ML TUNAL;2.94
3562083;2026-09-10;CCS04;RIO VIDA SANTA SOFIA;ProdBEBIDAS;NECTAR PERA 200 ML TUNAL;2.94
3562084;2026-09-10;CCS04;RIO VIDA SANTA SOFIA;ProdBEBIDAS;NARANJADA 1L TUNAL;3.29
3562085;2026-09-10;CCS04;RIO VIDA SANTA SOFIA;ProdBEBIDAS;NECTAR PERA 1L TUNAL;2.52
3562086;2026-09-10;CCS04;RIO VIDA SANTA SOFIA;ProdBEBIDAS;NECTAR MANZANA 1L TUNAL;2.52
3562087;2026-09-10;CCS04;RIO VIDA SANTA SOFIA;ProdBEBIDAS;TE LIMON 1L TUNAL;2.59
3761520;2026-09-28;PTO01;MAX ORIENTAL;ProdDERIV_LACTEOS;CREMA DE LECHE DE 500GR PURISIMA;3.56
3761521;2026-09-28;PTO01;MAX ORIENTAL;ProdDERIV_LACTEOS;CREMA DE LECHE DE 250GR PURISIMA;6.03
3761522;2026-09-28;PTO01;MAX ORIENTAL;ProdDERIV_LACTEOS;MANTEQUILLA PURISIMA SIN SAL 200G PURISIMA;5.38
3761523;2026-09-28;PTO01;MAX ORIENTAL;ProdDERIV_LACTEOS;MANTEQUILLA PURISIMA CON SAL 200G PURISIMA;5.81
3761524;2026-09-28;PTO01;MAX ORIENTAL;ProdEMBUTIDOS;MORTADELA CCS DE CARNES 900G;3.5
3761525;2026-09-28;PTO01;MAX ORIENTAL;ProdEMBUTIDOS;MORTADELA CCS DE CARNES 500G;2.05
3761526;2026-09-28;PTO01;MAX ORIENTAL;ProdEMBUTIDOS;CHORIZO DE CERDO AHUMADO PARRILLERO ALIMEX;4.39
3761527;2026-09-28;PTO01;MAX ORIENTAL;ProdEMBUTIDOS;CHORIZO DE CERDO PICANTE PARRILLERO ALIMEX;4.26
3761528;2026-09-28;PTO01;MAX ORIENTAL;ProdEMBUTIDOS;SALCHICHA TIPO VIENA 225G (11unid) ALIMEX;2.99
3761529;2026-09-28;PTO01;MAX ORIENTAL;ProdEMBUTIDOS;SALCHICHA TIPO VIENA 450GR (22unid) ALIMEX;5.72
3761530;2026-09-28;PTO01;MAX ORIENTAL;ProdEMBUTIDOS;SALCHICHA TIPO VIENA 800GR (24unid) ALIMEX;10.66
3761531;2026-09-28;PTO01;MAX ORIENTAL;ProdBEBIDAS_LACT;LECHE BARISTA PURISIMA;2.94
3761532;2026-09-28;PTO01;MAX ORIENTAL;ProdBEBIDAS_LACT;LECHE  DESLACTOSADA LIQUIDA PURISIMA;2.9
3761533;2026-09-28;PTO01;MAX ORIENTAL;ProdBEBIDAS_LACT;LECHE DESCREMADA LIQUIDA PURISIMA;2.74
3761534;2026-09-28;PTO01;MAX ORIENTAL;ProdBEBIDAS_LACT;LECHE COMPLETA LIQUIDA PURISIMA;2.8
3782113;2026-09-29;PTO02;SUPER COSTA AMERICA;ProdBEBIDAS_LACT;LECHE COMPLETA LIQUIDA PURISIMA;2.5
3782138;2026-09-29;PTO02;SUPER COSTA AMERICA;ProdBEBIDAS_LACT;LECHE DESCREMADA LIQUIDA PURISIMA;2.45
3782149;2026-09-29;PTO02;SUPER COSTA AMERICA;ProdBEBIDAS_LACT;LECHE  DESLACTOSADA LIQUIDA PURISIMA;3.23
3782204;2026-09-29;PTO02;SUPER COSTA AMERICA;ProdBEBIDAS_LACT;LECHE BARISTA PURISIMA;16.01
3782202;2026-09-29;PTO02;SUPER COSTA AMERICA;ProdBEBIDAS_LACT;LECHE EN POLVO PURISIMA 200GR;3.84
3764976;2026-09-28;PTO03;ECO MARKET;ProdBEBIDAS_LACT;LECHE COMPLETA LIQUIDA PURISIMA;2.52
3764979;2026-09-28;PTO03;ECO MARKET;ProdEMBUTIDOS;MORTADELA CCS DE CARNES 500G;1.95
3764980;2026-09-28;PTO03;ECO MARKET;ProdEMBUTIDOS;MORTADELA CCS DE CARNES 900G;3.67
3764983;2026-09-28;PTO03;ECO MARKET;ProdDERIV_LACTEOS;MANTEQUILLA PURISIMA SIN SAL 200G PURISIMA;5.51
3764984;2026-09-28;PTO03;ECO MARKET;ProdDERIV_LACTEOS;MANTEQUILLA PURISIMA CON SAL 200G PURISIMA;5.95
3800227;2026-09-30;CCS03;FORUM LA URBINA;ProdDERIV_LACTEOS;CREMA DE LECHE DE 500GR PURISIMA;6.19
3800228;2026-09-30;CCS03;FORUM LA URBINA;ProdDERIV_LACTEOS;CREMA DE LECHE DE 250GR PURISIMA;3.65
3800229;2026-09-30;CCS03;FORUM LA URBINA;ProdDERIV_LACTEOS;QUESO DE CABRA 250 G PURISIMA;22.29
3800230;2026-09-30;CCS03;FORUM LA URBINA;ProdDERIV_LACTEOS;Queso amarillo Purisima semimadurado disco 500gr;32.99
3800231;2026-09-30;CCS03;FORUM LA URBINA;ProdDERIV_LACTEOS;MANTEQUILLA PURISIMA SIN SAL 200G PURISIMA;5.79
3800232;2026-09-30;CCS03;FORUM LA URBINA;ProdDERIV_LACTEOS;MANTEQUILLA PURISIMA CON SAL 200G PURISIMA;6.29
3800233;2026-09-30;CCS03;FORUM LA URBINA;ProdEMBUTIDOS;SALCHICHA TIPO VIENA 800GR (24unid) ALIMEX;12.25
3800234;2026-09-30;CCS03;FORUM LA URBINA;ProdEMBUTIDOS;SALCHICHA TIPO VIENA 450GR (22unid) ALIMEX;7.15
3800235;2026-09-30;CCS03;FORUM LA URBINA;ProdEMBUTIDOS;SALCHICHA TIPO VIENA 225G (11unid) ALIMEX;3.65
3800236;2026-09-30;CCS03;FORUM LA URBINA;ProdEMBUTIDOS;MORTADELA CCS DE CARNES 500G;2.25
3634795;2026-09-11;CCS03;FORUM LA URBINA;ProdBEBIDAS_LACT;LECHE COMPLETA LIQUIDA PURISIMA;2.49
3634796;2026-09-11;CCS03;FORUM LA URBINA;ProdBEBIDAS_LACT;LECHE DESCREMADA LIQUIDA PURISIMA;2.59
3634797;2026-09-11;CCS03;FORUM LA URBINA;ProdBEBIDAS_LACT;LECHE  DESLACTOSADA LIQUIDA PURISIMA;2.45
3800243;2026-09-30;CCS03;FORUM LA URBINA;ProdBEBIDAS_LACT;LECHE EN POLVO PURISIMA 400GR;6.69
3800244;2026-09-30;CCS03;FORUM LA URBINA;ProdBEBIDAS_LACT;LECHE EN POLVO PURISIMA 900GR;13.99
3800255;2026-09-30;CCS03;FORUM LA URBINA;ProdBEBIDAS;NECTAR PERA 1L TUNAL;2.77
3800253;2026-09-30;CCS03;FORUM LA URBINA;ProdBEBIDAS;NECTAR DURAZNO 1L TUNAL;2.77
3800254;2026-09-30;CCS03;FORUM LA URBINA;ProdBEBIDAS;NECTAR MANZANA 1L TUNAL;2.77
3634798;2026-09-11;CCS03;FORUM LA URBINA;ProdBEBIDAS;NARANJADA  200 ML TUNAL;3.2
3800257;2026-09-30;CCS03;FORUM LA URBINA;ProdBEBIDAS;NECTAR DURAZNO 200 ML TUNAL;3.16
3800258;2026-09-30;CCS03;FORUM LA URBINA;ProdBEBIDAS;NECTAR MANZANA 200 ML TUNAL;3.16
3800259;2026-09-30;CCS03;FORUM LA URBINA;ProdBEBIDAS;NECTAR PERA 200 ML TUNAL;3.16
3800260;2026-09-30;CCS03;FORUM LA URBINA;ProdBEBIDAS;TE DURAZNO 1L TUNAL;2.75
3800261;2026-09-30;CCS03;FORUM LA URBINA;ProdBEBIDAS;TE FRUTOS ROJOS 1L TUNAL;2.75
3800262;2026-09-30;CCS03;FORUM LA URBINA;ProdBEBIDAS;TE LIMON 1L TUNAL;2.75
3800272;2026-09-30;CCS03;REDVITAL LA URBINA;ProdBEBIDAS;NARANJADA 1L TUNAL;3.04
3800273;2026-09-30;CCS03;REDVITAL LA URBINA;ProdBEBIDAS;NECTAR DURAZNO 1L TUNAL;2.38
3800274;2026-09-30;CCS03;REDVITAL LA URBINA;ProdBEBIDAS;NECTAR MANZANA 1L TUNAL;2.38
3800275;2026-09-30;CCS03;REDVITAL LA URBINA;ProdBEBIDAS;NECTAR PERA 1L TUNAL;2.38
3800276;2026-09-30;CCS03;REDVITAL LA URBINA;ProdBEBIDAS;NECTAR PERA LIGHT 1 LITRO TUNAL;2.5
3800277;2026-09-30;CCS03;REDVITAL LA URBINA;ProdBEBIDAS;JUGO NARANJA LIGTH 1 LITRO TUNAL;2.51
3800278;2026-09-30;CCS03;REDVITAL LA URBINA;ProdBEBIDAS;TE DURAZNO 1L TUNAL;2.35
3800279;2026-09-30;CCS03;REDVITAL LA URBINA;ProdBEBIDAS;TE LIMON 1L TUNAL;2.35
3800280;2026-09-30;CCS03;REDVITAL LA URBINA;ProdBEBIDAS;TE FRUTOS ROJOS 1L TUNAL;2.35
3800281;2026-09-30;CCS03;REDVITAL LA URBINA;ProdBEBIDAS_LACT;LECHE EN POLVO PURISIMA 200GR;3.3
3800282;2026-09-30;CCS03;REDVITAL LA URBINA;ProdBEBIDAS_LACT;LECHE EN POLVO PURISIMA 400GR;6.82
3800283;2026-09-30;CCS03;REDVITAL LA URBINA;ProdBEBIDAS_LACT;LECHE EN POLVO PURISIMA 900GR;13.03
3800288;2026-09-30;CCS03;REDVITAL LA URBINA;ProdBEBIDAS_LACT;LECHE COMPLETA LIQUIDA PURISIMA;2.58
3800289;2026-09-30;CCS03;REDVITAL LA URBINA;ProdBEBIDAS_LACT;LECHE BARISTA PURISIMA;2.53
3800290;2026-09-30;CCS03;REDVITAL LA URBINA;ProdBEBIDAS_LACT;LECHE  DESLACTOSADA LIQUIDA PURISIMA;2.67
3800291;2026-09-30;CCS03;REDVITAL LA URBINA;ProdBEBIDAS_LACT;LECHE COMPLETA BARISTA LIQUIDA PURISIMA;2.69
3800297;2026-09-30;CCS03;REDVITAL LA URBINA;ProdDERIV_LACTEOS;MANTEQUILLA PURISIMA CON SAL 200G PURISIMA;5.63
3800298;2026-09-30;CCS03;REDVITAL LA URBINA;ProdDERIV_LACTEOS;CREMA DE LECHE DE 500GR PURISIMA;3.32
3800299;2026-09-30;CCS03;REDVITAL LA URBINA;ProdDERIV_LACTEOS;CREMA DE LECHE DE 250GR PURISIMA;5.6
3797435;2026-09-30;CCS09;CENTRAL MADEIRENSE MACARACUAY;ProdEMBUTIDOS;SALCHICHA TIPO VIENA 225G (11unid) ALIMEX;3.75
3797436;2026-09-30;CCS09;CENTRAL MADEIRENSE MACARACUAY;ProdDERIV_LACTEOS;CREMA DE LECHE DE 500GR PURISIMA;6.3
3797438;2026-09-30;CCS09;CENTRAL MADEIRENSE MACARACUAY;ProdDERIV_LACTEOS;MANTEQUILLA PURISIMA CON SAL 200G PURISIMA;6.94
3797441;2026-09-30;CCS09;CENTRAL MADEIRENSE MACARACUAY;ProdBEBIDAS;NARANJADA 1L TUNAL;3.25
3797437;2026-09-30;CCS09;RIOVIDA MARQUES;ProdDERIV_LACTEOS;CREMA DE LECHE DE 250GR PURISIMA;3.68
3797439;2026-09-30;CCS09;RIOVIDA MARQUES;ProdEMBUTIDOS;SALCHICHA TIPO VIENA 450GR (22unid) ALIMEX;6.75
3797442;2026-09-30;CCS09;RIOVIDA MARQUES;ProdBEBIDAS_LACT;LECHE BARISTA PURISIMA;2.78
3575502;2026-09-11;CCS04;FORUM PIRAMIDE;ProdEMBUTIDOS;MORTADELA DE POLLO DE 500G;1.79
3575503;2026-09-11;CCS04;FORUM PIRAMIDE;ProdEMBUTIDOS;MORTADELA de Pollo Caracas 900gr;3.25
3575504;2026-09-11;CCS04;FORUM PIRAMIDE;ProdEMBUTIDOS;MORTADELA CCS DE CARNES 500G;2.25
3575505;2026-09-11;CCS04;FORUM PIRAMIDE;ProdEMBUTIDOS;MORTADELA CCS DE CARNES 900G;3.49
3575506;2026-09-11;CCS04;FORUM PIRAMIDE;ProdDERIV_LACTEOS;CREMA DE LECHE DE 500GR PURISIMA;6.19
3575507;2026-09-11;CCS04;FORUM PIRAMIDE;ProdDERIV_LACTEOS;CREMA DE LECHE DE 250GR PURISIMA;3.65
3575508;2026-09-11;CCS04;FORUM PIRAMIDE;ProdDERIV_LACTEOS;MANTEQUILLA PURISIMA SIN SAL 200G PURISIMA;5.79
3575509;2026-09-11;CCS04;FORUM PIRAMIDE;ProdDERIV_LACTEOS;MANTEQUILLA PURISIMA CON SAL 200G PURISIMA;6.29
3575510;2026-09-11;CCS04;FORUM PIRAMIDE;ProdEMBUTIDOS;SALCHICHA TIPO VIENA 800GR (24unid) ALIMEX;11.69
3575511;2026-09-11;CCS04;FORUM PIRAMIDE;ProdEMBUTIDOS;SALCHICHA TIPO VIENA 450GR (22unid) ALIMEX;6.75
3575512;2026-09-11;CCS04;FORUM PIRAMIDE;ProdEMBUTIDOS;SALCHICHA TIPO VIENA 225G (11unid) ALIMEX;3.65
3575513;2026-09-11;CCS04;FORUM PIRAMIDE;ProdEMBUTIDOS;CHORIZO DE CERDO AHUMADO PARRILLERO ALIMEX;14.49
3575514;2026-09-11;CCS04;FORUM PIRAMIDE;ProdEMBUTIDOS;CHORIZO DE CERDO PICANTE PARRILLERO ALIMEX;11.99
3575517;2026-09-11;CCS04;FORUM PIRAMIDE;ProdBEBIDAS_LACT;LECHE EN POLVO PURISIMA 400GR;6.29
3575518;2026-09-11;CCS04;FORUM PIRAMIDE;ProdBEBIDAS_LACT;LECHE EN POLVO PURISIMA 900GR;12.79
3575522;2026-09-11;CCS04;FORUM PIRAMIDE;ProdBEBIDAS_LACT;LECHE COMPLETA LIQUIDA PURISIMA;2.49
3575523;2026-09-11;CCS04;FORUM PIRAMIDE;ProdBEBIDAS_LACT;LECHE DESCREMADA LIQUIDA PURISIMA;2.45
3575524;2026-09-11;CCS04;FORUM PIRAMIDE;ProdBEBIDAS_LACT;LECHE  DESLACTOSADA LIQUIDA PURISIMA;2.75
3575536;2026-09-11;CCS04;FORUM PIRAMIDE;ProdBEBIDAS;NARANJADA 1L TUNAL;3.55
3575537;2026-09-11;CCS04;FORUM PIRAMIDE;ProdBEBIDAS;NECTAR DURAZNO 1L TUNAL;2.77
3575538;2026-09-11;CCS04;FORUM PIRAMIDE;ProdBEBIDAS;NECTAR MANZANA 1L TUNAL;2.77
3575539;2026-09-11;CCS04;FORUM PIRAMIDE;ProdBEBIDAS;NECTAR PERA 1L TUNAL;2.77
3575540;2026-09-11;CCS04;FORUM PIRAMIDE;ProdBEBIDAS;NARANJADA  200 ML TUNAL;3.2
3575541;2026-09-11;CCS04;FORUM PIRAMIDE;ProdBEBIDAS;NECTAR DURAZNO 200 ML TUNAL;3.16
3575542;2026-09-11;CCS04;FORUM PIRAMIDE;ProdBEBIDAS;NECTAR MANZANA 200 ML TUNAL;3.16
3575543;2026-09-11;CCS04;FORUM PIRAMIDE;ProdBEBIDAS;NECTAR PERA 200 ML TUNAL;3.16
3575544;2026-09-11;CCS04;FORUM PIRAMIDE;ProdBEBIDAS;TE DURAZNO 1L TUNAL;2.75
3575545;2026-09-11;CCS04;FORUM PIRAMIDE;ProdBEBIDAS;TE LIMON 1L TUNAL;2.75
3575546;2026-09-11;CCS04;FORUM PIRAMIDE;ProdBEBIDAS;TE FRUTOS ROJOS 1L TUNAL;2.75
3797972;2026-09-30;PLC01;TODO HOGAR SECTOR LAS GARZAS;ProdBEBIDAS_LACT;LECHE COMPLETA LIQUIDA PURISIMA;2.46
3797973;2026-09-30;PLC01;TODO HOGAR SECTOR LAS GARZAS;ProdBEBIDAS_LACT;LECHE DESCREMADA LIQUIDA PURISIMA;2.54
3797974;2026-09-30;PLC01;TODO HOGAR SECTOR LAS GARZAS;ProdBEBIDAS_LACT;LECHE  DESLACTOSADA LIQUIDA PURISIMA;2.79
3797977;2026-09-30;PLC01;TODO HOGAR SECTOR LAS GARZAS;ProdBEBIDAS;NECTAR MANZANA 1L TUNAL;2.05
3797978;2026-09-30;PLC01;TODO HOGAR SECTOR LAS GARZAS;ProdBEBIDAS;NECTAR PERA 1L TUNAL;2.05
3574091;2026-09-11;CCS04;FORUM HUMBOLDT;ProdBEBIDAS;TE DURAZNO 1L TUNAL;2.75
3574092;2026-09-11;CCS04;FORUM HUMBOLDT;ProdBEBIDAS;TE LIMON 1L TUNAL;2.75
3574093;2026-09-11;CCS04;FORUM HUMBOLDT;ProdBEBIDAS;TE FRUTOS ROJOS 1L TUNAL;2.75
3574102;2026-09-11;CCS04;FORUM HUMBOLDT;ProdBEBIDAS;NARANJADA 1L TUNAL;3.55
3574103;2026-09-11;CCS04;FORUM HUMBOLDT;ProdBEBIDAS;NECTAR DURAZNO 1L TUNAL;2.77
3574104;2026-09-11;CCS04;FORUM HUMBOLDT;ProdBEBIDAS;NECTAR MANZANA 1L TUNAL;2.77
3574105;2026-09-11;CCS04;FORUM HUMBOLDT;ProdBEBIDAS;NECTAR PERA 1L TUNAL;2.77
3574106;2026-09-11;CCS04;FORUM HUMBOLDT;ProdBEBIDAS;NARANJADA  200 ML TUNAL;3.2
3574107;2026-09-11;CCS04;FORUM HUMBOLDT;ProdBEBIDAS;NECTAR MANZANA 200 ML TUNAL;3.16
3574108;2026-09-11;CCS04;FORUM HUMBOLDT;ProdBEBIDAS;NECTAR PERA 200 ML TUNAL;3.16
3574113;2026-09-11;CCS04;FORUM HUMBOLDT;ProdBEBIDAS_LACT;LECHE COMPLETA LIQUIDA PURISIMA;2.49
3574114;2026-09-11;CCS04;FORUM HUMBOLDT;ProdBEBIDAS_LACT;LECHE DESCREMADA LIQUIDA PURISIMA;2.45
3574115;2026-09-11;CCS04;FORUM HUMBOLDT;ProdBEBIDAS_LACT;LECHE  DESLACTOSADA LIQUIDA PURISIMA;2.75
3574116;2026-09-11;CCS04;FORUM HUMBOLDT;ProdBEBIDAS_LACT;LECHE EN POLVO PURISIMA 400GR;6.29
3574117;2026-09-11;CCS04;FORUM HUMBOLDT;ProdBEBIDAS_LACT;LECHE EN POLVO PURISIMA 900GR;12.79
3574132;2026-09-11;CCS04;FORUM HUMBOLDT;ProdDERIV_LACTEOS;QUESO DE CABRA 500G PURISIMA;22.29
3574133;2026-09-11;CCS04;FORUM HUMBOLDT;ProdEMBUTIDOS;MORTADELA CCS DE CARNES 500G;2.25
3574134;2026-09-11;CCS04;FORUM HUMBOLDT;ProdEMBUTIDOS;MORTADELA CCS DE CARNES 900G;3.49
3574135;2026-09-11;CCS04;FORUM HUMBOLDT;ProdEMBUTIDOS;MORTADELA de Pollo Caracas 900gr;3.25
3574136;2026-09-11;CCS04;FORUM HUMBOLDT;ProdEMBUTIDOS;MORTADELA DE POLLO DE 500G;1.79
3574137;2026-09-11;CCS04;FORUM HUMBOLDT;ProdDERIV_LACTEOS;CREMA DE LECHE DE 500GR PURISIMA;6.19
3574138;2026-09-11;CCS04;FORUM HUMBOLDT;ProdDERIV_LACTEOS;CREMA DE LECHE DE 250GR PURISIMA;3.65
3574139;2026-09-11;CCS04;FORUM HUMBOLDT;ProdDERIV_LACTEOS;MANTEQUILLA PURISIMA SIN SAL 200G PURISIMA;5.79
3574140;2026-09-11;CCS04;FORUM HUMBOLDT;ProdDERIV_LACTEOS;MANTEQUILLA PURISIMA CON SAL 200G PURISIMA;6.29
3574141;2026-09-11;CCS04;FORUM HUMBOLDT;ProdEMBUTIDOS;SALCHICHA TIPO VIENA 800GR (24unid) ALIMEX;11.69
3574142;2026-09-11;CCS04;FORUM HUMBOLDT;ProdEMBUTIDOS;SALCHICHA TIPO VIENA 450GR (22unid) ALIMEX;6.75
3574143;2026-09-11;CCS04;FORUM HUMBOLDT;ProdEMBUTIDOS;SALCHICHA TIPO VIENA 225G (11unid) ALIMEX;3.65
3574144;2026-09-11;CCS04;FORUM HUMBOLDT;ProdEMBUTIDOS;CHORIZO DE CERDO AHUMADO PARRILLERO ALIMEX;14.49
3574145;2026-09-11;CCS04;FORUM HUMBOLDT;ProdEMBUTIDOS;CHORIZO DE CERDO PICANTE PARRILLERO ALIMEX;13.6
3762469;2026-09-28;PTO02;SANTO FELIZ EXPRESS;ProdBEBIDAS_LACT;LECHE COMPLETA LIQUIDA PURISIMA;2.36
3766356;2026-09-28;PTO01;HIP CARONI;ProdBEBIDAS_LACT;LECHE EN POLVO PURISIMA 400GR;5.95
3766355;2026-09-28;PTO01;HIP CARONI;ProdBEBIDAS_LACT;LECHE EN POLVO PURISIMA 200GR;3.02
3764992;2026-09-28;PTO03;ASIA CENTRAL;ProdBEBIDAS_LACT;LECHE COMPLETA LIQUIDA PURISIMA;2.74
3764993;2026-09-28;PTO03;ASIA CENTRAL;ProdBEBIDAS;NECTAR PERA 200 ML TUNAL;0.82
3764994;2026-09-28;PTO03;ASIA CENTRAL;ProdBEBIDAS;NECTAR MANZANA 200 ML TUNAL;0.82
3764995;2026-09-28;PTO03;ASIA CENTRAL;ProdBEBIDAS;NECTAR DURAZNO 200 ML TUNAL;0.82
3764996;2026-09-28;PTO03;ASIA CENTRAL;ProdEMBUTIDOS;MORTADELA CCS DE CARNES 500G;1.96
3764997;2026-09-28;PTO03;ASIA CENTRAL;ProdEMBUTIDOS;MORTADELA CCS DE CARNES 900G;3.24
3572743;2026-09-11;CCS04;UNICASA CUMBRES DE CURUMO;ProdBEBIDAS_LACT;LECHE EN POLVO PURISIMA 400GR;6.88
3572753;2026-09-11;CCS04;UNICASA CUMBRES DE CURUMO;ProdBEBIDAS_LACT;LECHE BARISTA PURISIMA;2.94
3572757;2026-09-11;CCS04;UNICASA CUMBRES DE CURUMO;ProdBEBIDAS_LACT;LECHE COMPLETA LIQUIDA PURISIMA;2.55
3572758;2026-09-11;CCS04;UNICASA CUMBRES DE CURUMO;ProdBEBIDAS_LACT;LECHE DESCREMADA LIQUIDA PURISIMA;2.55
3572759;2026-09-11;CCS04;UNICASA CUMBRES DE CURUMO;ProdBEBIDAS_LACT;LECHE  DESLACTOSADA LIQUIDA PURISIMA;2.55
3572761;2026-09-11;CCS04;UNICASA CUMBRES DE CURUMO;ProdBEBIDAS;NARANJADA 1L TUNAL;3.24
3572762;2026-09-11;CCS04;UNICASA CUMBRES DE CURUMO;ProdBEBIDAS;NECTAR DURAZNO 1L TUNAL;2.53
3572763;2026-09-11;CCS04;UNICASA CUMBRES DE CURUMO;ProdBEBIDAS;NECTAR MANZANA 1L TUNAL;2.53
3572764;2026-09-11;CCS04;UNICASA CUMBRES DE CURUMO;ProdBEBIDAS;NARANJADA  200 ML TUNAL;2.92
3572765;2026-09-11;CCS04;UNICASA CUMBRES DE CURUMO;ProdBEBIDAS;NECTAR DURAZNO 200 ML TUNAL;2.88
3572766;2026-09-11;CCS04;UNICASA CUMBRES DE CURUMO;ProdBEBIDAS;NECTAR MANZANA 200 ML TUNAL;2.88
3572767;2026-09-11;CCS04;UNICASA CUMBRES DE CURUMO;ProdBEBIDAS;NECTAR PERA 1L TUNAL;2.88
3572768;2026-09-11;CCS04;UNICASA CUMBRES DE CURUMO;ProdBEBIDAS;JUGO NARANJA LIGTH 1 LITRO TUNAL;2.68
3572769;2026-09-11;CCS04;UNICASA CUMBRES DE CURUMO;ProdBEBIDAS;NECTAR PERA LIGHT 1 LITRO TUNAL;2.58
3572770;2026-09-11;CCS04;UNICASA CUMBRES DE CURUMO;ProdBEBIDAS;NARANJADA  500 ML TUNAL;2.24
3572771;2026-09-11;CCS04;UNICASA CUMBRES DE CURUMO;ProdBEBIDAS;TE DURAZNO 500ML TUNAL;1.37
3572772;2026-09-11;CCS04;UNICASA CUMBRES DE CURUMO;ProdBEBIDAS;TE LIMON 500ML TUNAL;1.37
3572773;2026-09-11;CCS04;UNICASA CUMBRES DE CURUMO;ProdBEBIDAS;TE DURAZNO 1L TUNAL;2.51
3572774;2026-09-11;CCS04;UNICASA CUMBRES DE CURUMO;ProdBEBIDAS;TE LIMON 1L TUNAL;2.51
3572775;2026-09-11;CCS04;UNICASA CUMBRES DE CURUMO;ProdBEBIDAS;TE FRUTOS ROJOS 1L TUNAL;2.51
3634815;2026-09-11;CCS03;FORUM LA CALIFORNIA;ProdBEBIDAS_LACT;LECHE COMPLETA LIQUIDA PURISIMA;2.65
3634817;2026-09-11;CCS03;FORUM LA CALIFORNIA;ProdBEBIDAS_LACT;LECHE DESCREMADA LIQUIDA PURISIMA;2.59
3634818;2026-09-11;CCS03;FORUM LA CALIFORNIA;ProdBEBIDAS_LACT;LECHE  DESLACTOSADA LIQUIDA PURISIMA;2.75
3787523;2026-09-29;MCY01;SUPERLIDER LOS SAMANES;ProdBEBIDAS_LACT;LECHE COMPLETA LIQUIDA PURISIMA;3.25
3787524;2026-09-29;MCY01;SUPERLIDER LOS SAMANES;ProdBEBIDAS_LACT;LECHE DESCREMADA LIQUIDA PURISIMA;3.19
3787525;2026-09-29;MCY01;SUPERLIDER LOS SAMANES;ProdBEBIDAS_LACT;LECHE  DESLACTOSADA LIQUIDA PURISIMA;3.26
3787532;2026-09-29;MCY01;SUPERLIDER LOS SAMANES;ProdBEBIDAS;NARANJADA 1L TUNAL;3.19
3787534;2026-09-29;MCY01;SUPERLIDER LOS SAMANES;ProdBEBIDAS;NECTAR MANZANA 1L TUNAL;2.49
3787536;2026-09-29;MCY01;SUPERLIDER LOS SAMANES;ProdBEBIDAS;NECTAR PERA 1L TUNAL;2.49
3787540;2026-09-29;MCY01;SUPERLIDER LOS SAMANES;ProdBEBIDAS_LACT;LECHE EN POLVO PURISIMA 900GR;16.89
