idDC;Fecha_DC;Ruta;SucCliente;Productos;Precio_Venta_Detal
3724111;2026-09-24;;;LECHE DESCREMADA NATULAC;3.1
3735022;2026-09-24;BQTO0;-ALL PLUS;LECHE COMPLETA PASTORENA;2.75
3735020;2026-09-24;BQTO0;-ALL PLUS;LECHE COMPLETA SAN SIMON;2.5
3735024;2026-09-24;BQTO0;-ALL PLUS;LECHE DESCREMADA PASTORENA;2.75
3735018;2026-09-24;BQTO0;-ALL PLUS;LECHE DESCREMADA SAN SIMON;2.6
3538638;2026-09-08;BQTO0;-ALL PLUS;LECHE DESLACTOSADA SAN SIMON;2.5
3735034;2026-09-24;BQTO0;-ALL PLUS;LECHE EN POLVO 200 GR LA CAMPINA;2.4
3735030;2026-09-24;BQTO0;-ALL PLUS;LECHE EN POLVO 200 GR SAN SIMON;2.15
3735033;2026-09-24;BQTO0;-ALL PLUS;LECHE EN POLVO 400 GR LA CAMPINA;7.8
3735028;2026-09-24;BQTO0;-ALL PLUS;LECHE EN POLVO 400 GR SAN SIMON;6.2
3735032;2026-09-24;BQTO0;-ALL PLUS;LECHE EN POLVO 900 GR LA CAMPINA;17.5
3735026;2026-09-24;BQTO0;-ALL PLUS;LECHE EN POLVO 900 GR SAN SIMON;12.3
3536233;2026-09-08;BQTO0;-AUTOMERCADO LA 9;LECHE COMPLETA NATULAC;1.79
3536235;2026-09-08;BQTO0;-AUTOMERCADO LA 9;LECHE DESCREMADA NATULAC;2.28
3536237;2026-09-08;BQTO0;-AUTOMERCADO LA 9;LECHE DESLACTOSADA NATULAC;3.15
3717243;2026-09-23;BQTO0;-AUTOMERCADO LOS MOLINOS I;LECHE EN POLVO 400 GR SAN SIMON;6.5
3717242;2026-09-23;BQTO0;-AUTOMERCADO LOS MOLINOS I;LECHE EN POLVO 900 GR SAN SIMON;11.12
3717121;2026-09-23;BQTO0;-AUTOMERCADO LUZ;LECHE EN POLVO 900 GR SAN SIMON;10.5
3537205;2026-09-08;BQTO0;-AUTOMERCADO SUPER OFERTA;DURAZNO NATULAC 1L;2.16
3537199;2026-09-08;BQTO0;-AUTOMERCADO SUPER OFERTA;DURAZNO NATULAC 250ML;2.66
3537207;2026-09-08;BQTO0;-AUTOMERCADO SUPER OFERTA;LECHE COMPLETA NATULAC;2.51
3537211;2026-09-08;BQTO0;-AUTOMERCADO SUPER OFERTA;LECHE DESCREMADA NATULAC;2.63
3537209;2026-09-08;BQTO0;-AUTOMERCADO SUPER OFERTA;LECHE DESLACTOSADA NATULAC;2.63
3699661;2026-09-22;BQTO0;-AUTOMERCADO SUPER OFERTA;LECHE EN POLVO 200 GR LA CAMPINA;3.48
3699660;2026-09-22;BQTO0;-AUTOMERCADO SUPER OFERTA;LECHE EN POLVO 400 GR LA CAMPINA;7.45
3699659;2026-09-22;BQTO0;-AUTOMERCADO SUPER OFERTA;LECHE EN POLVO 900 GR LA CAMPINA;14.33
3537203;2026-09-08;BQTO0;-AUTOMERCADO SUPER OFERTA;MANZANA LIGTH NATULAC 1L;2.16
3537197;2026-09-08;BQTO0;-AUTOMERCADO SUPER OFERTA;MANZANA NATULAC 250ML;2.66
3537201;2026-09-08;BQTO0;-AUTOMERCADO SUPER OFERTA;NARANJA LIGHT NATULAC 1L;2.16
3537195;2026-09-08;BQTO0;-AUTOMERCADO SUPER OFERTA;PERA NATULAC 250ML;3.25
3746710;2026-09-24;BQTO0;-BAZAR COLONIAL;LECHE EN POLVO 200 GR LA CAMPINA;3
3746709;2026-09-24;BQTO0;-BAZAR COLONIAL;LECHE EN POLVO 400 GR LA CAMPINA;6
3571133;2026-09-10;BQTO0;-BAZAR COLONIAL;LECHE EN POLVO 900 GR LA CAMPINA;11.99
3735031;2026-09-24;BQTO0;-BAZAR EXTRA;DURAZNO NATULAC 1L;2.35
3735019;2026-09-24;BQTO0;-BAZAR EXTRA;LECHE COMPLETA NATULAC;2.5
3570670;2026-09-10;BQTO0;-BAZAR EXTRA;LECHE COMPLETA PASTORENA;2.55
3570668;2026-09-10;BQTO0;-BAZAR EXTRA;LECHE DESCREMADA NATULAC;2.5
3570671;2026-09-10;BQTO0;-BAZAR EXTRA;LECHE DESCREMADA PASTORENA;2.55
3570669;2026-09-10;BQTO0;-BAZAR EXTRA;LECHE DESLACTOSADA NATULAC;2.65
3735021;2026-09-24;BQTO0;-BAZAR EXTRA;LECHE DESLACTOSADA PASTORENA;2.65
3735025;2026-09-24;BQTO0;-BAZAR EXTRA;LECHE EN POLVO 200 GR LA CAMPINA;2.15
3735023;2026-09-24;BQTO0;-BAZAR EXTRA;LECHE EN POLVO 400 GR SAN SIMON;6.5
3735029;2026-09-24;BQTO0;-BAZAR EXTRA;MANZANA NATULAC 1L;2.35
3735027;2026-09-24;BQTO0;-BAZAR EXTRA;NARANJA NATULAC 1L;2.95
3736680;2026-09-24;BQTO0;-CARORITA 16;LECHE EN POLVO 200 GR LA CAMPINA;3.99
3588635;2026-09-10;BQTO0;-CARORITA 16;LECHE EN POLVO 200 GR SAN SIMON;2.29
3736678;2026-09-24;BQTO0;-CARORITA 16;LECHE EN POLVO 400 GR LA CAMPINA;7.99
3667633;2026-09-17;BQTO0;-CARORITA 16;LECHE EN POLVO 400 GR SAN SIMON;6.69
3736676;2026-09-24;BQTO0;-CARORITA 16;LECHE EN POLVO 900 GR LA CAMPINA;15.35
3736674;2026-09-24;BQTO0;-CARORITA 16;LECHE EN POLVO 900 GR SAN SIMON;14.65
3736683;2026-09-24;BQTO0;-CARORITA 17;LECHE EN POLVO 200 GR LA CAMPINA;3.85
3736682;2026-09-24;BQTO0;-CARORITA 17;LECHE EN POLVO 400 GR LA CAMPINA;7.67
3667722;2026-09-17;BQTO0;-CARORITA 17;LECHE EN POLVO 400 GR SAN SIMON;7.85
3736681;2026-09-24;BQTO0;-CARORITA 17;LECHE EN POLVO 900 GR LA CAMPINA;16
3736677;2026-09-24;BQTO0;-CARORITA 17;LECHE EN POLVO 900 GR SAN SIMON;15.38
3538630;2026-09-08;BQTO0;-CASA IDEAS LE;LECHE COMPLETA NATULAC;3.2
3617001;2026-09-15;BQTO0;-CASA IDEAS LE;LECHE COMPLETA SAN SIMON;2.6
3735005;2026-09-24;BQTO0;-CASA IDEAS LE;LECHE EN POLVO 200 GR SAN SIMON;2.72
3735004;2026-09-24;BQTO0;-CASA IDEAS LE;LECHE EN POLVO 400 GR SAN SIMON;7.1
3735003;2026-09-24;BQTO0;-CASA IDEAS LE;LECHE EN POLVO 900 GR SAN SIMON;14.42
3632781;2026-09-16;BQTO0;-CECOSESOLA RL SUC BARRIO UNION;LECHE COMPLETA SAN SIMON;2.19
3632784;2026-09-16;BQTO0;-CECOSESOLA RL SUC BARRIO UNION;LECHE EN POLVO 400 GR SAN SIMON;3.42
3667711;2026-09-17;BQTO0;-COMERCIAL ORQUIDEA;LECHE EN POLVO 200 GR LA CAMPINA;2.4
3667709;2026-09-17;BQTO0;-COMERCIAL ORQUIDEA;LECHE EN POLVO 400 GR LA CAMPINA;7.2
3736673;2026-09-24;BQTO0;-COMERCIAL ORQUIDEA;LECHE EN POLVO 900 GR LA CAMPINA;14.1
3599684;2026-09-14;BQTO0;-COMERCIAL PLUS CENTER ACARIGUA;LECHE EN POLVO 200 GR LA CAMPINA;3.55
3599680;2026-09-14;BQTO0;-COMERCIAL PLUS CENTER ACARIGUA;LECHE EN POLVO 400 GR LA CAMPINA;7.7
3599676;2026-09-14;BQTO0;-COMERCIAL PLUS CENTER ACARIGUA;LECHE EN POLVO 900 GR LA CAMPINA;14.5
3719284;2026-09-23;BQTO0;-DRAGON DE ORO C.A.;LECHE EN POLVO 200 GR LA CAMPINA;3.65
3719281;2026-09-23;BQTO0;-DRAGON DE ORO C.A.;LECHE EN POLVO 400 GR LA CAMPINA;7.15
3634504;2026-09-16;BQTO0;-DRAGON DE ORO C.A.;LECHE EN POLVO 400 GR SAN SIMON;5.65
3719279;2026-09-23;BQTO0;-DRAGON DE ORO C.A.;LECHE EN POLVO 900 GR LA CAMPINA;13.85
3719287;2026-09-23;BQTO0;-DRAGON DE ORO C.A.;LECHE EN POLVO 900 GR SAN SIMON;11.5
3719270;2026-09-23;BQTO0;-FABUCENTER C.A.;LECHE EN POLVO 200 GR LA CAMPINA;3.64
3719274;2026-09-23;BQTO0;-FABUCENTER C.A.;LECHE EN POLVO 200 GR SAN SIMON;5.77
3719269;2026-09-23;BQTO0;-FABUCENTER C.A.;LECHE EN POLVO 400 GR LA CAMPINA;7.14
3719268;2026-09-23;BQTO0;-FABUCENTER C.A.;LECHE EN POLVO 900 GR LA CAMPINA;14.34
3719277;2026-09-23;BQTO0;-FABUCENTER C.A.;LECHE EN POLVO 900 GR SAN SIMON;12.37
3571135;2026-09-10;BQTO0;-FIVE DE DICIEMBRE;LECHE EN POLVO 400 GR LA CAMPINA;1
3571132;2026-09-10;BQTO0;-FIVE DE DICIEMBRE;LECHE EN POLVO 900 GR SAN SIMON;1
3664340;2026-09-18;BQTO0;-FRIGORIFICO LA POLLERA PASEO;LECHE COMPLETA NATULAC;2.6
3664348;2026-09-18;BQTO0;-FRIGORIFICO LA POLLERA PASEO;LECHE COMPLETA PASTORENA;2.73
3664353;2026-09-18;BQTO0;-FRIGORIFICO LA POLLERA PASEO;LECHE COMPLETA SAN SIMON;2.7
3664343;2026-09-18;BQTO0;-FRIGORIFICO LA POLLERA PASEO;LECHE DESCREMADA NATULAC;2.54
3664349;2026-09-18;BQTO0;-FRIGORIFICO LA POLLERA PASEO;LECHE DESCREMADA PASTORENA;2.73
3664346;2026-09-18;BQTO0;-FRIGORIFICO LA POLLERA PASEO;LECHE DESLACTOSADA NATULAC;2.68
3664351;2026-09-18;BQTO0;-FRIGORIFICO LA POLLERA PASEO;LECHE DESLACTOSADA PASTORENA;2.75
3664356;2026-09-18;BQTO0;-FRIGORIFICO LA POLLERA PASEO;LECHE EN POLVO 400 GR LA CAMPINA;7.86
3664354;2026-09-18;BQTO0;-FRIGORIFICO LA POLLERA PASEO;LECHE EN POLVO 400 GR SAN SIMON;6.54
3664355;2026-09-18;BQTO0;-FRIGORIFICO LA POLLERA PASEO;LECHE EN POLVO 900 GR LA CAMPINA;15.39
3750030;2026-09-25;BQTO0;-FRIGORIFICO LA POLLERA PASEO;LECHE EN POLVO 900 GR SAN SIMON;13.32
3568898;2026-09-10;BQTO0;-FRIGORIFICO POLLERA CABUDARE;DURAZNO NATULAC 1L;2.16
3568904;2026-09-10;BQTO0;-FRIGORIFICO POLLERA CABUDARE;LECHE COMPLETA NATULAC;2.6
3568905;2026-09-10;BQTO0;-FRIGORIFICO POLLERA CABUDARE;LECHE DESCREMADA NATULAC;2.54
3568906;2026-09-10;BQTO0;-FRIGORIFICO POLLERA CABUDARE;LECHE DESLACTOSADA NATULAC;2.68
3645573;2026-09-17;BQTO0;-FRIGORIFICO POLLERA CABUDARE;LECHE EN POLVO 400 GR LA CAMPINA;7.86
3645572;2026-09-17;BQTO0;-FRIGORIFICO POLLERA CABUDARE;LECHE EN POLVO 400 GR SAN SIMON;6.64
3611963;2026-09-15;BQTO0;-FRIGORIFICO POLLERA CABUDARE;LECHE EN POLVO 900 GR LA CAMPINA;15.39
3645571;2026-09-17;BQTO0;-FRIGORIFICO POLLERA CABUDARE;LECHE EN POLVO 900 GR SAN SIMON;13.32
3536259;2026-09-08;BQTO0;-FRIGORIFICO POLLERA CABUDARE;MANTEQUILLA PAISA;6.9
3536258;2026-09-08;BQTO0;-FRIGORIFICO POLLERA CABUDARE;MANTEQUILLA TORONDOI;6.45
3568897;2026-09-10;BQTO0;-FRIGORIFICO POLLERA CABUDARE;MANZANA NATULAC 1L;2.16
3568895;2026-09-10;BQTO0;-FRIGORIFICO POLLERA CABUDARE;NARANJA NATULAC 1L;2.73
3568896;2026-09-10;BQTO0;-FRIGORIFICO POLLERA CABUDARE;PERA NATULAC 1L;2.16
3561784;2026-09-10;BQTO0;-FRIGORIFICO POLLERA LA 20;DURAZNO NATULAC 1L;2.16
3561778;2026-09-10;BQTO0;-FRIGORIFICO POLLERA LA 20;LECHE COMPLETA NATULAC;2.6
3561781;2026-09-10;BQTO0;-FRIGORIFICO POLLERA LA 20;LECHE COMPLETA PASTORENA;2.73
3561779;2026-09-10;BQTO0;-FRIGORIFICO POLLERA LA 20;LECHE DESCREMADA NATULAC;2.54
3561782;2026-09-10;BQTO0;-FRIGORIFICO POLLERA LA 20;LECHE DESCREMADA PASTORENA;2.73
3561780;2026-09-10;BQTO0;-FRIGORIFICO POLLERA LA 20;LECHE DESLACTOSADA NATULAC;2.68
3561783;2026-09-10;BQTO0;-FRIGORIFICO POLLERA LA 20;LECHE DESLACTOSADA PASTORENA;2.79
3701149;2026-09-22;BQTO0;-FRIGORIFICO POLLERA LA 20;LECHE EN POLVO 400 GR LA CAMPINA;8.07
3701147;2026-09-22;BQTO0;-FRIGORIFICO POLLERA LA 20;LECHE EN POLVO 400 GR SAN SIMON;6.64
3735011;2026-09-24;BQTO0;-FRIGORIFICO POLLERA LA 20;LECHE EN POLVO 900 GR SAN SIMON;13.32
3561786;2026-09-10;BQTO0;-FRIGORIFICO POLLERA LA 20;MANZANA LIGTH NATULAC 1L;2.27
3538653;2026-09-08;BQTO0;-FRIGORIFICO POLLERA LA 20;NARANJA NATULAC 1L;2.16
3561789;2026-09-10;BQTO0;-FRIGORIFICO POLLERA LA 20;NARANJA PASTORENA;2.93
3561785;2026-09-10;BQTO0;-FRIGORIFICO POLLERA LA 20;PERA LIGHT NATULAC 1L;2.16
3538652;2026-09-08;BQTO0;-FRIGORIFICO POLLERA LA 20;PERA NATULAC 1L;2.16
3561788;2026-09-10;BQTO0;-FRIGORIFICO POLLERA LA 20;TE DURAZNO 1L PASTORENA;2.09
3561790;2026-09-10;BQTO0;-FRIGORIFICO POLLERA LA 20;TE LIMON 1L PASTORENA;2.09
3533902;2026-09-08;BQTO0;-FRIGORIFICO POLLERA NUEVA SEGOVIA;DURAZNO NATULAC 1L;2.16
3554898;2026-09-10;BQTO0;-FRIGORIFICO POLLERA NUEVA SEGOVIA;LECHE COMPLETA NATULAC;2.6
3554901;2026-09-10;BQTO0;-FRIGORIFICO POLLERA NUEVA SEGOVIA;LECHE COMPLETA PASTORENA;2.73
3554899;2026-09-10;BQTO0;-FRIGORIFICO POLLERA NUEVA SEGOVIA;LECHE DESCREMADA NATULAC;2.54
3554902;2026-09-10;BQTO0;-FRIGORIFICO POLLERA NUEVA SEGOVIA;LECHE DESCREMADA PASTORENA;2.73
3554900;2026-09-10;BQTO0;-FRIGORIFICO POLLERA NUEVA SEGOVIA;LECHE DESLACTOSADA NATULAC;2.68
3533891;2026-09-08;BQTO0;-FRIGORIFICO POLLERA NUEVA SEGOVIA;LECHE DESLACTOSADA PASTORENA;2.79
3722749;2026-09-24;BQTO0;-FRIGORIFICO POLLERA NUEVA SEGOVIA;LECHE EN POLVO 400 GR LA CAMPINA;7.86
3722747;2026-09-24;BQTO0;-FRIGORIFICO POLLERA NUEVA SEGOVIA;LECHE EN POLVO 400 GR SAN SIMON;6.64
3646339;2026-09-17;BQTO0;-FRIGORIFICO POLLERA NUEVA SEGOVIA;LECHE EN POLVO 900 GR LA CAMPINA;15.39
3722746;2026-09-24;BQTO0;-FRIGORIFICO POLLERA NUEVA SEGOVIA;LECHE EN POLVO 900 GR SAN SIMON;13.32
3554907;2026-09-10;BQTO0;-FRIGORIFICO POLLERA NUEVA SEGOVIA;MANZANA LIGTH NATULAC 1L;2.27
3554906;2026-09-10;BQTO0;-FRIGORIFICO POLLERA NUEVA SEGOVIA;MANZANA NATULAC 1L;2.16
3554904;2026-09-10;BQTO0;-FRIGORIFICO POLLERA NUEVA SEGOVIA;NARANJA NATULAC 1L;2.73
3554905;2026-09-10;BQTO0;-FRIGORIFICO POLLERA NUEVA SEGOVIA;PERA NATULAC 1L;2.16
3537183;2026-09-08;BQTO0;-FV BODEGONES;MANZANA FRICA;2.54
3537182;2026-09-08;BQTO0;-FV BODEGONES;NARANJA FRICA;3.71
3537184;2026-09-08;BQTO0;-FV BODEGONES;PERA FRICA;2.54
3537188;2026-09-08;BQTO0;-GALAXIA CENTER;LECHE COMPLETA NATULAC;1.74
3537189;2026-09-08;BQTO0;-GALAXIA CENTER;LECHE COMPLETA PASTORENA;2.95
3699669;2026-09-22;BQTO0;-GALAXIA CENTER;LECHE EN POLVO 200 GR LA CAMPINA;3.7
3699668;2026-09-22;BQTO0;-GALAXIA CENTER;LECHE EN POLVO 400 GR LA CAMPINA;7.4
3699667;2026-09-22;BQTO0;-GALAXIA CENTER;LECHE EN POLVO 900 GR SAN SIMON;15.5
3581218;2026-09-11;BQTO0;"-GRAN ABASTO GIRASOL; C.A.";LECHE COMPLETA NATULAC;2.22
3581220;2026-09-11;BQTO0;"-GRAN ABASTO GIRASOL; C.A.";LECHE DESCREMADA NATULAC;2.17
3581222;2026-09-11;BQTO0;"-GRAN ABASTO GIRASOL; C.A.";LECHE DESLACTOSADA NATULAC;2.28
3628240;2026-09-16;BQTO0;"-GRAN ABASTO GIRASOL; C.A.";LECHE EN POLVO 400 GR LA CAMPINA;0
3628238;2026-09-16;BQTO0;"-GRAN ABASTO GIRASOL; C.A.";LECHE EN POLVO 400 GR SAN SIMON;5.04
3628239;2026-09-16;BQTO0;"-GRAN ABASTO GIRASOL; C.A.";LECHE EN POLVO 900 GR LA CAMPINA;0
3659563;2026-09-18;BQTO0;"-GRAN ABASTO GIRASOL; C.A.";LECHE EN POLVO 900 GR SAN SIMON;10.17
3552775;2026-09-09;BQTO0;-GRAN MARKET TUREN;DURAZNO NATULAC 1L;2.63
3552777;2026-09-09;BQTO0;-GRAN MARKET TUREN;LECHE DESCREMADA PASTORENA;2.24
3719519;2026-09-23;BQTO0;-GRAN MARKET TUREN;LECHE EN POLVO 200 GR LA CAMPINA;3.71
3719518;2026-09-23;BQTO0;-GRAN MARKET TUREN;LECHE EN POLVO 400 GR LA CAMPINA;8.05
3719517;2026-09-23;BQTO0;-GRAN MARKET TUREN;LECHE EN POLVO 900 GR LA CAMPINA;14.16
3552776;2026-09-09;BQTO0;-GRAN MARKET TUREN;MANZANA NATULAC 1L;2.63
3552774;2026-09-09;BQTO0;-GRAN MARKET TUREN;PERA NATULAC 1L;2.63
3552769;2026-09-09;BQTO0;-GRANERO MARKET;DURAZNO FRICA;3.3
3552772;2026-09-09;BQTO0;-GRANERO MARKET;LECHE COMPLETA PASTORENA;3.55
3552771;2026-09-09;BQTO0;-GRANERO MARKET;LECHE DESCREMADA PASTORENA;3.55
3719524;2026-09-23;BQTO0;-GRANERO MARKET;LECHE EN POLVO 200 GR LA CAMPINA;3.69
3719522;2026-09-23;BQTO0;-GRANERO MARKET;LECHE EN POLVO 400 GR LA CAMPINA;7.95
3552770;2026-09-09;BQTO0;-GRANERO MARKET;MANZANA FRICA;3.6
3599923;2026-09-14;BQTO0;-HIPER FUTURO ACARIGUA;LECHE EN POLVO 400 GR SAN SIMON;7.2
3599922;2026-09-14;BQTO0;-HIPER FUTURO ACARIGUA;LECHE EN POLVO 900 GR SAN SIMON;14.25
3552766;2026-09-09;BQTO0;-HIPER MERCADO CRITAL;DURAZNO NATULAC 1L;2.2
3552764;2026-09-09;BQTO0;-HIPER MERCADO CRITAL;LECHE DESCREMADA NATULAC;2.56
3552765;2026-09-09;BQTO0;-HIPER MERCADO CRITAL;LECHE DESLACTOSADA NATULAC;2.56
3719509;2026-09-23;BQTO0;-HIPER MERCADO CRITAL;LECHE EN POLVO 200 GR LA CAMPINA;3.45
3719508;2026-09-23;BQTO0;-HIPER MERCADO CRITAL;LECHE EN POLVO 400 GR LA CAMPINA;7.45
3719507;2026-09-23;BQTO0;-HIPER MERCADO CRITAL;LECHE EN POLVO 900 GR LA CAMPINA;13.25
3552767;2026-09-09;BQTO0;-HIPER MERCADO CRITAL;NARANJA NATULAC 1L;2.15
3681931;2026-09-21;BQTO0;-HIPERMERCADO EL PLACER C.A;CHORIZO  PICANTE MONSERRATINA;4.99
3747335;2026-09-25;BQTO0;-HIPERMERCADO EL PLACER C.A;CREMA DE LECHE DE PAISA 250GR;2.99
3747334;2026-09-25;BQTO0;-HIPERMERCADO EL PLACER C.A;CREMA DE LECHE DE PAISA 500GR;10.5
3747316;2026-09-25;BQTO0;-HIPERMERCADO EL PLACER C.A;DURAZNO FRICA;2.39
3747312;2026-09-25;BQTO0;-HIPERMERCADO EL PLACER C.A;DURAZNO NATULAC 1L;2.25
3747308;2026-09-25;BQTO0;-HIPERMERCADO EL PLACER C.A;DURAZNO NATULAC 250ML;2.95
3747320;2026-09-25;BQTO0;-HIPERMERCADO EL PLACER C.A;LECHE COMPLETA NATULAC;2.7
3747318;2026-09-25;BQTO0;-HIPERMERCADO EL PLACER C.A;LECHE COMPLETA PASTORENA;2.73
3747317;2026-09-25;BQTO0;-HIPERMERCADO EL PLACER C.A;LECHE COMPLETA SAN SIMON;2.79
3681899;2026-09-21;BQTO0;-HIPERMERCADO EL PLACER C.A;LECHE DESCREMADA NATULAC;2.65
3747319;2026-09-25;BQTO0;-HIPERMERCADO EL PLACER C.A;LECHE DESCREMADA PASTORENA;2.75
3551599;2026-09-09;BQTO0;-HIPERMERCADO EL PLACER C.A;LECHE DESCREMADA SAN SIMON;2.79
3747322;2026-09-25;BQTO0;-HIPERMERCADO EL PLACER C.A;LECHE DESLACTOSADA NATULAC;2.65
3551624;2026-09-09;BQTO0;-HIPERMERCADO EL PLACER C.A;LECHE DESLACTOSADA PASTORENA;2.75
3747328;2026-09-25;BQTO0;-HIPERMERCADO EL PLACER C.A;LECHE EN POLVO 400 GR LA CAMPINA;6.58
3747326;2026-09-25;BQTO0;-HIPERMERCADO EL PLACER C.A;LECHE EN POLVO 400 GR SAN SIMON;7.36
3747327;2026-09-25;BQTO0;-HIPERMERCADO EL PLACER C.A;LECHE EN POLVO 900 GR LA CAMPINA;13.99
3747323;2026-09-25;BQTO0;-HIPERMERCADO EL PLACER C.A;LECHE EN POLVO 900 GR SAN SIMON;13.05
3747314;2026-09-25;BQTO0;-HIPERMERCADO EL PLACER C.A;MANZANA FRICA;2.39
3681921;2026-09-21;BQTO0;-HIPERMERCADO EL PLACER C.A;MANZANA FRICA 500ML;2.08
3747310;2026-09-25;BQTO0;-HIPERMERCADO EL PLACER C.A;MANZANA NATULAC 1L;2.25
3747306;2026-09-25;BQTO0;-HIPERMERCADO EL PLACER C.A;MANZANA NATULAC 250ML;2.95
3747333;2026-09-25;BQTO0;-HIPERMERCADO EL PLACER C.A;MORTADELA PLUMROSE DE CARNES 1KG;3.12
3747313;2026-09-25;BQTO0;-HIPERMERCADO EL PLACER C.A;NARANJA FRICA;3.47
3681920;2026-09-21;BQTO0;-HIPERMERCADO EL PLACER C.A;NARANJA FRICA 500ML;1.31
3747309;2026-09-25;BQTO0;-HIPERMERCADO EL PLACER C.A;NARANJA NATULAC 1L;2.85
3681911;2026-09-21;BQTO0;-HIPERMERCADO EL PLACER C.A;NARANJA NATULAC 250ML;3.5
3747315;2026-09-25;BQTO0;-HIPERMERCADO EL PLACER C.A;PERA FRICA;2.39
3681922;2026-09-21;BQTO0;-HIPERMERCADO EL PLACER C.A;PERA FRICA 500ML;1.9
3747311;2026-09-25;BQTO0;-HIPERMERCADO EL PLACER C.A;PERA NATULAC 1L;2.25
3747307;2026-09-25;BQTO0;-HIPERMERCADO EL PLACER C.A;PERA NATULAC 250ML;2.95
3747331;2026-09-25;BQTO0;-HIPERMERCADO EL PLACER C.A;SALCHICHA TIPO VIENA 225GR PLUMROSE;6.35
3747330;2026-09-25;BQTO0;-HIPERMERCADO EL PLACER C.A;SALCHICHA TIPO VIENA 450GR FIESTA;5.3
3747332;2026-09-25;BQTO0;-HIPERMERCADO EL PLACER C.A;SALCHICHA TIPO VIENA 450GR PLUMROSE;9.1
3551605;2026-09-09;BQTO0;-HIPERMERCADO EL PLACER C.A;TE DURAZNO 1L PARMALAT;2.16
3551606;2026-09-09;BQTO0;-HIPERMERCADO EL PLACER C.A;TE LIMON 1L PARMALAT;2.16
3747294;2026-09-25;BQTO0;-HIPERMERCADO FRESH MARKET C.A;CREMA DE LECHE DE PAISA 250GR;5.75
3747293;2026-09-25;BQTO0;-HIPERMERCADO FRESH MARKET C.A;CREMA DE LECHE DE PAISA 500GR;10.45
3747290;2026-09-25;BQTO0;-HIPERMERCADO FRESH MARKET C.A;DURAZNO FRICA;2.36
3747286;2026-09-25;BQTO0;-HIPERMERCADO FRESH MARKET C.A;DURAZNO NATULAC 1L;2.1
3747281;2026-09-25;BQTO0;-HIPERMERCADO FRESH MARKET C.A;DURAZNO PASTORENA;2.7
3747299;2026-09-25;BQTO0;-HIPERMERCADO FRESH MARKET C.A;LECHE COMPLETA NATULAC;2.45
3747296;2026-09-25;BQTO0;-HIPERMERCADO FRESH MARKET C.A;LECHE COMPLETA PASTORENA;2.6
3747300;2026-09-25;BQTO0;-HIPERMERCADO FRESH MARKET C.A;LECHE DESCREMADA NATULAC;2.45
3747297;2026-09-25;BQTO0;-HIPERMERCADO FRESH MARKET C.A;LECHE DESCREMADA PASTORENA;2.6
3681880;2026-09-21;BQTO0;-HIPERMERCADO FRESH MARKET C.A;LECHE DESLACTOSADA NATULAC;2.55
3747298;2026-09-25;BQTO0;-HIPERMERCADO FRESH MARKET C.A;LECHE DESLACTOSADA PASTORENA;2.7
3747302;2026-09-25;BQTO0;-HIPERMERCADO FRESH MARKET C.A;LECHE EN POLVO 400 GR LA CAMPINA;6.58
3747304;2026-09-25;BQTO0;-HIPERMERCADO FRESH MARKET C.A;LECHE EN POLVO 400 GR SAN SIMON;6.6
3747301;2026-09-25;BQTO0;-HIPERMERCADO FRESH MARKET C.A;LECHE EN POLVO 900 GR LA CAMPINA;12.88
3747303;2026-09-25;BQTO0;-HIPERMERCADO FRESH MARKET C.A;LECHE EN POLVO 900 GR SAN SIMON;12.6
3747295;2026-09-25;BQTO0;-HIPERMERCADO FRESH MARKET C.A;MANTEQUILLA PAISA;8.3
3747288;2026-09-25;BQTO0;-HIPERMERCADO FRESH MARKET C.A;MANZANA FRICA;2.36
3747284;2026-09-25;BQTO0;-HIPERMERCADO FRESH MARKET C.A;MANZANA NATULAC 1L;2.1
3747283;2026-09-25;BQTO0;-HIPERMERCADO FRESH MARKET C.A;MANZANA PASTORENA;2.7
3681881;2026-09-21;BQTO0;-HIPERMERCADO FRESH MARKET C.A;MORTADELA PLUMROSE DE CARNES 1KG;4.45
3747287;2026-09-25;BQTO0;-HIPERMERCADO FRESH MARKET C.A;NARANJA FRICA;3.47
3747289;2026-09-25;BQTO0;-HIPERMERCADO FRESH MARKET C.A;PERA FRICA;2.36
3747285;2026-09-25;BQTO0;-HIPERMERCADO FRESH MARKET C.A;PERA NATULAC 1L;2.1
3747282;2026-09-25;BQTO0;-HIPERMERCADO FRESH MARKET C.A;PERA PASTORENA;2.7
3747292;2026-09-25;BQTO0;-HIPERMERCADO FRESH MARKET C.A;SALCHICHA TIPO VIENA 225GR FIESTA;3.25
3747291;2026-09-25;BQTO0;-HIPERMERCADO FRESH MARKET C.A;SALCHICHA TIPO VIENA 450GR FIESTA;5
3681872;2026-09-21;BQTO0;-HIPERMERCADO FRESH MARKET C.A;SALCHICHA TIPO VIENA 450GR PLUMROSE;5.8
3681873;2026-09-21;BQTO0;-HIPERMERCADO FRESH MARKET C.A;SALCHICHA TIPO VIENA 800GR PLUMROSE;8.75
3537208;2026-09-08;BQTO0;-HIPERMERCADO SOL;DURAZNO FRICA;2.46
3582921;2026-09-11;BQTO0;-HIPERMERCADO SOL;DURAZNO NATULAC 1L;2.09
3582929;2026-09-11;BQTO0;-HIPERMERCADO SOL;LECHE DESCREMADA SAN SIMON;3.24
3618515;2026-09-15;BQTO0;-HIPERMERCADO SOL;LECHE EN POLVO 200 GR LA CAMPINA;3.42
3618513;2026-09-15;BQTO0;-HIPERMERCADO SOL;LECHE EN POLVO 400 GR LA CAMPINA;6.63
3618510;2026-09-15;BQTO0;-HIPERMERCADO SOL;LECHE EN POLVO 900 GR LA CAMPINA;12.97
3537202;2026-09-08;BQTO0;-HIPERMERCADO SOL;MANZANA LIGTH NATULAC 1L;2.09
3537198;2026-09-08;BQTO0;-HIPERMERCADO SOL;MANZANA NATULAC 250ML;0.96
3537200;2026-09-08;BQTO0;-HIPERMERCADO SOL;NARANJA LIGHT NATULAC 1L;3.07
3582920;2026-09-11;BQTO0;-HIPERMERCADO SOL;NARANJA NATULAC 1L;3.07
3582924;2026-09-11;BQTO0;-HIPERMERCADO SOL;NARANJA NATULAC 250ML;1.04
3537206;2026-09-08;BQTO0;-HIPERMERCADO SOL;PERA FRICA;2.46
3582925;2026-09-11;BQTO0;-HIPERMERCADO SOL;PERA NATULAC 250ML;0.96
3552782;2026-09-09;BQTO0;-INVERSIONES FAMOSO TUREN;DURAZNO NATULAC 1L;2.48
3552780;2026-09-09;BQTO0;-INVERSIONES FAMOSO TUREN;LECHE COMPLETA PASTORENA;2.93
3552779;2026-09-09;BQTO0;-INVERSIONES FAMOSO TUREN;LECHE DESCREMADA PASTORENA;2.93
3552781;2026-09-09;BQTO0;-INVERSIONES FAMOSO TUREN;PERA NATULAC 1L;2.48
3650684;2026-09-17;BQTO0;-INVERSIONES GRAN FUTURO 88;LECHE EN POLVO 200 GR LA CAMPINA;3.39
3650682;2026-09-17;BQTO0;-INVERSIONES GRAN FUTURO 88;LECHE EN POLVO 400 GR LA CAMPINA;6.76
3650680;2026-09-17;BQTO0;-INVERSIONES GRAN FUTURO 88;LECHE EN POLVO 900 GR LA CAMPINA;13.92
3627857;2026-09-15;BQTO0;-INVERSIONES LANDES MG;LECHE EN POLVO 200 GR LA CAMPINA;3.79
3627856;2026-09-15;BQTO0;-INVERSIONES LANDES MG;LECHE EN POLVO 400 GR LA CAMPINA;7.59
3627854;2026-09-15;BQTO0;-INVERSIONES LANDES MG;LECHE EN POLVO 900 GR LA CAMPINA;15.56
3627858;2026-09-15;BQTO0;-INVERSIONES LANDES MG;LECHE EN POLVO 900 GR SAN SIMON;14
3717218;2026-09-23;BQTO0;-INVERSIONES SALAS Y VARGAS;LECHE EN POLVO 900 GR SAN SIMON;14.72
3627847;2026-09-15;BQTO0;-INVERSIONES SASSARI 2017 C.A;LECHE EN POLVO 200 GR LA CAMPINA;2.42
3627852;2026-09-15;BQTO0;-INVERSIONES SASSARI 2017 C.A;LECHE EN POLVO 200 GR SAN SIMON;2.42
3627846;2026-09-15;BQTO0;-INVERSIONES SASSARI 2017 C.A;LECHE EN POLVO 400 GR LA CAMPINA;9.42
3627850;2026-09-15;BQTO0;-INVERSIONES SASSARI 2017 C.A;LECHE EN POLVO 400 GR SAN SIMON;9.34
3627842;2026-09-15;BQTO0;-INVERSIONES SASSARI 2017 C.A;LECHE EN POLVO 900 GR LA CAMPINA;15.32
3627851;2026-09-15;BQTO0;-INVERSIONES SASSARI 2017 C.A;LECHE EN POLVO 900 GR SAN SIMON;930
3552415;2026-09-09;BQTO0;-Inversiones Union Center;DURAZNO NATULAC 1L;2.3
3632755;2026-09-16;BQTO0;-Inversiones Union Center;LECHE COMPLETA NATULAC;2.55
3552409;2026-09-09;BQTO0;-Inversiones Union Center;LECHE COMPLETA PASTORENA;2.55
3632756;2026-09-16;BQTO0;-Inversiones Union Center;LECHE DESCREMADA PASTORENA;2.5
3632757;2026-09-16;BQTO0;-Inversiones Union Center;LECHE DESLACTOSADA PASTORENA;2.65
3717990;2026-09-23;BQTO0;-Inversiones Union Center;LECHE EN POLVO 200 GR LA CAMPINA;3.7
3717989;2026-09-23;BQTO0;-Inversiones Union Center;LECHE EN POLVO 400 GR LA CAMPINA;7.8
3632762;2026-09-16;BQTO0;-Inversiones Union Center;LECHE EN POLVO 400 GR SAN SIMON;6.4
3717988;2026-09-23;BQTO0;-Inversiones Union Center;LECHE EN POLVO 900 GR LA CAMPINA;14.8
3552413;2026-09-09;BQTO0;-Inversiones Union Center;MANZANA NATULAC 1L;2.3
3552412;2026-09-09;BQTO0;-Inversiones Union Center;NARANJA NATULAC 1L;2.9
3552414;2026-09-09;BQTO0;-Inversiones Union Center;PERA NATULAC 1L;2.3
3719285;2026-09-23;BQTO0;-JINGYANG LI;LECHE EN POLVO 200 GR LA CAMPINA;3.94
3719282;2026-09-23;BQTO0;-JINGYANG LI;LECHE EN POLVO 400 GR LA CAMPINA;7.8
3634502;2026-09-16;BQTO0;-JINGYANG LI;LECHE EN POLVO 400 GR SAN SIMON;8.55
3719288;2026-09-23;BQTO0;-JINGYANG LI;LECHE EN POLVO 900 GR LA CAMPINA;14.9
3581239;2026-09-11;BQTO0;-KARI TRAKI;DURAZNO NATULAC 1L;2.22
3550105;2026-09-09;BQTO0;-KARI TRAKI;LECHE COMPLETA NATULAC;2.6
3550104;2026-09-09;BQTO0;-KARI TRAKI;LECHE DESCREMADA NATULAC;2.46
3520868;2026-09-07;BQTO0;-KARI TRAKI;LECHE DESLACTOSADA NATULAC;2.46
3659593;2026-09-18;BQTO0;-KARI TRAKI;LECHE EN POLVO 200 GR LA CAMPINA;3.93
3659592;2026-09-18;BQTO0;-KARI TRAKI;LECHE EN POLVO 400 GR LA CAMPINA;8.06
3628266;2026-09-16;BQTO0;-KARI TRAKI;LECHE EN POLVO 400 GR SAN SIMON;6.85
3659591;2026-09-18;BQTO0;-KARI TRAKI;LECHE EN POLVO 900 GR LA CAMPINA;15.28
3659594;2026-09-18;BQTO0;-KARI TRAKI;LECHE EN POLVO 900 GR SAN SIMON;15.06
3581237;2026-09-11;BQTO0;-KARI TRAKI;MANZANA NATULAC 1L;2.22
3581234;2026-09-11;BQTO0;-KARI TRAKI;NARANJA NATULAC 1L;2.8
3581232;2026-09-11;BQTO0;-KARI TRAKI;PERA NATULAC 1L;2.22
3719513;2026-09-23;BQTO0;-LA MEGA TIENDA TUREN;LECHE EN POLVO 400 GR LA CAMPINA;6.18
3719512;2026-09-23;BQTO0;-LA MEGA TIENDA TUREN;LECHE EN POLVO 900 GR SAN SIMON;12.47
3719253;2026-09-23;BQTO0;-LIANG 2009 C.A.;LECHE COMPLETA NATULAC;2.46
3719254;2026-09-23;BQTO0;-LIANG 2009 C.A.;LECHE DESCREMADA NATULAC;2.4
3700030;2026-09-22;BQTO0;-LOS MOLINOS;LECHE EN POLVO 900 GR SAN SIMON;18.24
3586530;2026-09-11;BQTO0;-MAS QUE POLLO;LECHE COMPLETA PASTORENA;3.89
3586532;2026-09-11;BQTO0;-MAS QUE POLLO;LECHE COMPLETA SAN SIMON;2.69
3664282;2026-09-18;BQTO0;-MAS QUE POLLO;LECHE DESCREMADA PASTORENA;3.89
3586534;2026-09-11;BQTO0;-MAS QUE POLLO;LECHE DESCREMADA SAN SIMON;2.62
3586536;2026-09-11;BQTO0;-MAS QUE POLLO;LECHE DESLACTOSADA SAN SIMON;2.65
3750018;2026-09-25;BQTO0;-MAS QUE POLLO;LECHE EN POLVO 400 GR SAN SIMON;6.68
3750019;2026-09-25;BQTO0;-MAS QUE POLLO;LECHE EN POLVO 900 GR LA CAMPINA;16.75
3664284;2026-09-18;BQTO0;-MAS QUE POLLO;LECHE EN POLVO 900 GR SAN SIMON;17.99
3599749;2026-09-14;BQTO0;-MAYOR DE VIVERES CANAIMA;LECHE EN POLVO 200 GR LA CAMPINA;2.26
3599748;2026-09-14;BQTO0;-MAYOR DE VIVERES CANAIMA;LECHE EN POLVO 400 GR LA CAMPINA;3.55
3599747;2026-09-14;BQTO0;-MAYOR DE VIVERES CANAIMA;LECHE EN POLVO 900 GR LA CAMPINA;14.5
3568940;2026-09-10;BQTO0;"-MERKAFUR; C.A_CABUDARE";DURAZNO NATULAC 1L;2.21
3568948;2026-09-10;BQTO0;"-MERKAFUR; C.A_CABUDARE";LECHE COMPLETA NATULAC;2.63
3568950;2026-09-10;BQTO0;"-MERKAFUR; C.A_CABUDARE";LECHE DESLACTOSADA NATULAC;2.56
3611994;2026-09-15;BQTO0;"-MERKAFUR; C.A_CABUDARE";LECHE EN POLVO 200 GR LA CAMPINA;3.89
3568921;2026-09-10;BQTO0;"-MERKAFUR; C.A_CABUDARE";LECHE EN POLVO 200 GR SAN SIMON;2.19
3611996;2026-09-15;BQTO0;"-MERKAFUR; C.A_CABUDARE";LECHE EN POLVO 400 GR LA CAMPINA;8.39
3611991;2026-09-15;BQTO0;"-MERKAFUR; C.A_CABUDARE";LECHE EN POLVO 400 GR SAN SIMON;6.59
3645556;2026-09-17;BQTO0;"-MERKAFUR; C.A_CABUDARE";LECHE EN POLVO 900 GR LA CAMPINA;15.9
3645551;2026-09-17;BQTO0;"-MERKAFUR; C.A_CABUDARE";LECHE EN POLVO 900 GR SAN SIMON;12.78
3568942;2026-09-10;BQTO0;"-MERKAFUR; C.A_CABUDARE";MANZANA NATULAC 1L;2.21
3568945;2026-09-10;BQTO0;"-MERKAFUR; C.A_CABUDARE";NARANJA LIGHT NATULAC 1L;2.64
3536228;2026-09-08;BQTO0;"-MERKAFUR; C.A_CABUDARE";PERA LIGHT NATULAC 1L;2.73
3568936;2026-09-10;BQTO0;"-MERKAFUR; C.A_CABUDARE";PERA NATULAC 1L;2.21
3580790;2026-09-11;BQTO0;-MERKAFURT AV LARA;LECHE COMPLETA NATULAC;2.63
3580793;2026-09-11;BQTO0;-MERKAFURT AV LARA;LECHE COMPLETA PASTORENA;2.85
3580791;2026-09-11;BQTO0;-MERKAFURT AV LARA;LECHE DESCREMADA NATULAC;2.56
3580794;2026-09-11;BQTO0;-MERKAFURT AV LARA;LECHE DESCREMADA PASTORENA;2.89
3580792;2026-09-11;BQTO0;-MERKAFURT AV LARA;LECHE DESLACTOSADA NATULAC;2.7
3566081;2026-09-10;BQTO0;-MERKAFURT AV LARA;LECHE DESLACTOSADA PASTORENA;2.93
3736998;2026-09-25;BQTO0;-MERKAFURT AV LARA;LECHE EN POLVO 200 GR LA CAMPINA;4
3680116;2026-09-21;BQTO0;-MERKAFURT AV LARA;LECHE EN POLVO 400 GR LA CAMPINA;8.39
3736997;2026-09-25;BQTO0;-MERKAFURT AV LARA;LECHE EN POLVO 400 GR SAN SIMON;6.35
3736999;2026-09-25;BQTO0;-MERKAFURT AV LARA;LECHE EN POLVO 900 GR LA CAMPINA;15.9
3660215;2026-09-18;BQTO0;-MERKAFURT AV LARA;LECHE EN POLVO 900 GR SAN SIMON;12.78
3580796;2026-09-11;BQTO0;-MERKAFURT AV LARA;MANZANA NATULAC 1L;2.21
3580795;2026-09-11;BQTO0;-MERKAFURT AV LARA;NARANJA NATULAC 1L;2.75
3580797;2026-09-11;BQTO0;-MERKAFURT AV LARA;PERA NATULAC 1L;2.21
3533894;2026-09-08;BQTO0;-MERKAFURT SAMBIL;DURAZNO NATULAC 1L;2.21
3566091;2026-09-10;BQTO0;-MERKAFURT SAMBIL;LECHE COMPLETA NATULAC;2.6
3566093;2026-09-10;BQTO0;-MERKAFURT SAMBIL;LECHE DESCREMADA NATULAC;2.56
3694341;2026-09-22;BQTO0;-MERKAFURT SAMBIL;LECHE EN POLVO 200 GR LA CAMPINA;2.37
3694339;2026-09-22;BQTO0;-MERKAFURT SAMBIL;LECHE EN POLVO 400 GR LA CAMPINA;8.35
3729270;2026-09-24;BQTO0;-MERKAFURT SAMBIL;LECHE EN POLVO 400 GR SAN SIMON;6.35
3729269;2026-09-24;BQTO0;-MERKAFURT SAMBIL;LECHE EN POLVO 900 GR LA CAMPINA;15.9
3729268;2026-09-24;BQTO0;-MERKAFURT SAMBIL;LECHE EN POLVO 900 GR SAN SIMON;12.78
3533896;2026-09-08;BQTO0;-MERKAFURT SAMBIL;MANZANA LIGTH NATULAC 1L;2.73
3566096;2026-09-10;BQTO0;-MERKAFURT SAMBIL;MANZANA NATULAC 1L;2.21
3533886;2026-09-08;BQTO0;-MERKAFURT SAMBIL;NARANJA FRICA;3.9
3566099;2026-09-10;BQTO0;-MERKAFURT SAMBIL;NARANJA PASTORENA;3.1
3566098;2026-09-10;BQTO0;-MERKAFURT SAMBIL;PERA NATULAC 1L;2.21
3566100;2026-09-10;BQTO0;-MERKAFURT SAMBIL;TE DURAZNO 1L PASTORENA;2.8
3566076;2026-09-10;BQTO0;-MI SUPER  LOS LEONES;LECHE COMPLETA NATULAC;2.78
3566083;2026-09-10;BQTO0;-MI SUPER  LOS LEONES;LECHE COMPLETA PASTORENA;3.06
3566078;2026-09-10;BQTO0;-MI SUPER  LOS LEONES;LECHE DESCREMADA NATULAC;2.72
3566086;2026-09-10;BQTO0;-MI SUPER  LOS LEONES;LECHE DESCREMADA PASTORENA;3.06
3566080;2026-09-10;BQTO0;-MI SUPER  LOS LEONES;LECHE DESLACTOSADA NATULAC;2.86
3729276;2026-09-24;BQTO0;-MI SUPER  LOS LEONES;LECHE EN POLVO 200 GR LA CAMPINA;4.11
3729275;2026-09-24;BQTO0;-MI SUPER  LOS LEONES;LECHE EN POLVO 400 GR LA CAMPINA;8.17
3566092;2026-09-10;BQTO0;-MI SUPER  LOS LEONES;MANZANA NATULAC 1L;2.31
3566089;2026-09-10;BQTO0;-MI SUPER  LOS LEONES;NARANJA NATULAC 1L;2.89
3566095;2026-09-10;BQTO0;-MI SUPER  LOS LEONES;PERA NATULAC 1L;2.31
3649971;2026-09-17;BQTO0;-MI SUPER AV 21;DURAZNO NATULAC 1L;2.16
3570683;2026-09-10;BQTO0;-MI SUPER AV 21;LECHE COMPLETA NATULAC;2.64
3570684;2026-09-10;BQTO0;-MI SUPER AV 21;LECHE DESCREMADA NATULAC;2.58
3735014;2026-09-24;BQTO0;-MI SUPER AV 21;LECHE EN POLVO 200 GR LA CAMPINA;4.11
3735013;2026-09-24;BQTO0;-MI SUPER AV 21;LECHE EN POLVO 400 GR LA CAMPINA;8.17
3735012;2026-09-24;BQTO0;-MI SUPER AV 21;LECHE EN POLVO 900 GR LA CAMPINA;16.85
3649970;2026-09-17;BQTO0;-MI SUPER AV 21;MANZANA NATULAC 1L;2.16
3570689;2026-09-10;BQTO0;-MI SUPER AV 21;NARANJA NATULAC 1L;4.74
3570690;2026-09-10;BQTO0;-MI SUPER AV 21;PERA NATULAC 1L;2.16
3521021;2026-09-07;BQTO0;-MI SUPER LUJANO;DURAZNO FRICA;2.59
3548956;2026-09-09;BQTO0;-MI SUPER LUJANO;DURAZNO NATULAC 1L;2.16
3580812;2026-09-11;BQTO0;-MI SUPER LUJANO;LECHE COMPLETA NATULAC;2.64
3580820;2026-09-11;BQTO0;-MI SUPER LUJANO;LECHE COMPLETA PASTORENA;3.06
3580815;2026-09-11;BQTO0;-MI SUPER LUJANO;LECHE DESCREMADA NATULAC;2.57
3521008;2026-09-07;BQTO0;-MI SUPER LUJANO;LECHE DESCREMADA PASTORENA;3.06
3580817;2026-09-11;BQTO0;-MI SUPER LUJANO;LECHE DESLACTOSADA NATULAC;2.72
3521010;2026-09-07;BQTO0;-MI SUPER LUJANO;LECHE DESLACTOSADA PASTORENA;3.14
3740112;2026-09-25;BQTO0;-MI SUPER LUJANO;LECHE EN POLVO 200 GR LA CAMPINA;4.11
3740110;2026-09-25;BQTO0;-MI SUPER LUJANO;LECHE EN POLVO 400 GR LA CAMPINA;8.17
3680107;2026-09-21;BQTO0;-MI SUPER LUJANO;LECHE EN POLVO 900 GR LA CAMPINA;16.85
3740109;2026-09-25;BQTO0;-MI SUPER LUJANO;LECHE EN POLVO 900 GR SAN SIMON;16.85
3521023;2026-09-07;BQTO0;-MI SUPER LUJANO;MANZANA FRICA;2.59
3548960;2026-09-09;BQTO0;-MI SUPER LUJANO;MANZANA LIGTH NATULAC 1L;2.29
3580822;2026-09-11;BQTO0;-MI SUPER LUJANO;MANZANA NATULAC 1L;2.16
3548962;2026-09-09;BQTO0;-MI SUPER LUJANO;PERA LIGHT NATULAC 1L;2.62
3580824;2026-09-11;BQTO0;-MI SUPER LUJANO;PERA NATULAC 1L;2.16
3548931;2026-09-09;BQTO0;-MI SUPERMARKERT EL LLANERO;DURAZNO FRICA;2.59
3548934;2026-09-09;BQTO0;-MI SUPERMARKERT EL LLANERO;DURAZNO NATULAC 1L;2.31
3548936;2026-09-09;BQTO0;-MI SUPERMARKERT EL LLANERO;LECHE COMPLETA NATULAC;2.64
3548937;2026-09-09;BQTO0;-MI SUPERMARKERT EL LLANERO;LECHE DESCREMADA NATULAC;2.57
3548938;2026-09-09;BQTO0;-MI SUPERMARKERT EL LLANERO;LECHE DESLACTOSADA NATULAC;2.86
3630996;2026-09-16;BQTO0;-MI SUPERMARKERT EL LLANERO;LECHE EN POLVO 900 GR SAN SIMON;16.85
3548932;2026-09-09;BQTO0;-MI SUPERMARKERT EL LLANERO;MANZANA FRICA;2.55
3548930;2026-09-09;BQTO0;-MI SUPERMARKERT EL LLANERO;NARANJA FRICA;3.76
3548933;2026-09-09;BQTO0;-MI SUPERMARKERT EL LLANERO;PERA FRICA;2.59
3548935;2026-09-09;BQTO0;-MI SUPERMARKERT EL LLANERO;PERA NATULAC 1L;2.31
3719275;2026-09-23;BQTO0;-NUEVO SIGLO CA;LECHE EN POLVO 200 GR LA CAMPINA;4.19
3719278;2026-09-23;BQTO0;-NUEVO SIGLO CA;LECHE EN POLVO 400 GR LA CAMPINA;8.35
3719283;2026-09-23;BQTO0;-NUEVO SIGLO CA;LECHE EN POLVO 400 GR SAN SIMON;7.79
3719280;2026-09-23;BQTO0;-NUEVO SIGLO CA;LECHE EN POLVO 900 GR LA CAMPINA;16.15
3719286;2026-09-23;BQTO0;-NUEVO SIGLO CA;LECHE EN POLVO 900 GR SAN SIMON;15.69
3533881;2026-09-08;BQTO0;-PA TODO LOS LEONES;LECHE COMPLETA NATULAC;2.6
3533890;2026-09-08;BQTO0;-PA TODO LOS LEONES;LECHE COMPLETA PASTORENA;2.72
3533884;2026-09-08;BQTO0;-PA TODO LOS LEONES;LECHE DESCREMADA NATULAC;2.53
3533893;2026-09-08;BQTO0;-PA TODO LOS LEONES;LECHE DESCREMADA PASTORENA;2.72
3533885;2026-09-08;BQTO0;-PA TODO LOS LEONES;LECHE DESLACTOSADA NATULAC;2.67
3533895;2026-09-08;BQTO0;-PA TODO LOS LEONES;LECHE DESLACTOSADA PASTORENA;2.79
3694318;2026-09-22;BQTO0;-PA TODO LOS LEONES;LECHE EN POLVO 400 GR LA CAMPINA;8.14
3611828;2026-09-15;BQTO0;-PA TODO LOS LEONES;LECHE EN POLVO 400 GR SAN SIMON;7.44
3611830;2026-09-15;BQTO0;-PA TODO LOS LEONES;LECHE EN POLVO 900 GR LA CAMPINA;16.2
3694317;2026-09-22;BQTO0;-PA TODO LOS LEONES;LECHE EN POLVO 900 GR SAN SIMON;15.94
3533903;2026-09-08;BQTO0;-PA TODO LOS LEONES;MANZANA NATULAC 1L;2.13
3533898;2026-09-08;BQTO0;-PA TODO LOS LEONES;NARANJA NATULAC 1L;2.7
3533901;2026-09-08;BQTO0;-PA TODO LOS LEONES;PERA NATULAC 1L;2.13
3566056;2026-09-10;BQTO0;-PA TODO PATARATA;LECHE COMPLETA NATULAC;2.72
3566055;2026-09-10;BQTO0;-PA TODO PATARATA;LECHE DESCREMADA PASTORENA;2.72
3732821;2026-09-24;BQTO0;-PA TODO PATARATA;LECHE EN POLVO 400 GR LA CAMPINA;8.55
3732820;2026-09-24;BQTO0;-PA TODO PATARATA;LECHE EN POLVO 900 GR LA CAMPINA;16.2
3566058;2026-09-10;BQTO0;-PA TODO PATARATA;MANZANA NATULAC 1L;2.13
3566057;2026-09-10;BQTO0;-PA TODO PATARATA;NARANJA NATULAC 1L;3.35
3533869;2026-09-08;BQTO0;-PANADERIA DEL ESTE;LECHE COMPLETA NATULAC;3.7
3533870;2026-09-08;BQTO0;-PANADERIA DEL ESTE;LECHE DESCREMADA NATULAC;3.8
3752471;2026-09-24;BQTO0;-PANADERIA DINASTIA;LECHE EN POLVO 400 GR SAN SIMON;11
3738657;2026-09-25;BQTO0;-PANADERIA LA ORQUIDEA;LECHE EN POLVO 400 GR LA CAMPINA;8.71
3738656;2026-09-25;BQTO0;-PANADERIA LA ORQUIDEA;LECHE EN POLVO 400 GR SAN SIMON;8.27
3537192;2026-09-08;BQTO0;-PANADERIA REAL PAN;MANZANA NATULAC 1L;3.15
3580783;2026-09-11;BQTO0;-PANADERIA TULIPAN;LECHE COMPLETA NATULAC;3.07
3580784;2026-09-11;BQTO0;-PANADERIA TULIPAN;LECHE DESCREMADA NATULAC;3.22
3580785;2026-09-11;BQTO0;-PANADERIA TULIPAN;LECHE DESLACTOSADA NATULAC;3.07
3548952;2026-09-09;BQTO0;-PANADERIA TULIPAN;MANZANA FRICA;4.15
3548954;2026-09-09;BQTO0;-PANADERIA TULIPAN;MANZANA NATULAC 1L;2.74
3548950;2026-09-09;BQTO0;-PANADERIA TULIPAN;NARANJA FRICA;4.15
3548959;2026-09-09;BQTO0;-PANADERIA TULIPAN;NARANJA NATULAC 1L;3.4
3548957;2026-09-09;BQTO0;-PANADERIA TULIPAN;PERA NATULAC 1L;2.74
3568923;2026-09-10;BQTO0;-PLAZA CHINA;DURAZNO NATULAC 1L;2.2
3568914;2026-09-10;BQTO0;-PLAZA CHINA;LECHE COMPLETA NATULAC;2.4
3568916;2026-09-10;BQTO0;-PLAZA CHINA;LECHE DESCREMADA NATULAC;2.4
3611942;2026-09-15;BQTO0;-PLAZA CHINA;LECHE EN POLVO 200 GR LA CAMPINA;0
3611939;2026-09-15;BQTO0;-PLAZA CHINA;LECHE EN POLVO 200 GR SAN SIMON;0
3611941;2026-09-15;BQTO0;-PLAZA CHINA;LECHE EN POLVO 400 GR LA CAMPINA;7.65
3611938;2026-09-15;BQTO0;-PLAZA CHINA;LECHE EN POLVO 400 GR SAN SIMON;8.5
3611940;2026-09-15;BQTO0;-PLAZA CHINA;LECHE EN POLVO 900 GR LA CAMPINA;14.6
3611943;2026-09-15;BQTO0;-PLAZA CHINA;LECHE EN POLVO 900 GR SAN SIMON;17.95
3568918;2026-09-10;BQTO0;-PLAZA CHINA;MANZANA NATULAC 1L;2.2
3568917;2026-09-10;BQTO0;-PLAZA CHINA;NARANJA NATULAC 1L;3.25
3568919;2026-09-10;BQTO0;-PLAZA CHINA;PERA NATULAC 1L;2.2
3586522;2026-09-11;BQTO0;-REDVITAL AV LARA;DURAZNO NATULAC 1L;2.22
3664321;2026-09-18;BQTO0;-REDVITAL AV LARA;LECHE COMPLETA NATULAC;2.51
3664326;2026-09-18;BQTO0;-REDVITAL AV LARA;LECHE DESCREMADA NATULAC;2.45
3664329;2026-09-18;BQTO0;-REDVITAL AV LARA;LECHE DESLACTOSADA NATULAC;2.58
3586519;2026-09-11;BQTO0;-REDVITAL AV LARA;LECHE EN POLVO 400 GR LA CAMPINA;6.95
3586523;2026-09-11;BQTO0;-REDVITAL AV LARA;MANZANA NATULAC 1L;2.22
3586521;2026-09-11;BQTO0;-REDVITAL AV LARA;NARANJA NATULAC 1L;2.84
3586520;2026-09-11;BQTO0;-REDVITAL AV LARA;PERA NATULAC 1L;2.22
3580831;2026-09-11;BQTO0;-RIO SUPERMARKET  CC ARENA PLAZA;DURAZNO NATULAC 1L;2.68
3580827;2026-09-11;BQTO0;-RIO SUPERMARKET  CC ARENA PLAZA;LECHE COMPLETA NATULAC;3.03
3521030;2026-09-07;BQTO0;-RIO SUPERMARKET  CC ARENA PLAZA;LECHE COMPLETA PASTORENA;2.59
3580825;2026-09-11;BQTO0;-RIO SUPERMARKET  CC ARENA PLAZA;LECHE DESCREMADA NATULAC;2.29
3521031;2026-09-07;BQTO0;-RIO SUPERMARKET  CC ARENA PLAZA;LECHE DESCREMADA PASTORENA;2.59
3580826;2026-09-11;BQTO0;-RIO SUPERMARKET  CC ARENA PLAZA;LECHE DESLACTOSADA NATULAC;2.35
3680142;2026-09-21;BQTO0;-RIO SUPERMARKET  CC ARENA PLAZA;LECHE EN POLVO 200 GR LA CAMPINA;3.44
3680141;2026-09-21;BQTO0;-RIO SUPERMARKET  CC ARENA PLAZA;LECHE EN POLVO 400 GR LA CAMPINA;6.68
3680137;2026-09-21;BQTO0;-RIO SUPERMARKET  CC ARENA PLAZA;LECHE EN POLVO 400 GR SAN SIMON;6.29
3680139;2026-09-21;BQTO0;-RIO SUPERMARKET  CC ARENA PLAZA;LECHE EN POLVO 900 GR LA CAMPINA;12.43
3680136;2026-09-21;BQTO0;-RIO SUPERMARKET  CC ARENA PLAZA;LECHE EN POLVO 900 GR SAN SIMON;12.69
3580830;2026-09-11;BQTO0;-RIO SUPERMARKET  CC ARENA PLAZA;MANZANA NATULAC 1L;2.68
3521032;2026-09-07;BQTO0;-RIO SUPERMARKET  CC ARENA PLAZA;NARANJA FRICA;3.77
3580832;2026-09-11;BQTO0;-RIO SUPERMARKET  CC ARENA PLAZA;NARANJA NATULAC 1L;3.02
3580833;2026-09-11;BQTO0;-RIO SUPERMARKET  CC ARENA PLAZA;PERA NATULAC 1L;2.68
3664344;2026-09-18;BQTO0;-SC FOOD C.A.;LECHE EN POLVO 400 GR LA CAMPINA;8.62
3750021;2026-09-25;BQTO0;-SC FOOD C.A.;LECHE EN POLVO 900 GR LA CAMPINA;16.31
3702171;2026-09-22;BQTO0;-SOL DORADO;LECHE EN POLVO 200 GR LA CAMPINA;3.65
3702172;2026-09-22;BQTO0;-SOL DORADO;LECHE EN POLVO 400 GR LA CAMPINA;7.5
3736666;2026-09-24;BQTO0;-Super market arce 2025;LECHE EN POLVO 200 GR LA CAMPINA;3.45
3736665;2026-09-24;BQTO0;-Super market arce 2025;LECHE EN POLVO 400 GR LA CAMPINA;7.3
3736664;2026-09-24;BQTO0;-Super market arce 2025;LECHE EN POLVO 900 GR LA CAMPINA;13.65
3740962;2026-09-25;BQTO0;-SUPER PLAZA;LECHE EN POLVO 200 GR LA CAMPINA;3.87
3588644;2026-09-10;BQTO0;-SUPER PLAZA;LECHE EN POLVO 200 GR SAN SIMON;2.69
3740961;2026-09-25;BQTO0;-SUPER PLAZA;LECHE EN POLVO 400 GR LA CAMPINA;8.37
3740963;2026-09-25;BQTO0;-SUPER PLAZA;LECHE EN POLVO 400 GR SAN SIMON;6.52
3740960;2026-09-25;BQTO0;-SUPER PLAZA;LECHE EN POLVO 900 GR LA CAMPINA;16
3740964;2026-09-25;BQTO0;-SUPER PLAZA;LECHE EN POLVO 900 GR SAN SIMON;15.71
3617028;2026-09-15;BQTO0;-SUPERMERCADO CENTRO LARENSE;LECHE COMPLETA PASTORENA;2.6
3617031;2026-09-15;BQTO0;-SUPERMERCADO CENTRO LARENSE;LECHE DESCREMADA PASTORENA;2.8
3617034;2026-09-15;BQTO0;-SUPERMERCADO CENTRO LARENSE;LECHE DESLACTOSADA PASTORENA;2.65
3701155;2026-09-22;BQTO0;-SUPERMERCADO CENTRO LARENSE;LECHE EN POLVO 200 GR LA CAMPINA;2.6
3701154;2026-09-22;BQTO0;-SUPERMERCADO CENTRO LARENSE;LECHE EN POLVO 400 GR LA CAMPINA;3.95
3551595;2026-09-09;BQTO0;-SUPERMERCADO DON SAMUEL C.A;CREMA DE LECHE DE PAISA 500GR;11.15
3551589;2026-09-09;BQTO0;-SUPERMERCADO DON SAMUEL C.A;DURAZNO NATULAC 1L;2.22
3551593;2026-09-09;BQTO0;-SUPERMERCADO DON SAMUEL C.A;DURAZNO NATULAC 250ML;3.32
3681890;2026-09-21;BQTO0;-SUPERMERCADO DON SAMUEL C.A;LECHE COMPLETA NATULAC;2.38
3681896;2026-09-21;BQTO0;-SUPERMERCADO DON SAMUEL C.A;LECHE COMPLETA PASTORENA;2.71
3681902;2026-09-21;BQTO0;-SUPERMERCADO DON SAMUEL C.A;LECHE COMPLETA SAN SIMON;2.35
3681892;2026-09-21;BQTO0;-SUPERMERCADO DON SAMUEL C.A;LECHE DESCREMADA NATULAC;2.24
3681898;2026-09-21;BQTO0;-SUPERMERCADO DON SAMUEL C.A;LECHE DESCREMADA PASTORENA;2.72
3681904;2026-09-21;BQTO0;-SUPERMERCADO DON SAMUEL C.A;LECHE DESCREMADA SAN SIMON;2.45
3681894;2026-09-21;BQTO0;-SUPERMERCADO DON SAMUEL C.A;LECHE DESLACTOSADA NATULAC;2.31
3681900;2026-09-21;BQTO0;-SUPERMERCADO DON SAMUEL C.A;LECHE DESLACTOSADA PASTORENA;2.72
3681906;2026-09-21;BQTO0;-SUPERMERCADO DON SAMUEL C.A;LECHE DESLACTOSADA SAN SIMON;2.51
3681912;2026-09-21;BQTO0;-SUPERMERCADO DON SAMUEL C.A;LECHE EN POLVO 200 GR LA CAMPINA;3.48
3681910;2026-09-21;BQTO0;-SUPERMERCADO DON SAMUEL C.A;LECHE EN POLVO 400 GR LA CAMPINA;6.97
3681916;2026-09-21;BQTO0;-SUPERMERCADO DON SAMUEL C.A;LECHE EN POLVO 400 GR SAN SIMON;5.89
3681908;2026-09-21;BQTO0;-SUPERMERCADO DON SAMUEL C.A;LECHE EN POLVO 900 GR LA CAMPINA;13.55
3681914;2026-09-21;BQTO0;-SUPERMERCADO DON SAMUEL C.A;LECHE EN POLVO 900 GR SAN SIMON;12.47
3551594;2026-09-09;BQTO0;-SUPERMERCADO DON SAMUEL C.A;MANTEQUILLA PAISA;9.63
3551580;2026-09-09;BQTO0;-SUPERMERCADO DON SAMUEL C.A;MANZANA FRICA;2.61
3551583;2026-09-09;BQTO0;-SUPERMERCADO DON SAMUEL C.A;MANZANA FRICA 500ML;1.48
3551585;2026-09-09;BQTO0;-SUPERMERCADO DON SAMUEL C.A;MANZANA LIGTH NATULAC 1L;2.52
3551587;2026-09-09;BQTO0;-SUPERMERCADO DON SAMUEL C.A;MANZANA NATULAC 1L;1.77
3551591;2026-09-09;BQTO0;-SUPERMERCADO DON SAMUEL C.A;MANZANA NATULAC 250ML;3.69
3551579;2026-09-09;BQTO0;-SUPERMERCADO DON SAMUEL C.A;NARANJA FRICA;3.85
3551582;2026-09-09;BQTO0;-SUPERMERCADO DON SAMUEL C.A;NARANJA FRICA 500ML;2.19
3551590;2026-09-09;BQTO0;-SUPERMERCADO DON SAMUEL C.A;NARANJA NATULAC 250ML;3.57
3551581;2026-09-09;BQTO0;-SUPERMERCADO DON SAMUEL C.A;PERA FRICA;2.61
3551584;2026-09-09;BQTO0;-SUPERMERCADO DON SAMUEL C.A;PERA FRICA 500ML;1.48
3551586;2026-09-09;BQTO0;-SUPERMERCADO DON SAMUEL C.A;PERA LIGHT NATULAC 1L;2.44
3551588;2026-09-09;BQTO0;-SUPERMERCADO DON SAMUEL C.A;PERA NATULAC 1L;1.77
3551592;2026-09-09;BQTO0;-SUPERMERCADO DON SAMUEL C.A;PERA NATULAC 250ML;3.32
3599926;2026-09-14;BQTO0;-SUPERMERCADO GIRASOL;LECHE EN POLVO 200 GR LA CAMPINA;3.12
3599930;2026-09-14;BQTO0;-SUPERMERCADO GIRASOL;LECHE EN POLVO 200 GR SAN SIMON;1.73
3599925;2026-09-14;BQTO0;-SUPERMERCADO GIRASOL;LECHE EN POLVO 400 GR LA CAMPINA;6.04
3599929;2026-09-14;BQTO0;-SUPERMERCADO GIRASOL;LECHE EN POLVO 400 GR SAN SIMON;4.99
3599927;2026-09-14;BQTO0;-SUPERMERCADO GIRASOL;LECHE EN POLVO 900 GR LA CAMPINA;11.71
3599928;2026-09-14;BQTO0;-SUPERMERCADO GIRASOL;LECHE EN POLVO 900 GR SAN SIMON;9.19
3552786;2026-09-09;BQTO0;-SUPERMERCADO GRAN OFERTA TUREN;LECHE COMPLETA NATULAC;3
3552785;2026-09-09;BQTO0;-SUPERMERCADO GRAN OFERTA TUREN;LECHE DESCREMADA NATULAC;3
3719523;2026-09-23;BQTO0;-SUPERMERCADO GRAN OFERTA TUREN;LECHE EN POLVO 200 GR LA CAMPINA;3.8
3552787;2026-09-09;BQTO0;-SUPERMERCADO GRAN OFERTA TUREN;MANZANA NATULAC 1L;2.35
3552788;2026-09-09;BQTO0;-SUPERMERCADO GRAN OFERTA TUREN;PERA NATULAC 1L;2.35
3741910;2026-09-25;BQTO0;-SUPERMERCADO KARI CABUDARE;CREMA DE LECHE DE PAISA 250GR;5.44
3741909;2026-09-25;BQTO0;-SUPERMERCADO KARI CABUDARE;CREMA DE LECHE DE PAISA 500GR;9.88
3520885;2026-09-07;BQTO0;-SUPERMERCADO KARI CABUDARE;DURAZNO FRICA;2.59
3568931;2026-09-10;BQTO0;-SUPERMERCADO KARI CABUDARE;DURAZNO NATULAC 1L;2.22
3741892;2026-09-25;BQTO0;-SUPERMERCADO KARI CABUDARE;LECHE COMPLETA NATULAC;2.16
3741895;2026-09-25;BQTO0;-SUPERMERCADO KARI CABUDARE;LECHE COMPLETA PASTORENA;2.59
3741893;2026-09-25;BQTO0;-SUPERMERCADO KARI CABUDARE;LECHE DESCREMADA NATULAC;2.1
3741896;2026-09-25;BQTO0;-SUPERMERCADO KARI CABUDARE;LECHE DESCREMADA PASTORENA;2.59
3741894;2026-09-25;BQTO0;-SUPERMERCADO KARI CABUDARE;LECHE DESLACTOSADA NATULAC;2.18
3741897;2026-09-25;BQTO0;-SUPERMERCADO KARI CABUDARE;LECHE DESLACTOSADA PASTORENA;2.63
3741891;2026-09-25;BQTO0;-SUPERMERCADO KARI CABUDARE;LECHE EN POLVO 200 GR LA CAMPINA;3.93
3581233;2026-09-11;BQTO0;-SUPERMERCADO KARI CABUDARE;LECHE EN POLVO 200 GR SAN SIMON;2.21
3741890;2026-09-25;BQTO0;-SUPERMERCADO KARI CABUDARE;LECHE EN POLVO 400 GR LA CAMPINA;8.06
3741889;2026-09-25;BQTO0;-SUPERMERCADO KARI CABUDARE;LECHE EN POLVO 400 GR SAN SIMON;6.69
3659578;2026-09-18;BQTO0;-SUPERMERCADO KARI CABUDARE;LECHE EN POLVO 900 GR LA CAMPINA;15.28
3741888;2026-09-25;BQTO0;-SUPERMERCADO KARI CABUDARE;LECHE EN POLVO 900 GR SAN SIMON;15.22
3741907;2026-09-25;BQTO0;-SUPERMERCADO KARI CABUDARE;MANTEQUILLA PAISA;7.95
3741908;2026-09-25;BQTO0;-SUPERMERCADO KARI CABUDARE;MANTEQUILLA PAISA SIN SAL;7.65
3741899;2026-09-25;BQTO0;-SUPERMERCADO KARI CABUDARE;MANZANA FRICA;2.61
3520888;2026-09-07;BQTO0;-SUPERMERCADO KARI CABUDARE;MANZANA FRICA 250ML;1.48
3741900;2026-09-25;BQTO0;-SUPERMERCADO KARI CABUDARE;MANZANA LIGTH NATULAC 1L;2.33
3741903;2026-09-25;BQTO0;-SUPERMERCADO KARI CABUDARE;MANZANA NATULAC 1L;2.22
3568939;2026-09-10;BQTO0;-SUPERMERCADO KARI CABUDARE;MANZANA NATULAC 250ML;0.96
3741898;2026-09-25;BQTO0;-SUPERMERCADO KARI CABUDARE;NARANJA FRICA;3.85
3520887;2026-09-07;BQTO0;-SUPERMERCADO KARI CABUDARE;NARANJA FRICA 250ML;2.19
3581240;2026-09-11;BQTO0;-SUPERMERCADO KARI CABUDARE;NARANJA NATULAC 1L;2.8
3568934;2026-09-10;BQTO0;-SUPERMERCADO KARI CABUDARE;NARANJA NATULAC 250ML;1.03
3520883;2026-09-07;BQTO0;-SUPERMERCADO KARI CABUDARE;PERA FRICA;2.59
3520889;2026-09-07;BQTO0;-SUPERMERCADO KARI CABUDARE;PERA FRICA 250ML;1.48
3741901;2026-09-25;BQTO0;-SUPERMERCADO KARI CABUDARE;PERA LIGHT NATULAC 1L;2.33
3741904;2026-09-25;BQTO0;-SUPERMERCADO KARI CABUDARE;PERA NATULAC 1L;2.22
3568937;2026-09-10;BQTO0;-SUPERMERCADO KARI CABUDARE;PERA NATULAC 250ML;0.96
3741905;2026-09-25;BQTO0;-SUPERMERCADO KARI CABUDARE;TE DURAZNO 1L PARMALAT;2.39
3741906;2026-09-25;BQTO0;-SUPERMERCADO KARI CABUDARE;TE LIMON 1L PARMALAT;2.39
3581219;2026-09-11;BQTO0;-SUPERMERCADO LAS AMAPOLAS;LECHE COMPLETA PASTORENA;2.7
3520884;2026-09-07;BQTO0;-SUPERMERCADO LAS AMAPOLAS;LECHE DESCREMADA PASTORENA;2.51
3659558;2026-09-18;BQTO0;-SUPERMERCADO LAS AMAPOLAS;LECHE EN POLVO 200 GR LA CAMPINA;3.69
3659559;2026-09-18;BQTO0;-SUPERMERCADO LAS AMAPOLAS;LECHE EN POLVO 400 GR LA CAMPINA;8.01
3659562;2026-09-18;BQTO0;-SUPERMERCADO LAS AMAPOLAS;LECHE EN POLVO 400 GR SAN SIMON;6.09
3659560;2026-09-18;BQTO0;-SUPERMERCADO LAS AMAPOLAS;LECHE EN POLVO 900 GR LA CAMPINA;15.16
3659561;2026-09-18;BQTO0;-SUPERMERCADO LAS AMAPOLAS;LECHE EN POLVO 900 GR SAN SIMON;11.78
3581225;2026-09-11;BQTO0;-SUPERMERCADO LAS AMAPOLAS;PERA NATULAC 1L;2.33
3552407;2026-09-09;BQTO0;-SUPERMERCADO LUXOR;DURAZNO FRICA;2.58
3552405;2026-09-09;BQTO0;-SUPERMERCADO LUXOR;DURAZNO NATULAC 1L;2.18
3552402;2026-09-09;BQTO0;-SUPERMERCADO LUXOR;LECHE DESCREMADA PASTORENA;2.65
3552400;2026-09-09;BQTO0;-SUPERMERCADO LUXOR;LECHE DESLACTOSADA PASTORENA;2.71
3552401;2026-09-09;BQTO0;-SUPERMERCADO LUXOR;LECHE DESLACTOSADA SAN SIMON;2.45
3717983;2026-09-23;BQTO0;-SUPERMERCADO LUXOR;LECHE EN POLVO 900 GR LA CAMPINA;15.5
3717982;2026-09-23;BQTO0;-SUPERMERCADO LUXOR;LECHE EN POLVO 900 GR SAN SIMON;11.99
3552403;2026-09-09;BQTO0;-SUPERMERCADO LUXOR;MANZANA LIGTH NATULAC 1L;2.31
3552406;2026-09-09;BQTO0;-SUPERMERCADO LUXOR;NARANJA FRICA;3.64
3746717;2026-09-25;BQTO0;-SUPERMERCADO NUEVA CASA CENTER;LECHE EN POLVO 200 GR LA CAMPINA;3.78
3746716;2026-09-25;BQTO0;-SUPERMERCADO NUEVA CASA CENTER;LECHE EN POLVO 400 GR LA CAMPINA;8.21
3668135;2026-09-18;BQTO0;-SUPERMERCADO NUEVA CASA CENTER;LECHE EN POLVO 400 GR SAN SIMON;8.54
3746715;2026-09-25;BQTO0;-SUPERMERCADO NUEVA CASA CENTER;LECHE EN POLVO 900 GR LA CAMPINA;15.53
3668133;2026-09-18;BQTO0;-SUPERMERCADO NUEVA CASA CENTER;LECHE EN POLVO 900 GR SAN SIMON;15.07
3702192;2026-09-22;BQTO0;-SUPERMERCADO POPULAR C.A.;LECHE EN POLVO 400 GR LA CAMPINA;3.47
3702194;2026-09-22;BQTO0;-SUPERMERCADO POPULAR C.A.;LECHE EN POLVO 900 GR LA CAMPINA;14.2
3746706;2026-09-24;BQTO0;"-SUPERMERCADO XINGZI; C.A";LECHE EN POLVO 400 GR LA CAMPINA;7.05
3650648;2026-09-17;BQTO0;"-SUPERMERCADO XINGZI; C.A";LECHE EN POLVO 400 GR SAN SIMON;5.68
3746705;2026-09-24;BQTO0;"-SUPERMERCADO XINGZI; C.A";LECHE EN POLVO 900 GR LA CAMPINA;13.34
3702181;2026-09-22;BQTO0;-SUPERMERCADO ZARAGOZA;LECHE EN POLVO 900 GR LA CAMPINA;16.9
3702183;2026-09-22;BQTO0;-SUPERMERCADO ZARAGOZA;LECHE EN POLVO 900 GR SAN SIMON;7.67
3683842;2026-09-21;BQTO0;-TORITO EXPRESS;LECHE EN POLVO 200 GR LA CAMPINA;2.54
3683840;2026-09-21;BQTO0;-TORITO EXPRESS;LECHE EN POLVO 900 GR SAN SIMON;14.85
3702182;2026-09-22;BQTO0;-VALLE GRANDE;LECHE EN POLVO 200 GR LA CAMPINA;3.9
3702185;2026-09-22;BQTO0;-VALLE GRANDE;LECHE EN POLVO 400 GR LA CAMPINA;8.63
3702187;2026-09-22;BQTO0;-VALLE GRANDE;LECHE EN POLVO 900 GR LA CAMPINA;15.79
3582919;2026-09-11;BQTO0;-VENTURA LIANG;LECHE COMPLETA PASTORENA;2.66
3582922;2026-09-11;BQTO0;-VENTURA LIANG;LECHE DESCREMADA PASTORENA;2.66
3582923;2026-09-11;BQTO0;-VENTURA LIANG;LECHE DESLACTOSADA PASTORENA;2.88
3746721;2026-09-25;BQTO0;-VENTURA LIANG;LECHE EN POLVO 200 GR LA CAMPINA;3.45
3746720;2026-09-25;BQTO0;-VENTURA LIANG;LECHE EN POLVO 400 GR LA CAMPINA;7.8
3746719;2026-09-25;BQTO0;-VENTURA LIANG;LECHE EN POLVO 900 GR LA CAMPINA;14
3740486;2026-09-25;CCS02;CENTRAL MADEIRENSE BELLO CAMPO;CREMA DE LECHE DE PAISA 250GR;5.99
3740485;2026-09-25;CCS02;CENTRAL MADEIRENSE BELLO CAMPO;CREMA DE LECHE DE PAISA 500GR;12.48
3791181;2026-09-30;CCS02;CENTRAL MADEIRENSE BELLO CAMPO;LECHE COMPLETA NATULAC;2.79
3576541;2026-09-11;CCS02;CENTRAL MADEIRENSE BELLO CAMPO;LECHE COMPLETA PASTORENA;2.85
3791182;2026-09-30;CCS02;CENTRAL MADEIRENSE BELLO CAMPO;LECHE DESCREMADA NATULAC;2.75
3576543;2026-09-11;CCS02;CENTRAL MADEIRENSE BELLO CAMPO;LECHE DESCREMADA PASTORENA;2.85
3791183;2026-09-30;CCS02;CENTRAL MADEIRENSE BELLO CAMPO;LECHE DESLACTOSADA NATULAC;2.89
3576545;2026-09-11;CCS02;CENTRAL MADEIRENSE BELLO CAMPO;LECHE DESLACTOSADA PASTORENA;2.89
3576550;2026-09-11;CCS02;CENTRAL MADEIRENSE BELLO CAMPO;LECHE EN POLVO 400 GR LA CAMPINA;7.79
3576552;2026-09-11;CCS02;CENTRAL MADEIRENSE BELLO CAMPO;LECHE EN POLVO 400 GR SAN SIMON;7.1
3576551;2026-09-11;CCS02;CENTRAL MADEIRENSE BELLO CAMPO;LECHE EN POLVO 900 GR LA CAMPINA;14.85
3740483;2026-09-25;CCS02;CENTRAL MADEIRENSE BELLO CAMPO;MANTEQUILLA PAISA;9.81
3740484;2026-09-25;CCS02;CENTRAL MADEIRENSE BELLO CAMPO;MANTEQUILLA PAISA SIN SAL;8.3
3546543;2026-09-08;CCS02;CENTRAL MADEIRENSE BELLO CAMPO;NARANJA NATULAC 1L;3.09
3740476;2026-09-25;CCS02;CENTRAL MADEIRENSE BELLO CAMPO;SALCHICHA TIPO VIENA 225GR FIESTA;3.79
3740478;2026-09-25;CCS02;CENTRAL MADEIRENSE BELLO CAMPO;SALCHICHA TIPO VIENA 225GR PLUMROSE;6.61
3740475;2026-09-25;CCS02;CENTRAL MADEIRENSE BELLO CAMPO;SALCHICHA TIPO VIENA 450GR FIESTA;5.75
3668258;2026-09-17;CCS02;CENTRAL MADEIRENSE BELLO CAMPO;SALCHICHA TIPO VIENA 450GR PLUMROSE;8.99
3740477;2026-09-25;CCS02;CENTRAL MADEIRENSE BELLO CAMPO;SALCHICHA TIPO VIENA 800GR PLUMROSE;9.98
3685586;2026-09-22;CCS02;CENTRAL MADEIRENSE BELLO MONTE;CREMA DE LECHE DE PAISA 250GR;5.99
3635025;2026-09-17;CCS02;CENTRAL MADEIRENSE BELLO MONTE;CREMA DE LECHE DE PAISA 500GR;12.48
3529116;2026-09-08;CCS02;CENTRAL MADEIRENSE BELLO MONTE;DURAZNO NATULAC 1L;2.49
3572297;2026-09-11;CCS02;CENTRAL MADEIRENSE BELLO MONTE;DURAZNO PASTORENA;2.18
3800583;2026-09-30;CCS02;CENTRAL MADEIRENSE BELLO MONTE;LECHE COMPLETA NATULAC;2.79
3800586;2026-09-30;CCS02;CENTRAL MADEIRENSE BELLO MONTE;LECHE COMPLETA PASTORENA;2.85
3685614;2026-09-22;CCS02;CENTRAL MADEIRENSE BELLO MONTE;LECHE COMPLETA SAN SIMON;2.65
3800584;2026-09-30;CCS02;CENTRAL MADEIRENSE BELLO MONTE;LECHE DESCREMADA NATULAC;2.75
3737537;2026-09-25;CCS02;CENTRAL MADEIRENSE BELLO MONTE;LECHE DESCREMADA PASTORENA;2.85
3685615;2026-09-22;CCS02;CENTRAL MADEIRENSE BELLO MONTE;LECHE DESCREMADA SAN SIMON;2.6
3800585;2026-09-30;CCS02;CENTRAL MADEIRENSE BELLO MONTE;LECHE DESLACTOSADA NATULAC;2.89
3800587;2026-09-30;CCS02;CENTRAL MADEIRENSE BELLO MONTE;LECHE DESLACTOSADA PASTORENA;2.89
3602264;2026-09-15;CCS02;CENTRAL MADEIRENSE BELLO MONTE;LECHE DESLACTOSADA SAN SIMON;2.75
3685616;2026-09-22;CCS02;CENTRAL MADEIRENSE BELLO MONTE;LECHE EN POLVO 400 GR LA CAMPINA;7.05
3635059;2026-09-17;CCS02;CENTRAL MADEIRENSE BELLO MONTE;LECHE EN POLVO 400 GR SAN SIMON;7.1
3685617;2026-09-22;CCS02;CENTRAL MADEIRENSE BELLO MONTE;LECHE EN POLVO 900 GR LA CAMPINA;14.85
3685618;2026-09-22;CCS02;CENTRAL MADEIRENSE BELLO MONTE;LECHE EN POLVO 900 GR SAN SIMON;13.75
3800605;2026-09-30;CCS02;CENTRAL MADEIRENSE BELLO MONTE;MANTEQUILLA PAISA;9.81
3800604;2026-09-30;CCS02;CENTRAL MADEIRENSE BELLO MONTE;MANTEQUILLA PAISA SIN SAL;9.46
3572295;2026-09-11;CCS02;CENTRAL MADEIRENSE BELLO MONTE;MANZANA FRICA;2.6
3572299;2026-09-11;CCS02;CENTRAL MADEIRENSE BELLO MONTE;MANZANA NATULAC 1L;2.49
3572294;2026-09-11;CCS02;CENTRAL MADEIRENSE BELLO MONTE;NARANJA FRICA;3.91
3572298;2026-09-11;CCS02;CENTRAL MADEIRENSE BELLO MONTE;NARANJA NATULAC 1L;3.09
3572296;2026-09-11;CCS02;CENTRAL MADEIRENSE BELLO MONTE;NARANJA PASTORENA;2.73
3572300;2026-09-11;CCS02;CENTRAL MADEIRENSE BELLO MONTE;PERA NATULAC 1L;2.49
3685597;2026-09-22;CCS02;CENTRAL MADEIRENSE BELLO MONTE;SALCHICHA TIPO VIENA 225GR FIESTA;3.35
3685596;2026-09-22;CCS02;CENTRAL MADEIRENSE BELLO MONTE;SALCHICHA TIPO VIENA 450GR FIESTA;5.05
3685595;2026-09-22;CCS02;CENTRAL MADEIRENSE BELLO MONTE;SALCHICHA TIPO VIENA 450GR PLUMROSE;8.99
3572301;2026-09-11;CCS02;CENTRAL MADEIRENSE BELLO MONTE;TE LIMON 1L PARMALAT;2.47
3572302;2026-09-11;CCS02;CENTRAL MADEIRENSE BELLO MONTE;TE LIMON 1L PASTORENA;2.15
3691361;2026-09-22;CCS02;CENTRAL MADEIRENSE CHACAITO;CREMA DE LECHE DE PAISA 250GR;6.86
3637943;2026-09-17;CCS02;CENTRAL MADEIRENSE CHACAITO;CREMA DE LECHE DE PAISA 500GR;12.48
3637939;2026-09-17;CCS02;CENTRAL MADEIRENSE CHACAITO;DURAZNO PASTORENA;2.18
3691342;2026-09-22;CCS02;CENTRAL MADEIRENSE CHACAITO;LECHE COMPLETA NATULAC;2.79
3691345;2026-09-22;CCS02;CENTRAL MADEIRENSE CHACAITO;LECHE COMPLETA PASTORENA;285
3637917;2026-09-17;CCS02;CENTRAL MADEIRENSE CHACAITO;LECHE COMPLETA SAN SIMON;2.65
3691343;2026-09-22;CCS02;CENTRAL MADEIRENSE CHACAITO;LECHE DESCREMADA NATULAC;2.75
3691346;2026-09-22;CCS02;CENTRAL MADEIRENSE CHACAITO;LECHE DESCREMADA PASTORENA;2.85
3691344;2026-09-22;CCS02;CENTRAL MADEIRENSE CHACAITO;LECHE DESLACTOSADA NATULAC;2.89
3691347;2026-09-22;CCS02;CENTRAL MADEIRENSE CHACAITO;LECHE DESLACTOSADA PASTORENA;2.89
3637918;2026-09-17;CCS02;CENTRAL MADEIRENSE CHACAITO;LECHE DESLACTOSADA SAN SIMON;2.75
3637919;2026-09-17;CCS02;CENTRAL MADEIRENSE CHACAITO;LECHE EN POLVO 400 GR LA CAMPINA;7.39
3637920;2026-09-17;CCS02;CENTRAL MADEIRENSE CHACAITO;LECHE EN POLVO 900 GR LA CAMPINA;14.85
3691362;2026-09-22;CCS02;CENTRAL MADEIRENSE CHACAITO;MANTEQUILLA PAISA;9.81
3691363;2026-09-22;CCS02;CENTRAL MADEIRENSE CHACAITO;MANTEQUILLA PAISA SIN SAL;8.3
3576563;2026-09-11;CCS02;CENTRAL MADEIRENSE CHACAITO;MANZANA FRICA;2.6
3637940;2026-09-17;CCS02;CENTRAL MADEIRENSE CHACAITO;MANZANA NATULAC 1L;2.49
3576562;2026-09-11;CCS02;CENTRAL MADEIRENSE CHACAITO;NARANJA FRICA;3.91
3637938;2026-09-17;CCS02;CENTRAL MADEIRENSE CHACAITO;NARANJA PASTORENA;2.73
3633299;2026-09-15;CCS02;CENTRAL MADEIRENSE CHACAITO;SALCHICHA TIPO VIENA 225GR FIESTA;3.35
3633301;2026-09-15;CCS02;CENTRAL MADEIRENSE CHACAITO;SALCHICHA TIPO VIENA 225GR PLUMROSE;5.95
3633298;2026-09-15;CCS02;CENTRAL MADEIRENSE CHACAITO;SALCHICHA TIPO VIENA 450GR FIESTA;5.05
3633300;2026-09-15;CCS02;CENTRAL MADEIRENSE CHACAITO;SALCHICHA TIPO VIENA 450GR PLUMROSE;8.99
3529133;2026-09-08;CCS02;CENTRAL MADEIRENSE CHACAITO;TE DURAZNO 1L PARMALAT;2.47
3576566;2026-09-11;CCS02;CENTRAL MADEIRENSE CHACAITO;TE DURAZNO 1L PASTORENA;2.26
3637933;2026-09-17;CCS02;CENTRAL MADEIRENSE CHACAITO;TE LIMON 1L PARMALAT;2.26
3703759;2026-09-23;CCS02;CENTRAL MADEIRENSE LOS RUICES;CREMA DE LECHE DE PAISA 250GR;5.99
3670117;2026-09-21;CCS02;CENTRAL MADEIRENSE LOS RUICES;CREMA DE LECHE DE PAISA 500GR;12.48
3703816;2026-09-23;CCS02;CENTRAL MADEIRENSE LOS RUICES;LECHE COMPLETA NATULAC;2.79
3703810;2026-09-23;CCS02;CENTRAL MADEIRENSE LOS RUICES;LECHE COMPLETA PASTORENA;2.85
3703820;2026-09-23;CCS02;CENTRAL MADEIRENSE LOS RUICES;LECHE COMPLETA SAN SIMON;2.65
3703818;2026-09-23;CCS02;CENTRAL MADEIRENSE LOS RUICES;LECHE DESCREMADA NATULAC;2.89
3703812;2026-09-23;CCS02;CENTRAL MADEIRENSE LOS RUICES;LECHE DESCREMADA PASTORENA;2.85
3703822;2026-09-23;CCS02;CENTRAL MADEIRENSE LOS RUICES;LECHE DESCREMADA SAN SIMON;2.6
3670150;2026-09-21;CCS02;CENTRAL MADEIRENSE LOS RUICES;LECHE DESLACTOSADA NATULAC;2.89
3703814;2026-09-23;CCS02;CENTRAL MADEIRENSE LOS RUICES;LECHE DESLACTOSADA PASTORENA;2.89
3670153;2026-09-21;CCS02;CENTRAL MADEIRENSE LOS RUICES;LECHE DESLACTOSADA SAN SIMON;2.75
3670154;2026-09-21;CCS02;CENTRAL MADEIRENSE LOS RUICES;LECHE EN POLVO 200 GR LA CAMPINA;3.59
3703826;2026-09-23;CCS02;CENTRAL MADEIRENSE LOS RUICES;LECHE EN POLVO 400 GR LA CAMPINA;7.05
3703828;2026-09-23;CCS02;CENTRAL MADEIRENSE LOS RUICES;LECHE EN POLVO 400 GR SAN SIMON;6.8
3703824;2026-09-23;CCS02;CENTRAL MADEIRENSE LOS RUICES;LECHE EN POLVO 900 GR LA CAMPINA;13.99
3703830;2026-09-23;CCS02;CENTRAL MADEIRENSE LOS RUICES;LECHE EN POLVO 900 GR SAN SIMON;13.1
3546566;2026-09-09;CCS02;CENTRAL MADEIRENSE LOS RUICES;MANTEQUILLA PAISA;9.81
3546567;2026-09-09;CCS02;CENTRAL MADEIRENSE LOS RUICES;MANTEQUILLA PAISA SIN SAL;9.46
3546576;2026-09-09;CCS02;CENTRAL MADEIRENSE LOS RUICES;MANZANA FRICA;2.6
3670130;2026-09-21;CCS02;CENTRAL MADEIRENSE LOS RUICES;MANZANA PASTORENA;2.18
3670133;2026-09-21;CCS02;CENTRAL MADEIRENSE LOS RUICES;NARANJA NATULAC 1L;3.09
3670131;2026-09-21;CCS02;CENTRAL MADEIRENSE LOS RUICES;NARANJA PASTORENA;2.73
3670132;2026-09-21;CCS02;CENTRAL MADEIRENSE LOS RUICES;PERA NATULAC 1L;2.49
3670115;2026-09-21;CCS02;CENTRAL MADEIRENSE LOS RUICES;SALCHICHA TIPO VIENA 225GR FIESTA;3.35
3670113;2026-09-21;CCS02;CENTRAL MADEIRENSE LOS RUICES;SALCHICHA TIPO VIENA 225GR PLUMROSE;5.95
3670114;2026-09-21;CCS02;CENTRAL MADEIRENSE LOS RUICES;SALCHICHA TIPO VIENA 450GR FIESTA;5.05
3670112;2026-09-21;CCS02;CENTRAL MADEIRENSE LOS RUICES;SALCHICHA TIPO VIENA 450GR PLUMROSE;8.99
3521940;2026-09-07;CCS02;CENTRAL MADEIRENSE LOS RUICES;TE DURAZNO 1L PARMALAT;2.47
3670134;2026-09-21;CCS02;CENTRAL MADEIRENSE LOS RUICES;TE DURAZNO 1L PASTORENA;2.15
3521942;2026-09-07;CCS02;CENTRAL MADEIRENSE LOS RUICES;TE LIMON 1L PASTORENA;2.15
3633339;2026-09-15;CCS02;LUZ LA CARLOTA;LECHE COMPLETA PASTORENA;2.45
3633341;2026-09-15;CCS02;LUZ LA CARLOTA;LECHE DESCREMADA PASTORENA;2.45
3703719;2026-09-22;CCS02;LUZ LA CARLOTA;LECHE EN POLVO 400 GR LA CAMPINA;6.35
3586693;2026-09-11;CCS02;LUZ LA CARLOTA;LECHE EN POLVO 900 GR LA CAMPINA;12.45
3668347;2026-09-21;CCS02;UNICASA BOLEITA;DURAZNO PASTORENA;2.34
3703842;2026-09-23;CCS02;UNICASA BOLEITA;LECHE COMPLETA PASTORENA;2.73
3703843;2026-09-23;CCS02;UNICASA BOLEITA;LECHE DESCREMADA PASTORENA;2.73
3703844;2026-09-23;CCS02;UNICASA BOLEITA;LECHE DESLACTOSADA PASTORENA;2.8
3703837;2026-09-23;CCS02;UNICASA BOLEITA;LECHE EN POLVO 400 GR LA CAMPINA;6.92
3668364;2026-09-21;CCS02;UNICASA BOLEITA;LECHE EN POLVO 400 GR SAN SIMON;6.4
3703839;2026-09-23;CCS02;UNICASA BOLEITA;LECHE EN POLVO 900 GR LA CAMPINA;13.55
3703841;2026-09-23;CCS02;UNICASA BOLEITA;LECHE EN POLVO 900 GR SAN SIMON;12.91
3703817;2026-09-23;CCS02;UNICASA BOLEITA;MANZANA FRICA;3.04
3703815;2026-09-23;CCS02;UNICASA BOLEITA;NARANJA FRICA;4.5
3668345;2026-09-21;CCS02;UNICASA BOLEITA;NARANJA PASTORENA;3.31
3703819;2026-09-23;CCS02;UNICASA BOLEITA;PERA FRICA;3.07
3521961;2026-09-07;CCS02;UNICASA BOLEITA;PERA PASTORENA;2.34
3668343;2026-09-21;CCS02;UNICASA BOLEITA;TE LIMON 1L PASTORENA;2.61
3737486;2026-09-23;CCS02;UNICASA EL MARQUES;LECHE COMPLETA PASTORENA;2.73
3737491;2026-09-23;CCS02;UNICASA EL MARQUES;LECHE COMPLETA SAN SIMON;2.29
3737490;2026-09-23;CCS02;UNICASA EL MARQUES;LECHE DESCREMADA PASTORENA;2.73
3737493;2026-09-23;CCS02;UNICASA EL MARQUES;LECHE DESCREMADA SAN SIMON;2.29
3737488;2026-09-23;CCS02;UNICASA EL MARQUES;LECHE DESLACTOSADA PASTORENA;2.8
3737495;2026-09-23;CCS02;UNICASA EL MARQUES;LECHE DESLACTOSADA SAN SIMON;2.29
3737499;2026-09-23;CCS02;UNICASA EL MARQUES;LECHE EN POLVO 400 GR LA CAMPINA;6.92
3737497;2026-09-23;CCS02;UNICASA EL MARQUES;LECHE EN POLVO 400 GR SAN SIMON;6.42
3737501;2026-09-23;CCS02;UNICASA EL MARQUES;LECHE EN POLVO 900 GR LA CAMPINA;13.55
3595270;2026-09-14;CCS02;UNICASA EL MARQUES;LECHE EN POLVO 900 GR SAN SIMON;10.99
3619950;2026-09-16;CCS03;LUZ EL LLANITO;CREMA DE LECHE DE PAISA 250GR;6.86
3619945;2026-09-16;CCS03;LUZ EL LLANITO;MANTEQUILLA PAISA;9.16
3619946;2026-09-16;CCS03;LUZ EL LLANITO;MANTEQUILLA PAISA SIN SAL;8.39
3555862;2026-09-10;CCS03;LUZ PEDREGAL;LECHE EN POLVO 400 GR LA CAMPINA;5.49
3555861;2026-09-10;CCS03;LUZ PEDREGAL;LECHE EN POLVO 900 GR LA CAMPINA;10.79
3555860;2026-09-10;CCS03;LUZ PEDREGAL;LECHE EN POLVO 900 GR SAN SIMON;12.85
3557894;2026-09-10;CCS03;RIO SAN IGNACIO;LECHE EN POLVO 900 GR LA CAMPINA;12.49
3557893;2026-09-10;CCS03;RIO SAN IGNACIO;LECHE EN POLVO 900 GR SAN SIMON;12.49
3473163;2026-09-02;CCS04;CENTRAL MADEIRENSE PLAZAS AMERICAS;DURAZNO NATULAC 1L;2.49
3588067;2026-09-14;CCS04;CENTRAL MADEIRENSE PLAZAS AMERICAS;LECHE COMPLETA NATULAC;2.79
3588070;2026-09-14;CCS04;CENTRAL MADEIRENSE PLAZAS AMERICAS;LECHE COMPLETA PASTORENA;2.85
3588068;2026-09-14;CCS04;CENTRAL MADEIRENSE PLAZAS AMERICAS;LECHE DESCREMADA NATULAC;2.89
3588071;2026-09-14;CCS04;CENTRAL MADEIRENSE PLAZAS AMERICAS;LECHE DESCREMADA PASTORENA;2.85
3588069;2026-09-14;CCS04;CENTRAL MADEIRENSE PLAZAS AMERICAS;LECHE DESLACTOSADA NATULAC;2.89
3588072;2026-09-14;CCS04;CENTRAL MADEIRENSE PLAZAS AMERICAS;LECHE DESLACTOSADA PASTORENA;2.89
3565389;2026-09-10;CCS04;CENTRAL MADEIRENSE PLAZAS AMERICAS;LECHE EN POLVO 400 GR LA CAMPINA;7.15
3565391;2026-09-10;CCS04;CENTRAL MADEIRENSE PLAZAS AMERICAS;LECHE EN POLVO 400 GR SAN SIMON;7.1
3565390;2026-09-10;CCS04;CENTRAL MADEIRENSE PLAZAS AMERICAS;LECHE EN POLVO 900 GR LA CAMPINA;14.85
3565392;2026-09-10;CCS04;CENTRAL MADEIRENSE PLAZAS AMERICAS;LECHE EN POLVO 900 GR SAN SIMON;13.75
3473184;2026-09-02;CCS04;CENTRAL MADEIRENSE PLAZAS AMERICAS;MANTEQUILLA PAISA;9.81
3473161;2026-09-02;CCS04;CENTRAL MADEIRENSE PLAZAS AMERICAS;MANZANA FRICA;2.6
3473164;2026-09-02;CCS04;CENTRAL MADEIRENSE PLAZAS AMERICAS;MANZANA NATULAC 1L;2.49
3473160;2026-09-02;CCS04;CENTRAL MADEIRENSE PLAZAS AMERICAS;NARANJA FRICA;3.91
3473165;2026-09-02;CCS04;CENTRAL MADEIRENSE PLAZAS AMERICAS;NARANJA NATULAC 1L;3.09
3511896;2026-09-07;CCS04;CENTRAL MADEIRENSE PLAZAS AMERICAS;PERA FRICA;2.6
3511897;2026-09-07;CCS04;CENTRAL MADEIRENSE PLAZAS AMERICAS;PERA NATULAC 1L;2.49
3469475;2026-09-02;CCS04;CENTRAL MADEIRENSE SANTA MARTA;CREMA DE LECHE DE PAISA 250GR;6.86
3469476;2026-09-02;CCS04;CENTRAL MADEIRENSE SANTA MARTA;CREMA DE LECHE DE PAISA 500GR;12.48
3469486;2026-09-02;CCS04;CENTRAL MADEIRENSE SANTA MARTA;DURAZNO FRICA;2.6
3545672;2026-09-09;CCS04;CENTRAL MADEIRENSE SANTA MARTA;LECHE COMPLETA NATULAC;2.79
3545675;2026-09-09;CCS04;CENTRAL MADEIRENSE SANTA MARTA;LECHE COMPLETA PASTORENA;2.85
3545673;2026-09-09;CCS04;CENTRAL MADEIRENSE SANTA MARTA;LECHE DESCREMADA NATULAC;2.75
3469494;2026-09-02;CCS04;CENTRAL MADEIRENSE SANTA MARTA;LECHE DESCREMADA PASTORENA;2.85
3545674;2026-09-09;CCS04;CENTRAL MADEIRENSE SANTA MARTA;LECHE DESLACTOSADA NATULAC;2.89
3469473;2026-09-02;CCS04;CENTRAL MADEIRENSE SANTA MARTA;MANTEQUILLA PAISA;9.81
3469474;2026-09-02;CCS04;CENTRAL MADEIRENSE SANTA MARTA;MANTEQUILLA PAISA SIN SAL;9.46
3469487;2026-09-02;CCS04;CENTRAL MADEIRENSE SANTA MARTA;MANZANA FRICA;3.91
3469489;2026-09-02;CCS04;CENTRAL MADEIRENSE SANTA MARTA;NARANJA NATULAC 1L;3.09
3469488;2026-09-02;CCS04;CENTRAL MADEIRENSE SANTA MARTA;PERA FRICA;2.6
3574109;2026-09-11;CCS04;FORUM HUMBOLDT;LECHE EN POLVO 900 GR LA CAMPINA;14.59
3482637;2026-09-03;CCS04;MERCATO MARKET;CREMA DE LECHE DE PAISA 250GR;5.89
3557596;2026-09-10;CCS04;MERCATO MARKET;LECHE COMPLETA NATULAC;3.25
3557599;2026-09-10;CCS04;MERCATO MARKET;LECHE COMPLETA PASTORENA;2.76
3557597;2026-09-10;CCS04;MERCATO MARKET;LECHE DESCREMADA NATULAC;3.25
3557600;2026-09-10;CCS04;MERCATO MARKET;LECHE DESCREMADA PASTORENA;2.76
3557598;2026-09-10;CCS04;MERCATO MARKET;LECHE DESLACTOSADA NATULAC;3.28
3557601;2026-09-10;CCS04;MERCATO MARKET;LECHE DESLACTOSADA PASTORENA;2.83
3557595;2026-09-10;CCS04;MERCATO MARKET;LECHE EN POLVO 400 GR LA CAMPINA;7.39
3557593;2026-09-10;CCS04;MERCATO MARKET;LECHE EN POLVO 400 GR SAN SIMON;9.43
3557594;2026-09-10;CCS04;MERCATO MARKET;LECHE EN POLVO 900 GR LA CAMPINA;14
3557589;2026-09-10;CCS04;MERCATO MARKET;MANTEQUILLA PAISA;6.98
3557590;2026-09-10;CCS04;MERCATO MARKET;MANTEQUILLA PAISA SIN SAL;8
3557602;2026-09-10;CCS04;MERCATO MARKET;MANZANA NATULAC 1L;2.6
3482651;2026-09-03;CCS04;MERCATO MARKET;MANZANA PASTORENA;2.7
3557603;2026-09-10;CCS04;MERCATO MARKET;NARANJA NATULAC 1L;3.06
3557604;2026-09-10;CCS04;MERCATO MARKET;PERA NATULAC 1L;2.6
3482652;2026-09-03;CCS04;MERCATO MARKET;PERA PASTORENA;2.7
3560608;2026-09-10;CCS04;PLAN SUAREZ CAURIMARE;LECHE COMPLETA NATULAC;2.66
3560611;2026-09-10;CCS04;PLAN SUAREZ CAURIMARE;LECHE COMPLETA PASTORENA;2.34
3560609;2026-09-10;CCS04;PLAN SUAREZ CAURIMARE;LECHE DESCREMADA NATULAC;2.66
3560612;2026-09-10;CCS04;PLAN SUAREZ CAURIMARE;LECHE DESCREMADA PASTORENA;2.34
3560610;2026-09-10;CCS04;PLAN SUAREZ CAURIMARE;LECHE DESLACTOSADA NATULAC;2.74
3560613;2026-09-10;CCS04;PLAN SUAREZ CAURIMARE;LECHE DESLACTOSADA PASTORENA;2.4
3560607;2026-09-10;CCS04;PLAN SUAREZ CAURIMARE;LECHE EN POLVO 900 GR LA CAMPINA;11.56
3560606;2026-09-10;CCS04;PLAN SUAREZ CAURIMARE;LECHE EN POLVO 900 GR SAN SIMON;12.31
3487473;2026-09-03;CCS04;PLAN SUAREZ CAURIMARE;MANZANA NATULAC 1L;2.31
3487472;2026-09-03;CCS04;PLAN SUAREZ CAURIMARE;MANZANA PASTORENA;2.32
3597387;2026-09-14;CCS04;Rio Lomas del sol;LECHE COMPLETA NATULAC;2.35
3477535;2026-09-02;CCS04;Rio Lomas del sol;LECHE COMPLETA PASTORENA;2.59
3597388;2026-09-14;CCS04;Rio Lomas del sol;LECHE DESCREMADA NATULAC;2.29
3477534;2026-09-02;CCS04;Rio Lomas del sol;LECHE DESLACTOSADA NATULAC;2.29
3562058;2026-09-10;CCS04;RIO VIDA SANTA SOFIA;LECHE COMPLETA PASTORENA;2.94
3562059;2026-09-10;CCS04;RIO VIDA SANTA SOFIA;LECHE DESCREMADA PASTORENA;2.94
3562061;2026-09-10;CCS04;RIO VIDA SANTA SOFIA;LECHE EN POLVO 400 GR LA CAMPINA;7.19
3562063;2026-09-10;CCS04;RIO VIDA SANTA SOFIA;LECHE EN POLVO 400 GR SAN SIMON;7.15
3562060;2026-09-10;CCS04;RIO VIDA SANTA SOFIA;LECHE EN POLVO 900 GR LA CAMPINA;14.09
3562062;2026-09-10;CCS04;RIO VIDA SANTA SOFIA;LECHE EN POLVO 900 GR SAN SIMON;14.21
3562066;2026-09-10;CCS04;RIO VIDA SANTA SOFIA;MANZANA NATULAC 1L;2.75
3562064;2026-09-10;CCS04;RIO VIDA SANTA SOFIA;MANZANA PASTORENA;2.5
3562065;2026-09-10;CCS04;RIO VIDA SANTA SOFIA;PERA PASTORENA;2.56
3572744;2026-09-11;CCS04;UNICASA CUMBRES DE CURUMO;LECHE COMPLETA PASTORENA;2.84
3572745;2026-09-11;CCS04;UNICASA CUMBRES DE CURUMO;LECHE DESCREMADA PASTORENA;2.84
3572746;2026-09-11;CCS04;UNICASA CUMBRES DE CURUMO;LECHE DESLACTOSADA PASTORENA;2.91
3572738;2026-09-11;CCS04;UNICASA CUMBRES DE CURUMO;LECHE EN POLVO 400 GR LA CAMPINA;5.99
3572740;2026-09-11;CCS04;UNICASA CUMBRES DE CURUMO;LECHE EN POLVO 400 GR SAN SIMON;7.06
3572739;2026-09-11;CCS04;UNICASA CUMBRES DE CURUMO;LECHE EN POLVO 900 GR LA CAMPINA;13.74
3572741;2026-09-11;CCS04;UNICASA CUMBRES DE CURUMO;LECHE EN POLVO 900 GR SAN SIMON;10.99
3572737;2026-09-11;CCS04;UNICASA CUMBRES DE CURUMO;NARANJA PASTORENA;2.34
3567750;2026-09-10;CCS05;AUTOMERCADO SANTA ROSA DE LIMA;LECHE EN POLVO 400 GR LA CAMPINA;8.05
3567749;2026-09-10;CCS05;AUTOMERCADO SANTA ROSA DE LIMA;LECHE EN POLVO 900 GR LA CAMPINA;16.15
3567748;2026-09-10;CCS05;AUTOMERCADO SANTA ROSA DE LIMA;LECHE EN POLVO 900 GR SAN SIMON;15.39
3565800;2026-09-10;CCS05;CENTRAL MADEIRENSE LA ALAMEDA;LECHE EN POLVO 400 GR LA CAMPINA;7.99
3565798;2026-09-10;CCS05;CENTRAL MADEIRENSE LA ALAMEDA;LECHE EN POLVO 400 GR SAN SIMON;7.1
3565799;2026-09-10;CCS05;CENTRAL MADEIRENSE LA ALAMEDA;LECHE EN POLVO 900 GR LA CAMPINA;14.85
3565797;2026-09-10;CCS05;CENTRAL MADEIRENSE LA ALAMEDA;LECHE EN POLVO 900 GR SAN SIMON;13.75
3796884;2026-09-30;CCS05;MURALLA;CREMA DE LECHE DE PAISA 250GR;6.16
3796883;2026-09-30;CCS05;MURALLA;CREMA DE LECHE DE PAISA 500GR;10.52
3796929;2026-09-30;CCS05;MURALLA;DURAZNO NATULAC 1L;2.35
3796927;2026-09-30;CCS05;MURALLA;DURAZNO NATULAC 250ML;2.9
3796940;2026-09-30;CCS05;MURALLA;LECHE COMPLETA NATULAC;2.35
3796937;2026-09-30;CCS05;MURALLA;LECHE COMPLETA PASTORENA;2.5
3796941;2026-09-30;CCS05;MURALLA;LECHE DESCREMADA NATULAC;2.45
3796943;2026-09-30;CCS05;MURALLA;LECHE DESCREMADA PASTORENA;2.6
3796938;2026-09-30;CCS05;MURALLA;LECHE DESLACTOSADA NATULAC;2.55
3796944;2026-09-30;CCS05;MURALLA;LECHE DESLACTOSADA PASTORENA;2.55
3654304;2026-09-18;CCS05;MURALLA;LECHE EN POLVO 900 GR LA CAMPINA;12.69
3796882;2026-09-30;CCS05;MURALLA;MANTEQUILLA PAISA;6.9
3796930;2026-09-30;CCS05;MURALLA;MANZANA LIGTH NATULAC 1L;2.33
3796928;2026-09-30;CCS05;MURALLA;MANZANA NATULAC 1L;2.2
3796925;2026-09-30;CCS05;MURALLA;MANZANA NATULAC 250ML;2.9
3796926;2026-09-30;CCS05;MURALLA;PERA NATULAC 250ML;2.89
3796881;2026-09-30;CCS05;MURALLA;QUESO DE CABRA ANANKE 500G;29
3796889;2026-09-30;CCS05;MURALLA;SALCHICHA TIPO VIENA 225GR PLUMROSE;5.68
3796931;2026-09-30;CCS05;MURALLA;TE DURAZNO 1L PASTORENA;2.15
3796932;2026-09-30;CCS05;MURALLA;TE LIMON 1L PASTORENA;2.15
3557041;2026-09-10;CCS05;PARAMO BARUTA;LECHE EN POLVO 400 GR LA CAMPINA;6.38
3557039;2026-09-10;CCS05;PARAMO BARUTA;LECHE EN POLVO 400 GR SAN SIMON;6.44
3557040;2026-09-10;CCS05;PARAMO BARUTA;LECHE EN POLVO 900 GR LA CAMPINA;13.33
3557037;2026-09-10;CCS05;PARAMO BARUTA;LECHE EN POLVO 900 GR SAN SIMON;12.98
3560603;2026-09-10;CCS05;PLAN SUAREZ  TRINIDAD;LECHE EN POLVO 900 GR LA CAMPINA;11.56
3560602;2026-09-10;CCS05;PLAN SUAREZ  TRINIDAD;LECHE EN POLVO 900 GR SAN SIMON;12.31
3581169;2026-09-11;CCS05;RIO BOYERA;LECHE COMPLETA NATULAC;2.35
3581173;2026-09-11;CCS05;RIO BOYERA;LECHE EN POLVO 400 GR LA CAMPINA;6.68
3581171;2026-09-11;CCS05;RIO BOYERA;LECHE EN POLVO 400 GR SAN SIMON;6.29
3581172;2026-09-11;CCS05;RIO BOYERA;LECHE EN POLVO 900 GR LA CAMPINA;13.08
3581170;2026-09-11;CCS05;RIO BOYERA;LECHE EN POLVO 900 GR SAN SIMON;12.69
3500118;2026-09-04;CCS06;CENTRAL MADEIRENSE SAN ANTONIO;DURAZNO PASTORENA;2.49
3500132;2026-09-04;CCS06;CENTRAL MADEIRENSE SAN ANTONIO;LECHE COMPLETA NATULAC;2.79
3500133;2026-09-04;CCS06;CENTRAL MADEIRENSE SAN ANTONIO;LECHE DESCREMADA NATULAC;2.75
3500134;2026-09-04;CCS06;CENTRAL MADEIRENSE SAN ANTONIO;LECHE DESLACTOSADA NATULAC;2.89
3500117;2026-09-04;CCS06;CENTRAL MADEIRENSE SAN ANTONIO;MANZANA PASTORENA;2.49
3500119;2026-09-04;CCS06;CENTRAL MADEIRENSE SAN ANTONIO;NARANJA PASTORENA;3.09
3500116;2026-09-04;CCS06;CENTRAL MADEIRENSE SAN ANTONIO;PERA PASTORENA;2.49
3500144;2026-09-04;CCS06;CENTRAL MADEIRENSE SAN ANTONIO;SALCHICHA TIPO VIENA 225GR PLUMROSE;6.61
3500145;2026-09-04;CCS06;CENTRAL MADEIRENSE SAN ANTONIO;SALCHICHA TIPO VIENA 450GR PLUMROSE;9.98
3461137;2026-09-01;CCS06;FORUM LOS TEQUES;MANZANA KAITO 200ML;3.69
3461142;2026-09-01;CCS06;FORUM LOS TEQUES;NARANJA KAITO 200ML;3.41
3461140;2026-09-01;CCS06;FORUM LOS TEQUES;PERA KAITO 200ML;3.06
3468908;2026-09-02;CCS06;FRESCO MARKET CARRIZAL;DURAZNO PASTORENA;2.37
3468910;2026-09-02;CCS06;FRESCO MARKET CARRIZAL;LECHE DESCREMADA PASTORENA;2.6
3468909;2026-09-02;CCS06;FRESCO MARKET CARRIZAL;LECHE DESLACTOSADA PASTORENA;2.65
3468907;2026-09-02;CCS06;FRESCO MARKET CARRIZAL;MANZANA PASTORENA;2.37
3468905;2026-09-02;CCS06;FRESCO MARKET CARRIZAL;NARANJA PASTORENA;2.93
3468906;2026-09-02;CCS06;FRESCO MARKET CARRIZAL;PERA PASTORENA;2.37
3497503;2026-09-04;CCS06;FRESCO MARKET CLUB DEL CAMPO;DURAZNO PASTORENA;2.04
3514437;2026-09-07;CCS06;FRESCO MARKET CLUB DEL CAMPO;LECHE COMPLETA PASTORENA;2.85
3514438;2026-09-07;CCS06;FRESCO MARKET CLUB DEL CAMPO;LECHE DESCREMADA NATULAC;2.65
3514439;2026-09-07;CCS06;FRESCO MARKET CLUB DEL CAMPO;LECHE DESLACTOSADA PASTORENA;2.6
3514426;2026-09-07;CCS06;FRESCO MARKET CLUB DEL CAMPO;MANTEQUILLA PAISA;8.42
3514427;2026-09-07;CCS06;FRESCO MARKET CLUB DEL CAMPO;MANTEQUILLA PAISA SIN SAL;8.69
3497501;2026-09-04;CCS06;FRESCO MARKET CLUB DEL CAMPO;MANZANA PASTORENA;2.04
3497504;2026-09-04;CCS06;FRESCO MARKET CLUB DEL CAMPO;NARANJA PASTORENA;2.53
3497499;2026-09-04;CCS06;FRESCO MARKET CLUB DEL CAMPO;PERA PASTORENA;2.04
3514419;2026-09-07;CCS06;FRESCO MARKET CLUB DEL CAMPO;SALCHICHA TIPO VIENA 225GR PLUMROSE;5.83
3514418;2026-09-07;CCS06;FRESCO MARKET CLUB DEL CAMPO;SALCHICHA TIPO VIENA 450GR PLUMROSE;8.03
3461169;2026-09-01;CCS06;FRESCO MARKET CORRALITO;DURAZNO PASTORENA;2.37
3461185;2026-09-01;CCS06;FRESCO MARKET CORRALITO;LECHE DESCREMADA PASTORENA;2.65
3461186;2026-09-01;CCS06;FRESCO MARKET CORRALITO;LECHE DESLACTOSADA PASTORENA;2.6
3461172;2026-09-01;CCS06;FRESCO MARKET CORRALITO;PERA PASTORENA;2.37
3461176;2026-09-01;CCS06;FRESCO MARKET CORRALITO;TE DURAZNO 1L PASTORENA;2.44
3461174;2026-09-01;CCS06;FRESCO MARKET CORRALITO;TE LIMON 1L PASTORENA;2.44
3510614;2026-09-04;CCS06;FRESCO MARKET SAN ANTONIO;DURAZNO PASTORENA;2.37
3510613;2026-09-04;CCS06;FRESCO MARKET SAN ANTONIO;MANZANA PASTORENA;2.37
3510615;2026-09-04;CCS06;FRESCO MARKET SAN ANTONIO;NARANJA PASTORENA;2.53
3510612;2026-09-04;CCS06;FRESCO MARKET SAN ANTONIO;PERA PASTORENA;2.37
3510591;2026-09-04;CCS06;FRESCO MARKET SAN ANTONIO;SALCHICHA TIPO VIENA 225GR PLUMROSE;7.01
3510590;2026-09-04;CCS06;FRESCO MARKET SAN ANTONIO;SALCHICHA TIPO VIENA 450GR PLUMROSE;10.58
3497539;2026-09-02;CCS06;FRESCO MARKET SAN ANTONIO;SALCHICHA TIPO VIENA 800GR PLUMROSE;10.58
3514448;2026-09-07;CCS06;GAMA SAN ANTONIO;LECHE COMPLETA NATULAC;2.49
3514449;2026-09-07;CCS06;GAMA SAN ANTONIO;LECHE DESCREMADA NATULAC;2.55
3514450;2026-09-07;CCS06;GAMA SAN ANTONIO;LECHE DESLACTOSADA NATULAC;2.72
3514465;2026-09-07;CCS06;GAMA SAN ANTONIO;SALCHICHA TIPO VIENA 225GR PLUMROSE;4.92
3514464;2026-09-07;CCS06;GAMA SAN ANTONIO;SALCHICHA TIPO VIENA 450GR PLUMROSE;8.28
3497507;2026-09-03;CCS06;REDVITAL SAN ANTONIO;LECHE COMPLETA NATULAC;2.35
3497510;2026-09-03;CCS06;REDVITAL SAN ANTONIO;LECHE DESCREMADA NATULAC;2.29
3756668;2026-09-28;CCS07;AUTOMERCADO ROCA AZUL 1;CREMA DE LECHE DE PAISA 250GR;5.6
3756637;2026-09-28;CCS07;AUTOMERCADO ROCA AZUL 1;DURAZNO KAITO 200ML;2.99
3756651;2026-09-28;CCS07;AUTOMERCADO ROCA AZUL 1;DURAZNO NATULAC 250ML;3.2
3756656;2026-09-28;CCS07;AUTOMERCADO ROCA AZUL 1;LECHE COMPLETA PASTORENA;2.6
3756652;2026-09-28;CCS07;AUTOMERCADO ROCA AZUL 1;LECHE DESCREMADA PASTORENA;2.6
3756658;2026-09-28;CCS07;AUTOMERCADO ROCA AZUL 1;LECHE DESLACTOSADA PASTORENA;2.6
3562216;2026-09-10;CCS07;AUTOMERCADO ROCA AZUL 1;LECHE EN POLVO 200 GR LA CAMPINA;3.9
3562215;2026-09-10;CCS07;AUTOMERCADO ROCA AZUL 1;LECHE EN POLVO 200 GR SAN SIMON;2.5
3756641;2026-09-28;CCS07;AUTOMERCADO ROCA AZUL 1;MANTEQUILLA PAISA;7.99
3756642;2026-09-28;CCS07;AUTOMERCADO ROCA AZUL 1;MANZANA KAITO 200ML;2.99
3756653;2026-09-28;CCS07;AUTOMERCADO ROCA AZUL 1;MANZANA NATULAC 250ML;3.2
3756647;2026-09-28;CCS07;AUTOMERCADO ROCA AZUL 1;NARANJA NATULAC 250ML;3.2
3756644;2026-09-28;CCS07;AUTOMERCADO ROCA AZUL 1;PERA KAITO 200ML;2.99
3756716;2026-09-28;CCS07;AUTOMERCADO ROCA AZUL 1;SALCHICHA TIPO VIENA 450GR FIESTA;1.99
3799798;2026-09-30;CCS07;AUTOMERCADO ROCA AZUL 1;SALCHICHA TIPO VIENA 450GR PLUMROSE;9.6
3487879;2026-09-03;CCS07;AUTOMERCADO ROCA AZUL 1;TE DURAZNO 1L PARMALAT;4.32
3756725;2026-09-28;CCS07;AUTOMERCADO ROCA AZUL 1;TE LIMON 1L PARMALAT;2.32
3642443;2026-09-17;CCS07;AUTOMERCADO ROCA AZUL 2;CREMA DE LECHE DE PAISA 250GR;5.5
3642431;2026-09-17;CCS07;AUTOMERCADO ROCA AZUL 2;DURAZNO KAITO 200ML;2.99
3642486;2026-09-17;CCS07;AUTOMERCADO ROCA AZUL 2;LECHE COMPLETA PASTORENA;2.7
3642487;2026-09-17;CCS07;AUTOMERCADO ROCA AZUL 2;LECHE DESCREMADA PASTORENA;2.7
3642488;2026-09-17;CCS07;AUTOMERCADO ROCA AZUL 2;LECHE DESLACTOSADA PASTORENA;2.7
3642432;2026-09-17;CCS07;AUTOMERCADO ROCA AZUL 2;MANZANA KAITO 200ML;2.99
3642467;2026-09-17;CCS07;AUTOMERCADO ROCA AZUL 2;MORTADELA PLUMROSE DE CARNES 1KG;4.8
3642433;2026-09-17;CCS07;AUTOMERCADO ROCA AZUL 2;NARANJA KAITO 200ML;2.99
3642434;2026-09-17;CCS07;AUTOMERCADO ROCA AZUL 2;PERA KAITO 200ML;2.99
3642466;2026-09-17;CCS07;AUTOMERCADO ROCA AZUL 2;SALCHICHA TIPO VIENA 450GR FIESTA;5.2
3642465;2026-09-17;CCS07;AUTOMERCADO ROCA AZUL 2;SALCHICHA TIPO VIENA 450GR PLUMROSE;9.5
3702131;2026-09-23;CCS07;EMPORIUM GUARENAS MIRANDA;DURAZNO NATULAC 1L;2.85
3702128;2026-09-23;CCS07;EMPORIUM GUARENAS MIRANDA;DURAZNO NATULAC 250ML;2.89
3702143;2026-09-23;CCS07;EMPORIUM GUARENAS MIRANDA;LECHE COMPLETA NATULAC;2.25
3702144;2026-09-23;CCS07;EMPORIUM GUARENAS MIRANDA;LECHE DESCREMADA NATULAC;2.25
3702145;2026-09-23;CCS07;EMPORIUM GUARENAS MIRANDA;LECHE DESLACTOSADA NATULAC;2.39
3702130;2026-09-23;CCS07;EMPORIUM GUARENAS MIRANDA;MANZANA LIGTH NATULAC 1L;2.65
3702133;2026-09-23;CCS07;EMPORIUM GUARENAS MIRANDA;MANZANA NATULAC 1L;2.85
3702127;2026-09-23;CCS07;EMPORIUM GUARENAS MIRANDA;MANZANA NATULAC 250ML;2.89
3549289;2026-09-09;CCS07;EMPORIUM GUARENAS MIRANDA;NARANJA NATULAC 1L;3.55
3702126;2026-09-23;CCS07;EMPORIUM GUARENAS MIRANDA;NARANJA NATULAC 250ML;3.25
3549287;2026-09-09;CCS07;EMPORIUM GUARENAS MIRANDA;PERA LIGHT NATULAC 1L;2.65
3702132;2026-09-23;CCS07;EMPORIUM GUARENAS MIRANDA;PERA NATULAC 1L;2.85
3702129;2026-09-23;CCS07;EMPORIUM GUARENAS MIRANDA;PERA NATULAC 250ML;2.89
3702124;2026-09-23;CCS07;EMPORIUM GUARENAS MIRANDA;TE DURAZNO 1L PARMALAT;2.29
3702125;2026-09-23;CCS07;EMPORIUM GUARENAS MIRANDA;TE LIMON 1L PARMALAT;2.29
3741562;2026-09-25;CCS07;EMPORIUM GUARENAS NUEVA CASARAPA;DURAZNO NATULAC 1L;1.99
3741569;2026-09-25;CCS07;EMPORIUM GUARENAS NUEVA CASARAPA;DURAZNO NATULAC 250ML;2.89
3741570;2026-09-25;CCS07;EMPORIUM GUARENAS NUEVA CASARAPA;LECHE COMPLETA NATULAC;2.25
3741571;2026-09-25;CCS07;EMPORIUM GUARENAS NUEVA CASARAPA;LECHE DESCREMADA NATULAC;2.25
3741572;2026-09-25;CCS07;EMPORIUM GUARENAS NUEVA CASARAPA;LECHE DESLACTOSADA NATULAC;2.39
3741564;2026-09-25;CCS07;EMPORIUM GUARENAS NUEVA CASARAPA;MANZANA NATULAC 1L;1.99
3741567;2026-09-25;CCS07;EMPORIUM GUARENAS NUEVA CASARAPA;MANZANA NATULAC 250ML;2.89
3668915;2026-09-21;CCS07;EMPORIUM GUARENAS NUEVA CASARAPA;NARANJA NATULAC 1L;2.39
3741565;2026-09-25;CCS07;EMPORIUM GUARENAS NUEVA CASARAPA;NARANJA NATULAC 250ML;3.25
3741563;2026-09-25;CCS07;EMPORIUM GUARENAS NUEVA CASARAPA;PERA NATULAC 1L;1.99
3741568;2026-09-25;CCS07;EMPORIUM GUARENAS NUEVA CASARAPA;PERA NATULAC 250ML;2.89
3577270;2026-09-11;CCS07;EMPORIUM GUARENAS NUEVA CASARAPA;TE DURAZNO 1L PARMALAT;2.29
3511441;2026-09-07;CCS07;EMPORIUM GUARENAS NUEVA CASARAPA;TE LIMON 1L PARMALAT;2.29
3515632;2026-09-07;CCS07;EMPORIUM GUARENAS PALMA REAL;DURAZNO NATULAC 1L;1.99
3740068;2026-09-25;CCS07;EMPORIUM GUARENAS PALMA REAL;DURAZNO NATULAC 250ML;2.89
3783474;2026-09-29;CCS07;EMPORIUM GUARENAS PALMA REAL;LECHE COMPLETA NATULAC;2.25
3783475;2026-09-29;CCS07;EMPORIUM GUARENAS PALMA REAL;LECHE DESCREMADA NATULAC;2.25
3783476;2026-09-29;CCS07;EMPORIUM GUARENAS PALMA REAL;LECHE DESLACTOSADA NATULAC;2.39
3783463;2026-09-29;CCS07;EMPORIUM GUARENAS PALMA REAL;MANZANA NATULAC 1L;1.99
3670216;2026-09-21;CCS07;EMPORIUM GUARENAS PALMA REAL;MANZANA NATULAC 250ML;2.89
3499815;2026-09-04;CCS07;EMPORIUM GUARENAS PALMA REAL;NARANJA NATULAC 1L;2.39
3670215;2026-09-21;CCS07;EMPORIUM GUARENAS PALMA REAL;NARANJA NATULAC 250ML;3.25
3592870;2026-09-14;CCS07;EMPORIUM GUARENAS PALMA REAL;PERA NATULAC 1L;1.99
3654753;2026-09-18;CCS07;EMPORIUM GUARENAS PALMA REAL;PERA NATULAC 250ML;2.89
3783462;2026-09-29;CCS07;EMPORIUM GUARENAS PALMA REAL;TE DURAZNO 1L PARMALAT;2.29
3775445;2026-09-29;CCS07;EMPORIUM LA PARADA;DURAZNO NATULAC 1L;1.99
3735682;2026-09-25;CCS07;EMPORIUM LA PARADA;DURAZNO NATULAC 250ML;2.89
3775418;2026-09-29;CCS07;EMPORIUM LA PARADA;LECHE COMPLETA NATULAC;2.25
3775419;2026-09-29;CCS07;EMPORIUM LA PARADA;LECHE DESCREMADA NATULAC;2.25
3775420;2026-09-29;CCS07;EMPORIUM LA PARADA;LECHE DESLACTOSADA NATULAC;2.39
3495923;2026-09-04;CCS07;EMPORIUM LA PARADA;MANZANA LIGTH NATULAC 1L;2.15
3775446;2026-09-29;CCS07;EMPORIUM LA PARADA;MANZANA NATULAC 1L;1.99
3650457;2026-09-18;CCS07;EMPORIUM LA PARADA;MANZANA NATULAC 250ML;2.89
3495925;2026-09-04;CCS07;EMPORIUM LA PARADA;NARANJA NATULAC 1L;2.39
3735681;2026-09-25;CCS07;EMPORIUM LA PARADA;NARANJA NATULAC 250ML;3.25
3775444;2026-09-29;CCS07;EMPORIUM LA PARADA;PERA NATULAC 1L;1.99
3735683;2026-09-25;CCS07;EMPORIUM LA PARADA;PERA NATULAC 250ML;2.89
3775443;2026-09-29;CCS07;EMPORIUM LA PARADA;TE DURAZNO 1L PARMALAT;2.29
3708131;2026-09-23;CCS07;FORUM GUARENAS;DURAZNO KAITO 200ML;3.06
3708149;2026-09-23;CCS07;FORUM GUARENAS;JAMON PIERNA PLUMROSE 98%;15.35
3708159;2026-09-23;CCS07;FORUM GUARENAS;LECHE EN POLVO 400 GR LA CAMPINA;6.89
3708158;2026-09-23;CCS07;FORUM GUARENAS;LECHE EN POLVO 900 GR LA CAMPINA;12.59
3708132;2026-09-23;CCS07;FORUM GUARENAS;MANZANA KAITO 200ML;3.06
3473531;2026-09-02;CCS07;FORUM GUARENAS;MORTADELA PLUMROSE DE CARNES 1KG;3.49
3708133;2026-09-23;CCS07;FORUM GUARENAS;NARANJA KAITO 200ML;3.41
3708130;2026-09-23;CCS07;FORUM GUARENAS;PERA KAITO 200ML;3.06
3708146;2026-09-23;CCS07;FORUM GUARENAS;SALCHICHA TIPO VIENA 450GR FIESTA;5.79
3708145;2026-09-23;CCS07;FORUM GUARENAS;SALCHICHA TIPO VIENA 450GR PLUMROSE;10.75
3695306;2026-09-22;CCS07;FORUM GUATIRE;DURAZNO KAITO 200ML;3.06
3796406;2026-09-30;CCS07;FORUM GUATIRE;JAMON PIERNA PLUMROSE 98%;15.35
3762179;2026-09-28;CCS07;FORUM GUATIRE;MANZANA KAITO 200ML;3.06
3762181;2026-09-28;CCS07;FORUM GUATIRE;MORTADELA PLUMROSE DE CARNES 1KG;3.29
3762178;2026-09-28;CCS07;FORUM GUATIRE;NARANJA KAITO 200ML;3.41
3762180;2026-09-28;CCS07;FORUM GUATIRE;PERA KAITO 200ML;3.06
3762182;2026-09-28;CCS07;FORUM GUATIRE;SALCHICHA TIPO VIENA 450GR FIESTA;5.79
3762183;2026-09-28;CCS07;FORUM GUATIRE;SALCHICHA TIPO VIENA 450GR PLUMROSE;10.75
3775369;2026-09-29;CCS07;PARAMO GUATIRE;CREMA DE LECHE DE PAISA 250GR;5.46
3775368;2026-09-29;CCS07;PARAMO GUATIRE;CREMA DE LECHE DE PAISA 500GR;10.29
3775357;2026-09-29;CCS07;PARAMO GUATIRE;DURAZNO PASTORENA;2.12
3731669;2026-09-24;CCS07;PARAMO GUATIRE;LECHE COMPLETA PASTORENA;2.41
3731670;2026-09-24;CCS07;PARAMO GUATIRE;LECHE DESCREMADA PASTORENA;2.47
3731671;2026-09-24;CCS07;PARAMO GUATIRE;LECHE DESLACTOSADA PASTORENA;2.41
3642250;2026-09-17;CCS07;PARAMO GUATIRE;LECHE EN POLVO 900 GR LA CAMPINA;12.41
3731674;2026-09-24;CCS07;PARAMO GUATIRE;LECHE EN POLVO 900 GR SAN SIMON;12.98
3775367;2026-09-29;CCS07;PARAMO GUATIRE;MANTEQUILLA PAISA;6.89
3695252;2026-09-22;CCS07;PARAMO GUATIRE;MANTEQUILLA PAISA SIN SAL;6.92
3695247;2026-09-22;CCS07;PARAMO GUATIRE;MANZANA PASTORENA;2.12
3775377;2026-09-29;CCS07;PARAMO GUATIRE;MORTADELA PLUMROSE DE CARNES 1KG;3.49
3775358;2026-09-29;CCS07;PARAMO GUATIRE;PERA PASTORENA;2.12
3775383;2026-09-29;CCS07;PARAMO GUATIRE;SALCHICHA TIPO VIENA 450GR FIESTA;5.24
3775384;2026-09-29;CCS07;PARAMO GUATIRE;SALCHICHA TIPO VIENA 450GR PLUMROSE;9.31
3738377;2026-09-25;CCS07;REDVITAL GUARENAS;CREMA DE LECHE DE PAISA 250GR;6.1
3738363;2026-09-25;CCS07;REDVITAL GUARENAS;DURAZNO KAITO 200ML;0.92
3677737;2026-09-21;CCS07;REDVITAL GUARENAS;DURAZNO NATULAC 1L;2.22
3738365;2026-09-25;CCS07;REDVITAL GUARENAS;DURAZNO NATULAC 250ML;0.96
3738405;2026-09-25;CCS07;REDVITAL GUARENAS;LECHE COMPLETA NATULAC;2.45
3653758;2026-09-18;CCS07;REDVITAL GUARENAS;LECHE DESCREMADA NATULAC;2.45
3779277;2026-09-29;CCS07;REDVITAL GUARENAS;LECHE DESLACTOSADA NATULAC;2.5
3738396;2026-09-25;CCS07;REDVITAL GUARENAS;LECHE EN POLVO 400 GR LA CAMPINA;6.33
3738395;2026-09-25;CCS07;REDVITAL GUARENAS;LECHE EN POLVO 400 GR SAN SIMON;6.36
3738394;2026-09-25;CCS07;REDVITAL GUARENAS;LECHE EN POLVO 900 GR SAN SIMON;12.82
3779254;2026-09-29;CCS07;REDVITAL GUARENAS;MANTEQUILLA PAISA SIN SAL;8.34
3738362;2026-09-25;CCS07;REDVITAL GUARENAS;MANZANA KAITO 200ML;0.92
3779229;2026-09-29;CCS07;REDVITAL GUARENAS;MANZANA LIGTH NATULAC 1L;2.35
3779231;2026-09-29;CCS07;REDVITAL GUARENAS;MANZANA NATULAC 1L;2.22
3738366;2026-09-25;CCS07;REDVITAL GUARENAS;MANZANA NATULAC 250ML;0.96
3653729;2026-09-18;CCS07;REDVITAL GUARENAS;NARANJA NATULAC 1L;2.81
3738367;2026-09-25;CCS07;REDVITAL GUARENAS;NARANJA NATULAC 250ML;1.04
3779230;2026-09-29;CCS07;REDVITAL GUARENAS;PERA NATULAC 1L;2.22
3738364;2026-09-25;CCS07;REDVITAL GUARENAS;PERA NATULAC 250ML;0.96
3549391;2026-09-09;CCS07;RIO GUARENAS;CREMA DE LECHE DE PAISA 250GR;5.38
3708059;2026-09-23;CCS07;RIO GUARENAS;CREMA DE LECHE DE PAISA 500GR;9.79
3708032;2026-09-23;CCS07;RIO GUARENAS;DURAZNO KAITO 200ML;1.04
3708023;2026-09-23;CCS07;RIO GUARENAS;DURAZNO NATULAC 1L;2.68
3708027;2026-09-23;CCS07;RIO GUARENAS;DURAZNO NATULAC 250ML;1.2
3708019;2026-09-23;CCS07;RIO GUARENAS;DURAZNO PASTORENA;2.33
3708039;2026-09-23;CCS07;RIO GUARENAS;LECHE COMPLETA NATULAC;2.35
3708038;2026-09-23;CCS07;RIO GUARENAS;LECHE COMPLETA PASTORENA;3.03
3708040;2026-09-23;CCS07;RIO GUARENAS;LECHE DESCREMADA NATULAC;2.29
3708037;2026-09-23;CCS07;RIO GUARENAS;LECHE DESCREMADA PASTORENA;3.03
3708041;2026-09-23;CCS07;RIO GUARENAS;LECHE DESLACTOSADA NATULAC;2.35
3708036;2026-09-23;CCS07;RIO GUARENAS;LECHE DESLACTOSADA PASTORENA;3.1
3708060;2026-09-23;CCS07;RIO GUARENAS;MANTEQUILLA PAISA;7.45
3708030;2026-09-23;CCS07;RIO GUARENAS;MANZANA KAITO 200ML;1.04
3708022;2026-09-23;CCS07;RIO GUARENAS;MANZANA NATULAC 1L;2.68
3708025;2026-09-23;CCS07;RIO GUARENAS;MANZANA NATULAC 250ML;1.2
3708017;2026-09-23;CCS07;RIO GUARENAS;MANZANA PASTORENA;2.33
3597632;2026-09-14;CCS07;RIO GUARENAS;MORTADELA PLUMROSE DE CARNES 1KG;3.64
3708031;2026-09-23;CCS07;RIO GUARENAS;NARANJA KAITO 200ML;1.15
3708024;2026-09-23;CCS07;RIO GUARENAS;NARANJA NATULAC 1L;3.02
3708028;2026-09-23;CCS07;RIO GUARENAS;NARANJA NATULAC 250ML;1.29
3708029;2026-09-23;CCS07;RIO GUARENAS;PERA KAITO 200ML;1.04
3708020;2026-09-23;CCS07;RIO GUARENAS;PERA LIGHT NATULAC 1L;2.92
3708021;2026-09-23;CCS07;RIO GUARENAS;PERA NATULAC 1L;2.68
3708026;2026-09-23;CCS07;RIO GUARENAS;PERA NATULAC 250ML;1.2
3708018;2026-09-23;CCS07;RIO GUARENAS;PERA PASTORENA;2.33
3677827;2026-09-21;CCS07;RIO GUARENAS;SALCHICHA TIPO VIENA 450GR FIESTA;4.52
3708069;2026-09-23;CCS07;RIO GUARENAS;SALCHICHA TIPO VIENA 450GR PLUMROSE;8.22
3708015;2026-09-23;CCS07;RIO GUARENAS;TE DURAZNO 1L PARMALAT;2.35
3708013;2026-09-23;CCS07;RIO GUARENAS;TE DURAZNO 1L PASTORENA;2.56
3708016;2026-09-23;CCS07;RIO GUARENAS;TE LIMON 1L PARMALAT;2.35
3708014;2026-09-23;CCS07;RIO GUARENAS;TE LIMON 1L PASTORENA;2.56
3557547;2026-09-10;CCS07;RIO GUATIRE;CREMA DE LECHE DE PAISA 500GR;9.79
3731940;2026-09-24;CCS07;RIO GUATIRE;DURAZNO KAITO 200ML;1.04
3762200;2026-09-28;CCS07;RIO GUATIRE;DURAZNO NATULAC 1L;2.68
3731937;2026-09-24;CCS07;RIO GUATIRE;DURAZNO NATULAC 250ML;1.2
3762203;2026-09-28;CCS07;RIO GUATIRE;DURAZNO PASTORENA;2.33
3762208;2026-09-28;CCS07;RIO GUATIRE;LECHE COMPLETA NATULAC;2.35
3731959;2026-09-24;CCS07;RIO GUATIRE;LECHE COMPLETA PASTORENA;3.03
3762209;2026-09-28;CCS07;RIO GUATIRE;LECHE DESCREMADA NATULAC;2.29
3731960;2026-09-24;CCS07;RIO GUATIRE;LECHE DESCREMADA PASTORENA;3.03
3762210;2026-09-28;CCS07;RIO GUATIRE;LECHE DESLACTOSADA NATULAC;2.35
3695402;2026-09-22;CCS07;RIO GUATIRE;LECHE DESLACTOSADA PASTORENA;3.1
3611465;2026-09-15;CCS07;RIO GUATIRE;MANTEQUILLA PAISA;7.45
3731941;2026-09-24;CCS07;RIO GUATIRE;MANZANA KAITO 200ML;1.04
3762198;2026-09-28;CCS07;RIO GUATIRE;MANZANA NATULAC 1L;2.68
3731935;2026-09-24;CCS07;RIO GUATIRE;MANZANA NATULAC 250ML;192
3762202;2026-09-28;CCS07;RIO GUATIRE;MANZANA PASTORENA;2.33
3762230;2026-09-28;CCS07;RIO GUATIRE;MORTADELA PLUMROSE DE CARNES 1KG;3.32
3731943;2026-09-24;CCS07;RIO GUATIRE;NARANJA KAITO 200ML;1.16
3762201;2026-09-28;CCS07;RIO GUATIRE;NARANJA NATULAC 1L;3.02
3731934;2026-09-24;CCS07;RIO GUATIRE;NARANJA NATULAC 250ML;1.29
3731942;2026-09-24;CCS07;RIO GUATIRE;PERA KAITO 200ML;1.04
3762197;2026-09-28;CCS07;RIO GUATIRE;PERA LIGHT NATULAC 1L;2.92
3762199;2026-09-28;CCS07;RIO GUATIRE;PERA NATULAC 1L;2.68
3731936;2026-09-24;CCS07;RIO GUATIRE;PERA NATULAC 250ML;1.2
3611447;2026-09-15;CCS07;RIO GUATIRE;PERA PASTORENA;2.33
3762239;2026-09-28;CCS07;RIO GUATIRE;SALCHICHA TIPO VIENA 450GR FIESTA;4.52
3762240;2026-09-28;CCS07;RIO GUATIRE;SALCHICHA TIPO VIENA 450GR PLUMROSE;8.22
3796435;2026-09-30;CCS07;RIO GUATIRE;TE DURAZNO 1L PARMALAT;2.35
3796436;2026-09-30;CCS07;RIO GUATIRE;TE LIMON 1L PARMALAT;2.35
3796437;2026-09-30;CCS07;RIO GUATIRE;TE LIMON 1L PASTORENA;2.56
3638394;2026-09-17;CCS08;FORUM ZONA RENTAL;DURAZNO KAITO 200ML;3.06
3638392;2026-09-17;CCS08;FORUM ZONA RENTAL;MANZANA KAITO 200ML;3.06
3638393;2026-09-17;CCS08;FORUM ZONA RENTAL;PERA KAITO 200ML;3.06
3638375;2026-09-17;CCS08;FORUM ZONA RENTAL;TE LIMON 1L PARMALAT;2.59
3771439;2026-09-29;CCS08;LUZ LA FLORIDA;LECHE COMPLETA PASTORENA;2.45
3771443;2026-09-29;CCS08;LUZ LA FLORIDA;LECHE DESCREMADA PASTORENA;2.45
3771491;2026-09-29;CCS08;LUZ LA FLORIDA;LECHE DESCREMADA SAN SIMON;2.95
3771487;2026-09-29;CCS08;LUZ LA FLORIDA;LECHE DESLACTOSADA PASTORENA;3.49
3622300;2026-09-16;CCS08;LUZ LA FLORIDA;MANZANA NATULAC 1L;2.45
3622301;2026-09-16;CCS08;LUZ LA FLORIDA;PERA NATULAC 1L;2.45
3771499;2026-09-29;CCS08;LUZ LA FLORIDA;TE LIMON 1L PARMALAT;2.8
3593308;2026-09-14;CCS08;MARAPLUS CANDELARIA;DURAZNO NATULAC 1L;2.22
3757750;2026-09-28;CCS08;MARAPLUS CANDELARIA;LECHE COMPLETA NATULAC;2.38
3757752;2026-09-28;CCS08;MARAPLUS CANDELARIA;LECHE COMPLETA PASTORENA;2.51
3757755;2026-09-28;CCS08;MARAPLUS CANDELARIA;LECHE COMPLETA SAN SIMON;2.41
3757751;2026-09-28;CCS08;MARAPLUS CANDELARIA;LECHE DESCREMADA NATULAC;2.45
3757753;2026-09-28;CCS08;MARAPLUS CANDELARIA;LECHE DESCREMADA PASTORENA;2.51
3757756;2026-09-28;CCS08;MARAPLUS CANDELARIA;LECHE DESCREMADA SAN SIMON;2.41
3757754;2026-09-28;CCS08;MARAPLUS CANDELARIA;LECHE DESLACTOSADA PASTORENA;2.59
3757757;2026-09-28;CCS08;MARAPLUS CANDELARIA;LECHE DESLACTOSADA SAN SIMON;2.41
3794415;2026-09-30;CCS08;MARAPLUS CANDELARIA;MANTEQUILLA PAISA;8.64
3757741;2026-09-28;CCS08;MARAPLUS CANDELARIA;MANZANA LIGTH NATULAC 1L;2.19
3757740;2026-09-28;CCS08;MARAPLUS CANDELARIA;MANZANA NATULAC 1L;2.77
3593307;2026-09-14;CCS08;MARAPLUS CANDELARIA;PERA NATULAC 1L;2.22
3792122;2026-09-30;CCS08;MARAPLUS LA FLORIDA;CREMA DE LECHE DE PAISA 250GR;6.04
3792118;2026-09-30;CCS08;MARAPLUS LA FLORIDA;DURAZNO NATULAC 1L;2.08
3705846;2026-09-23;CCS08;MARAPLUS LA FLORIDA;LECHE COMPLETA NATULAC;2.38
3705848;2026-09-23;CCS08;MARAPLUS LA FLORIDA;LECHE COMPLETA PASTORENA;2.51
3792110;2026-09-30;CCS08;MARAPLUS LA FLORIDA;LECHE COMPLETA SAN SIMON;2.36
3705847;2026-09-23;CCS08;MARAPLUS LA FLORIDA;LECHE DESCREMADA NATULAC;2.38
3792113;2026-09-30;CCS08;MARAPLUS LA FLORIDA;LECHE DESCREMADA PASTORENA;2.75
3792111;2026-09-30;CCS08;MARAPLUS LA FLORIDA;LECHE DESCREMADA SAN SIMON;2.41
3792120;2026-09-30;CCS08;MARAPLUS LA FLORIDA;MANTEQUILLA PAISA;8.64
3792121;2026-09-30;CCS08;MARAPLUS LA FLORIDA;MANTEQUILLA PAISA SIN SAL;7.8
3792114;2026-09-30;CCS08;MARAPLUS LA FLORIDA;MANZANA LIGTH NATULAC 1L;2.19
3792117;2026-09-30;CCS08;MARAPLUS LA FLORIDA;MANZANA NATULAC 1L;2.08
3792116;2026-09-30;CCS08;MARAPLUS LA FLORIDA;NARANJA NATULAC 1L;2.62
3792115;2026-09-30;CCS08;MARAPLUS LA FLORIDA;PERA LIGHT NATULAC 1L;2.19
3792119;2026-09-30;CCS08;MARAPLUS LA FLORIDA;PERA NATULAC 1L;2.08
3792124;2026-09-30;CCS08;MARAPLUS LA FLORIDA;SALCHICHA TIPO VIENA 225GR FIESTA;4.11
3792123;2026-09-30;CCS08;MARAPLUS LA FLORIDA;SALCHICHA TIPO VIENA 450GR FIESTA;6.25
3736395;2026-09-25;CCS08;MI NEGOCIO LA FLORIDA;CREMA DE LECHE DE PAISA 250GR;6.21
3736394;2026-09-25;CCS08;MI NEGOCIO LA FLORIDA;CREMA DE LECHE DE PAISA 500GR;11.28
3690906;2026-09-22;CCS08;MI NEGOCIO LA FLORIDA;DURAZNO FRICA;2.75
3736383;2026-09-25;CCS08;MI NEGOCIO LA FLORIDA;DURAZNO KAITO 200ML;3.03
3736379;2026-09-25;CCS08;MI NEGOCIO LA FLORIDA;DURAZNO NATULAC 1L;2.42
3736384;2026-09-25;CCS08;MI NEGOCIO LA FLORIDA;LECHE COMPLETA NATULAC;2.59
3736387;2026-09-25;CCS08;MI NEGOCIO LA FLORIDA;LECHE COMPLETA PASTORENA;2.71
3736390;2026-09-25;CCS08;MI NEGOCIO LA FLORIDA;LECHE COMPLETA SAN SIMON;2.68
3736385;2026-09-25;CCS08;MI NEGOCIO LA FLORIDA;LECHE DESCREMADA NATULAC;2.52
3736388;2026-09-25;CCS08;MI NEGOCIO LA FLORIDA;LECHE DESCREMADA PASTORENA;2.71
3736391;2026-09-25;CCS08;MI NEGOCIO LA FLORIDA;LECHE DESCREMADA SAN SIMON;2.67
3736386;2026-09-25;CCS08;MI NEGOCIO LA FLORIDA;LECHE DESLACTOSADA NATULAC;2.67
3736389;2026-09-25;CCS08;MI NEGOCIO LA FLORIDA;LECHE DESLACTOSADA PASTORENA;2.78
3690880;2026-09-22;CCS08;MI NEGOCIO LA FLORIDA;LECHE EN POLVO 400 GR LA CAMPINA;7.94
3690879;2026-09-22;CCS08;MI NEGOCIO LA FLORIDA;LECHE EN POLVO 400 GR SAN SIMON;6.85
3690881;2026-09-22;CCS08;MI NEGOCIO LA FLORIDA;LECHE EN POLVO 900 GR LA CAMPINA;15.05
3690878;2026-09-22;CCS08;MI NEGOCIO LA FLORIDA;LECHE EN POLVO 900 GR SAN SIMON;13.81
3736392;2026-09-25;CCS08;MI NEGOCIO LA FLORIDA;MANTEQUILLA PAISA;8.88
3736393;2026-09-25;CCS08;MI NEGOCIO LA FLORIDA;MANTEQUILLA PAISA SIN SAL;8.55
3736381;2026-09-25;CCS08;MI NEGOCIO LA FLORIDA;MANZANA KAITO 200ML;3.38
3736374;2026-09-25;CCS08;MI NEGOCIO LA FLORIDA;MANZANA LIGTH NATULAC 1L;2.67
3736377;2026-09-25;CCS08;MI NEGOCIO LA FLORIDA;MANZANA NATULAC 1L;2.42
3690904;2026-09-22;CCS08;MI NEGOCIO LA FLORIDA;NARANJA FRICA;4.04
3736380;2026-09-25;CCS08;MI NEGOCIO LA FLORIDA;NARANJA KAITO 200ML;3.63
3736376;2026-09-25;CCS08;MI NEGOCIO LA FLORIDA;NARANJA NATULAC 1L;3.04
3690905;2026-09-22;CCS08;MI NEGOCIO LA FLORIDA;PERA FRICA;2.7
3736382;2026-09-25;CCS08;MI NEGOCIO LA FLORIDA;PERA KAITO 200ML;2.87
3736375;2026-09-25;CCS08;MI NEGOCIO LA FLORIDA;PERA LIGHT NATULAC 1L;2.67
3736378;2026-09-25;CCS08;MI NEGOCIO LA FLORIDA;PERA NATULAC 1L;2.42
3736372;2026-09-25;CCS08;MI NEGOCIO LA FLORIDA;TE DURAZNO 1L PARMALAT;2.52
3736373;2026-09-25;CCS08;MI NEGOCIO LA FLORIDA;TE LIMON 1L PARMALAT;2.52
3686088;2026-09-22;CCS08;PARAMO AV. LIBERTADOR;DURAZNO KAITO 200ML;3.28
3686087;2026-09-22;CCS08;PARAMO AV. LIBERTADOR;DURAZNO NATULAC 1L;2.48
3797258;2026-09-30;CCS08;PARAMO AV. LIBERTADOR;DURAZNO PASTORENA;2.29
3739193;2026-09-25;CCS08;PARAMO AV. LIBERTADOR;LECHE COMPLETA NATULAC;2.55
3739190;2026-09-25;CCS08;PARAMO AV. LIBERTADOR;LECHE COMPLETA PASTORENA;2.49
3652429;2026-09-18;CCS08;PARAMO AV. LIBERTADOR;LECHE COMPLETA SAN SIMON;2.46
3739195;2026-09-25;CCS08;PARAMO AV. LIBERTADOR;LECHE DESCREMADA NATULAC;2.46
3739191;2026-09-25;CCS08;PARAMO AV. LIBERTADOR;LECHE DESCREMADA PASTORENA;2.55
3652430;2026-09-18;CCS08;PARAMO AV. LIBERTADOR;LECHE DESCREMADA SAN SIMON;2.44
3739194;2026-09-25;CCS08;PARAMO AV. LIBERTADOR;LECHE DESLACTOSADA NATULAC;2.55
3739192;2026-09-25;CCS08;PARAMO AV. LIBERTADOR;LECHE DESLACTOSADA PASTORENA;2.55
3797267;2026-09-30;CCS08;PARAMO AV. LIBERTADOR;MANTEQUILLA PAISA;8.09
3797266;2026-09-30;CCS08;PARAMO AV. LIBERTADOR;MANTEQUILLA PAISA SIN SAL;7.79
3572364;2026-09-11;CCS08;PARAMO AV. LIBERTADOR;MANZANA LIGTH NATULAC 1L;2.48
3572366;2026-09-11;CCS08;PARAMO AV. LIBERTADOR;MANZANA NATULAC 1L;2.27
3686089;2026-09-22;CCS08;PARAMO AV. LIBERTADOR;NARANJA KAITO 200ML;3.28
3739189;2026-09-25;CCS08;PARAMO AV. LIBERTADOR;PERA LIGHT NATULAC 1L;2.48
3797257;2026-09-30;CCS08;PARAMO AV. LIBERTADOR;PERA NATULAC 1L;2.27
3797259;2026-09-30;CCS08;PARAMO AV. LIBERTADOR;PERA PASTORENA;2.29
3686085;2026-09-22;CCS08;PARAMO AV. LIBERTADOR;TE LIMON 1L PARMALAT;2.25
3789336;2026-09-29;CCS08;RIO CANDELARIA;CREMA DE LECHE DE PAISA 250GR;5.38
3789337;2026-09-29;CCS08;RIO CANDELARIA;CREMA DE LECHE DE PAISA 500GR;9.79
3585105;2026-09-11;CCS08;RIO CANDELARIA;LECHE COMPLETA NATULAC;2.35
3770479;2026-09-28;CCS08;RIO CANDELARIA;LECHE COMPLETA PASTORENA;3.18
3683911;2026-09-21;CCS08;RIO CANDELARIA;LECHE COMPLETA SAN SIMON;2.56
3770478;2026-09-28;CCS08;RIO CANDELARIA;LECHE DESCREMADA NATULAC;2.29
3770480;2026-09-28;CCS08;RIO CANDELARIA;LECHE DESCREMADA PASTORENA;2.73
3770482;2026-09-28;CCS08;RIO CANDELARIA;LECHE DESCREMADA SAN SIMON;2.59
3735591;2026-09-23;CCS08;RIO CANDELARIA;LECHE DESLACTOSADA NATULAC;2.35
3770481;2026-09-28;CCS08;RIO CANDELARIA;LECHE DESLACTOSADA PASTORENA;2.79
3585111;2026-09-11;CCS08;RIO CANDELARIA;LECHE DESLACTOSADA SAN SIMON;2.59
3770473;2026-09-28;CCS08;RIO CANDELARIA;LECHE EN POLVO 200 GR LA CAMPINA;3.27
3770472;2026-09-28;CCS08;RIO CANDELARIA;LECHE EN POLVO 400 GR LA CAMPINA;6.35
3585096;2026-09-11;CCS08;RIO CANDELARIA;LECHE EN POLVO 400 GR SAN SIMON;6.29
3770471;2026-09-28;CCS08;RIO CANDELARIA;LECHE EN POLVO 900 GR LA CAMPINA;12.43
3770470;2026-09-28;CCS08;RIO CANDELARIA;LECHE EN POLVO 900 GR SAN SIMON;12.69
3789335;2026-09-29;CCS08;RIO CANDELARIA;MANTEQUILLA PAISA;7.45
3683891;2026-09-21;CCS08;RIO CANDELARIA;MANZANA LIGTH NATULAC 1L;2.92
3683892;2026-09-21;CCS08;RIO CANDELARIA;MANZANA NATULAC 1L;2.68
3683887;2026-09-21;CCS08;RIO CANDELARIA;NARANJA FRICA;3.77
3683894;2026-09-21;CCS08;RIO CANDELARIA;NARANJA NATULAC 1L;3.02
3683888;2026-09-21;CCS08;RIO CANDELARIA;PERA FRICA;2.57
3683893;2026-09-21;CCS08;RIO CANDELARIA;PERA NATULAC 1L;2.68
3789339;2026-09-29;CCS08;RIO CANDELARIA;SALCHICHA TIPO VIENA 225GR FIESTA;2.99
3789338;2026-09-29;CCS08;RIO CANDELARIA;SALCHICHA TIPO VIENA 450GR FIESTA;4.52
3683890;2026-09-21;CCS08;RIO CANDELARIA;TE DURAZNO 1L PARMALAT;2.35
3683889;2026-09-21;CCS08;RIO CANDELARIA;TE LIMON 1L PARMALAT;2.35
3777624;2026-09-29;CCS08;UNICASA CANDELARIA;LECHE COMPLETA PASTORENA;2.73
3777627;2026-09-29;CCS08;UNICASA CANDELARIA;LECHE COMPLETA SAN SIMON;2.66
3777625;2026-09-29;CCS08;UNICASA CANDELARIA;LECHE DESCREMADA PASTORENA;2.73
3777628;2026-09-29;CCS08;UNICASA CANDELARIA;LECHE DESCREMADA SAN SIMON;2.65
3777626;2026-09-29;CCS08;UNICASA CANDELARIA;LECHE DESLACTOSADA NATULAC;2.8
3720431;2026-09-22;CCS08;UNICASA CANDELARIA;LECHE DESLACTOSADA PASTORENA;2.8
3777629;2026-09-29;CCS08;UNICASA CANDELARIA;LECHE DESLACTOSADA SAN SIMON;2.85
3720435;2026-09-22;CCS08;UNICASA CANDELARIA;LECHE EN POLVO 400 GR LA CAMPINA;6.92
3720434;2026-09-22;CCS08;UNICASA CANDELARIA;LECHE EN POLVO 400 GR SAN SIMON;6.4
3720436;2026-09-22;CCS08;UNICASA CANDELARIA;LECHE EN POLVO 900 GR LA CAMPINA;14.03
3720433;2026-09-22;CCS08;UNICASA CANDELARIA;LECHE EN POLVO 900 GR SAN SIMON;12.91
3777621;2026-09-29;CCS08;UNICASA CANDELARIA;MANZANA FRICA;2.65
3777619;2026-09-29;CCS08;UNICASA CANDELARIA;MANZANA KAITO 200ML;2.79
3777622;2026-09-29;CCS08;UNICASA CANDELARIA;NARANJA FRICA;3.25
3777618;2026-09-29;CCS08;UNICASA CANDELARIA;NARANJA KAITO 200ML;3.1
3777623;2026-09-29;CCS08;UNICASA CANDELARIA;PERA FRICA;3.07
3777620;2026-09-29;CCS08;UNICASA CANDELARIA;PERA KAITO 200ML;2.79
3777617;2026-09-29;CCS08;UNICASA CANDELARIA;TE LIMON 1L PARMALAT;2.42
3797445;2026-09-30;CCS09;CENTRAL MADEIRENSE MACARACUAY;MANZANA NATULAC 1L;2.49
3574037;2026-09-11;CCS10;AUTOMERCADO AVILA;LECHE COMPLETA SAN SIMON;6.82
3565559;2026-09-10;CCS11;AUTOMERCADO PUNTA DEL SOL;LECHE EN POLVO 900 GR LA CAMPINA;12.65
3565560;2026-09-10;CCS11;AUTOMERCADO PUNTA DEL SOL;LECHE EN POLVO 900 GR SAN SIMON;15.25
3574819;2026-09-11;CCS11;CENTRAL MADEIRENSE SAN JOSE;LECHE COMPLETA PASTORENA;2.99
3574820;2026-09-11;CCS11;CENTRAL MADEIRENSE SAN JOSE;LECHE DESCREMADA PASTORENA;2.99
3574821;2026-09-11;CCS11;CENTRAL MADEIRENSE SAN JOSE;LECHE DESLACTOSADA PASTORENA;2.99
3578242;2026-09-11;CCS11;Comercial punto Lecuna;LECHE EN POLVO 200 GR SAN SIMON;2.5
3578241;2026-09-11;CCS11;Comercial punto Lecuna;LECHE EN POLVO 400 GR SAN SIMON;6.9
3578240;2026-09-11;CCS11;Comercial punto Lecuna;LECHE EN POLVO 900 GR SAN SIMON;14.2
3801006;2026-09-30;CCS11;RIO SUPERMARKET EL RECREO;CREMA DE LECHE DE PAISA 250GR;5.38
3800990;2026-09-30;CCS11;RIO SUPERMARKET EL RECREO;CREMA DE LECHE DE PAISA 500GR;9.79
3800988;2026-09-30;CCS11;RIO SUPERMARKET EL RECREO;LECHE EN POLVO 200 GR LA CAMPINA;3.27
3800985;2026-09-30;CCS11;RIO SUPERMARKET EL RECREO;LECHE EN POLVO 400 GR LA CAMPINA;6.35
3600388;2026-09-14;CCS11;RIO SUPERMARKET EL RECREO;LECHE EN POLVO 400 GR SAN SIMON;6.29
3800738;2026-09-30;CCS11;RIO SUPERMARKET EL RECREO;LECHE EN POLVO 900 GR LA CAMPINA;12.43
3800620;2026-09-30;CCS11;RIO SUPERMARKET EL RECREO;MANTEQUILLA PAISA;7.45
3471196;2026-09-02;CCS11;RIOVIDA BELLO MONTE;DURAZNO NATULAC 1L;2.49
3471190;2026-09-02;CCS11;RIOVIDA BELLO MONTE;LECHE COMPLETA PASTORENA;2.95
3471193;2026-09-02;CCS11;RIOVIDA BELLO MONTE;LECHE DESCREMADA NATULAC;2.6
3471191;2026-09-02;CCS11;RIOVIDA BELLO MONTE;LECHE DESCREMADA PASTORENA;2.95
3471192;2026-09-02;CCS11;RIOVIDA BELLO MONTE;LECHE DESLACTOSADA NATULAC;3.01
3471194;2026-09-02;CCS11;RIOVIDA BELLO MONTE;NARANJA NATULAC 1L;3.1
3471195;2026-09-02;CCS11;RIOVIDA BELLO MONTE;PERA NATULAC 1L;2.49
3471387;2026-09-02;CCS11;UNICASA COLINAS DE BELLO MONTE;LECHE COMPLETA PASTORENA;2.74
3471388;2026-09-02;CCS11;UNICASA COLINAS DE BELLO MONTE;LECHE DESCREMADA PASTORENA;2.74
3471389;2026-09-02;CCS11;UNICASA COLINAS DE BELLO MONTE;LECHE DESLACTOSADA PASTORENA;2.81
3515023;2026-09-07;CCS11;UNICASA LOMAS DE BELLO MONTE;LECHE COMPLETA PASTORENA;2.5
3515024;2026-09-07;CCS11;UNICASA LOMAS DE BELLO MONTE;LECHE DESCREMADA PASTORENA;2.5
3515025;2026-09-07;CCS11;UNICASA LOMAS DE BELLO MONTE;LECHE DESLACTOSADA PASTORENA;2.5
3594822;2026-09-14;CCS11;UNICASA LOMAS DE BELLO MONTE;LECHE EN POLVO 400 GR LA CAMPINA;6.98
3594820;2026-09-14;CCS11;UNICASA LOMAS DE BELLO MONTE;LECHE EN POLVO 400 GR SAN SIMON;5.45
3594821;2026-09-14;CCS11;UNICASA LOMAS DE BELLO MONTE;LECHE EN POLVO 900 GR LA CAMPINA;13.62
3594819;2026-09-14;CCS11;UNICASA LOMAS DE BELLO MONTE;LECHE EN POLVO 900 GR SAN SIMON;10.99
3787475;2026-09-29;MCY01;AUTOMERCADO CATANIA;LECHE COMPLETA NATULAC;2.08
3787478;2026-09-29;MCY01;AUTOMERCADO CATANIA;LECHE COMPLETA PASTORENA;2.19
3787481;2026-09-29;MCY01;AUTOMERCADO CATANIA;LECHE COMPLETA SAN SIMON;2.39
3787476;2026-09-29;MCY01;AUTOMERCADO CATANIA;LECHE DESCREMADA NATULAC;2.08
3787479;2026-09-29;MCY01;AUTOMERCADO CATANIA;LECHE DESCREMADA PASTORENA;2.19
3787482;2026-09-29;MCY01;AUTOMERCADO CATANIA;LECHE DESCREMADA SAN SIMON;2.29
3787477;2026-09-29;MCY01;AUTOMERCADO CATANIA;LECHE DESLACTOSADA NATULAC;2.09
3787480;2026-09-29;MCY01;AUTOMERCADO CATANIA;LECHE DESLACTOSADA PASTORENA;2.29
3787483;2026-09-29;MCY01;AUTOMERCADO CATANIA;LECHE DESLACTOSADA SAN SIMON;2.29
3787485;2026-09-29;MCY01;AUTOMERCADO CATANIA;LECHE EN POLVO 200 GR LA CAMPINA;3.46
3787486;2026-09-29;MCY01;AUTOMERCADO CATANIA;LECHE EN POLVO 200 GR SAN SIMON;2.36
3787484;2026-09-29;MCY01;AUTOMERCADO CATANIA;LECHE EN POLVO 400 GR LA CAMPINA;6.59
3787487;2026-09-29;MCY01;AUTOMERCADO CATANIA;LECHE EN POLVO 400 GR SAN SIMON;5.79
3680317;2026-09-17;MCY01;DELI PLAZA 1 (A FINAL DE MES);DURAZNO NATULAC 1L;2.55
3680267;2026-09-17;MCY01;DELI PLAZA 1 (A FINAL DE MES);LECHE COMPLETA NATULAC;2.65
3680270;2026-09-17;MCY01;DELI PLAZA 1 (A FINAL DE MES);LECHE DESLACTOSADA NATULAC;2.75
3680269;2026-09-17;MCY01;DELI PLAZA 1 (A FINAL DE MES);LECHE DESLACTOSADA PASTORENA;3.09
3680271;2026-09-17;MCY01;DELI PLAZA 1 (A FINAL DE MES);LECHE EN POLVO 400 GR LA CAMPINA;6.79
3680273;2026-09-17;MCY01;DELI PLAZA 1 (A FINAL DE MES);LECHE EN POLVO 900 GR LA CAMPINA;13.89
3680318;2026-09-17;MCY01;DELI PLAZA 1 (A FINAL DE MES);MANZANA NATULAC 1L;2.55
3680316;2026-09-17;MCY01;DELI PLAZA 1 (A FINAL DE MES);NARANJA NATULAC 1L;3.19
3680315;2026-09-17;MCY01;DELI PLAZA 1 (A FINAL DE MES);PERA NATULAC 1L;2.55
3680203;2026-09-17;MCY01;DELI PLAZA 2;LECHE DESCREMADA NATULAC;2.65
3680205;2026-09-17;MCY01;DELI PLAZA 2;LECHE EN POLVO 400 GR LA CAMPINA;2.79
3680207;2026-09-17;MCY01;DELI PLAZA 2;LECHE EN POLVO 900 GR LA CAMPINA;13.89
3560505;2026-09-10;MCY01;FACIL COMPRA;DURAZNO NATULAC 1L;2.73
3560492;2026-09-10;MCY01;FACIL COMPRA;LECHE COMPLETA NATULAC;2.85
3560502;2026-09-10;MCY01;FACIL COMPRA;LECHE COMPLETA PASTORENA;2.9
3560495;2026-09-10;MCY01;FACIL COMPRA;LECHE DESCREMADA NATULAC;2.85
3560498;2026-09-10;MCY01;FACIL COMPRA;LECHE DESLACTOSADA NATULAC;2.95
3560488;2026-09-10;MCY01;FACIL COMPRA;LECHE EN POLVO 200 GR SAN SIMON;2.55
3560487;2026-09-10;MCY01;FACIL COMPRA;LECHE EN POLVO 400 GR SAN SIMON;7.5
3560489;2026-09-10;MCY01;FACIL COMPRA;LECHE EN POLVO 900 GR SAN SIMON;14.95
3560503;2026-09-10;MCY01;FACIL COMPRA;MANZANA NATULAC 1L;2.39
3560504;2026-09-10;MCY01;FACIL COMPRA;PERA NATULAC 1L;2.73
3579006;2026-09-11;MCY01;Hiper Mercado Metro;CREMA DE LECHE DE PAISA 250GR;5.22
3578998;2026-09-11;MCY01;Hiper Mercado Metro;DURAZNO KAITO 200ML;0.86
3578996;2026-09-11;MCY01;Hiper Mercado Metro;DURAZNO NATULAC 500ML;2.18
3745375;2026-09-25;MCY01;Hiper Mercado Metro;LECHE COMPLETA NATULAC;2.59
3745376;2026-09-25;MCY01;Hiper Mercado Metro;LECHE COMPLETA PASTORENA;2.8
3745373;2026-09-25;MCY01;Hiper Mercado Metro;LECHE COMPLETA SAN SIMON;2.45
3745377;2026-09-25;MCY01;Hiper Mercado Metro;LECHE DESCREMADA PASTORENA;2.56
3745374;2026-09-25;MCY01;Hiper Mercado Metro;LECHE DESCREMADA SAN SIMON;2.45
3520027;2026-09-07;MCY01;Hiper Mercado Metro;LECHE DESLACTOSADA SAN SIMON;2.45
3633189;2026-09-14;MCY01;Hiper Mercado Metro;LECHE EN POLVO 200 GR LA CAMPINA;3.46
3633205;2026-09-14;MCY01;Hiper Mercado Metro;LECHE EN POLVO 200 GR SAN SIMON;2.03
3633184;2026-09-14;MCY01;Hiper Mercado Metro;LECHE EN POLVO 400 GR LA CAMPINA;6.78
3633198;2026-09-14;MCY01;Hiper Mercado Metro;LECHE EN POLVO 400 GR SAN SIMON;5.9
3633193;2026-09-14;MCY01;Hiper Mercado Metro;LECHE EN POLVO 900 GR LA CAMPINA;14.59
3633201;2026-09-14;MCY01;Hiper Mercado Metro;LECHE EN POLVO 900 GR SAN SIMON;11.92
3578999;2026-09-11;MCY01;Hiper Mercado Metro;MANZANA KAITO 200ML;0.86
3578994;2026-09-11;MCY01;Hiper Mercado Metro;MANZANA NATULAC 1L;2.17
3578997;2026-09-11;MCY01;Hiper Mercado Metro;PERA KAITO 200ML;0.86
3578995;2026-09-11;MCY01;Hiper Mercado Metro;PERA NATULAC 1L;2.18
3787565;2026-09-29;MCY01;Hortifresca Av Bermudez;JAMON PIERNA PLUMROSE 98%;13.05
3787561;2026-09-29;MCY01;Hortifresca Av Bermudez;LECHE DESCREMADA SAN SIMON;2.2
3787562;2026-09-29;MCY01;Hortifresca Av Bermudez;LECHE EN POLVO 200 GR SAN SIMON;3.7
3787563;2026-09-29;MCY01;Hortifresca Av Bermudez;LECHE EN POLVO 400 GR LA CAMPINA;7.2
3787564;2026-09-29;MCY01;Hortifresca Av Bermudez;LECHE EN POLVO 900 GR LA CAMPINA;14.1
3723916;2026-09-24;MCY01;LUXOR IPSFA;JAMON PIERNA PLUMROSE 98%;9.95
3723894;2026-09-24;MCY01;LUXOR IPSFA;LECHE COMPLETA PASTORENA;2.65
3723895;2026-09-24;MCY01;LUXOR IPSFA;LECHE COMPLETA SAN SIMON;2.45
3723897;2026-09-24;MCY01;LUXOR IPSFA;LECHE DESCREMADA NATULAC;2.46
3723896;2026-09-24;MCY01;LUXOR IPSFA;LECHE DESCREMADA PASTORENA;2.65
3723898;2026-09-24;MCY01;LUXOR IPSFA;LECHE DESCREMADA SAN SIMON;2.45
3723899;2026-09-24;MCY01;LUXOR IPSFA;LECHE DESLACTOSADA NATULAC;2.58
3633191;2026-09-16;MCY01;LUXOR IPSFA;LECHE DESLACTOSADA SAN SIMON;2.45
3680167;2026-09-17;MCY01;LUXOR LA VICTORIA (UNA VEZ POR MES);LECHE COMPLETA NATULAC;2.53
3680168;2026-09-17;MCY01;LUXOR LA VICTORIA (UNA VEZ POR MES);LECHE COMPLETA SAN SIMON;2.29
3680169;2026-09-17;MCY01;LUXOR LA VICTORIA (UNA VEZ POR MES);LECHE DESCREMADA NATULAC;2.46
3680170;2026-09-17;MCY01;LUXOR LA VICTORIA (UNA VEZ POR MES);LECHE DESCREMADA SAN SIMON;2.29
3680171;2026-09-17;MCY01;LUXOR LA VICTORIA (UNA VEZ POR MES);LECHE DESLACTOSADA NATULAC;2.6
3633267;2026-09-16;MCY01;LUXOR LAS ACACIAS;LECHE COMPLETA NATULAC;2.53
3633268;2026-09-16;MCY01;LUXOR LAS ACACIAS;LECHE COMPLETA SAN SIMON;2.26
3633269;2026-09-16;MCY01;LUXOR LAS ACACIAS;LECHE DESCREMADA SAN SIMON;2.29
3633270;2026-09-16;MCY01;LUXOR LAS ACACIAS;LECHE DESLACTOSADA NATULAC;2.6
3633271;2026-09-16;MCY01;LUXOR LAS ACACIAS;LECHE DESLACTOSADA SAN SIMON;2.29
3560515;2026-09-10;MCY01;LUXOR SANTA RITA;DURAZNO NATULAC 1L;2.09
3709645;2026-09-23;MCY01;LUXOR SANTA RITA;LECHE COMPLETA NATULAC;2.53
3709646;2026-09-23;MCY01;LUXOR SANTA RITA;LECHE COMPLETA PASTORENA;2.65
3709647;2026-09-23;MCY01;LUXOR SANTA RITA;LECHE DESCREMADA NATULAC;2.46
3709649;2026-09-23;MCY01;LUXOR SANTA RITA;LECHE DESCREMADA PASTORENA;2.65
3709648;2026-09-23;MCY01;LUXOR SANTA RITA;LECHE DESCREMADA SAN SIMON;2.29
3709651;2026-09-23;MCY01;LUXOR SANTA RITA;LECHE DESLACTOSADA NATULAC;2.6
3709650;2026-09-23;MCY01;LUXOR SANTA RITA;LECHE DESLACTOSADA PASTORENA;2.71
3709652;2026-09-23;MCY01;LUXOR SANTA RITA;LECHE DESLACTOSADA SAN SIMON;2.29
3560516;2026-09-10;MCY01;LUXOR SANTA RITA;MANZANA NATULAC 1L;2.09
3560519;2026-09-10;MCY01;LUXOR SANTA RITA;NARANJA NATULAC 1L;2.76
3560518;2026-09-10;MCY01;LUXOR SANTA RITA;PERA NATULAC 1L;2.09
3560514;2026-09-10;MCY01;LUXOR SANTA RITA;TE LIMON 1L PARMALAT;2.27
3787462;2026-09-29;MCY01;MAS X MENOS;LECHE COMPLETA NATULAC;2.39
3787463;2026-09-29;MCY01;MAS X MENOS;LECHE COMPLETA PASTORENA;2.82
3787467;2026-09-29;MCY01;MAS X MENOS;LECHE COMPLETA SAN SIMON;2.46
3633102;2026-09-15;MCY01;MAS X MENOS;LECHE DESCREMADA NATULAC;2.35
3787464;2026-09-29;MCY01;MAS X MENOS;LECHE DESCREMADA PASTORENA;2.94
3787468;2026-09-29;MCY01;MAS X MENOS;LECHE DESCREMADA SAN SIMON;2.45
3787466;2026-09-29;MCY01;MAS X MENOS;LECHE DESLACTOSADA NATULAC;2.65
3787465;2026-09-29;MCY01;MAS X MENOS;LECHE DESLACTOSADA PASTORENA;2.33
3787469;2026-09-29;MCY01;MAS X MENOS;LECHE DESLACTOSADA SAN SIMON;2.47
3560500;2026-09-09;MCY01;Mas x Menos Global;CREMA DE LECHE DE PAISA 250GR;5.99
3726630;2026-09-24;MCY01;Mas x Menos Global;LECHE DESLACTOSADA PASTORENA;2.89
3560496;2026-09-09;MCY01;Mas x Menos Global;MANTEQUILLA LACTEOS MARACAY;6.21
3719218;2026-09-23;MCY01;MERCANOVA;LECHE COMPLETA NATULAC;2.42
3719221;2026-09-23;MCY01;MERCANOVA;LECHE COMPLETA PASTORENA;2.35
3719215;2026-09-23;MCY01;MERCANOVA;LECHE COMPLETA SAN SIMON;2.6
3719219;2026-09-23;MCY01;MERCANOVA;LECHE DESCREMADA NATULAC;2.42
3719222;2026-09-23;MCY01;MERCANOVA;LECHE DESCREMADA PASTORENA;2.35
3719216;2026-09-23;MCY01;MERCANOVA;LECHE DESCREMADA SAN SIMON;2.59
3719220;2026-09-23;MCY01;MERCANOVA;LECHE DESLACTOSADA NATULAC;2.42
3719223;2026-09-23;MCY01;MERCANOVA;LECHE DESLACTOSADA PASTORENA;2.35
3719217;2026-09-23;MCY01;MERCANOVA;LECHE DESLACTOSADA SAN SIMON;2.62
3578970;2026-09-10;MCY01;MERCANOVA;LECHE EN POLVO 200 GR SAN SIMON;2.07
3578971;2026-09-10;MCY01;MERCANOVA;LECHE EN POLVO 400 GR LA CAMPINA;6.11
3578969;2026-09-10;MCY01;MERCANOVA;LECHE EN POLVO 400 GR SAN SIMON;4.95
3578968;2026-09-10;MCY01;MERCANOVA;LECHE EN POLVO 900 GR SAN SIMON;12.14
3745296;2026-09-24;MCY01;"MERCANOVA EXPRESS; C.A";LECHE COMPLETA NATULAC;2.36
3745299;2026-09-24;MCY01;"MERCANOVA EXPRESS; C.A";LECHE COMPLETA PASTORENA;2.54
3745298;2026-09-24;MCY01;"MERCANOVA EXPRESS; C.A";LECHE DESCREMADA NATULAC;2.36
3745300;2026-09-24;MCY01;"MERCANOVA EXPRESS; C.A";LECHE DESCREMADA PASTORENA;2.54
3745302;2026-09-24;MCY01;"MERCANOVA EXPRESS; C.A";LECHE DESCREMADA SAN SIMON;2.59
3745297;2026-09-24;MCY01;"MERCANOVA EXPRESS; C.A";LECHE DESLACTOSADA NATULAC;2.44
3745301;2026-09-24;MCY01;"MERCANOVA EXPRESS; C.A";LECHE DESLACTOSADA PASTORENA;2.6
3745303;2026-09-24;MCY01;"MERCANOVA EXPRESS; C.A";LECHE DESLACTOSADA SAN SIMON;2.6
3787517;2026-09-29;MCY01;SUPERLIDER LOS SAMANES;LECHE COMPLETA NATULAC;2.25
3787518;2026-09-29;MCY01;SUPERLIDER LOS SAMANES;LECHE DESCREMADA NATULAC;2.48
3787519;2026-09-29;MCY01;SUPERLIDER LOS SAMANES;LECHE DESLACTOSADA NATULAC;2.6
3578986;2026-09-10;MCY01;SUPERLIDER PALONEGRO;LECHE DESLACTOSADA NATULAC;2.6
3724468;2026-09-25;MCY02;DELI PLAZA (A FINAL DE MES);CREMA DE LECHE DE PAISA 250GR;6.19
3724467;2026-09-25;MCY02;DELI PLAZA (A FINAL DE MES);CREMA DE LECHE DE PAISA 500GR;12.2
3724456;2026-09-24;MCY02;DELI PLAZA (A FINAL DE MES);DURAZNO NATULAC 1L;2.55
3724455;2026-09-24;MCY02;DELI PLAZA (A FINAL DE MES);DURAZNO NATULAC 250ML;2.99
3607724;2026-09-15;MCY02;DELI PLAZA (A FINAL DE MES);JAMON PIERNA PLUMROSE 98%;15.98
3530792;2026-09-09;MCY02;DELI PLAZA (A FINAL DE MES);LECHE COMPLETA NATULAC;2.65
3724438;2026-09-24;MCY02;DELI PLAZA (A FINAL DE MES);LECHE DESCREMADA NATULAC;2.65
3724439;2026-09-24;MCY02;DELI PLAZA (A FINAL DE MES);LECHE DESLACTOSADA NATULAC;2.75
3724440;2026-09-24;MCY02;DELI PLAZA (A FINAL DE MES);LECHE DESLACTOSADA PASTORENA;3.09
3530803;2026-09-09;MCY02;DELI PLAZA (A FINAL DE MES);MANTEQUILLA PAISA;8.85
3530782;2026-09-09;MCY02;DELI PLAZA (A FINAL DE MES);MANZANA FRICA 500ML;1.48
3724457;2026-09-24;MCY02;DELI PLAZA (A FINAL DE MES);MANZANA NATULAC 1L;2.55
3607717;2026-09-15;MCY02;DELI PLAZA (A FINAL DE MES);NARANJA NATULAC 1L;3.19
3724454;2026-09-24;MCY02;DELI PLAZA (A FINAL DE MES);NARANJA NATULAC 250ML;3.55
3530783;2026-09-09;MCY02;DELI PLAZA (A FINAL DE MES);PERA FRICA 500ML;1.48
3724458;2026-09-24;MCY02;DELI PLAZA (A FINAL DE MES);PERA NATULAC 1L;2.55
3607714;2026-09-15;MCY02;DELI PLAZA (A FINAL DE MES);PERA NATULAC 250ML;2.99
3724474;2026-09-25;MCY02;DELI PLAZA (A FINAL DE MES);SALCHICHA TIPO VIENA 225GR FIESTA;3.85
3724473;2026-09-25;MCY02;DELI PLAZA (A FINAL DE MES);SALCHICHA TIPO VIENA 800GR FIESTA;5.79
3607718;2026-09-15;MCY02;DELI PLAZA (A FINAL DE MES);TE DURAZNO 1L PARMALAT;2.49
3530788;2026-09-09;MCY02;DELI PLAZA (A FINAL DE MES);TE LIMON 1L PARMALAT;2.49
3530789;2026-09-09;MCY02;DELI PLAZA (A FINAL DE MES);TE LIMON 1L PASTORENA;2.95
3695521;2026-09-22;MCY02;EUROMARKET;CHORIZO  PICANTE MONSERRATINA;7.5
3695520;2026-09-22;MCY02;EUROMARKET;CHORIZO AHUMADO PARRILLERO MONSERRATINA;7.5
3695512;2026-09-22;MCY02;EUROMARKET;CREMA DE LECHE DE PAISA 250GR;6
3695511;2026-09-22;MCY02;EUROMARKET;CREMA DE LECHE DE PAISA 500GR;10.91
3782817;2026-09-30;MCY02;EUROMARKET;DURAZNO FRICA;2.28
3782822;2026-09-30;MCY02;EUROMARKET;DURAZNO FRICA 250ML;3.1
3782825;2026-09-30;MCY02;EUROMARKET;DURAZNO KAITO 200ML;2.61
3612064;2026-09-15;MCY02;EUROMARKET;DURAZNO KAITO 500ML;2.9
3744594;2026-09-25;MCY02;EUROMARKET;DURAZNO NATULAC 1L;2.25
3782826;2026-09-30;MCY02;EUROMARKET;DURAZNO NATULAC 250ML;2.7
3744599;2026-09-25;MCY02;EUROMARKET;DURAZNO PASTORENA;2.05
3695516;2026-09-22;MCY02;EUROMARKET;HERMO;3.95
3695513;2026-09-22;MCY02;EUROMARKET;JAMON AHUMADO VISKING FIESTA;11.01
3695514;2026-09-22;MCY02;EUROMARKET;JAMON AHUMADO VISKING PLUMROSE;14.8
3658501;2026-09-19;MCY02;EUROMARKET;JAMON ESTANDAR FIESTA  5.9kg;11.01
3695515;2026-09-22;MCY02;EUROMARKET;JAMON PIERNA PLUMROSE 98%;13.21
3782837;2026-09-30;MCY02;EUROMARKET;LECHE COMPLETA NATULAC;2.42
3782840;2026-09-30;MCY02;EUROMARKET;LECHE COMPLETA PASTORENA;2.32
3782843;2026-09-30;MCY02;EUROMARKET;LECHE COMPLETA SAN SIMON;2.55
3782838;2026-09-30;MCY02;EUROMARKET;LECHE DESCREMADA NATULAC;2.36
3782841;2026-09-30;MCY02;EUROMARKET;LECHE DESCREMADA PASTORENA;2.32
3782844;2026-09-30;MCY02;EUROMARKET;LECHE DESCREMADA SAN SIMON;2.76
3782839;2026-09-30;MCY02;EUROMARKET;LECHE DESLACTOSADA NATULAC;2.5
3782842;2026-09-30;MCY02;EUROMARKET;LECHE DESLACTOSADA PASTORENA;2.6
3782845;2026-09-30;MCY02;EUROMARKET;LECHE DESLACTOSADA SAN SIMON;2.76
3695530;2026-09-22;MCY02;EUROMARKET;LECHE EN POLVO 400 GR LA CAMPINA;6.28
3800411;2026-09-30;MCY02;EUROMARKET;LECHE EN POLVO 900 GR LA CAMPINA;12.92
3800410;2026-09-30;MCY02;EUROMARKET;LECHE EN POLVO 900 GR SAN SIMON;14.75
3695522;2026-09-22;MCY02;EUROMARKET;MANTEQUILLA PAISA;8.93
3695523;2026-09-22;MCY02;EUROMARKET;MANTEQUILLA PAISA SIN SAL;8.61
3744581;2026-09-25;MCY02;EUROMARKET;MANZANA FRICA;2.28
3744584;2026-09-25;MCY02;EUROMARKET;MANZANA FRICA 250ML;3.1
3782820;2026-09-30;MCY02;EUROMARKET;MANZANA FRICA 500ML;1.29
3782824;2026-09-30;MCY02;EUROMARKET;MANZANA KAITO 200ML;2.75
3782827;2026-09-30;MCY02;EUROMARKET;MANZANA LIGTH NATULAC 1L;2.44
3517419;2026-09-08;MCY02;EUROMARKET;MANZANA NATULAC 1L;2.25
3744591;2026-09-25;MCY02;EUROMARKET;MANZANA NATULAC 250ML;2.7
3782833;2026-09-30;MCY02;EUROMARKET;MANZANA PASTORENA;2.05
3695517;2026-09-22;MCY02;EUROMARKET;MORTADELA PLUMROSE DE CARNES 1KG;3.77
3579527;2026-09-12;MCY02;EUROMARKET;MORTADELA TAPARA RICCI;17.62
3612057;2026-09-15;MCY02;EUROMARKET;NARANJA FRICA;3.46
3782821;2026-09-30;MCY02;EUROMARKET;NARANJA FRICA 250ML;4.14
3782819;2026-09-30;MCY02;EUROMARKET;NARANJA FRICA 500ML;1.96
3782823;2026-09-30;MCY02;EUROMARKET;NARANJA KAITO 200ML;3.08
3782829;2026-09-30;MCY02;EUROMARKET;NARANJA NATULAC 1L;2.78
3782832;2026-09-30;MCY02;EUROMARKET;NARANJA PASTORENA;2.55
3782818;2026-09-30;MCY02;EUROMARKET;PERA FRICA;2.28
3612060;2026-09-15;MCY02;EUROMARKET;PERA FRICA 250ML;3.1
3744589;2026-09-25;MCY02;EUROMARKET;PERA KAITO 200ML;2.61
3782828;2026-09-30;MCY02;EUROMARKET;PERA LIGHT NATULAC 1L;2.44
3782830;2026-09-30;MCY02;EUROMARKET;PERA NATULAC 1L;2.25
3612072;2026-09-15;MCY02;EUROMARKET;PERA PASTORENA;2.05
3695519;2026-09-22;MCY02;EUROMARKET;SALCHICHA TIPO VIENA 225GR FIESTA;3.47
3695518;2026-09-22;MCY02;EUROMARKET;SALCHICHA TIPO VIENA 800GR FIESTA;5.45
3782831;2026-09-30;MCY02;EUROMARKET;TE DURAZNO 1L PARMALAT;2.15
3782835;2026-09-30;MCY02;EUROMARKET;TE DURAZNO 1L PASTORENA;2.01
3517420;2026-09-08;MCY02;EUROMARKET;TE LIMON 1L PARMALAT;2.15
3782834;2026-09-30;MCY02;EUROMARKET;TE LIMON 1L PASTORENA;2.01
3687072;2026-09-22;MCY02;HIPER MODELO;LECHE DESCREMADA NATULAC;2.98
3687074;2026-09-22;MCY02;HIPER MODELO;LECHE DESCREMADA SAN SIMON;2.7
3687073;2026-09-22;MCY02;HIPER MODELO;LECHE DESLACTOSADA NATULAC;3.12
3634904;2026-09-17;MCY02;HIPER MODELO;LECHE DESLACTOSADA SAN SIMON;2.73
3687061;2026-09-22;MCY02;HIPER MODELO;LECHE EN POLVO 900 GR SAN SIMON;13.46
3687070;2026-09-22;MCY02;HIPER MODELO;MANTEQUILLA LACTEOS MARACAY;10.05
3721260;2026-09-23;MCY02;SUPERMERCADOS LUXOR C.A._EL CASTANO;DURAZNO KAITO 200ML;3.02
3721265;2026-09-23;MCY02;SUPERMERCADOS LUXOR C.A._EL CASTANO;DURAZNO NATULAC 1L;2.18
3721262;2026-09-23;MCY02;SUPERMERCADOS LUXOR C.A._EL CASTANO;DURAZNO NATULAC 250ML;2.84
3721277;2026-09-23;MCY02;SUPERMERCADOS LUXOR C.A._EL CASTANO;LECHE COMPLETA NATULAC;2.53
3603186;2026-09-15;MCY02;SUPERMERCADOS LUXOR C.A._EL CASTANO;LECHE COMPLETA PASTORENA;2.45
3721281;2026-09-23;MCY02;SUPERMERCADOS LUXOR C.A._EL CASTANO;LECHE COMPLETA SAN SIMON;2.29
3721278;2026-09-23;MCY02;SUPERMERCADOS LUXOR C.A._EL CASTANO;LECHE DESCREMADA NATULAC;2.46
3721280;2026-09-23;MCY02;SUPERMERCADOS LUXOR C.A._EL CASTANO;LECHE DESCREMADA PASTORENA;2.65
3721282;2026-09-23;MCY02;SUPERMERCADOS LUXOR C.A._EL CASTANO;LECHE DESCREMADA SAN SIMON;2.29
3721279;2026-09-23;MCY02;SUPERMERCADOS LUXOR C.A._EL CASTANO;LECHE DESLACTOSADA NATULAC;2.6
3527768;2026-09-08;MCY02;SUPERMERCADOS LUXOR C.A._EL CASTANO;LECHE DESLACTOSADA PASTORENA;2.71
3721283;2026-09-23;MCY02;SUPERMERCADOS LUXOR C.A._EL CASTANO;LECHE DESLACTOSADA SAN SIMON;2.29
3721276;2026-09-23;MCY02;SUPERMERCADOS LUXOR C.A._EL CASTANO;LECHE EN POLVO 900 GR SAN SIMON;18.45
3603190;2026-09-15;MCY02;SUPERMERCADOS LUXOR C.A._EL CASTANO;MANTEQUILLA PAISA;9.17
3527756;2026-09-08;MCY02;SUPERMERCADOS LUXOR C.A._EL CASTANO;MANZANA KAITO 200ML;3.02
3603180;2026-09-15;MCY02;SUPERMERCADOS LUXOR C.A._EL CASTANO;MANZANA LIGTH NATULAC 1L;2.15
3603183;2026-09-15;MCY02;SUPERMERCADOS LUXOR C.A._EL CASTANO;MANZANA NATULAC 1L;2
3603179;2026-09-15;MCY02;SUPERMERCADOS LUXOR C.A._EL CASTANO;MANZANA NATULAC 250ML;2.69
3721259;2026-09-23;MCY02;SUPERMERCADOS LUXOR C.A._EL CASTANO;NARANJA KAITO 200ML;3.36
3721263;2026-09-23;MCY02;SUPERMERCADOS LUXOR C.A._EL CASTANO;NARANJA LIGHT NATULAC 1L;4.8
3721267;2026-09-23;MCY02;SUPERMERCADOS LUXOR C.A._EL CASTANO;NARANJA NATULAC 1L;2.76
3721261;2026-09-23;MCY02;SUPERMERCADOS LUXOR C.A._EL CASTANO;NARANJA NATULAC 250ML;3.16
3603177;2026-09-15;MCY02;SUPERMERCADOS LUXOR C.A._EL CASTANO;PERA KAITO 200ML;3.02
3721264;2026-09-23;MCY02;SUPERMERCADOS LUXOR C.A._EL CASTANO;PERA LIGHT NATULAC 1L;2.31
3721266;2026-09-23;MCY02;SUPERMERCADOS LUXOR C.A._EL CASTANO;PERA NATULAC 1L;2.18
3527758;2026-09-08;MCY02;SUPERMERCADOS LUXOR C.A._EL CASTANO;PERA NATULAC 250ML;2.33
3696704;2026-09-22;MCY03;EUROMERCADO INTERCOMUNAL;CREMA DE LECHE DE PAISA 250GR;7.5
3696699;2026-09-22;MCY03;EUROMERCADO INTERCOMUNAL;CREMA DE LECHE DE PAISA 500GR;10.1
3765741;2026-09-28;MCY03;EUROMERCADO INTERCOMUNAL;DURAZNO FRICA 250ML;3.25
3765747;2026-09-28;MCY03;EUROMERCADO INTERCOMUNAL;DURAZNO KAITO 200ML;2.99
3765750;2026-09-28;MCY03;EUROMERCADO INTERCOMUNAL;DURAZNO NATULAC 250ML;2.99
3765759;2026-09-28;MCY03;EUROMERCADO INTERCOMUNAL;DURAZNO PASTORENA;2.37
3765730;2026-09-28;MCY03;EUROMERCADO INTERCOMUNAL;LECHE COMPLETA NATULAC;2.32
3765733;2026-09-28;MCY03;EUROMERCADO INTERCOMUNAL;LECHE COMPLETA PASTORENA;2.32
3765736;2026-09-28;MCY03;EUROMERCADO INTERCOMUNAL;LECHE COMPLETA SAN SIMON;2.45
3765731;2026-09-28;MCY03;EUROMERCADO INTERCOMUNAL;LECHE DESCREMADA NATULAC;2.2
3765734;2026-09-28;MCY03;EUROMERCADO INTERCOMUNAL;LECHE DESCREMADA PASTORENA;2.32
3765737;2026-09-28;MCY03;EUROMERCADO INTERCOMUNAL;LECHE DESCREMADA SAN SIMON;2.45
3765732;2026-09-28;MCY03;EUROMERCADO INTERCOMUNAL;LECHE DESLACTOSADA NATULAC;2.39
3765735;2026-09-28;MCY03;EUROMERCADO INTERCOMUNAL;LECHE DESLACTOSADA PASTORENA;2.39
3765729;2026-09-28;MCY03;EUROMERCADO INTERCOMUNAL;LECHE EN POLVO 400 GR LA CAMPINA;6.35
3765727;2026-09-28;MCY03;EUROMERCADO INTERCOMUNAL;LECHE EN POLVO 400 GR SAN SIMON;7.2
3765728;2026-09-28;MCY03;EUROMERCADO INTERCOMUNAL;LECHE EN POLVO 900 GR LA CAMPINA;11.5
3765726;2026-09-28;MCY03;EUROMERCADO INTERCOMUNAL;LECHE EN POLVO 900 GR SAN SIMON;13.49
3696703;2026-09-22;MCY03;EUROMERCADO INTERCOMUNAL;MANTEQUILLA LACTEOS MARACAY;4.65
3696702;2026-09-22;MCY03;EUROMERCADO INTERCOMUNAL;MANTEQUILLA PAISA;8.25
3696701;2026-09-22;MCY03;EUROMERCADO INTERCOMUNAL;MANTEQUILLA TORONDOI;7.7
3765742;2026-09-28;MCY03;EUROMERCADO INTERCOMUNAL;MANZANA FRICA;4.3
3765745;2026-09-28;MCY03;EUROMERCADO INTERCOMUNAL;MANZANA FRICA 500ML;1.35
3765748;2026-09-28;MCY03;EUROMERCADO INTERCOMUNAL;MANZANA KAITO 200ML;2.99
3765753;2026-09-28;MCY03;EUROMERCADO INTERCOMUNAL;MANZANA LIGTH NATULAC 1L;2.28
3765754;2026-09-28;MCY03;EUROMERCADO INTERCOMUNAL;MANZANA NATULAC 1L;2.16
3765751;2026-09-28;MCY03;EUROMERCADO INTERCOMUNAL;MANZANA NATULAC 500ML;2.99
3765760;2026-09-28;MCY03;EUROMERCADO INTERCOMUNAL;MANZANA PASTORENA;2.37
3765740;2026-09-28;MCY03;EUROMERCADO INTERCOMUNAL;NARANJA FRICA 250ML;4.3
3765744;2026-09-28;MCY03;EUROMERCADO INTERCOMUNAL;NARANJA FRICA 500ML;2.2
3765746;2026-09-28;MCY03;EUROMERCADO INTERCOMUNAL;NARANJA KAITO 200ML;3.35
3765755;2026-09-28;MCY03;EUROMERCADO INTERCOMUNAL;NARANJA NATULAC 1L;2.73
3765758;2026-09-28;MCY03;EUROMERCADO INTERCOMUNAL;NARANJA PASTORENA;2.94
3765739;2026-09-28;MCY03;EUROMERCADO INTERCOMUNAL;PERA FRICA;2.45
3765743;2026-09-28;MCY03;EUROMERCADO INTERCOMUNAL;PERA FRICA 250ML;3.25
3714209;2026-09-23;MCY03;EUROMERCADO INTERCOMUNAL;PERA FRICA 500ML;1.35
3765749;2026-09-28;MCY03;EUROMERCADO INTERCOMUNAL;PERA KAITO 200ML;2.99
3765756;2026-09-28;MCY03;EUROMERCADO INTERCOMUNAL;PERA LIGHT NATULAC 1L;2.16
3765757;2026-09-28;MCY03;EUROMERCADO INTERCOMUNAL;PERA NATULAC 1L;2.15
3765752;2026-09-28;MCY03;EUROMERCADO INTERCOMUNAL;PERA NATULAC 250ML;2.99
3765761;2026-09-28;MCY03;EUROMERCADO INTERCOMUNAL;PERA PASTORENA;2.37
3696705;2026-09-22;MCY03;EUROMERCADO INTERCOMUNAL;SALCHICHA TIPO VIENA 225GR FIESTA;3.5
3696706;2026-09-22;MCY03;EUROMERCADO INTERCOMUNAL;SALCHICHA TIPO VIENA 225GR HERMO;3.85
3765764;2026-09-28;MCY03;EUROMERCADO INTERCOMUNAL;TE DURAZNO 1L PARMALAT;2.2
3765762;2026-09-28;MCY03;EUROMERCADO INTERCOMUNAL;TE DURAZNO 1L PASTORENA;2.32
3765765;2026-09-28;MCY03;EUROMERCADO INTERCOMUNAL;TE LIMON 1L PARMALAT;2.2
3765763;2026-09-28;MCY03;EUROMERCADO INTERCOMUNAL;TE LIMON 1L PASTORENA;2.32
3760194;2026-09-24;MCY04;Arabito Cagua;JAMON PIERNA PLUMROSE 98%;15.95
3760189;2026-09-24;MCY04;Arabito Cagua;LECHE COMPLETA NATULAC;2.55
3760191;2026-09-24;MCY04;Arabito Cagua;LECHE COMPLETA SAN SIMON;2.55
3760190;2026-09-24;MCY04;Arabito Cagua;LECHE DESCREMADA NATULAC;2.55
3681997;2026-09-18;MCY04;Arabito Cagua;LECHE EN POLVO 400 GR SAN SIMON;5.95
3682000;2026-09-18;MCY04;Arabito Cagua;LECHE EN POLVO 900 GR SAN SIMON;12.25
3760192;2026-09-24;MCY04;Arabito Cagua;MANZANA NATULAC 1L;2.25
3760193;2026-09-24;MCY04;Arabito Cagua;PERA NATULAC 1L;225
3618074;2026-09-07;MCY04;ARB MARKET INTERCOMUNAL;DURAZNO NATULAC 1L;2.25
3796356;2026-09-28;MCY04;ARB MARKET INTERCOMUNAL;JAMON DE ESPALDA FIESTA 4.4KG;10.99
3796355;2026-09-28;MCY04;ARB MARKET INTERCOMUNAL;JAMON PIERNA PLUMROSE 98%;15.95
3796343;2026-09-28;MCY04;ARB MARKET INTERCOMUNAL;LECHE COMPLETA NATULAC;2.55
3796348;2026-09-28;MCY04;ARB MARKET INTERCOMUNAL;LECHE COMPLETA SAN SIMON;2.55
3796345;2026-09-28;MCY04;ARB MARKET INTERCOMUNAL;LECHE DESCREMADA NATULAC;2.55
3796347;2026-09-28;MCY04;ARB MARKET INTERCOMUNAL;LECHE DESLACTOSADA NATULAC;2.55
3796352;2026-09-28;MCY04;ARB MARKET INTERCOMUNAL;LECHE EN POLVO 400 GR SAN SIMON;5.95
3796350;2026-09-28;MCY04;ARB MARKET INTERCOMUNAL;LECHE EN POLVO 900 GR SAN SIMON;10.95
3681941;2026-09-17;MCY04;ARB MARKET INTERCOMUNAL;MANTEQUILLA LACTEOS MARACAY;4.45
3618076;2026-09-07;MCY04;ARB MARKET INTERCOMUNAL;MANZANA LIGTH NATULAC 1L;2.45
3681939;2026-09-17;MCY04;ARB MARKET INTERCOMUNAL;PERA NATULAC 1L;2.25
3681940;2026-09-17;MCY04;ARB MARKET INTERCOMUNAL;PERA NATULAC 250ML;3.05
3796290;2026-09-30;MCY04;ARB MARKET REDOMA EL AVION;LECHE COMPLETA SAN SIMON;2.55
3760041;2026-09-23;MCY04;ARB MARKET REDOMA EL AVION;LECHE EN POLVO 400 GR SAN SIMON;5.95
3760040;2026-09-23;MCY04;ARB MARKET REDOMA EL AVION;LECHE EN POLVO 900 GR SAN SIMON;12.25
3796291;2026-09-30;MCY04;ARB MARKET REDOMA EL AVION;MANTEQUILLA LACTEOS MARACAY;0
3796288;2026-09-30;MCY04;ARB MARKET REDOMA EL AVION;MANZANA LIGTH NATULAC 1L;2.45
3796287;2026-09-30;MCY04;ARB MARKET REDOMA EL AVION;PERA LIGHT NATULAC 1L;2.45
3796286;2026-09-30;MCY04;ARB MARKET REDOMA EL AVION;PERA NATULAC 1L;2.25
3796268;2026-09-29;MCY04;CAMPOLLANO 3;CREMA DE LECHE DE PAISA 250GR;5.66
3796270;2026-09-29;MCY04;CAMPOLLANO 3;CREMA DE LECHE DE PAISA 500GR;10.29
3796275;2026-09-29;MCY04;CAMPOLLANO 3;JAMON PIERNA PLUMROSE 98%;15.5
3796278;2026-09-29;MCY04;CAMPOLLANO 3;LECHE COMPLETA NATULAC;2.93
3796280;2026-09-29;MCY04;CAMPOLLANO 3;LECHE DESCREMADA NATULAC;2.89
3796282;2026-09-29;MCY04;CAMPOLLANO 3;LECHE DESLACTOSADA NATULAC;2.97
3689920;2026-09-22;MCY04;CAMPOLLANO 3;LECHE EN POLVO 200 GR LA CAMPINA;3.35
3689919;2026-09-22;MCY04;CAMPOLLANO 3;LECHE EN POLVO 900 GR LA CAMPINA;12.72
3796273;2026-09-29;MCY04;CAMPOLLANO 3;MANTEQUILLA PAISA;7.8
3618064;2026-09-08;MCY04;CAMPOLLANO 3;MANTEQUILLA PAISA SIN SAL;7.8
3486012;2026-09-01;MCY04;CAMPOLLANO 3;SALCHICHA TIPO VIENA 225GR HERMO;4.56
3760286;2026-09-25;MCY04;EUROMAXX PLUS;CREMA DE LECHE DE PAISA 250GR;6.5
3760297;2026-09-25;MCY04;EUROMAXX PLUS;DURAZNO FRICA;2.48
3760300;2026-09-25;MCY04;EUROMAXX PLUS;LECHE COMPLETA NATULAC;2.56
3618126;2026-09-11;MCY04;EUROMAXX PLUS;LECHE COMPLETA SAN SIMON;2.29
3618128;2026-09-11;MCY04;EUROMAXX PLUS;LECHE DESCREMADA SAN SIMON;2.45
3618130;2026-09-11;MCY04;EUROMAXX PLUS;LECHE DESLACTOSADA SAN SIMON;2.45
3618116;2026-09-11;MCY04;EUROMAXX PLUS;LECHE EN POLVO 400 GR SAN SIMON;5.85
3618121;2026-09-11;MCY04;EUROMAXX PLUS;LECHE EN POLVO 900 GR SAN SIMON;11.99
3760287;2026-09-25;MCY04;EUROMAXX PLUS;MANTEQUILLA PAISA;9.17
3760288;2026-09-25;MCY04;EUROMAXX PLUS;MANTEQUILLA TORONDOI;8.27
3760298;2026-09-25;MCY04;EUROMAXX PLUS;MANZANA NATULAC 1L;2.18
3760299;2026-09-25;MCY04;EUROMAXX PLUS;PERA NATULAC 1L;2.18
3760239;2026-09-24;MCY04;GRAN MARISCAL;DURAZNO FRICA;3.99
3760234;2026-09-24;MCY04;GRAN MARISCAL;LECHE COMPLETA PASTORENA;2.99
3760235;2026-09-24;MCY04;GRAN MARISCAL;LECHE DESCREMADA PASTORENA;3.09
3618146;2026-09-10;MCY04;GRAN MARISCAL;MANTEQUILLA LACTEOS MARACAY;4.61
3618149;2026-09-10;MCY04;GRAN MARISCAL;MANTEQUILLA PAISA;8.05
3760237;2026-09-24;MCY04;GRAN MARISCAL;MANZANA FRICA;3.99
3760236;2026-09-24;MCY04;GRAN MARISCAL;NARANJA FRICA;3.99
3760238;2026-09-24;MCY04;GRAN MARISCAL;PERA FRICA;3.99
3796332;2026-09-29;MCY04;Hiperexito Cagua;CREMA DE LECHE DE PAISA 500GR;10.3
3618083;2026-09-08;MCY04;Hiperexito Cagua;DURAZNO NATULAC 1L;2.08
3796358;2026-09-29;MCY04;Hiperexito Cagua;LECHE COMPLETA NATULAC;2.65
3796349;2026-09-29;MCY04;Hiperexito Cagua;LECHE COMPLETA SAN SIMON;2.75
3796360;2026-09-29;MCY04;Hiperexito Cagua;LECHE DESCREMADA NATULAC;1.95
3796351;2026-09-29;MCY04;Hiperexito Cagua;LECHE DESCREMADA SAN SIMON;2.73
3760129;2026-09-22;MCY04;Hiperexito Cagua;LECHE DESLACTOSADA NATULAC;2.56
3796353;2026-09-29;MCY04;Hiperexito Cagua;LECHE DESLACTOSADA SAN SIMON;2.76
3796357;2026-09-29;MCY04;Hiperexito Cagua;LECHE EN POLVO 200 GR LA CAMPINA;3.76
3760147;2026-09-22;MCY04;Hiperexito Cagua;LECHE EN POLVO 400 GR LA CAMPINA;7.33
3760142;2026-09-22;MCY04;Hiperexito Cagua;LECHE EN POLVO 400 GR SAN SIMON;6.55
3618221;2026-09-15;MCY04;Hiperexito Cagua;LECHE EN POLVO 900 GR LA CAMPINA;14.35
3796354;2026-09-29;MCY04;Hiperexito Cagua;LECHE EN POLVO 900 GR SAN SIMON;13.2
3618087;2026-09-08;MCY04;Hiperexito Cagua;MANZANA NATULAC 1L;2.08
3618085;2026-09-08;MCY04;Hiperexito Cagua;PERA NATULAC 1L;2.08
3682021;2026-09-16;MCY04;HIPERVERDURAS CONTINENTE;LECHE EN POLVO 400 GR LA CAMPINA;6.85
3760063;2026-09-23;MCY04;HIPERVERDURAS CONTINENTE;LECHE EN POLVO 400 GR SAN SIMON;6
3760071;2026-09-23;MCY04;HIPERVERDURAS CONTINENTE;LECHE EN POLVO 900 GR LA CAMPINA;6.85
3760076;2026-09-23;MCY04;HIPERVERDURAS CONTINENTE;LECHE EN POLVO 900 GR SAN SIMON;13.93
3681966;2026-09-16;MCY04;HIPERVERDURAS CONTINENTE;MANTEQUILLA PAISA;7.78
3681969;2026-09-16;MCY04;HIPERVERDURAS CONTINENTE;MANTEQUILLA PAISA SIN SAL;7.49
3618184;2026-09-14;MCY04;Hortifresca Guasimal;CREMA DE LECHE DE PAISA 250GR;5.45
3618006;2026-09-07;MCY04;Hortifresca Guasimal;DURAZNO FRICA;2.35
3618001;2026-09-07;MCY04;Hortifresca Guasimal;LECHE COMPLETA SAN SIMON;2.9
3618004;2026-09-07;MCY04;Hortifresca Guasimal;LECHE DESCREMADA NATULAC;2.8
3796222;2026-09-28;MCY04;Hortifresca Guasimal;LECHE DESCREMADA PASTORENA;2.8
3618187;2026-09-14;MCY04;Hortifresca Guasimal;LECHE DESCREMADA SAN SIMON;2.99
3796221;2026-09-28;MCY04;Hortifresca Guasimal;LECHE DESLACTOSADA PASTORENA;2.5
3618188;2026-09-14;MCY04;Hortifresca Guasimal;LECHE DESLACTOSADA SAN SIMON;2.65
3618189;2026-09-14;MCY04;Hortifresca Guasimal;LECHE EN POLVO 200 GR LA CAMPINA;3.8
3618190;2026-09-14;MCY04;Hortifresca Guasimal;LECHE EN POLVO 400 GR LA CAMPINA;7.7
3618191;2026-09-14;MCY04;Hortifresca Guasimal;LECHE EN POLVO 900 GR LA CAMPINA;15.1
3618186;2026-09-14;MCY04;Hortifresca Guasimal;MANTEQUILLA LACTEOS MARACAY;4.25
3618185;2026-09-14;MCY04;Hortifresca Guasimal;MANTEQUILLA TORONDOI;6.55
3796220;2026-09-28;MCY04;Hortifresca Guasimal;PERA FRICA;2.35
3682013;2026-09-16;MCY04;LUXOR MORA DIGA CENTER;CREMA DE LECHE DE PAISA 250GR;6.6
3760079;2026-09-23;MCY04;LUXOR MORA DIGA CENTER;CREMA DE LECHE DE PAISA 500GR;11.98
3760185;2026-09-23;MCY04;LUXOR MORA DIGA CENTER;DURAZNO FRICA;2.48
3618104;2026-09-09;MCY04;LUXOR MORA DIGA CENTER;LECHE COMPLETA PASTORENA;2.55
3618107;2026-09-09;MCY04;LUXOR MORA DIGA CENTER;LECHE COMPLETA SAN SIMON;2.45
3618106;2026-09-09;MCY04;LUXOR MORA DIGA CENTER;LECHE DESCREMADA NATULAC;1.99
3618108;2026-09-09;MCY04;LUXOR MORA DIGA CENTER;LECHE DESCREMADA SAN SIMON;2.45
3618109;2026-09-09;MCY04;LUXOR MORA DIGA CENTER;LECHE DESLACTOSADA SAN SIMON;2.45
3618110;2026-09-10;MCY04;LUXOR MORA DIGA CENTER;LECHE EN POLVO 900 GR SAN SIMON;11.99
3760077;2026-09-23;MCY04;LUXOR MORA DIGA CENTER;MANTEQUILLA LACTEOS MARACAY;5.11
3682005;2026-09-16;MCY04;LUXOR MORA DIGA CENTER;MANTEQUILLA PAISA;9.17
3760075;2026-09-23;MCY04;LUXOR MORA DIGA CENTER;MANTEQUILLA TORONDOI;8.27
3760181;2026-09-23;MCY04;LUXOR MORA DIGA CENTER;MANZANA FRICA;2.48
3682016;2026-09-16;MCY04;LUXOR MORA DIGA CENTER;MANZANA LIGTH NATULAC 1L;2.15
3760177;2026-09-23;MCY04;LUXOR MORA DIGA CENTER;MANZANA NATULAC 1L;2.18
3760183;2026-09-23;MCY04;LUXOR MORA DIGA CENTER;PERA FRICA;2.48
3618132;2026-09-10;MCY04;MERCATODO CORINZA;LECHE COMPLETA SAN SIMON;2.83
3760247;2026-09-24;MCY04;MERCATODO CORINZA;LECHE DESCREMADA NATULAC;2.45
3760251;2026-09-24;MCY04;MERCATODO CORINZA;LECHE DESCREMADA SAN SIMON;2.83
3760249;2026-09-24;MCY04;MERCATODO CORINZA;LECHE DESLACTOSADA NATULAC;2.45
3760246;2026-09-24;MCY04;MERCATODO CORINZA;LECHE DESLACTOSADA PASTORENA;2.31
3760253;2026-09-24;MCY04;MERCATODO CORINZA;LECHE DESLACTOSADA SAN SIMON;2.83
3618148;2026-09-10;MCY04;MERCATODO CORINZA;MANTEQUILLA PAISA SIN SAL;8.24
3618140;2026-09-10;MCY04;MERCATODO CORINZA;MANZANA FRICA;2.5
3618144;2026-09-10;MCY04;MERCATODO CORINZA;MANZANA NATULAC 1L;2.43
3618127;2026-09-10;MCY04;MERCATODO STAR CENTER;CREMA DE LECHE DE PAISA 250GR;5.47
3760260;2026-09-24;MCY04;MERCATODO STAR CENTER;LECHE COMPLETA NATULAC;2.39
3760266;2026-09-24;MCY04;MERCATODO STAR CENTER;LECHE COMPLETA PASTORENA;2.82
3760262;2026-09-24;MCY04;MERCATODO STAR CENTER;LECHE DESCREMADA NATULAC;2.35
3760264;2026-09-24;MCY04;MERCATODO STAR CENTER;LECHE DESLACTOSADA NATULAC;2.65
3760267;2026-09-24;MCY04;MERCATODO STAR CENTER;LECHE DESLACTOSADA PASTORENA;2.89
3760268;2026-09-24;MCY04;MERCATODO STAR CENTER;LECHE EN POLVO 400 GR LA CAMPINA;7.55
3618131;2026-09-10;MCY04;MERCATODO STAR CENTER;LECHE EN POLVO 900 GR LA CAMPINA;13.85
3760231;2026-09-24;MCY04;MERCATODO STAR CENTER;MANTEQUILLA PAISA;8.55
3760242;2026-09-24;MCY04;MERCATODO STAR CENTER;MANTEQUILLA PAISA SIN SAL;8.24
3796196;2026-09-29;MCY04;San Diego Turmero;CREMA DE LECHE DE PAISA 250GR;6
3796195;2026-09-29;MCY04;San Diego Turmero;CREMA DE LECHE DE PAISA 500GR;10.35
3760026;2026-09-22;MCY04;San Diego Turmero;DURAZNO FRICA;2.01
3796194;2026-09-29;MCY04;San Diego Turmero;MANTEQUILLA PAISA;8.95
3760023;2026-09-22;MCY04;San Diego Turmero;NARANJA FRICA;2.01
3618066;2026-09-08;MCY04;San Diego Turmero;SALCHICHA TIPO VIENA 450GR FIESTA;4.66
3796324;2026-09-29;MCY04;SUPERLIDER CAGUA (CADA 15 DIAS);LECHE COMPLETA NATULAC;0
3796326;2026-09-29;MCY04;SUPERLIDER CAGUA (CADA 15 DIAS);LECHE DESCREMADA NATULAC;0
3796329;2026-09-29;MCY04;SUPERLIDER CAGUA (CADA 15 DIAS);LECHE DESLACTOSADA NATULAC;0
3796321;2026-09-29;MCY04;SUPERLIDER CAGUA (CADA 15 DIAS);LECHE EN POLVO 900 GR SAN SIMON;14.25
3796337;2026-09-29;MCY04;SUPERLIDER CAGUA (CADA 15 DIAS);MANTEQUILLA LACTEOS MARACAY;4.77
3618088;2026-09-08;MCY04;SUPERLIDER CAGUA (CADA 15 DIAS);PERA LIGHT NATULAC 1L;2.53
3796277;2026-09-30;MCY04;SUPERMERCADO CANALETO;CREMA DE LECHE DE PAISA 250GR;6.75
3760135;2026-09-23;MCY04;SUPERMERCADO CANALETO;LECHE DESLACTOSADA PASTORENA;2.61
3760150;2026-09-23;MCY04;SUPERMERCADO CANALETO;LECHE EN POLVO 400 GR LA CAMPINA;7.88
3760153;2026-09-23;MCY04;SUPERMERCADO CANALETO;LECHE EN POLVO 400 GR SAN SIMON;7.16
3760152;2026-09-23;MCY04;SUPERMERCADO CANALETO;LECHE EN POLVO 900 GR LA CAMPINA;16.01
3760145;2026-09-23;MCY04;SUPERMERCADO CANALETO;MANZANA FRICA;2.37
3760149;2026-09-23;MCY04;SUPERMERCADO CANALETO;MANZANA NATULAC 1L;2.57
3760140;2026-09-23;MCY04;SUPERMERCADO CANALETO;PERA FRICA;2.37
3739410;2026-09-24;MCY05;ARAGUA MARKET;MANZANA NATULAC 1L;2.37
3739412;2026-09-24;MCY05;ARAGUA MARKET;PERA NATULAC 1L;2.37
3717439;2026-09-23;MCY05;ARB CANTA CLARO;LECHE DESCREMADA NATULAC;2.55
3717441;2026-09-23;MCY05;ARB CANTA CLARO;LECHE DESLACTOSADA NATULAC;2.55
3717444;2026-09-23;MCY05;ARB CANTA CLARO;LECHE EN POLVO 400 GR SAN SIMON;5.95
3717442;2026-09-23;MCY05;ARB CANTA CLARO;LECHE EN POLVO 900 GR SAN SIMON;12.25
3717446;2026-09-23;MCY05;ARB CANTA CLARO;MANZANA LIGTH NATULAC 1L;2.45
3717445;2026-09-23;MCY05;ARB CANTA CLARO;MANZANA NATULAC 1L;2.25
3739383;2026-09-24;MCY05;CAMPOLLANO 2;LECHE EN POLVO 200 GR LA CAMPINA;3.35
3739382;2026-09-24;MCY05;CAMPOLLANO 2;LECHE EN POLVO 400 GR LA CAMPINA;6.49
3739381;2026-09-24;MCY05;CAMPOLLANO 2;LECHE EN POLVO 900 GR LA CAMPINA;12.72
3717433;2026-09-23;MCY05;GRAN FUTURO 2009;LECHE COMPLETA PASTORENA;2.36
3717434;2026-09-23;MCY05;GRAN FUTURO 2009;LECHE EN POLVO 400 GR SAN SIMON;6.26
3552347;2026-09-07;MCY05;LUXOR CIRCULO MILITAR;LECHE COMPLETA NATULAC;1.99
3552350;2026-09-07;MCY05;LUXOR CIRCULO MILITAR;LECHE COMPLETA SAN SIMON;2.45
3552348;2026-09-07;MCY05;LUXOR CIRCULO MILITAR;LECHE DESCREMADA NATULAC;1.99
3552351;2026-09-07;MCY05;LUXOR CIRCULO MILITAR;LECHE DESCREMADA SAN SIMON;2.45
3552349;2026-09-07;MCY05;LUXOR CIRCULO MILITAR;LECHE DESLACTOSADA NATULAC;2.05
3562720;2026-09-10;MCY05;LUXOR CIRCULO MILITAR;LECHE EN POLVO 400 GR SAN SIMON;5.95
3562719;2026-09-10;MCY05;LUXOR CIRCULO MILITAR;LECHE EN POLVO 900 GR SAN SIMON;13.35
3552353;2026-09-07;MCY05;LUXOR CIRCULO MILITAR;MANZANA LIGTH NATULAC 1L;2.31
3552355;2026-09-07;MCY05;LUXOR CIRCULO MILITAR;NARANJA NATULAC 1L;4.8
3552352;2026-09-07;MCY05;LUXOR CIRCULO MILITAR;PERA LIGHT NATULAC 1L;2.31
3552354;2026-09-07;MCY05;LUXOR CIRCULO MILITAR;PERA PASTORENA;2.66
3739373;2026-09-24;MCY05;SUPERLIDER EL LIMON;LECHE COMPLETA NATULAC;2.25
3739374;2026-09-24;MCY05;SUPERLIDER EL LIMON;LECHE DESCREMADA NATULAC;2.6
3739376;2026-09-24;MCY05;SUPERLIDER EL LIMON;MANZANA NATULAC 1L;2.64
3697336;2026-09-22;MCY05;SUPERMERCADO EL BOSQUE;LECHE COMPLETA NATULAC;2.65
3697337;2026-09-22;MCY05;SUPERMERCADO EL BOSQUE;LECHE COMPLETA PASTORENA;2.99
3552340;2026-09-08;MCY05;SUPERMERCADO EL BOSQUE;LECHE DESCREMADA NATULAC;2.75
3697338;2026-09-22;MCY05;SUPERMERCADO EL BOSQUE;LECHE DESCREMADA PASTORENA;2.99
3684124;2026-09-15;MCY05;SUPERMERCADO EL BOSQUE;LECHE DESLACTOSADA NATULAC;2.75
3697340;2026-09-22;MCY05;SUPERMERCADO EL BOSQUE;LECHE EN POLVO 400 GR LA CAMPINA;6.79
3562688;2026-09-10;MCY05;SUPERMERCADO EL BOSQUE;LECHE EN POLVO 900 GR LA CAMPINA;13.89
3697339;2026-09-22;MCY05;SUPERMERCADO EL BOSQUE;LECHE EN POLVO 900 GR SAN SIMON;13.89
3552344;2026-09-08;MCY05;SUPERMERCADO EL BOSQUE;MANZANA NATULAC 1L;2.55
3552343;2026-09-08;MCY05;SUPERMERCADO EL BOSQUE;NARANJA NATULAC 1L;3.19
3552345;2026-09-08;MCY05;SUPERMERCADO EL BOSQUE;TE LIMON 1L PARMALAT;2.95
3697378;2026-09-22;MCY05;SUPERMERCADO MAPKET;DURAZNO NATULAC 1L;2.68
3697373;2026-09-22;MCY05;SUPERMERCADO MAPKET;LECHE COMPLETA NATULAC;2.88
3697374;2026-09-22;MCY05;SUPERMERCADO MAPKET;LECHE COMPLETA PASTORENA;2.78
3684082;2026-09-15;MCY05;SUPERMERCADO MAPKET;LECHE DESCREMADA NATULAC;2.78
3697375;2026-09-22;MCY05;SUPERMERCADO MAPKET;LECHE DESCREMADA PASTORENA;2.76
3697377;2026-09-22;MCY05;SUPERMERCADO MAPKET;LECHE EN POLVO 900 GR LA CAMPINA;18.19
3697376;2026-09-22;MCY05;SUPERMERCADO MAPKET;LECHE EN POLVO 900 GR SAN SIMON;18.91
3697379;2026-09-22;MCY05;SUPERMERCADO MAPKET;MANZANA LIGTH NATULAC 1L;2.83
3552336;2026-09-08;MCY05;SUPERMERCADO MAPKET;NARANJA NATULAC 1L;3.4
3573319;2026-09-11;MCY05;Supermercado San Onofre;DURAZNO PASTORENA;4.03
3573313;2026-09-11;MCY05;Supermercado San Onofre;LECHE COMPLETA NATULAC;3.04
3573315;2026-09-11;MCY05;Supermercado San Onofre;LECHE DESCREMADA SAN SIMON;2.87
3573430;2026-09-11;MCY05;Supermercado San Onofre;LECHE EN POLVO 400 GR SAN SIMON;7.1
3573356;2026-09-11;MCY05;Supermercado San Onofre;LECHE EN POLVO 900 GR SAN SIMON;14.35
3573318;2026-09-11;MCY05;Supermercado San Onofre;MANZANA NATULAC 1L;2.42
3573317;2026-09-11;MCY05;Supermercado San Onofre;NARANJA NATULAC 1L;3.26
3573311;2026-09-10;MCY05;Supermercado Unimarket limon;DURAZNO NATULAC 1L;2.33
3573314;2026-09-10;MCY05;Supermercado Unimarket limon;LECHE COMPLETA NATULAC;2.45
3573316;2026-09-10;MCY05;Supermercado Unimarket limon;LECHE DESCREMADA NATULAC;2.4
3573312;2026-09-10;MCY05;Supermercado Unimarket limon;MANZANA NATULAC 1L;2.33
3510479;2026-09-04;PLC01;AIKOZ SECTOR VENECIA;DURAZNO FRICA;2.5
3510480;2026-09-04;PLC01;AIKOZ SECTOR VENECIA;DURAZNO NATULAC 1L;2.43
3510490;2026-09-04;PLC01;AIKOZ SECTOR VENECIA;DURAZNO PASTORENA;2.81
3510492;2026-09-04;PLC01;AIKOZ SECTOR VENECIA;LECHE COMPLETA NATULAC;2.39
3510497;2026-09-04;PLC01;AIKOZ SECTOR VENECIA;LECHE COMPLETA SAN SIMON;2.83
3510494;2026-09-04;PLC01;AIKOZ SECTOR VENECIA;LECHE DESCREMADA NATULAC;2.35
3510501;2026-09-04;PLC01;AIKOZ SECTOR VENECIA;LECHE DESCREMADA SAN SIMON;2.84
3510495;2026-09-04;PLC01;AIKOZ SECTOR VENECIA;LECHE DESLACTOSADA NATULAC;2.45
3555797;2026-09-10;PLC01;AIKOZ SECTOR VENECIA;LECHE EN POLVO 400 GR LA CAMPINA;7.55
3555796;2026-09-10;PLC01;AIKOZ SECTOR VENECIA;LECHE EN POLVO 400 GR SAN SIMON;6.63
3510517;2026-09-04;PLC01;AIKOZ SECTOR VENECIA;MANTEQUILLA PAISA;8.55
3510522;2026-09-04;PLC01;AIKOZ SECTOR VENECIA;MANTEQUILLA PAISA SIN SAL;8.24
3510515;2026-09-04;PLC01;AIKOZ SECTOR VENECIA;MANTEQUILLA TORONDOI;6.8
3510476;2026-09-04;PLC01;AIKOZ SECTOR VENECIA;MANZANA FRICA;2.5
3510483;2026-09-04;PLC01;AIKOZ SECTOR VENECIA;MANZANA NATULAC 1L;2.43
3510486;2026-09-04;PLC01;AIKOZ SECTOR VENECIA;MANZANA PASTORENA;2.81
3510475;2026-09-04;PLC01;AIKOZ SECTOR VENECIA;NARANJA FRICA;3.66
3510477;2026-09-04;PLC01;AIKOZ SECTOR VENECIA;PERA FRICA;2.43
3510481;2026-09-04;PLC01;AIKOZ SECTOR VENECIA;PERA NATULAC 1L;2.43
3510488;2026-09-04;PLC01;AIKOZ SECTOR VENECIA;PERA PASTORENA;2.97
3510472;2026-09-04;PLC01;MAS X MENOS INTERCOMUNAL;LECHE COMPLETA NATULAC;2.39
3510484;2026-09-04;PLC01;MAS X MENOS INTERCOMUNAL;LECHE COMPLETA SAN SIMON;2.83
3510478;2026-09-04;PLC01;MAS X MENOS INTERCOMUNAL;LECHE DESCREMADA NATULAC;2.35
3510482;2026-09-04;PLC01;MAS X MENOS INTERCOMUNAL;LECHE DESLACTOSADA NATULAC;2.45
3510487;2026-09-04;PLC01;MAS X MENOS INTERCOMUNAL;LECHE DESLACTOSADA SAN SIMON;2.84
3586817;2026-09-11;PLC01;RIO SUPERMARKET C.C. PLAZA MAYOR;LECHE EN POLVO 200 GR LA CAMPINA;3.59
3586816;2026-09-11;PLC01;RIO SUPERMARKET C.C. PLAZA MAYOR;LECHE EN POLVO 400 GR LA CAMPINA;6.68
3586815;2026-09-11;PLC01;RIO SUPERMARKET C.C. PLAZA MAYOR;LECHE EN POLVO 400 GR SAN SIMON;6.29
3586818;2026-09-11;PLC01;RIO SUPERMARKET C.C. PLAZA MAYOR;LECHE EN POLVO 900 GR LA CAMPINA;12.49
3586814;2026-09-11;PLC01;RIO SUPERMARKET C.C. PLAZA MAYOR;LECHE EN POLVO 900 GR SAN SIMON;13.35
3567270;2026-09-10;PLC02;AIKOZ  AV. LECHERIA;LECHE EN POLVO 400 GR LA CAMPINA;7.55
3567276;2026-09-10;PLC02;AIKOZ  AV. LECHERIA;LECHE EN POLVO 400 GR SAN SIMON;6.98
3567273;2026-09-10;PLC02;AIKOZ  AV. LECHERIA;LECHE EN POLVO 900 GR LA CAMPINA;13.85
3750948;2026-09-27;PLC02;AIKOZ  AV. LECHERIA;NARANJA FRICA;0
3567284;2026-09-10;PLC02;MAS X MENOS AV.LECHERIA;LECHE EN POLVO 400 GR LA CAMPINA;7.55
3567278;2026-09-10;PLC02;MAS X MENOS AV.LECHERIA;LECHE EN POLVO 400 GR SAN SIMON;6.98
3567275;2026-09-10;PLC02;MAS X MENOS AV.LECHERIA;LECHE EN POLVO 900 GR SAN SIMON;14.08
3472154;2026-09-02;PLC02;MERCATODO ANZOATEGUI;LECHE COMPLETA NATULAC;2.81
3472156;2026-09-02;PLC02;MERCATODO ANZOATEGUI;LECHE DESCREMADA PASTORENA;3
3472157;2026-09-02;PLC02;MERCATODO ANZOATEGUI;LECHE DESCREMADA SAN SIMON;2.96
3472155;2026-09-02;PLC02;MERCATODO ANZOATEGUI;LECHE DESLACTOSADA NATULAC;3.31
3571628;2026-09-10;PLC02;MERCATODO ANZOATEGUI;LECHE EN POLVO 200 GR LA CAMPINA;3.45
3571627;2026-09-10;PLC02;MERCATODO ANZOATEGUI;LECHE EN POLVO 400 GR LA CAMPINA;7.19
3571625;2026-09-10;PLC02;MERCATODO ANZOATEGUI;LECHE EN POLVO 400 GR SAN SIMON;8.22
3571626;2026-09-10;PLC02;MERCATODO ANZOATEGUI;LECHE EN POLVO 900 GR LA CAMPINA;13.58
3571624;2026-09-10;PLC02;MERCATODO ANZOATEGUI;LECHE EN POLVO 900 GR SAN SIMON;12.54
3567272;2026-09-10;PLC02;THE HAO SUPERMARKET;LECHE EN POLVO 200 GR LA CAMPINA;3.2
3567268;2026-09-10;PLC02;THE HAO SUPERMARKET;LECHE EN POLVO 400 GR LA CAMPINA;6.48
3567264;2026-09-10;PLC02;THE HAO SUPERMARKET;LECHE EN POLVO 400 GR SAN SIMON;5.98
3567274;2026-09-10;PLC02;THE HAO SUPERMARKET;LECHE EN POLVO 900 GR LA CAMPINA;12.45
3567262;2026-09-10;PLC02;THE HAO SUPERMARKET;LECHE EN POLVO 900 GR SAN SIMON;12.45
3567233;2026-09-10;PLC02;TODOHOGAR AV. LECHERIA;LECHE EN POLVO 200 GR LA CAMPINA;3.35
3567235;2026-09-10;PLC02;TODOHOGAR AV. LECHERIA;LECHE EN POLVO 400 GR LA CAMPINA;6.69
3567232;2026-09-10;PLC02;TODOHOGAR AV. LECHERIA;LECHE EN POLVO 400 GR SAN SIMON;6.55
3567234;2026-09-10;PLC02;TODOHOGAR AV. LECHERIA;LECHE EN POLVO 900 GR LA CAMPINA;14.59
3567231;2026-09-10;PLC02;TODOHOGAR AV. LECHERIA;LECHE EN POLVO 900 GR SAN SIMON;13.15
3744988;2026-09-25;PLC03;AIKOZ  PUERTO LA CRUZ;LECHE COMPLETA NATULAC;2.39
3744991;2026-09-25;PLC03;AIKOZ  PUERTO LA CRUZ;LECHE COMPLETA SAN SIMON;2.46
3744989;2026-09-25;PLC03;AIKOZ  PUERTO LA CRUZ;LECHE DESCREMADA NATULAC;2.35
3744992;2026-09-25;PLC03;AIKOZ  PUERTO LA CRUZ;LECHE DESCREMADA SAN SIMON;2.45
3744990;2026-09-25;PLC03;AIKOZ  PUERTO LA CRUZ;LECHE DESLACTOSADA NATULAC;2.45
3727666;2026-09-24;PLC03;CON TODO CALLE LIBERTAD PLC;LECHE COMPLETA NATULAC;2.39
3727667;2026-09-24;PLC03;CON TODO CALLE LIBERTAD PLC;LECHE COMPLETA PASTORENA;2.94
3463132;2026-09-01;PLC03;CON TODO CALLE LIBERTAD PLC;LECHE COMPLETA SAN SIMON;2.83
3463128;2026-09-01;PLC03;CON TODO CALLE LIBERTAD PLC;LECHE DESCREMADA NATULAC;2.57
3463130;2026-09-01;PLC03;CON TODO CALLE LIBERTAD PLC;LECHE DESCREMADA PASTORENA;2.94
3727668;2026-09-24;PLC03;CON TODO CALLE LIBERTAD PLC;LECHE DESCREMADA SAN SIMON;2.45
3463131;2026-09-01;PLC03;CON TODO CALLE LIBERTAD PLC;LECHE DESLACTOSADA PASTORENA;3.01
3463134;2026-09-01;PLC03;CON TODO CALLE LIBERTAD PLC;LECHE DESLACTOSADA SAN SIMON;2.82
3564685;2026-09-10;PLC03;CON TODO CALLE LIBERTAD PLC;LECHE EN POLVO 400 GR LA CAMPINA;7.55
3564683;2026-09-10;PLC03;CON TODO CALLE LIBERTAD PLC;LECHE EN POLVO 400 GR SAN SIMON;7.06
3564682;2026-09-10;PLC03;CON TODO CALLE LIBERTAD PLC;LECHE EN POLVO 900 GR SAN SIMON;15.68
3727674;2026-09-24;PLC03;CON TODO CALLE LIBERTAD PLC;TE DURAZNO 1L PASTORENA;2.28
3479314;2026-09-02;PLC03;MAS X MENOS CALLE BOLIVAR;CREMA DE LECHE DE PAISA 250GR;4.56
3503661;2026-09-04;PLC03;MAS X MENOS CALLE BOLIVAR;LECHE COMPLETA NATULAC;2.57
3714890;2026-09-23;PLC03;MAS X MENOS CALLE BOLIVAR;LECHE COMPLETA SAN SIMON;2.69
3503665;2026-09-04;PLC03;MAS X MENOS CALLE BOLIVAR;LECHE DESCREMADA NATULAC;2.5
3479269;2026-09-02;PLC03;MAS X MENOS CALLE BOLIVAR;LECHE DESCREMADA PASTORENA;3.01
3503671;2026-09-04;PLC03;MAS X MENOS CALLE BOLIVAR;LECHE DESCREMADA SAN SIMON;2.82
3479266;2026-09-02;PLC03;MAS X MENOS CALLE BOLIVAR;LECHE DESLACTOSADA NATULAC;2.78
3714891;2026-09-23;PLC03;MAS X MENOS CALLE BOLIVAR;LECHE DESLACTOSADA PASTORENA;3.01
3503673;2026-09-04;PLC03;MAS X MENOS CALLE BOLIVAR;LECHE DESLACTOSADA SAN SIMON;2.84
3714892;2026-09-23;PLC03;MAS X MENOS CALLE BOLIVAR;LECHE EN POLVO 400 GR LA CAMPINA;7.89
3566782;2026-09-10;PLC03;MAS X MENOS CALLE BOLIVAR;LECHE EN POLVO 900 GR LA CAMPINA;11.98
3479291;2026-09-02;PLC03;MAS X MENOS CALLE BOLIVAR;MANTEQUILLA PAISA;8.55
3479295;2026-09-02;PLC03;MAS X MENOS CALLE BOLIVAR;MANTEQUILLA PAISA SIN SAL;8.24
3768997;2026-09-28;PLC03;MAS X MENOS GUARAGUAO;LECHE COMPLETA NATULAC;2.39
3710471;2026-09-23;PLC03;MAS X MENOS GUARAGUAO;LECHE COMPLETA PASTORENA;2.94
3503685;2026-09-04;PLC03;MAS X MENOS GUARAGUAO;LECHE COMPLETA SAN SIMON;2.83
3710470;2026-09-23;PLC03;MAS X MENOS GUARAGUAO;LECHE DESCREMADA NATULAC;2.25
3726475;2026-09-24;PLC03;MAS X MENOS GUARAGUAO;LECHE DESCREMADA PASTORENA;2.94
3726474;2026-09-24;PLC03;MAS X MENOS GUARAGUAO;LECHE DESCREMADA SAN SIMON;2.68
3503678;2026-09-04;PLC03;MAS X MENOS GUARAGUAO;LECHE DESLACTOSADA NATULAC;2.78
3503684;2026-09-04;PLC03;MAS X MENOS GUARAGUAO;LECHE DESLACTOSADA PASTORENA;3.01
3726476;2026-09-24;PLC03;MAS X MENOS GUARAGUAO;LECHE DESLACTOSADA SAN SIMON;2.47
3503690;2026-09-04;PLC03;MAS X MENOS GUARAGUAO;MANTEQUILLA LACTEOS MARACAY;6.21
3503688;2026-09-04;PLC03;MAS X MENOS GUARAGUAO;MANTEQUILLA PAISA;8.55
3503689;2026-09-04;PLC03;MAS X MENOS GUARAGUAO;MANTEQUILLA PAISA SIN SAL;8.24
3710447;2026-09-23;PLC03;MAS X MENOS GUARAGUAO;MANZANA FRICA 500ML;2.5
3726485;2026-09-24;PLC03;MAS X MENOS GUARAGUAO;NARANJA FRICA;2.5
3710449;2026-09-23;PLC03;MAS X MENOS GUARAGUAO;NARANJA KAITO 200ML;3.01
3710448;2026-09-23;PLC03;MAS X MENOS GUARAGUAO;PERA NATULAC 1L;2.43
3710446;2026-09-23;PLC03;MAS X MENOS GUARAGUAO;TE DURAZNO 1L PARMALAT;2.28
3726486;2026-09-24;PLC03;MAS X MENOS GUARAGUAO;TE DURAZNO 1L PASTORENA;2.28
3463214;2026-09-01;PLC03;MAS X MENOS JUDIBANA;DURAZNO FRICA;2.43
3463225;2026-09-01;PLC03;MAS X MENOS JUDIBANA;DURAZNO NATULAC 1L;2.43
3722390;2026-09-24;PLC03;MAS X MENOS JUDIBANA;LECHE COMPLETA NATULAC;2.39
3463179;2026-09-01;PLC03;MAS X MENOS JUDIBANA;LECHE COMPLETA PASTORENA;2.94
3722393;2026-09-24;PLC03;MAS X MENOS JUDIBANA;LECHE COMPLETA SAN SIMON;2.46
3722391;2026-09-24;PLC03;MAS X MENOS JUDIBANA;LECHE DESCREMADA NATULAC;2.35
3463181;2026-09-01;PLC03;MAS X MENOS JUDIBANA;LECHE DESCREMADA PASTORENA;2.94
3722394;2026-09-24;PLC03;MAS X MENOS JUDIBANA;LECHE DESCREMADA SAN SIMON;2.7
3722392;2026-09-24;PLC03;MAS X MENOS JUDIBANA;LECHE DESLACTOSADA NATULAC;2.45
3479244;2026-09-02;PLC03;MAS X MENOS JUDIBANA;LECHE DESLACTOSADA SAN SIMON;2.84
3463240;2026-09-01;PLC03;MAS X MENOS JUDIBANA;MANTEQUILLA LACTEOS MARACAY;6.21
3463236;2026-09-01;PLC03;MAS X MENOS JUDIBANA;MANTEQUILLA PAISA;8.55
3463238;2026-09-01;PLC03;MAS X MENOS JUDIBANA;MANTEQUILLA PAISA SIN SAL;8.24
3463213;2026-09-01;PLC03;MAS X MENOS JUDIBANA;MANZANA FRICA;2.5
3722409;2026-09-24;PLC03;MAS X MENOS JUDIBANA;MANZANA NATULAC 1L;2.13
3722410;2026-09-24;PLC03;MAS X MENOS JUDIBANA;MANZANA PASTORENA;2.81
3463210;2026-09-01;PLC03;MAS X MENOS JUDIBANA;NARANJA FRICA;3.66
3463222;2026-09-01;PLC03;MAS X MENOS JUDIBANA;PERA NATULAC 1L;2.43
3708253;2026-09-23;PLC03;TODO HOGAR MUNICIPAL;DURAZNO KAITO 200ML;2.89
3708252;2026-09-23;PLC03;TODO HOGAR MUNICIPAL;DURAZNO NATULAC 1L;2.59
3708249;2026-09-23;PLC03;TODO HOGAR MUNICIPAL;MANZANA FRICA;3.49
3708256;2026-09-23;PLC03;TODO HOGAR MUNICIPAL;MANZANA FRICA 500ML;1.35
3708254;2026-09-23;PLC03;TODO HOGAR MUNICIPAL;MANZANA KAITO 200ML;3.49
3708255;2026-09-23;PLC03;TODO HOGAR MUNICIPAL;NARANJA FRICA 500ML;2.01
3708250;2026-09-23;PLC03;TODO HOGAR MUNICIPAL;PERA FRICA;2.31
3708251;2026-09-23;PLC03;TODO HOGAR MUNICIPAL;PERA NATULAC 1L;2.59
3708267;2026-09-23;PLC03;TODO HOGAR MUNICIPAL;TE DURAZNO 1L PARMALAT;2.29
3738302;2026-09-25;PLC04;MAS X MENOS ECO CENTER;LECHE COMPLETA NATULAC;2.39
3738303;2026-09-25;PLC04;MAS X MENOS ECO CENTER;LECHE DESCREMADA NATULAC;2.35
3738304;2026-09-25;PLC04;MAS X MENOS ECO CENTER;LECHE DESLACTOSADA NATULAC;2.65
3704612;2026-09-23;PLC04;MAS X MENOS ECO CENTER;LECHE EN POLVO 400 GR LA CAMPINA;7.55
3704611;2026-09-23;PLC04;MAS X MENOS ECO CENTER;LECHE EN POLVO 400 GR SAN SIMON;6.63
3559064;2026-09-10;PLC04;MAS X MENOS ECO CENTER;LECHE EN POLVO 900 GR LA CAMPINA;14.73
3559063;2026-09-10;PLC04;MAS X MENOS ECO CENTER;LECHE EN POLVO 900 GR SAN SIMON;14.08
3799111;2026-09-30;PLC04;NOVA ENCRUCIJADA;LECHE COMPLETA NATULAC;2.36
3746100;2026-09-25;PLC04;NOVA ENCRUCIJADA;LECHE COMPLETA SAN SIMON;2.49
3669533;2026-09-21;PLC04;NOVA ENCRUCIJADA;LECHE DESCREMADA NATULAC;2.3
3746101;2026-09-25;PLC04;NOVA ENCRUCIJADA;LECHE DESCREMADA SAN SIMON;2.49
3669534;2026-09-21;PLC04;NOVA ENCRUCIJADA;LECHE DESLACTOSADA NATULAC;2.43
3497136;2026-09-04;PLC04;NOVA ENCRUCIJADA;LECHE DESLACTOSADA SAN SIMON;2.49
3572951;2026-09-11;PLC04;NOVA ENCRUCIJADA;LECHE EN POLVO 200 GR LA CAMPINA;3.22
3572948;2026-09-11;PLC04;NOVA ENCRUCIJADA;LECHE EN POLVO 200 GR SAN SIMON;2.21
3572950;2026-09-11;PLC04;NOVA ENCRUCIJADA;LECHE EN POLVO 400 GR LA CAMPINA;6.25
3799110;2026-09-30;PLC04;NOVA ENCRUCIJADA;LECHE EN POLVO 400 GR SAN SIMON;5.77
3572949;2026-09-11;PLC04;NOVA ENCRUCIJADA;LECHE EN POLVO 900 GR LA CAMPINA;12.25
3799109;2026-09-30;PLC04;NOVA ENCRUCIJADA;LECHE EN POLVO 900 GR SAN SIMON;11.52
3784823;2026-09-29;PLC04;RIO SUPERMARKET  31 DE JULIO;LECHE COMPLETA NATULAC;2.59
3784824;2026-09-29;PLC04;RIO SUPERMARKET  31 DE JULIO;LECHE DESCREMADA NATULAC;2.63
3784825;2026-09-29;PLC04;RIO SUPERMARKET  31 DE JULIO;LECHE DESLACTOSADA NATULAC;2.73
3563131;2026-09-10;PLC04;RIO SUPERMARKET  31 DE JULIO;LECHE EN POLVO 200 GR SAN SIMON;3.59
3731871;2026-09-24;PLC04;RIO SUPERMARKET  31 DE JULIO;LECHE EN POLVO 400 GR LA CAMPINA;6.29
3563127;2026-09-10;PLC04;RIO SUPERMARKET  31 DE JULIO;LECHE EN POLVO 400 GR SAN SIMON;6.62
3563129;2026-09-10;PLC04;RIO SUPERMARKET  31 DE JULIO;LECHE EN POLVO 900 GR LA CAMPINA;12.49
3731870;2026-09-24;PLC04;RIO SUPERMARKET  31 DE JULIO;LECHE EN POLVO 900 GR SAN SIMON;12.69
3553286;2026-09-09;PLC04;RIO SUPERMARKET JUAN BAUTISTA;DURAZNO NATULAC 1L;2.31
3594551;2026-09-14;PLC04;RIO SUPERMARKET JUAN BAUTISTA;LECHE DESCREMADA NATULAC;2.29
3594552;2026-09-14;PLC04;RIO SUPERMARKET JUAN BAUTISTA;LECHE DESCREMADA SAN SIMON;2.59
3553284;2026-09-09;PLC04;RIO SUPERMARKET JUAN BAUTISTA;MANZANA NATULAC 1L;2.52
3553285;2026-09-09;PLC04;RIO SUPERMARKET JUAN BAUTISTA;PERA NATULAC 1L;2.31
3694133;2026-09-22;PLC04;RIO SUPERMARKET JUANGRIEGO;LECHE COMPLETA NATULAC;2.35
3694134;2026-09-22;PLC04;RIO SUPERMARKET JUANGRIEGO;LECHE DESLACTOSADA NATULAC;2.35
3694132;2026-09-22;PLC04;RIO SUPERMARKET JUANGRIEGO;LECHE EN POLVO 200 GR LA CAMPINA;3.27
3570059;2026-09-10;PLC04;RIO SUPERMARKET JUANGRIEGO;LECHE EN POLVO 200 GR SAN SIMON;0
3694131;2026-09-22;PLC04;RIO SUPERMARKET JUANGRIEGO;LECHE EN POLVO 400 GR LA CAMPINA;6.35
3694130;2026-09-22;PLC04;RIO SUPERMARKET JUANGRIEGO;LECHE EN POLVO 900 GR LA CAMPINA;12.43
3570057;2026-09-10;PLC04;RIO SUPERMARKET JUANGRIEGO;LECHE EN POLVO 900 GR SAN SIMON;13.35
3577912;2026-09-11;PLC04;SIGO PROVEDURIA;LECHE COMPLETA NATULAC;2.34
3577913;2026-09-11;PLC04;SIGO PROVEDURIA;LECHE DESCREMADA NATULAC;2.3
3577914;2026-09-11;PLC04;SIGO PROVEDURIA;LECHE DESLACTOSADA NATULAC;2.6
3577919;2026-09-11;PLC04;SIGO PROVEDURIA;LECHE EN POLVO 200 GR LA CAMPINA;3.3
3577918;2026-09-11;PLC04;SIGO PROVEDURIA;LECHE EN POLVO 400 GR LA CAMPINA;6.75
3577916;2026-09-11;PLC04;SIGO PROVEDURIA;LECHE EN POLVO 400 GR SAN SIMON;5.99
3577917;2026-09-11;PLC04;SIGO PROVEDURIA;LECHE EN POLVO 900 GR LA CAMPINA;12.9
3577915;2026-09-11;PLC04;SIGO PROVEDURIA;LECHE EN POLVO 900 GR SAN SIMON;11.89
3575261;2026-09-11;PLC05;AIKOZ AB. AVENIDA BOLIVAR;LECHE EN POLVO 400 GR LA CAMPINA;7.55
3575259;2026-09-11;PLC05;AIKOZ AB. AVENIDA BOLIVAR;LECHE EN POLVO 400 GR SAN SIMON;6.63
3575260;2026-09-11;PLC05;AIKOZ AB. AVENIDA BOLIVAR;LECHE EN POLVO 900 GR LA CAMPINA;14.73
3575258;2026-09-11;PLC05;AIKOZ AB. AVENIDA BOLIVAR;LECHE EN POLVO 900 GR SAN SIMON;13.38
3569117;2026-09-10;PLC05;KALIMAN 2;LECHE EN POLVO 400 GR LA CAMPINA;5.83
3569116;2026-09-10;PLC05;KALIMAN 2;LECHE EN POLVO 400 GR SAN SIMON;6.14
3569118;2026-09-10;PLC05;KALIMAN 2;LECHE EN POLVO 900 GR SAN SIMON;12.39
3556119;2026-09-10;PLC05;NOVA SABANAMAR;LECHE EN POLVO 200 GR LA CAMPINA;3.22
3556040;2026-09-10;PLC05;NOVA SABANAMAR;LECHE EN POLVO 200 GR SAN SIMON;2.21
3556041;2026-09-10;PLC05;NOVA SABANAMAR;LECHE EN POLVO 400 GR LA CAMPINA;6.25
3556054;2026-09-10;PLC05;NOVA SABANAMAR;LECHE EN POLVO 400 GR SAN SIMON;6.41
3556042;2026-09-10;PLC05;NOVA SABANAMAR;LECHE EN POLVO 900 GR LA CAMPINA;12.25
3556037;2026-09-10;PLC05;NOVA SABANAMAR;LECHE EN POLVO 900 GR SAN SIMON;11.57
3565998;2026-09-10;PLC05;NOVA TERRANOVA;LECHE EN POLVO 200 GR LA CAMPINA;3.22
3565995;2026-09-10;PLC05;NOVA TERRANOVA;LECHE EN POLVO 200 GR SAN SIMON;2.21
3565997;2026-09-10;PLC05;NOVA TERRANOVA;LECHE EN POLVO 400 GR LA CAMPINA;6.25
3565994;2026-09-10;PLC05;NOVA TERRANOVA;LECHE EN POLVO 400 GR SAN SIMON;6.41
3565996;2026-09-10;PLC05;NOVA TERRANOVA;LECHE EN POLVO 900 GR LA CAMPINA;12.25
3565993;2026-09-10;PLC05;NOVA TERRANOVA;LECHE EN POLVO 900 GR SAN SIMON;12.8
3579912;2026-09-11;PLC05;RIO PLAYA EL ANGEL;LECHE EN POLVO 200 GR LA CAMPINA;3.59
3579911;2026-09-11;PLC05;RIO PLAYA EL ANGEL;LECHE EN POLVO 400 GR LA CAMPINA;6.68
3579909;2026-09-11;PLC05;RIO PLAYA EL ANGEL;LECHE EN POLVO 400 GR SAN SIMON;6.29
3579910;2026-09-11;PLC05;RIO PLAYA EL ANGEL;LECHE EN POLVO 900 GR LA CAMPINA;12.49
3579908;2026-09-11;PLC05;RIO PLAYA EL ANGEL;LECHE EN POLVO 900 GR SAN SIMON;12.69
3563081;2026-09-10;PLC05;RIO TERRANOVA;LECHE EN POLVO 200 GR LA CAMPINA;3.59
3563080;2026-09-10;PLC05;RIO TERRANOVA;LECHE EN POLVO 400 GR LA CAMPINA;6.98
3563078;2026-09-10;PLC05;RIO TERRANOVA;LECHE EN POLVO 400 GR SAN SIMON;7.18
3563079;2026-09-10;PLC05;RIO TERRANOVA;LECHE EN POLVO 900 GR LA CAMPINA;12.89
3563077;2026-09-10;PLC05;RIO TERRANOVA;LECHE EN POLVO 900 GR SAN SIMON;12.49
3708407;2026-09-23;PLC06;AIKOZ  ANACO CENTER;CREMA DE LECHE DE PAISA 500GR;9.94
3643088;2026-09-17;PLC06;AIKOZ  ANACO CENTER;DURAZNO KAITO 200ML;2.7
3643090;2026-09-17;PLC06;AIKOZ  ANACO CENTER;DURAZNO NATULAC 1L;2.43
3622153;2026-09-16;PLC06;AIKOZ  ANACO CENTER;LECHE COMPLETA NATULAC;2.39
3590975;2026-09-14;PLC06;AIKOZ  ANACO CENTER;LECHE DESLACTOSADA NATULAC;0
3708403;2026-09-23;PLC06;AIKOZ  ANACO CENTER;MANTEQUILLA PAISA;8.24
3708404;2026-09-23;PLC06;AIKOZ  ANACO CENTER;MANTEQUILLA PAISA SIN SAL;8.55
3643089;2026-09-17;PLC06;AIKOZ  ANACO CENTER;MANZANA KAITO 200ML;3.82
3643091;2026-09-17;PLC06;AIKOZ  ANACO CENTER;MANZANA NATULAC 1L;2.43
3636469;2026-09-17;PLC06;EL REY DEL PUEBLO;DURAZNO NATULAC 1L;2.59
3636479;2026-09-17;PLC06;EL REY DEL PUEBLO;LECHE COMPLETA NATULAC;2.95
3636480;2026-09-17;PLC06;EL REY DEL PUEBLO;LECHE DESCREMADA NATULAC;2.95
3636482;2026-09-17;PLC06;EL REY DEL PUEBLO;LECHE DESLACTOSADA NATULAC;3.04
3636487;2026-09-17;PLC06;EL REY DEL PUEBLO;LECHE EN POLVO 200 GR LA CAMPINA;4.01
3636488;2026-09-17;PLC06;EL REY DEL PUEBLO;LECHE EN POLVO 400 GR SAN SIMON;8.24
3636467;2026-09-17;PLC06;EL REY DEL PUEBLO;MANZANA LIGTH NATULAC 1L;2.59
3636468;2026-09-17;PLC06;EL REY DEL PUEBLO;PERA LIGHT NATULAC 1L;2.59
3598740;2026-09-14;PLC06;MAS X MENOS;CREMA DE LECHE DE PAISA 250GR;5.47
3578186;2026-09-11;PLC06;MAS X MENOS;LECHE COMPLETA NATULAC;2.39
3578187;2026-09-11;PLC06;MAS X MENOS;LECHE DESCREMADA NATULAC;2.35
3603959;2026-09-15;PLC06;MULTIMARKET LAS AMERICAS;DURAZNO KAITO 500ML;1
3603949;2026-09-15;PLC06;MULTIMARKET LAS AMERICAS;LECHE COMPLETA SAN SIMON;3.74
3603947;2026-09-15;PLC06;MULTIMARKET LAS AMERICAS;LECHE EN POLVO 400 GR LA CAMPINA;7.41
3603948;2026-09-15;PLC06;MULTIMARKET LAS AMERICAS;LECHE EN POLVO 900 GR LA CAMPINA;14.63
3603958;2026-09-15;PLC06;MULTIMARKET LAS AMERICAS;MANZANA KAITO 200ML;1
3644937;2026-09-17;PLC06;MULTIMARKET ORIENTAL;LECHE COMPLETA SAN SIMON;3.01
3644938;2026-09-17;PLC06;MULTIMARKET ORIENTAL;LECHE DESCREMADA SAN SIMON;3
3563482;2026-09-10;PLC06;MULTIMARKET ORIENTAL;LECHE DESLACTOSADA SAN SIMON;3.02
3644947;2026-09-17;PLC06;MULTIMARKET ORIENTAL;LECHE EN POLVO 400 GR SAN SIMON;4.66
3658115;2026-09-18;PLC07;AIKOZ UNIMAL;CREMA DE LECHE DE PAISA 250GR;5.47
3658113;2026-09-18;PLC07;AIKOZ UNIMAL;CREMA DE LECHE DE PAISA 500GR;9.94
3794072;2026-09-30;PLC07;AIKOZ UNIMAL;MANTEQUILLA PAISA;8.55
3794076;2026-09-30;PLC07;AIKOZ UNIMAL;MANTEQUILLA PAISA SIN SAL;8.24
3546729;2026-09-09;PLC07;AIKOZ UNIMAL;MANZANA NATULAC 1L;2.43
3658192;2026-09-18;PLC07;AIKOZ UNIMAL;MANZANA PASTORENA;2.81
3658193;2026-09-18;PLC07;AIKOZ UNIMAL;NARANJA FRICA;3.66
3794201;2026-09-30;PLC07;AIKOZ UNIMAL;SALCHICHA TIPO VIENA 450GR HERMO;6.09
3726105;2026-09-24;PLC07;AUTOMERCADO CASA LUXOR;DURAZNO FRICA 250ML;1
3634819;2026-09-17;PLC07;AUTOMERCADO CASA LUXOR;LECHE COMPLETA PASTORENA;2.91
3688428;2026-09-22;PLC07;AUTOMERCADO CASA LUXOR;LECHE COMPLETA SAN SIMON;3.35
3634828;2026-09-17;PLC07;AUTOMERCADO CASA LUXOR;LECHE DESCREMADA PASTORENA;2.91
3688438;2026-09-22;PLC07;AUTOMERCADO CASA LUXOR;LECHE DESCREMADA SAN SIMON;3.25
3634823;2026-09-17;PLC07;AUTOMERCADO CASA LUXOR;LECHE DESLACTOSADA NATULAC;3.01
3688431;2026-09-22;PLC07;AUTOMERCADO CASA LUXOR;LECHE DESLACTOSADA SAN SIMON;3.28
3726211;2026-09-24;PLC07;AUTOMERCADO CASA LUXOR;LECHE EN POLVO 400 GR LA CAMPINA;8.75
3726214;2026-09-24;PLC07;AUTOMERCADO CASA LUXOR;LECHE EN POLVO 900 GR LA CAMPINA;15.9
3688441;2026-09-22;PLC07;AUTOMERCADO CASA LUXOR;LECHE EN POLVO 900 GR SAN SIMON;8.75
3688563;2026-09-22;PLC07;AUTOMERCADO CASA LUXOR;MANZANA FRICA 250ML;1
3544879;2026-09-09;PLC07;IMPORT VCB 1 CASA BLANCA;DURAZNO NATULAC 250ML;0.96
3791593;2026-09-30;PLC07;IMPORT VCB 1 CASA BLANCA;LECHE COMPLETA PASTORENA;2.59
3791612;2026-09-30;PLC07;IMPORT VCB 1 CASA BLANCA;LECHE DESCREMADA PASTORENA;2.59
3791620;2026-09-30;PLC07;IMPORT VCB 1 CASA BLANCA;LECHE DESLACTOSADA PASTORENA;2.67
3706492;2026-09-23;PLC07;IMPORT VCB 1 CASA BLANCA;LECHE EN POLVO 200 GR LA CAMPINA;3.56
3657285;2026-09-18;PLC07;IMPORT VCB 1 CASA BLANCA;MANZANA NATULAC 250ML;0.96
3544872;2026-09-09;PLC07;IMPORT VCB 1 CASA BLANCA;NARANJA NATULAC 250ML;0.96
3544876;2026-09-09;PLC07;IMPORT VCB 1 CASA BLANCA;PERA NATULAC 250ML;0.96
3706833;2026-09-23;PLC07;IMPORT VCB 1 CASA BLANCA;SALCHICHA TIPO VIENA 225GR FIESTA;3.41
3706827;2026-09-23;PLC07;IMPORT VCB 1 CASA BLANCA;SALCHICHA TIPO VIENA 225GR PLUMROSE;6.09
3705671;2026-09-23;PLC07;IMPORT VCB 2 CAMPO OFICINA;DURAZNO NATULAC 1L;2.2
3574456;2026-09-11;PLC07;IMPORT VCB 2 CAMPO OFICINA;DURAZNO NATULAC 250ML;1
3790755;2026-09-30;PLC07;IMPORT VCB 2 CAMPO OFICINA;LECHE COMPLETA NATULAC;2.68
3790763;2026-09-30;PLC07;IMPORT VCB 2 CAMPO OFICINA;LECHE DESLACTOSADA NATULAC;2.76
3671967;2026-09-21;PLC07;IMPORT VCB 2 CAMPO OFICINA;LECHE EN POLVO 200 GR LA CAMPINA;3.85
3790815;2026-09-30;PLC07;IMPORT VCB 2 CAMPO OFICINA;LECHE EN POLVO 400 GR LA CAMPINA;7.98
3705892;2026-09-23;PLC07;IMPORT VCB 2 CAMPO OFICINA;LECHE EN POLVO 400 GR SAN SIMON;7.79
3790791;2026-09-30;PLC07;IMPORT VCB 2 CAMPO OFICINA;LECHE EN POLVO 900 GR LA CAMPINA;15.1
3790782;2026-09-30;PLC07;IMPORT VCB 2 CAMPO OFICINA;LECHE EN POLVO 900 GR SAN SIMON;14.23
3705636;2026-09-23;PLC07;IMPORT VCB 2 CAMPO OFICINA;MANZANA PASTORENA;3.32
3574450;2026-09-11;PLC07;IMPORT VCB 2 CAMPO OFICINA;NARANJA KAITO 200ML;1.12
3705684;2026-09-23;PLC07;IMPORT VCB 2 CAMPO OFICINA;NARANJA NATULAC 1L;2.8
3705708;2026-09-23;PLC07;IMPORT VCB 2 CAMPO OFICINA;PERA NATULAC 1L;2.33
3574449;2026-09-11;PLC07;IMPORT VCB 2 CAMPO OFICINA;PERA PASTORENA;3.32
3787972;2026-09-30;PLC07;MAS POR MENOS EL ROBLE;CREMA DE LECHE DE PAISA 250GR;5.47
3652126;2026-09-18;PLC07;MAS POR MENOS EL ROBLE;DURAZNO FRICA;2.43
3735910;2026-09-25;PLC07;MAS POR MENOS EL ROBLE;LECHE COMPLETA NATULAC;2.39
3468520;2026-09-02;PLC07;MAS POR MENOS EL ROBLE;LECHE COMPLETA PASTORENA;2.97
3668774;2026-09-21;PLC07;MAS POR MENOS EL ROBLE;LECHE COMPLETA SAN SIMON;2.66
3735912;2026-09-25;PLC07;MAS POR MENOS EL ROBLE;LECHE DESCREMADA NATULAC;2.35
3668777;2026-09-21;PLC07;MAS POR MENOS EL ROBLE;LECHE DESCREMADA SAN SIMON;2.67
3735914;2026-09-25;PLC07;MAS POR MENOS EL ROBLE;LECHE DESLACTOSADA NATULAC;2.65
3514700;2026-09-07;PLC07;MAS POR MENOS EL ROBLE;LECHE DESLACTOSADA SAN SIMON;2.67
3787974;2026-09-30;PLC07;MAS POR MENOS EL ROBLE;MANTEQUILLA PAISA;8.55
3702518;2026-09-23;PLC07;MAS POR MENOS EL ROBLE;MANTEQUILLA PAISA SIN SAL;8.24
3754879;2026-09-28;PLC07;MAS POR MENOS EL ROBLE;MANZANA NATULAC 1L;2.13
3735953;2026-09-25;PLC07;MAS POR MENOS EL ROBLE;NARANJA FRICA;3.66
3736009;2026-09-25;PLC07;MAS POR MENOS EL ROBLE;NARANJA FRICA 500ML;2.19
3787730;2026-09-30;PLC07;MAS POR MENOS EL ROBLE;PERA FRICA;2.43
3787737;2026-09-30;PLC07;MAS POR MENOS EL ROBLE;PERA NATULAC 1L;2.43
3652096;2026-09-18;PLC07;MAS POR MENOS EL ROBLE;SALCHICHA TIPO VIENA 225GR FIESTA;3.02
3572022;2026-09-11;PLC07;MAS POR MENOS EL ROBLE;SALCHICHA TIPO VIENA 225GR HERMO;3.82
3652099;2026-09-18;PLC07;MAS POR MENOS EL ROBLE;SALCHICHA TIPO VIENA 450GR HERMO;6.13
3754867;2026-09-28;PLC07;MAS POR MENOS EL ROBLE;TE DURAZNO 1L PARMALAT;2.28
3736079;2026-09-25;PLC07;MAS POR MENOS EL ROBLE;TE DURAZNO 1L PASTORENA;2.28
3788426;2026-09-30;PLC07;MAS POR MENOS EL ROBLE;TE LIMON 1L PARMALAT;2.28
3788420;2026-09-30;PLC07;MAS POR MENOS EL ROBLE;TE LIMON 1L PASTORENA;2.76
3684344;2026-09-22;PLC07;MAS X MENOS  PETRUCCI;CREMA DE LECHE DE PAISA 250GR;5.47
3684340;2026-09-22;PLC07;MAS X MENOS  PETRUCCI;CREMA DE LECHE DE PAISA 500GR;9.94
3684926;2026-09-22;PLC07;MAS X MENOS  PETRUCCI;LECHE COMPLETA PASTORENA;2.94
3684933;2026-09-22;PLC07;MAS X MENOS  PETRUCCI;LECHE DESCREMADA PASTORENA;2.94
3455403;2026-09-01;PLC07;MAS X MENOS  PETRUCCI;LECHE DESLACTOSADA NATULAC;2.57
3684396;2026-09-22;PLC07;MAS X MENOS  PETRUCCI;NARANJA FRICA 500ML;2.19
3684425;2026-09-22;PLC07;MAS X MENOS  PETRUCCI;PERA FRICA;2.5
3684422;2026-09-22;PLC07;MAS X MENOS  PETRUCCI;PERA NATULAC 1L;2.43
3723447;2026-09-24;PLC07;MAS X MENOS  PETRUCCI;SALCHICHA TIPO VIENA 225GR FIESTA;3.49
3723438;2026-09-24;PLC07;MAS X MENOS  PETRUCCI;SALCHICHA TIPO VIENA 225GR PLUMROSE;5.44
3555979;2026-09-10;PLC07;MAYORCA;LECHE COMPLETA PASTORENA;2.69
3727411;2026-09-24;PLC07;MAYORCA;LECHE COMPLETA SAN SIMON;2.9
3727415;2026-09-24;PLC07;MAYORCA;LECHE DESCREMADA SAN SIMON;2.89
3727418;2026-09-24;PLC07;MAYORCA;LECHE DESLACTOSADA SAN SIMON;2.92
3566562;2026-09-10;PLC07;MAYORCA;LECHE EN POLVO 200 GR LA CAMPINA;3.71
3566536;2026-09-10;PLC07;MAYORCA;LECHE EN POLVO 400 GR LA CAMPINA;7.42
3727424;2026-09-24;PLC07;MAYORCA;LECHE EN POLVO 400 GR SAN SIMON;8.24
3686581;2026-09-22;PLC07;SUPERDISTRIBUIDORA LOS LLANOS;LECHE EN POLVO 200 GR LA CAMPINA;3.64
3686585;2026-09-22;PLC07;SUPERDISTRIBUIDORA LOS LLANOS;LECHE EN POLVO 400 GR LA CAMPINA;7.58
3686582;2026-09-22;PLC07;SUPERDISTRIBUIDORA LOS LLANOS;LECHE EN POLVO 900 GR LA CAMPINA;14.33
3686762;2026-09-22;PLC07;SUPERDISTRIBUIDORA LOS LLANOS;MANZANA KAITO 200ML;0.89
3686747;2026-09-22;PLC07;SUPERDISTRIBUIDORA LOS LLANOS;PERA KAITO 200ML;0.89
3724108;2026-09-24;PLC07;SUPERMERCADO LA ESTRELA;LECHE COMPLETA NATULAC;2.77
3687465;2026-09-22;PLC07;SUPERMERCADO LA ESTRELA;LECHE COMPLETA PASTORENA;2.89
3724182;2026-09-24;PLC07;SUPERMERCADO LA ESTRELA;LECHE DESCREMADA NATULAC;3.1
3687477;2026-09-22;PLC07;SUPERMERCADO LA ESTRELA;LECHE DESCREMADA PASTORENA;2.89
3724189;2026-09-24;PLC07;SUPERMERCADO LA ESTRELA;LECHE DESLACTOSADA NATULAC;2.85
3687483;2026-09-22;PLC07;SUPERMERCADO LA ESTRELA;LECHE DESLACTOSADA PASTORENA;3.12
3724546;2026-09-24;PLC07;SUPERMERCADO LA ESTRELA;LECHE EN POLVO 400 GR LA CAMPINA;8.2
3724532;2026-09-24;PLC07;SUPERMERCADO LA ESTRELA;LECHE EN POLVO 400 GR SAN SIMON;7.23
3724550;2026-09-24;PLC07;SUPERMERCADO LA ESTRELA;LECHE EN POLVO 900 GR LA CAMPINA;15.52
3724539;2026-09-24;PLC07;SUPERMERCADO LA ESTRELA;LECHE EN POLVO 900 GR SAN SIMON;15.05
3724196;2026-09-24;PLC07;SUPERMERCADO LA ESTRELA;MANZANA KAITO 200ML;0.97
3724192;2026-09-24;PLC07;SUPERMERCADO LA ESTRELA;PERA KAITO 200ML;0.97
3468428;2026-09-02;PLC08;AIKOZ BARCELONA;LECHE COMPLETA NATULAC;2.49
3566137;2026-09-10;PLC08;AIKOZ BARCELONA;LECHE EN POLVO 400 GR LA CAMPINA;7.55
3566135;2026-09-10;PLC08;AIKOZ BARCELONA;LECHE EN POLVO 400 GR SAN SIMON;6.63
3566136;2026-09-10;PLC08;AIKOZ BARCELONA;LECHE EN POLVO 900 GR LA CAMPINA;13.85
3566134;2026-09-10;PLC08;AIKOZ BARCELONA;LECHE EN POLVO 900 GR SAN SIMON;11.98
3566129;2026-09-10;PLC08;Contodo Barcelona;LECHE EN POLVO 400 GR LA CAMPINA;7.55
3566125;2026-09-10;PLC08;Contodo Barcelona;LECHE EN POLVO 400 GR SAN SIMON;6.63
3566127;2026-09-10;PLC08;Contodo Barcelona;LECHE EN POLVO 900 GR LA CAMPINA;13.85
3566123;2026-09-10;PLC08;Contodo Barcelona;LECHE EN POLVO 900 GR SAN SIMON;11.98
3566111;2026-09-10;PLC08;MEGA PORTELA;LECHE EN POLVO 200 GR LA CAMPINA;3.32
3566107;2026-09-10;PLC08;MEGA PORTELA;LECHE EN POLVO 200 GR SAN SIMON;2.39
3566110;2026-09-10;PLC08;MEGA PORTELA;LECHE EN POLVO 400 GR LA CAMPINA;6.47
3566106;2026-09-10;PLC08;MEGA PORTELA;LECHE EN POLVO 400 GR SAN SIMON;6.49
3566109;2026-09-10;PLC08;MEGA PORTELA;LECHE EN POLVO 900 GR LA CAMPINA;12.66
3566104;2026-09-10;PLC08;MEGA PORTELA;LECHE EN POLVO 900 GR SAN SIMON;11.9
3564546;2026-09-10;PLC08;RIO PUENTE REAL;LECHE EN POLVO 400 GR LA CAMPINA;6.68
3564544;2026-09-10;PLC08;RIO PUENTE REAL;LECHE EN POLVO 400 GR SAN SIMON;6.62
3564545;2026-09-10;PLC08;RIO PUENTE REAL;LECHE EN POLVO 900 GR LA CAMPINA;12.49
3564543;2026-09-10;PLC08;RIO PUENTE REAL;LECHE EN POLVO 900 GR SAN SIMON;13.35
3645021;2026-09-17;PLC09;AL COSTO;DURAZNO NATULAC 1L;2.1
3729866;2026-09-24;PLC09;AL COSTO;LECHE COMPLETA NATULAC;2.95
3609834;2026-09-15;PLC09;AL COSTO;LECHE COMPLETA SAN SIMON;2.8
3729867;2026-09-24;PLC09;AL COSTO;LECHE DESCREMADA SAN SIMON;3.19
3729877;2026-09-24;PLC09;AL COSTO;LECHE EN POLVO 200 GR LA CAMPINA;3.75
3612686;2026-09-15;PLC09;AL COSTO;LECHE EN POLVO 200 GR SAN SIMON;2.63
3729876;2026-09-24;PLC09;AL COSTO;LECHE EN POLVO 400 GR LA CAMPINA;7.15
3694831;2026-09-22;PLC09;AL COSTO;LECHE EN POLVO 400 GR SAN SIMON;7.15
3729875;2026-09-24;PLC09;AL COSTO;LECHE EN POLVO 900 GR LA CAMPINA;13.49
3729874;2026-09-24;PLC09;AL COSTO;LECHE EN POLVO 900 GR SAN SIMON;14.26
3645020;2026-09-17;PLC09;AL COSTO;MANZANA NATULAC 1L;2.1
3645019;2026-09-17;PLC09;AL COSTO;PERA NATULAC 1L;2.1
3564343;2026-09-10;PLC09;IKO FARMA;LECHE COMPLETA NATULAC;3.12
3693130;2026-09-22;PLC09;IKO FARMA;LECHE COMPLETA SAN SIMON;2.68
3693131;2026-09-22;PLC09;IKO FARMA;LECHE DESCREMADA SAN SIMON;2.79
3693132;2026-09-22;PLC09;IKO FARMA;LECHE DESLACTOSADA SAN SIMON;2.73
3693137;2026-09-22;PLC09;IKO FARMA;LECHE EN POLVO 200 GR LA CAMPINA;4.08
3693136;2026-09-22;PLC09;IKO FARMA;LECHE EN POLVO 400 GR LA CAMPINA;7.95
3693134;2026-09-22;PLC09;IKO FARMA;LECHE EN POLVO 400 GR SAN SIMON;6.6
3693135;2026-09-22;PLC09;IKO FARMA;LECHE EN POLVO 900 GR LA CAMPINA;15.04
3693133;2026-09-22;PLC09;IKO FARMA;LECHE EN POLVO 900 GR SAN SIMON;12.93
3727330;2026-09-24;PLC09;KALIMAN I;LECHE COMPLETA NATULAC;2.59
3727329;2026-09-24;PLC09;KALIMAN I;LECHE COMPLETA SAN SIMON;2.59
3714279;2026-09-23;PLC09;KALIMAN I;LECHE DESCREMADA SAN SIMON;2.59
3581590;2026-09-11;PLC09;KALIMAN I;LECHE EN POLVO 200 GR LA CAMPINA;2.05
3581588;2026-09-11;PLC09;KALIMAN I;LECHE EN POLVO 200 GR SAN SIMON;2.12
3629480;2026-09-16;PLC09;KALIMAN I;LECHE EN POLVO 400 GR SAN SIMON;5.71
3629481;2026-09-16;PLC09;KALIMAN I;LECHE EN POLVO 900 GR LA CAMPINA;14
3629479;2026-09-16;PLC09;KALIMAN I;LECHE EN POLVO 900 GR SAN SIMON;11.52
3703337;2026-09-23;PLC09;MAS X MENOS;DURAZNO NATULAC 1L;2.1
3738518;2026-09-25;PLC09;MAS X MENOS;LECHE COMPLETA NATULAC;2.39
3738521;2026-09-25;PLC09;MAS X MENOS;LECHE COMPLETA SAN SIMON;2.46
3738519;2026-09-25;PLC09;MAS X MENOS;LECHE DESCREMADA NATULAC;2.35
3738522;2026-09-25;PLC09;MAS X MENOS;LECHE DESCREMADA SAN SIMON;2.45
3738520;2026-09-25;PLC09;MAS X MENOS;LECHE DESLACTOSADA NATULAC;2.65
3738523;2026-09-25;PLC09;MAS X MENOS;LECHE DESLACTOSADA SAN SIMON;2.47
3590052;2026-09-14;PLC09;MAS X MENOS;LECHE EN POLVO 400 GR LA CAMPINA;7.55
3637182;2026-09-17;PLC09;MAS X MENOS;LECHE EN POLVO 400 GR SAN SIMON;7.55
3637181;2026-09-17;PLC09;MAS X MENOS;LECHE EN POLVO 900 GR LA CAMPINA;13.85
3637183;2026-09-17;PLC09;MAS X MENOS;LECHE EN POLVO 900 GR SAN SIMON;13.38
3703336;2026-09-23;PLC09;MAS X MENOS;MANZANA NATULAC 1L;2.1
3651836;2026-09-18;PLC09;MAS X MENOS;PERA NATULAC 1L;2.1
3580137;2026-09-11;PLC09;RIO BODEGON SAMBIL;DURAZNO NATULAC 1L;2.31
3658557;2026-09-18;PLC09;RIO BODEGON SAMBIL;LECHE COMPLETA NATULAC;2.35
3745447;2026-09-25;PLC09;RIO BODEGON SAMBIL;LECHE COMPLETA SAN SIMON;2.59
3658558;2026-09-18;PLC09;RIO BODEGON SAMBIL;LECHE DESCREMADA NATULAC;2.29
3745448;2026-09-25;PLC09;RIO BODEGON SAMBIL;LECHE DESCREMADA SAN SIMON;2.59
3658559;2026-09-18;PLC09;RIO BODEGON SAMBIL;LECHE DESLACTOSADA NATULAC;2.38
3711600;2026-09-23;PLC09;RIO BODEGON SAMBIL;LECHE DESLACTOSADA SAN SIMON;2.59
3745446;2026-09-25;PLC09;RIO BODEGON SAMBIL;LECHE EN POLVO 200 GR LA CAMPINA;3.27
3745445;2026-09-25;PLC09;RIO BODEGON SAMBIL;LECHE EN POLVO 400 GR LA CAMPINA;6.35
3745443;2026-09-25;PLC09;RIO BODEGON SAMBIL;LECHE EN POLVO 400 GR SAN SIMON;6.29
3745444;2026-09-25;PLC09;RIO BODEGON SAMBIL;LECHE EN POLVO 900 GR LA CAMPINA;12.43
3745442;2026-09-25;PLC09;RIO BODEGON SAMBIL;LECHE EN POLVO 900 GR SAN SIMON;6.29
3580136;2026-09-11;PLC09;RIO BODEGON SAMBIL;MANZANA NATULAC 1L;2.31
3580135;2026-09-11;PLC09;RIO BODEGON SAMBIL;PERA NATULAC 1L;2.31
3641966;2026-09-17;PLC09;SIGO COSTA AZUL;DURAZNO NATULAC 1L;1.82
3723974;2026-09-24;PLC09;SIGO COSTA AZUL;LECHE COMPLETA NATULAC;2.34
3723977;2026-09-24;PLC09;SIGO COSTA AZUL;LECHE COMPLETA SAN SIMON;2.47
3723975;2026-09-24;PLC09;SIGO COSTA AZUL;LECHE DESCREMADA NATULAC;2.3
3723978;2026-09-24;PLC09;SIGO COSTA AZUL;LECHE DESCREMADA SAN SIMON;2.43
3723976;2026-09-24;PLC09;SIGO COSTA AZUL;LECHE DESLACTOSADA NATULAC;2.34
3723979;2026-09-24;PLC09;SIGO COSTA AZUL;LECHE DESLACTOSADA SAN SIMON;2.47
3723973;2026-09-24;PLC09;SIGO COSTA AZUL;LECHE EN POLVO 200 GR LA CAMPINA;3.3
3723972;2026-09-24;PLC09;SIGO COSTA AZUL;LECHE EN POLVO 400 GR LA CAMPINA;6.75
3723970;2026-09-24;PLC09;SIGO COSTA AZUL;LECHE EN POLVO 400 GR SAN SIMON;5.99
3723971;2026-09-24;PLC09;SIGO COSTA AZUL;LECHE EN POLVO 900 GR LA CAMPINA;12.9
3723969;2026-09-24;PLC09;SIGO COSTA AZUL;LECHE EN POLVO 900 GR SAN SIMON;11.89
3641965;2026-09-17;PLC09;SIGO COSTA AZUL;MANZANA NATULAC 1L;1.82
3641964;2026-09-17;PLC09;SIGO COSTA AZUL;NARANJA NATULAC 1L;2.35
3641963;2026-09-17;PLC09;SIGO COSTA AZUL;PERA NATULAC 1L;1.82
3595488;2026-09-14;PLC09;SIGO SAMBIL;DURAZNO NATULAC 1L;1.82
3743150;2026-09-25;PLC09;SIGO SAMBIL;LECHE COMPLETA NATULAC;2.34
3655874;2026-09-18;PLC09;SIGO SAMBIL;LECHE COMPLETA SAN SIMON;2.47
3743151;2026-09-25;PLC09;SIGO SAMBIL;LECHE DESCREMADA NATULAC;2.3
3655875;2026-09-18;PLC09;SIGO SAMBIL;LECHE DESCREMADA SAN SIMON;2.43
3743152;2026-09-25;PLC09;SIGO SAMBIL;LECHE DESLACTOSADA NATULAC;2.34
3655873;2026-09-18;PLC09;SIGO SAMBIL;LECHE DESLACTOSADA SAN SIMON;2.47
3743163;2026-09-25;PLC09;SIGO SAMBIL;LECHE EN POLVO 200 GR LA CAMPINA;3.3
3743162;2026-09-25;PLC09;SIGO SAMBIL;LECHE EN POLVO 400 GR LA CAMPINA;6.75
3743160;2026-09-25;PLC09;SIGO SAMBIL;LECHE EN POLVO 400 GR SAN SIMON;5.99
3743161;2026-09-25;PLC09;SIGO SAMBIL;LECHE EN POLVO 900 GR LA CAMPINA;12.9
3743159;2026-09-25;PLC09;SIGO SAMBIL;LECHE EN POLVO 900 GR SAN SIMON;11.89
3595487;2026-09-14;PLC09;SIGO SAMBIL;MANZANA NATULAC 1L;1.82
3595486;2026-09-14;PLC09;SIGO SAMBIL;NARANJA NATULAC 1L;2.35
3595485;2026-09-14;PLC09;SIGO SAMBIL;PERA NATULAC 1L;1.82
3756390;2026-09-28;PTO01;AMAZON  SUPERMARKET;LECHE EN POLVO 200 GR LA CAMPINA;3.2
3756389;2026-09-28;PTO01;AMAZON  SUPERMARKET;LECHE EN POLVO 400 GR LA CAMPINA;7.15
3756388;2026-09-28;PTO01;AMAZON  SUPERMARKET;LECHE EN POLVO 900 GR LA CAMPINA;13.05
3613285;2026-09-15;PTO01;AMAZON  SUPERMARKET;LECHE EN POLVO 900 GR SAN SIMON;3.2
3714412;2026-09-23;PTO01;AUT. MAXICONSUMO;LECHE EN POLVO 200 GR LA CAMPINA;3.33
3714413;2026-09-23;PTO01;AUT. MAXICONSUMO;LECHE EN POLVO 400 GR LA CAMPINA;6.38
3714416;2026-09-23;PTO01;AUT. MAXICONSUMO;LECHE EN POLVO 400 GR SAN SIMON;7.22
3714414;2026-09-23;PTO01;AUT. MAXICONSUMO;LECHE EN POLVO 900 GR LA CAMPINA;12.53
3714415;2026-09-23;PTO01;AUT. MAXICONSUMO;LECHE EN POLVO 900 GR SAN SIMON;14.3
3723141;2026-09-24;PTO01;CENTRAL SANTO TOME II UNARE;LECHE EN POLVO 200 GR LA CAMPINA;3.48
3723140;2026-09-24;PTO01;CENTRAL SANTO TOME II UNARE;LECHE EN POLVO 400 GR LA CAMPINA;7.58
3723143;2026-09-24;PTO01;CENTRAL SANTO TOME II UNARE;LECHE EN POLVO 400 GR SAN SIMON;7.35
3723139;2026-09-24;PTO01;CENTRAL SANTO TOME II UNARE;LECHE EN POLVO 900 GR LA CAMPINA;13.29
3723142;2026-09-24;PTO01;CENTRAL SANTO TOME II UNARE;LECHE EN POLVO 900 GR SAN SIMON;14.3
3698316;2026-09-22;PTO01;CENTRAL SANTO TOME III LOS OLIVOS;LECHE EN POLVO 200 GR LA CAMPINA;3.48
3698317;2026-09-22;PTO01;CENTRAL SANTO TOME III LOS OLIVOS;LECHE EN POLVO 400 GR LA CAMPINA;7.58
3698318;2026-09-22;PTO01;CENTRAL SANTO TOME III LOS OLIVOS;LECHE EN POLVO 900 GR LA CAMPINA;13.95
3613280;2026-09-15;PTO01;DISTRIBUIDORA LA FE;LECHE EN POLVO 400 GR LA CAMPINA;8.22
3613284;2026-09-15;PTO01;DISTRIBUIDORA LA FE;LECHE EN POLVO 900 GR LA CAMPINA;15.04
3613271;2026-09-15;PTO01;HIP CARONI;LECHE EN POLVO 200 GR LA CAMPINA;3.86
3766358;2026-09-28;PTO01;HIP CARONI;LECHE EN POLVO 400 GR LA CAMPINA;6.95
3766357;2026-09-28;PTO01;HIP CARONI;LECHE EN POLVO 900 GR LA CAMPINA;12.73
3613274;2026-09-15;PTO01;HIP CARONI;LECHE EN POLVO 900 GR SAN SIMON;13.42
3732466;2026-09-24;PTO01;HIP GUAYANA;LECHE EN POLVO 200 GR LA CAMPINA;3.97
3732464;2026-09-24;PTO01;HIP GUAYANA;LECHE EN POLVO 400 GR LA CAMPINA;8.22
3732465;2026-09-24;PTO01;HIP GUAYANA;LECHE EN POLVO 900 GR LA CAMPINA;15.04
3708445;2026-09-23;PTO01;HIPERMERCADO EL GUAMO;LECHE EN POLVO 400 GR LA CAMPINA;7.29
3708444;2026-09-23;PTO01;HIPERMERCADO EL GUAMO;LECHE EN POLVO 400 GR SAN SIMON;7.53
3708446;2026-09-23;PTO01;HIPERMERCADO EL GUAMO;LECHE EN POLVO 900 GR LA CAMPINA;13.98
3708443;2026-09-23;PTO01;HIPERMERCADO EL GUAMO;LECHE EN POLVO 900 GR SAN SIMON;14.91
3704517;2026-09-23;PTO01;LLOVIZNA MARKET SIERRA PARIMA;LECHE EN POLVO 200 GR LA CAMPINA;3.35
3704518;2026-09-23;PTO01;LLOVIZNA MARKET SIERRA PARIMA;LECHE EN POLVO 400 GR LA CAMPINA;6.5
3704519;2026-09-23;PTO01;LLOVIZNA MARKET SIERRA PARIMA;LECHE EN POLVO 900 GR LA CAMPINA;12.7
3704521;2026-09-23;PTO01;LLOVIZNA MARKET SIERRA PARIMA;LECHE EN POLVO 900 GR SAN SIMON;6.25
3725800;2026-09-24;PTO01;LLOVIZNA MARKET UNARE;LECHE EN POLVO 200 GR LA CAMPINA;3.49
3725801;2026-09-24;PTO01;LLOVIZNA MARKET UNARE;LECHE EN POLVO 900 GR LA CAMPINA;14.26
3743719;2026-09-25;PTO01;MARKET VIP ALTAVISTA;LECHE EN POLVO 200 GR LA CAMPINA;3.61
3743718;2026-09-25;PTO01;MARKET VIP ALTAVISTA;LECHE EN POLVO 400 GR LA CAMPINA;7
3743716;2026-09-25;PTO01;MARKET VIP ALTAVISTA;LECHE EN POLVO 400 GR SAN SIMON;6.88
3743717;2026-09-25;PTO01;MARKET VIP ALTAVISTA;LECHE EN POLVO 900 GR LA CAMPINA;13.19
3743715;2026-09-25;PTO01;MARKET VIP ALTAVISTA;LECHE EN POLVO 900 GR SAN SIMON;13.86
3613289;2026-09-15;PTO01;MAX ORIENTAL;LECHE EN POLVO 400 GR LA CAMPINA;7.9
3613292;2026-09-15;PTO01;MAX ORIENTAL;LECHE EN POLVO 400 GR SAN SIMON;7.54
3613283;2026-09-15;PTO01;MAX ORIENTAL;LECHE EN POLVO 900 GR LA CAMPINA;13.88
3613279;2026-09-15;PTO01;MAX ORIENTAL;LECHE EN POLVO 900 GR SAN SIMON;14.92
3711470;2026-09-23;PTO01;PEKIN EL GUAMO;LECHE EN POLVO 200 GR LA CAMPINA;3.5
3711469;2026-09-23;PTO01;PEKIN EL GUAMO;LECHE EN POLVO 400 GR SAN SIMON;8.19
3711471;2026-09-23;PTO01;PEKIN EL GUAMO;LECHE EN POLVO 900 GR LA CAMPINA;13.19
3740182;2026-09-25;PTO01;Rio supermarket alta vista;LECHE EN POLVO 200 GR LA CAMPINA;3.27
3740183;2026-09-25;PTO01;Rio supermarket alta vista;LECHE EN POLVO 400 GR LA CAMPINA;6.35
3740181;2026-09-25;PTO01;Rio supermarket alta vista;LECHE EN POLVO 400 GR SAN SIMON;6.29
3740184;2026-09-25;PTO01;Rio supermarket alta vista;LECHE EN POLVO 900 GR LA CAMPINA;12.43
3693689;2026-09-22;PTO01;Rio supermarket alta vista;LECHE EN POLVO 900 GR SAN SIMON;12.69
3745280;2026-09-25;PTO01;SUP ARA;LECHE EN POLVO 400 GR SAN SIMON;8.65
3745279;2026-09-25;PTO01;SUP ARA;LECHE EN POLVO 900 GR SAN SIMON;15.6
3613287;2026-09-15;PTO01;UNARE CENTER;LECHE EN POLVO 200 GR LA CAMPINA;3.62
3728657;2026-09-24;PTO01;UNARE CENTER;LECHE EN POLVO 900 GR LA CAMPINA;13.08
3613282;2026-09-15;PTO01;UNARE CENTER;LECHE EN POLVO 900 GR SAN SIMON;14.92
3566628;2026-09-10;PTO02;CENTRAL SANTO TOME I CASTILLITO;LECHE EN POLVO 200 GR LA CAMPINA;3.48
3566627;2026-09-10;PTO02;CENTRAL SANTO TOME I CASTILLITO;LECHE EN POLVO 200 GR SAN SIMON;0
3566629;2026-09-10;PTO02;CENTRAL SANTO TOME I CASTILLITO;LECHE EN POLVO 400 GR LA CAMPINA;7.58
3566626;2026-09-10;PTO02;CENTRAL SANTO TOME I CASTILLITO;LECHE EN POLVO 400 GR SAN SIMON;0
3566625;2026-09-10;PTO02;CENTRAL SANTO TOME I CASTILLITO;LECHE EN POLVO 900 GR SAN SIMON;14.3
3704588;2026-09-23;PTO02;HIPER VIP;LECHE EN POLVO 200 GR LA CAMPINA;2.16
3704579;2026-09-23;PTO02;HIPER VIP;LECHE EN POLVO 200 GR SAN SIMON;2.64
3704583;2026-09-23;PTO02;HIPER VIP;LECHE EN POLVO 400 GR LA CAMPINA;6.46
3704568;2026-09-23;PTO02;HIPER VIP;LECHE EN POLVO 400 GR SAN SIMON;7.54
3704554;2026-09-23;PTO02;HIPER VIP;LECHE EN POLVO 900 GR SAN SIMON;13.86
3566632;2026-09-10;PTO02;SUPERMERCADO CACHAMAY;LECHE EN POLVO 200 GR SAN SIMON;0
3566636;2026-09-10;PTO02;SUPERMERCADO CACHAMAY;LECHE EN POLVO 400 GR LA CAMPINA;6.95
3566633;2026-09-10;PTO02;SUPERMERCADO CACHAMAY;LECHE EN POLVO 400 GR SAN SIMON;7
3566637;2026-09-10;PTO02;SUPERMERCADO CACHAMAY;LECHE EN POLVO 900 GR LA CAMPINA;12.73
3765000;2026-09-28;PTO03;ASIA CENTRAL;LECHE COMPLETA NATULAC;2.74
3764999;2026-09-28;PTO03;ASIA CENTRAL;LECHE DESCREMADA NATULAC;2.67
3764998;2026-09-28;PTO03;ASIA CENTRAL;MANZANA NATULAC 1L;2.19
3796667;2026-09-30;PTO03;ASIA FORTUNA;LECHE COMPLETA NATULAC;2.93
3623195;2026-09-16;PTO03;ASIA FORTUNA;LECHE COMPLETA PASTORENA;2.96
3796668;2026-09-30;PTO03;ASIA FORTUNA;LECHE DESCREMADA PASTORENA;3.06
3623191;2026-09-16;PTO03;ASIA FORTUNA;LECHE EN POLVO 400 GR LA CAMPINA;7.39
3796670;2026-09-30;PTO03;ASIA FORTUNA;LECHE EN POLVO 400 GR SAN SIMON;7.93
3796669;2026-09-30;PTO03;ASIA FORTUNA;LECHE EN POLVO 900 GR LA CAMPINA;14.24
3623190;2026-09-16;PTO03;ASIA FORTUNA;LECHE EN POLVO 900 GR SAN SIMON;16.46
3615400;2026-09-15;PTO03;AUTOMERCADO MAXI CA;LECHE EN POLVO 400 GR LA CAMPINA;7.49
3615401;2026-09-15;PTO03;AUTOMERCADO MAXI CA;LECHE EN POLVO 900 GR LA CAMPINA;14.84
3691748;2026-09-22;PTO03;AUTOMERCADO SKYLER;DURAZNO FRICA;2.33
3691746;2026-09-22;PTO03;AUTOMERCADO SKYLER;LECHE COMPLETA NATULAC;2.77
3579837;2026-09-11;PTO03;AUTOMERCADO SKYLER;LECHE COMPLETA PASTORENA;2.56
3691747;2026-09-22;PTO03;AUTOMERCADO SKYLER;LECHE COMPLETA SAN SIMON;2.68
3691749;2026-09-22;PTO03;AUTOMERCADO SKYLER;NARANJA NATULAC 1L;2.98
3588946;2026-09-14;PTO03;"HIPER CALIFORNIA; C.A";LECHE COMPLETA NATULAC;2.71
3588947;2026-09-14;PTO03;"HIPER CALIFORNIA; C.A";LECHE COMPLETA SAN SIMON;2.99
3724684;2026-09-24;PTO03;"HIPER CALIFORNIA; C.A";LECHE EN POLVO 400 GR LA CAMPINA;6.99
3724685;2026-09-24;PTO03;"HIPER CALIFORNIA; C.A";LECHE EN POLVO 900 GR LA CAMPINA;14.9
3588938;2026-09-14;PTO03;"HIPER CALIFORNIA; C.A";LECHE EN POLVO 900 GR SAN SIMON;14.29
3506089;2026-09-04;PTO03;MAS POR MENOS MATURIN;DURAZNO FRICA;2.43
3552822;2026-09-09;PTO03;MAS POR MENOS MATURIN;DURAZNO NATULAC 1L;2.43
3552808;2026-09-09;PTO03;MAS POR MENOS MATURIN;LECHE COMPLETA NATULAC;2.39
3552809;2026-09-09;PTO03;MAS POR MENOS MATURIN;LECHE COMPLETA SAN SIMON;2.83
3552810;2026-09-09;PTO03;MAS POR MENOS MATURIN;LECHE DESCREMADA PASTORENA;2.82
3506088;2026-09-04;PTO03;MAS POR MENOS MATURIN;MANZANA FRICA;2.43
3552821;2026-09-09;PTO03;MAS POR MENOS MATURIN;MANZANA PASTORENA;2.97
3552820;2026-09-09;PTO03;MAS POR MENOS MATURIN;PERA FRICA;2.43
3506090;2026-09-04;PTO03;MAS POR MENOS MATURIN;TE DURAZNO 1L PASTORENA;2.97
3796640;2026-09-30;PTO03;MAXI LIBERTADOR;LECHE COMPLETA NATULAC;2.99
3796641;2026-09-30;PTO03;MAXI LIBERTADOR;LECHE DESCREMADA NATULAC;2.99
3796639;2026-09-30;PTO03;MAXI LIBERTADOR;LECHE EN POLVO 400 GR LA CAMPINA;7.36
3796638;2026-09-30;PTO03;MAXI LIBERTADOR;LECHE EN POLVO 400 GR SAN SIMON;7.69
3533095;2026-09-08;PTO03;MERCANTIL INNOVO;DURAZNO KAITO 200ML;0.94
3782289;2026-09-29;PTO03;MERCANTIL INNOVO;DURAZNO NATULAC 1L;2.24
3782291;2026-09-29;PTO03;MERCANTIL INNOVO;LECHE COMPLETA NATULAC;2.56
3782293;2026-09-29;PTO03;MERCANTIL INNOVO;LECHE COMPLETA PASTORENA;2.64
3782292;2026-09-29;PTO03;MERCANTIL INNOVO;LECHE DESCREMADA NATULAC;2.77
3533093;2026-09-08;PTO03;MERCANTIL INNOVO;LECHE DESCREMADA SAN SIMON;2.95
3533091;2026-09-08;PTO03;MERCANTIL INNOVO;LECHE DESLACTOSADA NATULAC;2.92
3782294;2026-09-29;PTO03;MERCANTIL INNOVO;LECHE EN POLVO 400 GR LA CAMPINA;8.74
3782297;2026-09-29;PTO03;MERCANTIL INNOVO;LECHE EN POLVO 400 GR SAN SIMON;8.34
3782295;2026-09-29;PTO03;MERCANTIL INNOVO;LECHE EN POLVO 900 GR LA CAMPINA;16.14
3782296;2026-09-29;PTO03;MERCANTIL INNOVO;LECHE EN POLVO 900 GR SAN SIMON;15.43
3782290;2026-09-29;PTO03;MERCANTIL INNOVO;NARANJA NATULAC 1L;3.03
3765010;2026-09-28;PTO03;"MUNDO MARKET MONAGAS; C.A.";LECHE EN POLVO 200 GR LA CAMPINA;3.58
3765011;2026-09-28;PTO03;"MUNDO MARKET MONAGAS; C.A.";LECHE EN POLVO 400 GR SAN SIMON;7.94
3765009;2026-09-28;PTO03;"MUNDO MARKET MONAGAS; C.A.";LECHE EN POLVO 900 GR LA CAMPINA;13.93
3552913;2026-09-09;PTO03;RIO SUPERMARKET MATURIN;LECHE COMPLETA NATULAC;2.35
3552914;2026-09-09;PTO03;RIO SUPERMARKET MATURIN;LECHE COMPLETA PASTORENA;2.59
3506042;2026-09-04;PTO03;RIO SUPERMARKET MATURIN;LECHE COMPLETA SAN SIMON;2.45
3552915;2026-09-09;PTO03;RIO SUPERMARKET MATURIN;MANZANA NATULAC 1L;2.68
3506055;2026-09-04;PTO03;RIO SUPERMARKET MATURIN;NARANJA FRICA;2.55
3506056;2026-09-04;PTO03;RIO SUPERMARKET MATURIN;NARANJA NATULAC 1L;3.02
3506057;2026-09-04;PTO03;RIO SUPERMARKET MATURIN;PERA PASTORENA;2.57
3610373;2026-09-15;PTO03;SUPERMARKET EJERCITO;LECHE COMPLETA NATULAC;2.58
3610374;2026-09-15;PTO03;SUPERMARKET EJERCITO;LECHE COMPLETA PASTORENA;3.1
3700321;2026-09-22;PTO03;SUPERMARKET EJERCITO;LECHE DESCREMADA NATULAC;2.52
3610361;2026-09-15;PTO03;SUPERMARKET EJERCITO;LECHE EN POLVO 200 GR LA CAMPINA;3.79
3610363;2026-09-15;PTO03;SUPERMARKET EJERCITO;LECHE EN POLVO 400 GR LA CAMPINA;7.39
3610364;2026-09-15;PTO03;SUPERMARKET EJERCITO;LECHE EN POLVO 400 GR SAN SIMON;7.66
3610362;2026-09-15;PTO03;SUPERMARKET EJERCITO;LECHE EN POLVO 900 GR LA CAMPINA;15.92
3610365;2026-09-15;PTO03;SUPERMARKET EJERCITO;LECHE EN POLVO 900 GR SAN SIMON;14.56
3610369;2026-09-15;PTO03;SUPERMARKET EJERCITO;MANZANA KAITO 200ML;0.98
3628164;2026-09-16;PTO04;AUTO MERCADO MEGA;LECHE COMPLETA NATULAC;2.81
3628165;2026-09-16;PTO04;AUTO MERCADO MEGA;LECHE COMPLETA PASTORENA;2.76
3628178;2026-09-16;PTO04;AUTO MERCADO MEGA;LECHE EN POLVO 200 GR LA CAMPINA;3.79
3628179;2026-09-16;PTO04;AUTO MERCADO MEGA;LECHE EN POLVO 400 GR LA CAMPINA;7.99
3628180;2026-09-16;PTO04;AUTO MERCADO MEGA;LECHE EN POLVO 900 GR LA CAMPINA;13.85
3628196;2026-09-16;PTO04;AUTO MERCADO MEGA;MANZANA NATULAC 1L;2.14
3628197;2026-09-16;PTO04;AUTO MERCADO MEGA;PERA FRICA;2.37
3695562;2026-09-22;PTO04;AUTOMERADDO MODA CHINA;LECHE COMPLETA NATULAC;3.18
3644313;2026-09-17;PTO04;AUTOMERADDO MODA CHINA;LECHE COMPLETA PASTORENA;3.38
3608180;2026-09-15;PTO04;AUTOMERADDO MODA CHINA;LECHE DESCREMADA NATULAC;3.28
3568422;2026-09-10;PTO04;AUTOMERADDO MODA CHINA;LECHE DESCREMADA PASTORENA;3.48
3608181;2026-09-15;PTO04;AUTOMERADDO MODA CHINA;LECHE DESLACTOSADA NATULAC;2.97
3695563;2026-09-22;PTO04;AUTOMERADDO MODA CHINA;LECHE EN POLVO 200 GR LA CAMPINA;3.79
3568404;2026-09-10;PTO04;AUTOMERADDO MODA CHINA;LECHE EN POLVO 400 GR LA CAMPINA;6.91
3568406;2026-09-10;PTO04;AUTOMERADDO MODA CHINA;LECHE EN POLVO 400 GR SAN SIMON;7.85
3568405;2026-09-10;PTO04;AUTOMERADDO MODA CHINA;LECHE EN POLVO 900 GR LA CAMPINA;13.63
3568407;2026-09-10;PTO04;AUTOMERADDO MODA CHINA;LECHE EN POLVO 900 GR SAN SIMON;13.15
3695566;2026-09-22;PTO04;AUTOMERADDO MODA CHINA;MANTEQUILLA PAISA;7.87
3695564;2026-09-22;PTO04;AUTOMERADDO MODA CHINA;MORTADELA PLUMROSE DE CARNES 1KG;3.73
3568438;2026-09-10;PTO04;AUTOMERADDO MODA CHINA;SALCHICHA TIPO VIENA 225GR FIESTA;3.77
3608202;2026-09-15;PTO04;AUTOMERADDO MODA CHINA;SALCHICHA TIPO VIENA 225GR PLUMROSE;7.79
3695565;2026-09-22;PTO04;AUTOMERADDO MODA CHINA;SALCHICHA TIPO VIENA 450GR PLUMROSE;3.77
3568462;2026-09-10;PTO04;AWA MARKET;LECHE COMPLETA NATULAC;2.95
3568463;2026-09-10;PTO04;AWA MARKET;LECHE DESCREMADA NATULAC;2.83
3568464;2026-09-10;PTO04;AWA MARKET;LECHE DESLACTOSADA NATULAC;2.98
3568450;2026-09-10;PTO04;AWA MARKET;LECHE EN POLVO 200 GR LA CAMPINA;3.74
3568451;2026-09-10;PTO04;AWA MARKET;LECHE EN POLVO 400 GR LA CAMPINA;7.27
3568452;2026-09-10;PTO04;AWA MARKET;LECHE EN POLVO 900 GR LA CAMPINA;14.22
3568488;2026-09-10;PTO04;AWA MARKET;MANZANA KAITO 200ML;0.98
3568475;2026-09-10;PTO04;AWA MARKET;MORTADELA PLUMROSE DE CARNES 1KG;2.99
3568489;2026-09-10;PTO04;AWA MARKET;NARANJA NATULAC 250ML;1.15
3624561;2026-09-16;PTO04;CASA MARKET MONAGAS;CREMA DE LECHE DE PAISA 250GR;5.65
3624578;2026-09-16;PTO04;CASA MARKET MONAGAS;LECHE COMPLETA NATULAC;2.77
3624579;2026-09-16;PTO04;CASA MARKET MONAGAS;LECHE COMPLETA PASTORENA;2.83
3539921;2026-09-08;PTO04;CASA MARKET MONAGAS;LECHE DESCREMADA PASTORENA;2.77
3624562;2026-09-16;PTO04;CASA MARKET MONAGAS;MANTEQUILLA PAISA;8.89
3624554;2026-09-16;PTO04;CASA MARKET MONAGAS;MORTADELA PLUMROSE DE CARNES 1KG;3.71
3629429;2026-09-16;PTO04;CHAN I;LECHE COMPLETA NATULAC;2.63
3629430;2026-09-16;PTO04;CHAN I;LECHE COMPLETA PASTORENA;2.72
3629437;2026-09-16;PTO04;CHAN I;LECHE EN POLVO 200 GR LA CAMPINA;3.89
3629438;2026-09-16;PTO04;CHAN I;LECHE EN POLVO 400 GR SAN SIMON;7.68
3629421;2026-09-16;PTO04;CHAN I;MANZANA NATULAC 1L;2.43
3629422;2026-09-16;PTO04;CHAN I;MANZANA PASTORENA;2.81
3629414;2026-09-16;PTO04;CHAN I;MORTADELA PLUMROSE DE CARNES 1KG;2.7
3714152;2026-09-23;PTO04;MAX CENTER MATURIN;CHORIZO  PICANTE MONSERRATINA;5.03
3714153;2026-09-23;PTO04;MAX CENTER MATURIN;CREMA DE LECHE DE PAISA 250GR;8.69
3714131;2026-09-23;PTO04;MAX CENTER MATURIN;LECHE COMPLETA NATULAC;2.61
3714132;2026-09-23;PTO04;MAX CENTER MATURIN;LECHE COMPLETA PASTORENA;2.64
3714119;2026-09-23;PTO04;MAX CENTER MATURIN;LECHE EN POLVO 200 GR LA CAMPINA;2.89
3714120;2026-09-23;PTO04;MAX CENTER MATURIN;LECHE EN POLVO 400 GR LA CAMPINA;1.48
3714121;2026-09-23;PTO04;MAX CENTER MATURIN;LECHE EN POLVO 900 GR LA CAMPINA;7.61
3714139;2026-09-23;PTO04;MAX CENTER MATURIN;MORTADELA PLUMROSE DE CARNES 1KG;3.67
3714151;2026-09-23;PTO04;MAX CENTER MATURIN;SALCHICHA TIPO VIENA 450GR HERMO;6.57
3602830;2026-09-15;PTO04;SUP  LUKY GRASS;LECHE COMPLETA NATULAC;3.08
3602832;2026-09-15;PTO04;SUP  LUKY GRASS;LECHE COMPLETA PASTORENA;3.05
3602831;2026-09-15;PTO04;SUP  LUKY GRASS;LECHE DESCREMADA NATULAC;3.16
3602818;2026-09-15;PTO04;SUP  LUKY GRASS;LECHE EN POLVO 200 GR LA CAMPINA;3.93
3602819;2026-09-15;PTO04;SUP  LUKY GRASS;LECHE EN POLVO 400 GR LA CAMPINA;8.55
3602820;2026-09-15;PTO04;SUP  LUKY GRASS;LECHE EN POLVO 900 GR LA CAMPINA;16.63
3602839;2026-09-15;PTO04;SUP  LUKY GRASS;MORTADELA PLUMROSE DE CARNES 1KG;3.38
3644326;2026-09-17;PTO04;SUP KOBI;LECHE COMPLETA NATULAC;2.41
3644327;2026-09-17;PTO04;SUP KOBI;LECHE COMPLETA SAN SIMON;2.58
3610979;2026-09-15;PTO04;SUP KOBI;LECHE DESCREMADA NATULAC;2.7
3610980;2026-09-15;PTO04;SUP KOBI;LECHE DESLACTOSADA NATULAC;2.71
3697171;2026-09-22;PTO04;SUP KOBI;LECHE EN POLVO 200 GR LA CAMPINA;3.89
3610970;2026-09-15;PTO04;SUP KOBI;LECHE EN POLVO 400 GR LA CAMPINA;7.85
3610971;2026-09-15;PTO04;SUP KOBI;LECHE EN POLVO 900 GR LA CAMPINA;14.81
3644340;2026-09-17;PTO04;SUP KOBI;LECHE EN POLVO 900 GR SAN SIMON;7.39
3644365;2026-09-17;PTO04;SUP KOBI;MANZANA KAITO 200ML;0.64
3644364;2026-09-17;PTO04;SUP KOBI;MANZANA NATULAC 250ML;1.34
3610985;2026-09-15;PTO04;SUP KOBI;MORTADELA PLUMROSE DE CARNES 1KG;3.19
3636733;2026-09-17;PTO04;SUP LA CASA QUN FUNG;LECHE COMPLETA NATULAC;2.94
3636734;2026-09-17;PTO04;SUP LA CASA QUN FUNG;LECHE COMPLETA PASTORENA;2.61
3636720;2026-09-17;PTO04;SUP LA CASA QUN FUNG;LECHE EN POLVO 200 GR LA CAMPINA;3.76
3636721;2026-09-17;PTO04;SUP LA CASA QUN FUNG;LECHE EN POLVO 400 GR SAN SIMON;6.34
3636735;2026-09-17;PTO04;SUP LA CASA QUN FUNG;MANZANA NATULAC 1L;2.11
3636710;2026-09-17;PTO04;SUP LA CASA QUN FUNG;MORTADELA PLUMROSE DE CARNES 1KG;3.56
3689472;2026-09-22;VLC01;KALEA VALLE;CHORIZO AHUMADO PARRILLERO MONSERRATINA;6.5
3737647;2026-09-25;VLC01;KALEA VALLE;CREMA DE LECHE DE PAISA 250GR;6.09
3737646;2026-09-25;VLC01;KALEA VALLE;CREMA DE LECHE DE PAISA 500GR;11.55
3656890;2026-09-18;VLC01;KALEA VALLE;CREMA DE LECHE QUENACA DE 500GR;13.29
3785826;2026-09-29;VLC01;KALEA VALLE;DURAZNO KAITO 200ML;3.07
3656934;2026-09-18;VLC01;KALEA VALLE;DURAZNO NATULAC 250ML;2
3785811;2026-09-29;VLC01;KALEA VALLE;LECHE COMPLETA NATULAC;2.5
3785808;2026-09-29;VLC01;KALEA VALLE;LECHE COMPLETA PASTORENA;2.49
3785812;2026-09-29;VLC01;KALEA VALLE;LECHE DESCREMADA NATULAC;2.45
3785809;2026-09-29;VLC01;KALEA VALLE;LECHE DESCREMADA PASTORENA;2.49
3785813;2026-09-29;VLC01;KALEA VALLE;LECHE DESLACTOSADA NATULAC;2.56
3785810;2026-09-29;VLC01;KALEA VALLE;LECHE DESLACTOSADA PASTORENA;2.55
3737569;2026-09-25;VLC01;KALEA VALLE;LECHE EN POLVO 200 GR LA CAMPINA;3.15
3656864;2026-09-18;VLC01;KALEA VALLE;LECHE EN POLVO 200 GR SAN SIMON;2.19
3689470;2026-09-22;VLC01;KALEA VALLE;LECHE EN POLVO 400 GR LA CAMPINA;6.45
3737570;2026-09-25;VLC01;KALEA VALLE;LECHE EN POLVO 400 GR SAN SIMON;6.45
3737571;2026-09-25;VLC01;KALEA VALLE;LECHE EN POLVO 900 GR LA CAMPINA;12.05
3737572;2026-09-25;VLC01;KALEA VALLE;LECHE EN POLVO 900 GR SAN SIMON;12.85
3785789;2026-09-29;VLC01;KALEA VALLE;MANTEQUILLA PAISA;8.55
3737637;2026-09-25;VLC01;KALEA VALLE;MANZANA FRICA 250ML;3.49
3737606;2026-09-25;VLC01;KALEA VALLE;MANZANA FRICA 500ML;1.3
3785828;2026-09-29;VLC01;KALEA VALLE;MANZANA KAITO 200ML;2.7
3656932;2026-09-18;VLC01;KALEA VALLE;MANZANA NATULAC 250ML;2
3607869;2026-09-15;VLC01;KALEA VALLE;MORTADELA PLUMROSE DE CARNES 1KG;3.99
3737636;2026-09-25;VLC01;KALEA VALLE;NARANJA FRICA 250ML;4.09
3737605;2026-09-25;VLC01;KALEA VALLE;NARANJA FRICA 500ML;2.05
3785829;2026-09-29;VLC01;KALEA VALLE;NARANJA KAITO 200ML;3.46
3656931;2026-09-18;VLC01;KALEA VALLE;NARANJA NATULAC 250ML;2.2
3737604;2026-09-25;VLC01;KALEA VALLE;NARANJA NATULAC 500ML;1.75
3737607;2026-09-25;VLC01;KALEA VALLE;PERA FRICA 500ML;1.3
3785827;2026-09-29;VLC01;KALEA VALLE;PERA KAITO 200ML;3.07
3656933;2026-09-18;VLC01;KALEA VALLE;PERA NATULAC 250ML;2
3737603;2026-09-25;VLC01;KALEA VALLE;PERA NATULAC 500ML;1.35
3474129;2026-09-01;VLC01;KALEA VALLE;PERA PASTORENA;2.8
3689400;2026-09-22;VLC01;KALEA VALLE;SALCHICHA TIPO VIENA 225GR FIESTA;3.84
3785794;2026-09-29;VLC01;KALEA VALLE;SALCHICHA TIPO VIENA 450GR FIESTA;5.85
3737582;2026-09-25;VLC01;KALEA VALLE;SALCHICHA TIPO VIENA 450GR HERMO;5.85
3785778;2026-09-29;VLC01;KALEA VALLE;TE DURAZNO 1L PASTORENA;2
3785780;2026-09-29;VLC01;KALEA VALLE;TE LIMON 1L PASTORENA;2
3792191;2026-09-30;VLC01;KOSMO NISPERO;CREMA DE LECHE DE PAISA 250GR;5.9
3669098;2026-09-21;VLC01;KOSMO NISPERO;CREMA DE LECHE DE PAISA 500GR;10.7
3669130;2026-09-21;VLC01;KOSMO NISPERO;DURAZNO NATULAC 1L;2.4
3792242;2026-09-30;VLC01;KOSMO NISPERO;LECHE COMPLETA PASTORENA;2.96
3792243;2026-09-30;VLC01;KOSMO NISPERO;LECHE DESCREMADA PASTORENA;2.66
3792244;2026-09-30;VLC01;KOSMO NISPERO;LECHE DESLACTOSADA PASTORENA;3.06
3792198;2026-09-30;VLC01;KOSMO NISPERO;LECHE EN POLVO 200 GR LA CAMPINA;3.59
3792199;2026-09-30;VLC01;KOSMO NISPERO;LECHE EN POLVO 900 GR LA CAMPINA;14.14
3792200;2026-09-30;VLC01;KOSMO NISPERO;LECHE EN POLVO 900 GR SAN SIMON;13.29
3792223;2026-09-30;VLC01;KOSMO NISPERO;MANZANA NATULAC 1L;2.4
3792210;2026-09-30;VLC01;KOSMO NISPERO;MANZANA NATULAC 250ML;0.93
3792208;2026-09-30;VLC01;KOSMO NISPERO;NARANJA NATULAC 250ML;1.01
3792222;2026-09-30;VLC01;KOSMO NISPERO;PERA NATULAC 1L;2.4
3792209;2026-09-30;VLC01;KOSMO NISPERO;PERA NATULAC 250ML;0.93
3792235;2026-09-30;VLC01;KOSMO NISPERO;SALCHICHA TIPO VIENA 225GR FIESTA;3.47
3669142;2026-09-21;VLC01;KOSMO NISPERO;SALCHICHA TIPO VIENA 450GR FIESTA;5.27
3789986;2026-09-30;VLC01;KROMI PORTACHUELA;CREMA DE LECHE DE PAISA 250GR;6.4
3474130;2026-09-02;VLC01;KROMI PORTACHUELA;DURAZNO FRICA;2.37
3474116;2026-09-02;VLC01;KROMI PORTACHUELA;DURAZNO KAITO 200ML;2.59
3728868;2026-09-24;VLC01;KROMI PORTACHUELA;DURAZNO PASTORENA;2.1
3789953;2026-09-30;VLC01;KROMI PORTACHUELA;LECHE COMPLETA NATULAC;2.7
3789956;2026-09-30;VLC01;KROMI PORTACHUELA;LECHE COMPLETA PASTORENA;2.7
3728838;2026-09-24;VLC01;KROMI PORTACHUELA;LECHE COMPLETA SAN SIMON;2.7
3789954;2026-09-30;VLC01;KROMI PORTACHUELA;LECHE DESCREMADA NATULAC;2.37
3728836;2026-09-24;VLC01;KROMI PORTACHUELA;LECHE DESCREMADA PASTORENA;2.7
3728839;2026-09-24;VLC01;KROMI PORTACHUELA;LECHE DESCREMADA SAN SIMON;2.3
3789955;2026-09-30;VLC01;KROMI PORTACHUELA;LECHE DESLACTOSADA NATULAC;2.46
3728840;2026-09-24;VLC01;KROMI PORTACHUELA;LECHE DESLACTOSADA SAN SIMON;3.53
3728895;2026-09-24;VLC01;KROMI PORTACHUELA;LECHE EN POLVO 200 GR LA CAMPINA;3.58
3728894;2026-09-24;VLC01;KROMI PORTACHUELA;LECHE EN POLVO 400 GR LA CAMPINA;8.05
3728896;2026-09-24;VLC01;KROMI PORTACHUELA;LECHE EN POLVO 900 GR LA CAMPINA;13.61
3789961;2026-09-30;VLC01;KROMI PORTACHUELA;MANTEQUILLA PAISA;9.16
3474136;2026-09-02;VLC01;KROMI PORTACHUELA;MANZANA FRICA 500ML;1.8
3789973;2026-09-30;VLC01;KROMI PORTACHUELA;MANZANA KAITO 200ML;2.59
3474124;2026-09-02;VLC01;KROMI PORTACHUELA;MANZANA PASTORENA;2.1
3474132;2026-09-02;VLC01;KROMI PORTACHUELA;NARANJA FRICA;3.91
3474134;2026-09-02;VLC01;KROMI PORTACHUELA;NARANJA FRICA 500ML;2.31
3789974;2026-09-30;VLC01;KROMI PORTACHUELA;NARANJA KAITO 200ML;2.9
3728869;2026-09-24;VLC01;KROMI PORTACHUELA;NARANJA PASTORENA;2.6
3474137;2026-09-02;VLC01;KROMI PORTACHUELA;PERA FRICA 500ML;1.33
3789971;2026-09-30;VLC01;KROMI PORTACHUELA;PERA KAITO 200ML;2.59
3474126;2026-09-02;VLC01;KROMI PORTACHUELA;PERA PASTORENA;2.1
3789988;2026-09-30;VLC01;KROMI PORTACHUELA;SALCHICHA TIPO VIENA 225GR FIESTA;3.8
3789987;2026-09-30;VLC01;KROMI PORTACHUELA;SALCHICHA TIPO VIENA 450GR FIESTA;5.65
3474117;2026-09-02;VLC01;KROMI PORTACHUELA;TE DURAZNO 1L PASTORENA;2.1
3789975;2026-09-30;VLC01;KROMI PORTACHUELA;TE LIMON 1L PARMALAT;2.8
3474120;2026-09-02;VLC01;KROMI PORTACHUELA;TE LIMON 1L PASTORENA;2.1
3770587;2026-09-28;VLC01;KROMI PREBO;CREMA DE LECHE DE PAISA 250GR;6.4
3770588;2026-09-28;VLC01;KROMI PREBO;CREMA DE LECHE DE PAISA 500GR;11.3
3682267;2026-09-21;VLC01;KROMI PREBO;CREMA DE LECHE QUENACA DE 500GR;11.7
3682369;2026-09-21;VLC01;KROMI PREBO;DURAZNO FRICA;2.37
3682387;2026-09-21;VLC01;KROMI PREBO;DURAZNO FRICA 250ML;3.48
3682382;2026-09-21;VLC01;KROMI PREBO;DURAZNO KAITO 200ML;2.59
3682354;2026-09-21;VLC01;KROMI PREBO;DURAZNO NATULAC 1L;2.2
3682385;2026-09-21;VLC01;KROMI PREBO;DURAZNO NATULAC 250ML;3.2
3682349;2026-09-21;VLC01;KROMI PREBO;DURAZNO PASTORENA;2.1
3682336;2026-09-21;VLC01;KROMI PREBO;JAMON PIERNA MILLENIUM 98%;10.81
3799907;2026-09-30;VLC01;KROMI PREBO;JAMON PIERNA PLUMROSE 98%;15.5
3682319;2026-09-21;VLC01;KROMI PREBO;LECHE COMPLETA NATULAC;2.7
3682316;2026-09-21;VLC01;KROMI PREBO;LECHE COMPLETA PASTORENA;2.7
3682313;2026-09-21;VLC01;KROMI PREBO;LECHE COMPLETA SAN SIMON;2.7
3682320;2026-09-21;VLC01;KROMI PREBO;LECHE DESCREMADA NATULAC;2.6
3682317;2026-09-21;VLC01;KROMI PREBO;LECHE DESCREMADA PASTORENA;2.7
3682314;2026-09-21;VLC01;KROMI PREBO;LECHE DESCREMADA SAN SIMON;2.71
3682321;2026-09-21;VLC01;KROMI PREBO;LECHE DESLACTOSADA NATULAC;2.7
3682318;2026-09-21;VLC01;KROMI PREBO;LECHE DESLACTOSADA PASTORENA;2.8
3682315;2026-09-21;VLC01;KROMI PREBO;LECHE DESLACTOSADA SAN SIMON;3.53
3682297;2026-09-21;VLC01;KROMI PREBO;LECHE EN POLVO 200 GR LA CAMPINA;2.58
3682296;2026-09-21;VLC01;KROMI PREBO;LECHE EN POLVO 400 GR LA CAMPINA;6.95
3682299;2026-09-21;VLC01;KROMI PREBO;LECHE EN POLVO 400 GR SAN SIMON;4.95
3682295;2026-09-21;VLC01;KROMI PREBO;LECHE EN POLVO 900 GR LA CAMPINA;13.61
3682298;2026-09-21;VLC01;KROMI PREBO;LECHE EN POLVO 900 GR SAN SIMON;13.49
3770575;2026-09-28;VLC01;KROMI PREBO;MANTEQUILLA PAISA;9.16
3770576;2026-09-28;VLC01;KROMI PREBO;MANTEQUILLA PAISA SIN SAL;8.83
3682367;2026-09-21;VLC01;KROMI PREBO;MANZANA FRICA;2.37
3682389;2026-09-21;VLC01;KROMI PREBO;MANZANA FRICA 250ML;3.48
3682380;2026-09-21;VLC01;KROMI PREBO;MANZANA KAITO 200ML;2.59
3651035;2026-09-17;VLC01;KROMI PREBO;MANZANA LIGTH NATULAC 1L;2.4
3682352;2026-09-21;VLC01;KROMI PREBO;MANZANA NATULAC 1L;2.2
3682384;2026-09-21;VLC01;KROMI PREBO;MANZANA NATULAC 250ML;3.2
3510189;2026-09-04;VLC01;KROMI PREBO;MANZANA PASTORENA;2.1
3770589;2026-09-28;VLC01;KROMI PREBO;MORTADELA PLUMROSE DE CARNES 1KG;4.05
3799908;2026-09-30;VLC01;KROMI PREBO;MORTADELA TAPARA RICCI;14.97
3682368;2026-09-21;VLC01;KROMI PREBO;NARANJA FRICA;3.91
3682390;2026-09-21;VLC01;KROMI PREBO;NARANJA FRICA 250ML;4.62
3682381;2026-09-21;VLC01;KROMI PREBO;NARANJA KAITO 200ML;2.9
3682351;2026-09-21;VLC01;KROMI PREBO;NARANJA NATULAC 1L;2.8
3682383;2026-09-21;VLC01;KROMI PREBO;NARANJA NATULAC 250ML;3.8
3682350;2026-09-21;VLC01;KROMI PREBO;NARANJA PASTORENA;2.6
3682370;2026-09-21;VLC01;KROMI PREBO;PERA FRICA;2.37
3682388;2026-09-21;VLC01;KROMI PREBO;PERA FRICA 250ML;3.1
3682379;2026-09-21;VLC01;KROMI PREBO;PERA KAITO 200ML;2.59
3651036;2026-09-17;VLC01;KROMI PREBO;PERA LIGHT NATULAC 1L;2.4
3682353;2026-09-21;VLC01;KROMI PREBO;PERA NATULAC 1L;2.2
3682386;2026-09-21;VLC01;KROMI PREBO;PERA NATULAC 250ML;3.2
3682348;2026-09-21;VLC01;KROMI PREBO;PERA PASTORENA;2.1
3770578;2026-09-28;VLC01;KROMI PREBO;SALCHICHA TIPO VIENA 225GR FIESTA;3.8
3770577;2026-09-28;VLC01;KROMI PREBO;SALCHICHA TIPO VIENA 450GR FIESTA;5.85
3682344;2026-09-21;VLC01;KROMI PREBO;TE DURAZNO 1L PARMALAT;2.6
3682346;2026-09-21;VLC01;KROMI PREBO;TE DURAZNO 1L PASTORENA;2.1
3682345;2026-09-21;VLC01;KROMI PREBO;TE LIMON 1L PARMALAT;2.8
3682347;2026-09-21;VLC01;KROMI PREBO;TE LIMON 1L PASTORENA;2.1
3799909;2026-09-30;VLC01;KROMI PREBO;TOCINETA AHUMADA PLUMROSE;20.65
3653451;2026-09-18;VLC01;LUXOR EL BOSQUE;DURAZNO FRICA;2.48
3729175;2026-09-24;VLC01;LUXOR EL BOSQUE;DURAZNO FRICA 250ML;3.29
3729156;2026-09-24;VLC01;LUXOR EL BOSQUE;DURAZNO KAITO 200ML;3.02
3729148;2026-09-24;VLC01;LUXOR EL BOSQUE;DURAZNO NATULAC 250ML;2.84
3728947;2026-09-24;VLC01;LUXOR EL BOSQUE;JAMON PIERNA PLUMROSE 98%;9.95
3728953;2026-09-24;VLC01;LUXOR EL BOSQUE;LECHE COMPLETA NATULAC;2.53
3728956;2026-09-24;VLC01;LUXOR EL BOSQUE;LECHE COMPLETA PASTORENA;2.65
3728959;2026-09-24;VLC01;LUXOR EL BOSQUE;LECHE DESCREMADA NATULAC;2.46
3728965;2026-09-24;VLC01;LUXOR EL BOSQUE;LECHE DESCREMADA SAN SIMON;2.29
3728962;2026-09-24;VLC01;LUXOR EL BOSQUE;LECHE DESLACTOSADA NATULAC;2.6
3653466;2026-09-18;VLC01;LUXOR EL BOSQUE;LECHE DESLACTOSADA PASTORENA;2.71
3729011;2026-09-24;VLC01;LUXOR EL BOSQUE;MANTEQUILLA PAISA;9.16
3729168;2026-09-24;VLC01;LUXOR EL BOSQUE;MANZANA FRICA 250ML;3.29
3729112;2026-09-24;VLC01;LUXOR EL BOSQUE;MANZANA FRICA 500ML;1.4
3729162;2026-09-24;VLC01;LUXOR EL BOSQUE;MANZANA KAITO 200ML;3.02
3729118;2026-09-24;VLC01;LUXOR EL BOSQUE;MANZANA NATULAC 1L;2.18
3729172;2026-09-24;VLC01;LUXOR EL BOSQUE;NARANJA FRICA 250ML;4.4
3729110;2026-09-24;VLC01;LUXOR EL BOSQUE;NARANJA FRICA 500ML;2.18
3729159;2026-09-24;VLC01;LUXOR EL BOSQUE;NARANJA KAITO 200ML;3.36
3729153;2026-09-24;VLC01;LUXOR EL BOSQUE;NARANJA NATULAC 250ML;3.16
3729104;2026-09-24;VLC01;LUXOR EL BOSQUE;PERA FRICA;2.48
3729115;2026-09-24;VLC01;LUXOR EL BOSQUE;PERA FRICA 500ML;1.4
3729165;2026-09-24;VLC01;LUXOR EL BOSQUE;PERA KAITO 200ML;3.02
3729121;2026-09-24;VLC01;LUXOR EL BOSQUE;PERA NATULAC 1L;2.18
3729150;2026-09-24;VLC01;LUXOR EL BOSQUE;PERA NATULAC 250ML;2.84
3729107;2026-09-24;VLC01;LUXOR EL BOSQUE;PERA PASTORENA;2.66
3730811;2026-09-24;VLC02;GRANJA MANONGO;DURAZNO KAITO 200ML;0.73
3730814;2026-09-24;VLC02;GRANJA MANONGO;DURAZNO NATULAC 1L;2.8
3730812;2026-09-24;VLC02;GRANJA MANONGO;MANZANA KAITO 200ML;0.73
3730810;2026-09-24;VLC02;GRANJA MANONGO;NARANJA KAITO 200ML;0.81
3730813;2026-09-24;VLC02;GRANJA MANONGO;PERA KAITO 200ML;0.73
3730809;2026-09-24;VLC02;GRANJA MANONGO;SALCHICHA TIPO VIENA 800GR FIESTA;4.9
3713664;2026-09-23;VLC02;KALEA  LA GRANJA;CREMA DE LECHE DE PAISA 250GR;6.09
3713663;2026-09-23;VLC02;KALEA  LA GRANJA;CREMA DE LECHE DE PAISA 500GR;11.55
3713638;2026-09-23;VLC02;KALEA  LA GRANJA;DURAZNO KAITO 200ML;2.97
3713654;2026-09-23;VLC02;KALEA  LA GRANJA;DURAZNO NATULAC 1L;2.15
3713658;2026-09-23;VLC02;KALEA  LA GRANJA;DURAZNO PASTORENA;2
3713642;2026-09-23;VLC02;KALEA  LA GRANJA;LECHE COMPLETA PASTORENA;2.49
3713641;2026-09-23;VLC02;KALEA  LA GRANJA;LECHE DESCREMADA NATULAC;2.45
3713643;2026-09-23;VLC02;KALEA  LA GRANJA;LECHE DESCREMADA PASTORENA;2.49
3713644;2026-09-23;VLC02;KALEA  LA GRANJA;LECHE DESLACTOSADA PASTORENA;2.55
3713662;2026-09-23;VLC02;KALEA  LA GRANJA;MANTEQUILLA PAISA;7.69
3713646;2026-09-23;VLC02;KALEA  LA GRANJA;MANZANA FRICA;2.3
3713647;2026-09-23;VLC02;KALEA  LA GRANJA;MANZANA FRICA 500ML;2
3713639;2026-09-23;VLC02;KALEA  LA GRANJA;MANZANA KAITO 200ML;2.97
3713652;2026-09-23;VLC02;KALEA  LA GRANJA;MANZANA LIGTH NATULAC 1L;2.39
3713650;2026-09-23;VLC02;KALEA  LA GRANJA;MANZANA NATULAC 500ML;1.35
3713657;2026-09-23;VLC02;KALEA  LA GRANJA;MANZANA PASTORENA;2
3713645;2026-09-23;VLC02;KALEA  LA GRANJA;NARANJA FRICA;3.39
3713637;2026-09-23;VLC02;KALEA  LA GRANJA;NARANJA KAITO 200ML;3.45
3713649;2026-09-23;VLC02;KALEA  LA GRANJA;NARANJA NATULAC 500ML;1.9
3713656;2026-09-23;VLC02;KALEA  LA GRANJA;NARANJA PASTORENA;2.51
3713648;2026-09-23;VLC02;KALEA  LA GRANJA;PERA FRICA 500ML;1.3
3713640;2026-09-23;VLC02;KALEA  LA GRANJA;PERA KAITO 200ML;3.07
3713653;2026-09-23;VLC02;KALEA  LA GRANJA;PERA LIGHT NATULAC 1L;2.39
3713655;2026-09-23;VLC02;KALEA  LA GRANJA;PERA NATULAC 1L;2.15
3713651;2026-09-23;VLC02;KALEA  LA GRANJA;PERA NATULAC 500ML;1.35
3713659;2026-09-23;VLC02;KALEA  LA GRANJA;PERA PASTORENA;2
3713660;2026-09-23;VLC02;KALEA  LA GRANJA;TE DURAZNO 1L PASTORENA;2.6
3713661;2026-09-23;VLC02;KALEA  LA GRANJA;TE LIMON 1L PASTORENA;2.6
3734038;2026-09-24;VLC02;KROMI MANONGO;CREMA DE LECHE DE PAISA 250GR;6.4
3734037;2026-09-24;VLC02;KROMI MANONGO;CREMA DE LECHE DE PAISA 500GR;11.65
3734027;2026-09-24;VLC02;KROMI MANONGO;DURAZNO KAITO 200ML;2.59
3734022;2026-09-24;VLC02;KROMI MANONGO;DURAZNO NATULAC 1L;2.2
3734035;2026-09-24;VLC02;KROMI MANONGO;JAMON ESTANDAR MILLENIUM  5.9kg;7.16
3734032;2026-09-24;VLC02;KROMI MANONGO;LECHE COMPLETA NATULAC;2.7
3734033;2026-09-24;VLC02;KROMI MANONGO;LECHE DESCREMADA NATULAC;2.7
3734034;2026-09-24;VLC02;KROMI MANONGO;LECHE DESLACTOSADA NATULAC;2.6
3734036;2026-09-24;VLC02;KROMI MANONGO;MANTEQUILLA PAISA;9.16
3734028;2026-09-24;VLC02;KROMI MANONGO;MANZANA KAITO 200ML;2.59
3734020;2026-09-24;VLC02;KROMI MANONGO;MANZANA LIGTH NATULAC 1L;2.4
3734023;2026-09-24;VLC02;KROMI MANONGO;MANZANA NATULAC 1L;2.2
3734026;2026-09-24;VLC02;KROMI MANONGO;NARANJA KAITO 200ML;2.9
3734024;2026-09-24;VLC02;KROMI MANONGO;NARANJA NATULAC 1L;2.8
3734029;2026-09-24;VLC02;KROMI MANONGO;PERA KAITO 200ML;2.59
3734021;2026-09-24;VLC02;KROMI MANONGO;PERA LIGHT NATULAC 1L;2.4
3734025;2026-09-24;VLC02;KROMI MANONGO;PERA NATULAC 1L;2.2
3734030;2026-09-24;VLC02;KROMI MANONGO;TE DURAZNO 1L PARMALAT;2.3
3734031;2026-09-24;VLC02;KROMI MANONGO;TE LIMON 1L PARMALAT;2.8
3670757;2026-09-21;VLC02;KROMI NORTE;CREMA DE LECHE DE PAISA 250GR;6.4
3670756;2026-09-21;VLC02;KROMI NORTE;CREMA DE LECHE DE PAISA 500GR;11.65
3670771;2026-09-21;VLC02;KROMI NORTE;DURAZNO FRICA 250ML;3.48
3670761;2026-09-21;VLC02;KROMI NORTE;LECHE COMPLETA NATULAC;2.7
3670766;2026-09-21;VLC02;KROMI NORTE;LECHE COMPLETA SAN SIMON;2.7
3670762;2026-09-21;VLC02;KROMI NORTE;LECHE DESCREMADA NATULAC;2.6
3670764;2026-09-21;VLC02;KROMI NORTE;LECHE DESCREMADA PASTORENA;2.7
3670767;2026-09-21;VLC02;KROMI NORTE;LECHE DESCREMADA SAN SIMON;2.71
3670763;2026-09-21;VLC02;KROMI NORTE;LECHE DESLACTOSADA NATULAC;2.7
3670765;2026-09-21;VLC02;KROMI NORTE;LECHE DESLACTOSADA PASTORENA;2.8
3670768;2026-09-21;VLC02;KROMI NORTE;LECHE DESLACTOSADA SAN SIMON;3.53
3670755;2026-09-21;VLC02;KROMI NORTE;MANTEQUILLA PAISA;9.16
3670772;2026-09-21;VLC02;KROMI NORTE;MANZANA FRICA 250ML;3.48
3670776;2026-09-21;VLC02;KROMI NORTE;MANZANA KAITO 200ML;2.59
3670778;2026-09-21;VLC02;KROMI NORTE;MANZANA LIGTH NATULAC 1L;2.4
3670779;2026-09-21;VLC02;KROMI NORTE;MANZANA NATULAC 1L;2.2
3670769;2026-09-21;VLC02;KROMI NORTE;NARANJA FRICA;3.91
3670770;2026-09-21;VLC02;KROMI NORTE;NARANJA FRICA 250ML;4.62
3670775;2026-09-21;VLC02;KROMI NORTE;NARANJA KAITO 200ML;2.9
3670780;2026-09-21;VLC02;KROMI NORTE;NARANJA NATULAC 1L;2.8
3670786;2026-09-21;VLC02;KROMI NORTE;NARANJA PASTORENA;2.6
3670773;2026-09-21;VLC02;KROMI NORTE;PERA FRICA 250ML;3.47
3670777;2026-09-21;VLC02;KROMI NORTE;PERA KAITO 200ML;2.59
3670781;2026-09-21;VLC02;KROMI NORTE;PERA NATULAC 1L;2.2
3670787;2026-09-21;VLC02;KROMI NORTE;PERA PASTORENA;2.1
3670760;2026-09-21;VLC02;KROMI NORTE;SALCHICHA TIPO VIENA 225GR FIESTA;1.45
3670759;2026-09-21;VLC02;KROMI NORTE;SALCHICHA TIPO VIENA 450GR FIESTA;3.75
3670758;2026-09-21;VLC02;KROMI NORTE;SALCHICHA TIPO VIENA 800GR FIESTA;5.65
3670782;2026-09-21;VLC02;KROMI NORTE;TE DURAZNO 1L PARMALAT;2.6
3670784;2026-09-21;VLC02;KROMI NORTE;TE DURAZNO 1L PASTORENA;2.1
3670783;2026-09-21;VLC02;KROMI NORTE;TE LIMON 1L PARMALAT;2.8
3670785;2026-09-21;VLC02;KROMI NORTE;TE LIMON 1L PASTORENA;2.1
3766591;2026-09-28;VLC03;BALY S  PARQUE VALENCIA;CREMA DE LECHE DE PAISA 250GR;6.1
3766590;2026-09-28;VLC03;BALY S  PARQUE VALENCIA;CREMA DE LECHE DE PAISA 500GR;10.5
3766570;2026-09-28;VLC03;BALY S  PARQUE VALENCIA;DURAZNO KAITO 200ML;0.78
3766544;2026-09-28;VLC03;BALY S  PARQUE VALENCIA;DURAZNO NATULAC 1L;2.08
3679440;2026-09-21;VLC03;BALY S  PARQUE VALENCIA;JAMON ESTANDAR MILLENIUM  5.9kg;6.59
3766509;2026-09-28;VLC03;BALY S  PARQUE VALENCIA;LECHE COMPLETA NATULAC;2.26
3766511;2026-09-28;VLC03;BALY S  PARQUE VALENCIA;LECHE DESCREMADA NATULAC;2.33
3766513;2026-09-28;VLC03;BALY S  PARQUE VALENCIA;LECHE DESLACTOSADA NATULAC;2.33
3766585;2026-09-28;VLC03;BALY S  PARQUE VALENCIA;MANTEQUILLA PAISA;7.82
3766571;2026-09-28;VLC03;BALY S  PARQUE VALENCIA;MANZANA KAITO 200ML;0.86
3766546;2026-09-28;VLC03;BALY S  PARQUE VALENCIA;MANZANA NATULAC 1L;2.08
3766569;2026-09-28;VLC03;BALY S  PARQUE VALENCIA;NARANJA KAITO 200ML;0.9
3766547;2026-09-28;VLC03;BALY S  PARQUE VALENCIA;NARANJA NATULAC 1L;2.64
3766572;2026-09-28;VLC03;BALY S  PARQUE VALENCIA;PERA KAITO 200ML;0.86
3766549;2026-09-28;VLC03;BALY S  PARQUE VALENCIA;PERA NATULAC 1L;2.08
3766592;2026-09-28;VLC03;BALY S  PARQUE VALENCIA;SALCHICHA TIPO VIENA 225GR HERMO;3.25
3766551;2026-09-28;VLC03;BALY S  PARQUE VALENCIA;TE DURAZNO 1L PARMALAT;2.13
3766553;2026-09-28;VLC03;BALY S  PARQUE VALENCIA;TE LIMON 1L PARMALAT;2.13
3770688;2026-09-29;VLC03;BALYS GUAYOS GUACARA;CREMA DE LECHE DE PAISA 250GR;5.05
3770687;2026-09-29;VLC03;BALYS GUAYOS GUACARA;CREMA DE LECHE DE PAISA 500GR;9.18
3770654;2026-09-29;VLC03;BALYS GUAYOS GUACARA;DURAZNO KAITO 200ML;2.19
3684574;2026-09-22;VLC03;BALYS GUAYOS GUACARA;DURAZNO NATULAC 1L;2.32
3770675;2026-09-29;VLC03;BALYS GUAYOS GUACARA;JAMON ESTANDAR MILLENIUM  5.9kg;6.6
3770663;2026-09-29;VLC03;BALYS GUAYOS GUACARA;LECHE COMPLETA NATULAC;2.26
3684594;2026-09-22;VLC03;BALYS GUAYOS GUACARA;LECHE COMPLETA SAN SIMON;2.31
3770664;2026-09-29;VLC03;BALYS GUAYOS GUACARA;LECHE DESCREMADA NATULAC;2.2
3684595;2026-09-22;VLC03;BALYS GUAYOS GUACARA;LECHE DESCREMADA SAN SIMON;2.31
3770665;2026-09-29;VLC03;BALYS GUAYOS GUACARA;LECHE DESLACTOSADA NATULAC;2.33
3684596;2026-09-22;VLC03;BALYS GUAYOS GUACARA;LECHE DESLACTOSADA SAN SIMON;2.32
3554091;2026-09-10;VLC03;BALYS GUAYOS GUACARA;LECHE EN POLVO 200 GR LA CAMPINA;3.16
3554088;2026-09-10;VLC03;BALYS GUAYOS GUACARA;LECHE EN POLVO 200 GR SAN SIMON;1.97
3554090;2026-09-10;VLC03;BALYS GUAYOS GUACARA;LECHE EN POLVO 400 GR LA CAMPINA;6.58
3554087;2026-09-10;VLC03;BALYS GUAYOS GUACARA;LECHE EN POLVO 400 GR SAN SIMON;5.72
3554089;2026-09-10;VLC03;BALYS GUAYOS GUACARA;LECHE EN POLVO 900 GR LA CAMPINA;12.44
3554086;2026-09-10;VLC03;BALYS GUAYOS GUACARA;LECHE EN POLVO 900 GR SAN SIMON;11.09
3770674;2026-09-29;VLC03;BALYS GUAYOS GUACARA;MANTEQUILLA PAISA;6.74
3770655;2026-09-29;VLC03;BALYS GUAYOS GUACARA;MANZANA KAITO 200ML;2.19
3770642;2026-09-29;VLC03;BALYS GUAYOS GUACARA;MANZANA NATULAC 1L;2.32
3770653;2026-09-29;VLC03;BALYS GUAYOS GUACARA;NARANJA KAITO 200ML;2.51
3770643;2026-09-29;VLC03;BALYS GUAYOS GUACARA;NARANJA NATULAC 1L;2.9
3770656;2026-09-29;VLC03;BALYS GUAYOS GUACARA;PERA KAITO 200ML;2.37
3770644;2026-09-29;VLC03;BALYS GUAYOS GUACARA;PERA NATULAC 1L;2.32
3770682;2026-09-29;VLC03;BALYS GUAYOS GUACARA;SALCHICHA TIPO VIENA 225GR FIESTA;3.21
3770640;2026-09-29;VLC03;BALYS GUAYOS GUACARA;TE DURAZNO 1L PARMALAT;2.13
3770641;2026-09-29;VLC03;BALYS GUAYOS GUACARA;TE LIMON 1L PARMALAT;2.13
3779606;2026-09-29;VLC03;CATANIA GUACARA;CREMA DE LECHE DE PAISA 250GR;6.01
3779605;2026-09-29;VLC03;CATANIA GUACARA;CREMA DE LECHE DE PAISA 500GR;10.92
3725723;2026-09-24;VLC03;CATANIA GUACARA;DURAZNO KAITO 200ML;2.51
3779645;2026-09-29;VLC03;CATANIA GUACARA;DURAZNO NATULAC 1L;2.15
3779627;2026-09-29;VLC03;CATANIA GUACARA;HUEVO TIPO  GRANEL 30 UND PUROVO;6.2
3779567;2026-09-29;VLC03;CATANIA GUACARA;JAMON DE ESPALDA FIESTA 4.4KG;12.1
3725645;2026-09-24;VLC03;CATANIA GUACARA;JAMON ESTANDAR FIESTA  5.9kg;12.1
3725650;2026-09-24;VLC03;CATANIA GUACARA;JAMON PIERNA MILLENIUM 98%;13.95
3725702;2026-09-24;VLC03;CATANIA GUACARA;LECHE COMPLETA NATULAC;2.08
3779615;2026-09-29;VLC03;CATANIA GUACARA;LECHE COMPLETA SAN SIMON;2.39
3725703;2026-09-24;VLC03;CATANIA GUACARA;LECHE DESCREMADA NATULAC;2.08
3779616;2026-09-29;VLC03;CATANIA GUACARA;LECHE DESCREMADA SAN SIMON;2.29
3725704;2026-09-24;VLC03;CATANIA GUACARA;LECHE DESLACTOSADA NATULAC;2.08
3779617;2026-09-29;VLC03;CATANIA GUACARA;LECHE DESLACTOSADA SAN SIMON;2.29
3779625;2026-09-29;VLC03;CATANIA GUACARA;LECHE EN POLVO 200 GR LA CAMPINA;3.49
3779623;2026-09-29;VLC03;CATANIA GUACARA;LECHE EN POLVO 200 GR SAN SIMON;2.29
3779624;2026-09-29;VLC03;CATANIA GUACARA;LECHE EN POLVO 400 GR LA CAMPINA;6.59
3779622;2026-09-29;VLC03;CATANIA GUACARA;LECHE EN POLVO 400 GR SAN SIMON;5.79
3561673;2026-09-10;VLC03;CATANIA GUACARA;LECHE EN POLVO 900 GR LA CAMPINA;11.49
3561670;2026-09-10;VLC03;CATANIA GUACARA;LECHE EN POLVO 900 GR SAN SIMON;11.59
3779600;2026-09-29;VLC03;CATANIA GUACARA;MANTEQUILLA PAISA;9.16
3725724;2026-09-24;VLC03;CATANIA GUACARA;MANZANA KAITO 200ML;2.66
3779646;2026-09-29;VLC03;CATANIA GUACARA;MANZANA NATULAC 1L;2.15
3779591;2026-09-29;VLC03;CATANIA GUACARA;MORTADELA PLUMROSE DE CARNES 1KG;2.49
3725722;2026-09-24;VLC03;CATANIA GUACARA;NARANJA KAITO 200ML;2.96
3779647;2026-09-29;VLC03;CATANIA GUACARA;NARANJA NATULAC 1L;2.7
3725725;2026-09-24;VLC03;CATANIA GUACARA;PERA KAITO 200ML;2.66
3779644;2026-09-29;VLC03;CATANIA GUACARA;PERA LIGHT NATULAC 1L;2.33
3779648;2026-09-29;VLC03;CATANIA GUACARA;PERA NATULAC 1L;2.15
3779589;2026-09-29;VLC03;CATANIA GUACARA;SALCHICHA TIPO VIENA 225GR FIESTA;3.69
3779590;2026-09-29;VLC03;CATANIA GUACARA;SALCHICHA TIPO VIENA 450GR FIESTA;5.46
3725730;2026-09-24;VLC03;CATANIA GUACARA;TE DURAZNO 1L PARMALAT;2.31
3779649;2026-09-29;VLC03;CATANIA GUACARA;TE LIMON 1L PARMALAT;2.77
3779594;2026-09-29;VLC03;CATANIA GUACARA;TOCINETA AHUMADA PLUMROSE;24.22
3766419;2026-09-28;VLC03;CATANIA LA ISABELICA;CREMA DE LECHE DE PAISA 250GR;6.01
3766418;2026-09-28;VLC03;CATANIA LA ISABELICA;CREMA DE LECHE DE PAISA 500GR;10.56
3766457;2026-09-28;VLC03;CATANIA LA ISABELICA;DURAZNO KAITO 200ML;2.92
3766470;2026-09-28;VLC03;CATANIA LA ISABELICA;DURAZNO NATULAC 1L;2.15
3712471;2026-09-23;VLC03;CATANIA LA ISABELICA;HUEVO TIPO  GRANEL 30 UND PUROVO;3.1
3766386;2026-09-28;VLC03;CATANIA LA ISABELICA;JAMON DE ESPALDA FIESTA 4.4KG;12.1
3712426;2026-09-23;VLC03;CATANIA LA ISABELICA;JAMON DE ESPALDA LEYTON 4.4KG;7.91
3766380;2026-09-28;VLC03;CATANIA LA ISABELICA;JAMON ESTANDAR FIESTA  5.9kg;12.1
3766381;2026-09-28;VLC03;CATANIA LA ISABELICA;JAMON PIERNA PLUMROSE 98%;16.11
3712510;2026-09-23;VLC03;CATANIA LA ISABELICA;LECHE COMPLETA NATULAC;2.08
3712513;2026-09-23;VLC03;CATANIA LA ISABELICA;LECHE COMPLETA PASTORENA;2.19
3766490;2026-09-28;VLC03;CATANIA LA ISABELICA;LECHE COMPLETA SAN SIMON;2.39
3712511;2026-09-23;VLC03;CATANIA LA ISABELICA;LECHE DESCREMADA NATULAC;2.08
3712514;2026-09-23;VLC03;CATANIA LA ISABELICA;LECHE DESCREMADA PASTORENA;2.19
3766491;2026-09-28;VLC03;CATANIA LA ISABELICA;LECHE DESCREMADA SAN SIMON;2.29
3712512;2026-09-23;VLC03;CATANIA LA ISABELICA;LECHE DESLACTOSADA NATULAC;2.09
3712515;2026-09-23;VLC03;CATANIA LA ISABELICA;LECHE DESLACTOSADA PASTORENA;2.29
3766492;2026-09-28;VLC03;CATANIA LA ISABELICA;LECHE DESLACTOSADA SAN SIMON;2.29
3766481;2026-09-28;VLC03;CATANIA LA ISABELICA;LECHE EN POLVO 200 GR LA CAMPINA;3.49
3766479;2026-09-28;VLC03;CATANIA LA ISABELICA;LECHE EN POLVO 200 GR SAN SIMON;2.29
3766480;2026-09-28;VLC03;CATANIA LA ISABELICA;LECHE EN POLVO 400 GR LA CAMPINA;6.59
3766478;2026-09-28;VLC03;CATANIA LA ISABELICA;LECHE EN POLVO 400 GR SAN SIMON;5.79
3580407;2026-09-11;VLC03;CATANIA LA ISABELICA;LECHE EN POLVO 900 GR LA CAMPINA;11.49
3580404;2026-09-11;VLC03;CATANIA LA ISABELICA;LECHE EN POLVO 900 GR SAN SIMON;11.59
3766427;2026-09-28;VLC03;CATANIA LA ISABELICA;MANTEQUILLA PAISA;9.16
3766458;2026-09-28;VLC03;CATANIA LA ISABELICA;MANZANA KAITO 200ML;2.92
3766471;2026-09-28;VLC03;CATANIA LA ISABELICA;MANZANA NATULAC 1L;2.15
3766431;2026-09-28;VLC03;CATANIA LA ISABELICA;MORTADELA PLUMROSE DE CARNES 1KG;2.79
3766456;2026-09-28;VLC03;CATANIA LA ISABELICA;NARANJA KAITO 200ML;3.25
3766472;2026-09-28;VLC03;CATANIA LA ISABELICA;NARANJA NATULAC 1L;2.7
3766459;2026-09-28;VLC03;CATANIA LA ISABELICA;PERA KAITO 200ML;2.92
3766473;2026-09-28;VLC03;CATANIA LA ISABELICA;PERA NATULAC 1L;2.15
3766438;2026-09-28;VLC03;CATANIA LA ISABELICA;SALCHICHA TIPO VIENA 225GR FIESTA;3.69
3766439;2026-09-28;VLC03;CATANIA LA ISABELICA;SALCHICHA TIPO VIENA 225GR PLUMROSE;6.57
3712466;2026-09-23;VLC03;CATANIA LA ISABELICA;SALCHICHA TIPO VIENA 450GR FIESTA;5.46
3766460;2026-09-28;VLC03;CATANIA LA ISABELICA;TE DURAZNO 1L PARMALAT;2.77
3766461;2026-09-28;VLC03;CATANIA LA ISABELICA;TE LIMON 1L PARMALAT;2.77
3766395;2026-09-28;VLC03;CATANIA LA ISABELICA;TOCINETA AHUMADA PLUMROSE;25.5
3791398;2026-09-30;VLC03;EUROMAXX PLUS;CREMA DE LECHE DE PAISA 250GR;6.6
3791397;2026-09-30;VLC03;EUROMAXX PLUS;CREMA DE LECHE DE PAISA 500GR;11.98
3791422;2026-09-30;VLC03;EUROMAXX PLUS;DURAZNO KAITO 200ML;3.02
3791414;2026-09-30;VLC03;EUROMAXX PLUS;JAMON PIERNA PLUMROSE 98%;9.95
3791468;2026-09-30;VLC03;EUROMAXX PLUS;LECHE COMPLETA NATULAC;2.53
3791466;2026-09-30;VLC03;EUROMAXX PLUS;LECHE DESCREMADA NATULAC;2.46
3791467;2026-09-30;VLC03;EUROMAXX PLUS;LECHE DESLACTOSADA NATULAC;2.6
3791391;2026-09-30;VLC03;EUROMAXX PLUS;MANTEQUILLA PAISA;9.17
3791392;2026-09-30;VLC03;EUROMAXX PLUS;MANTEQUILLA PAISA SIN SAL;5.56
3791443;2026-09-30;VLC03;EUROMAXX PLUS;MANZANA LIGTH NATULAC 1L;2.31
3791445;2026-09-30;VLC03;EUROMAXX PLUS;MANZANA NATULAC 1L;2.18
3791421;2026-09-30;VLC03;EUROMAXX PLUS;NARANJA KAITO 200ML;3.36
3791446;2026-09-30;VLC03;EUROMAXX PLUS;NARANJA NATULAC 1L;2.6
3791423;2026-09-30;VLC03;EUROMAXX PLUS;PERA KAITO 200ML;3.02
3791444;2026-09-30;VLC03;EUROMAXX PLUS;PERA LIGHT NATULAC 1L;2.31
3791447;2026-09-30;VLC03;EUROMAXX PLUS;PERA NATULAC 1L;2.18
3791410;2026-09-30;VLC03;EUROMAXX PLUS;SALCHICHA TIPO VIENA 225GR HERMO;4.42
3791411;2026-09-30;VLC03;EUROMAXX PLUS;SALCHICHA TIPO VIENA 450GR HERMO;6.86
3766536;2026-09-28;VLC03;HIPER LIDER FLOR AMARILLO;DURAZNO NATULAC 1L;2.53
3766518;2026-09-28;VLC03;HIPER LIDER FLOR AMARILLO;LECHE COMPLETA NATULAC;2.25
3766556;2026-09-28;VLC03;HIPER LIDER FLOR AMARILLO;LECHE DESCREMADA NATULAC;2.48
3766558;2026-09-28;VLC03;HIPER LIDER FLOR AMARILLO;LECHE DESLACTOSADA NATULAC;2.6
3766502;2026-09-28;VLC03;HIPER LIDER FLOR AMARILLO;LECHE EN POLVO 900 GR LA CAMPINA;14.54
3766500;2026-09-28;VLC03;HIPER LIDER FLOR AMARILLO;LECHE EN POLVO 900 GR SAN SIMON;12.05
3766538;2026-09-28;VLC03;HIPER LIDER FLOR AMARILLO;MANZANA NATULAC 1L;2.33
3766540;2026-09-28;VLC03;HIPER LIDER FLOR AMARILLO;PERA NATULAC 1L;2.33
3792309;2026-09-30;VLC03;HIPER LIDER SAN DIEGO;DURAZNO NATULAC 1L;2.33
3792326;2026-09-30;VLC03;HIPER LIDER SAN DIEGO;LECHE COMPLETA NATULAC;2.25
3792327;2026-09-30;VLC03;HIPER LIDER SAN DIEGO;LECHE DESLACTOSADA NATULAC;2.6
3792328;2026-09-30;VLC03;HIPER LIDER SAN DIEGO;LECHE EN POLVO 900 GR SAN SIMON;14.58
3792310;2026-09-30;VLC03;HIPER LIDER SAN DIEGO;MANZANA NATULAC 1L;2.33
3729537;2026-09-24;VLC03;KOSMO GUACARA;CHORIZO AHUMADO PARRILLERO MONSERRATINA;6.25
3729506;2026-09-24;VLC03;KOSMO GUACARA;CREMA DE LECHE DE PAISA 250GR;5.9
3729505;2026-09-24;VLC03;KOSMO GUACARA;CREMA DE LECHE DE PAISA 500GR;10.71
3729527;2026-09-24;VLC03;KOSMO GUACARA;DURAZNO NATULAC 1L;2.31
3729486;2026-09-24;VLC03;KOSMO GUACARA;LECHE COMPLETA NATULAC;2.72
3729487;2026-09-24;VLC03;KOSMO GUACARA;LECHE COMPLETA SAN SIMON;2.66
3729474;2026-09-24;VLC03;KOSMO GUACARA;LECHE DESCREMADA PASTORENA;2.81
3729476;2026-09-24;VLC03;KOSMO GUACARA;LECHE DESCREMADA SAN SIMON;2.62
3729475;2026-09-24;VLC03;KOSMO GUACARA;LECHE DESLACTOSADA PASTORENA;2.61
3729484;2026-09-24;VLC03;KOSMO GUACARA;LECHE EN POLVO 200 GR LA CAMPINA;3.59
3729482;2026-09-24;VLC03;KOSMO GUACARA;LECHE EN POLVO 200 GR SAN SIMON;2.26
3729483;2026-09-24;VLC03;KOSMO GUACARA;LECHE EN POLVO 900 GR LA CAMPINA;14.14
3729481;2026-09-24;VLC03;KOSMO GUACARA;LECHE EN POLVO 900 GR SAN SIMON;13.23
3729528;2026-09-24;VLC03;KOSMO GUACARA;MANZANA NATULAC 1L;2.16
3729490;2026-09-24;VLC03;KOSMO GUACARA;MORTADELA PLUMROSE DE CARNES 1KG;3.48
3729529;2026-09-24;VLC03;KOSMO GUACARA;PERA NATULAC 1L;2.16
3729498;2026-09-24;VLC03;KOSMO GUACARA;SALCHICHA TIPO VIENA 225GR FIESTA;3.2
3729497;2026-09-24;VLC03;KOSMO GUACARA;SALCHICHA TIPO VIENA 450GR FIESTA;4.86
3798137;2026-09-30;VLC03;Makro redvital valencia;CREMA DE LECHE DE PAISA 250GR;6.1
3798136;2026-09-30;VLC03;Makro redvital valencia;CREMA DE LECHE DE PAISA 500GR;11.09
3705405;2026-09-23;VLC03;Makro redvital valencia;DURAZNO NATULAC 1L;2.22
3798123;2026-09-30;VLC03;Makro redvital valencia;LECHE COMPLETA SAN SIMON;2.76
3705439;2026-09-23;VLC03;Makro redvital valencia;LECHE DESCREMADA NATULAC;2.36
3798124;2026-09-30;VLC03;Makro redvital valencia;LECHE DESCREMADA SAN SIMON;2.75
3705440;2026-09-23;VLC03;Makro redvital valencia;LECHE DESLACTOSADA NATULAC;2.5
3798125;2026-09-30;VLC03;Makro redvital valencia;LECHE DESLACTOSADA SAN SIMON;2.77
3798104;2026-09-30;VLC03;Makro redvital valencia;LECHE EN POLVO 200 GR LA CAMPINA;3.25
3798103;2026-09-30;VLC03;Makro redvital valencia;LECHE EN POLVO 400 GR LA CAMPINA;6.33
3798101;2026-09-30;VLC03;Makro redvital valencia;LECHE EN POLVO 400 GR SAN SIMON;6.36
3798102;2026-09-30;VLC03;Makro redvital valencia;LECHE EN POLVO 900 GR LA CAMPINA;12.39
3798100;2026-09-30;VLC03;Makro redvital valencia;LECHE EN POLVO 900 GR SAN SIMON;12.85
3798130;2026-09-30;VLC03;Makro redvital valencia;MANTEQUILLA PAISA;8.66
3798131;2026-09-30;VLC03;Makro redvital valencia;MANTEQUILLA PAISA SIN SAL;8.34
3705403;2026-09-23;VLC03;Makro redvital valencia;MANZANA KAITO 200ML;0.78
3798092;2026-09-30;VLC03;Makro redvital valencia;MANZANA LIGTH NATULAC 1L;2.35
3705404;2026-09-23;VLC03;Makro redvital valencia;PERA LIGHT NATULAC 1L;2.35
3772903;2026-09-29;VLC04;BALYS CAOBOS SUR;CREMA DE LECHE DE PAISA 250GR;5.95
3686946;2026-09-22;VLC04;BALYS CAOBOS SUR;CREMA DE LECHE DE PAISA 500GR;9.18
3772904;2026-09-29;VLC04;BALYS CAOBOS SUR;DURAZNO NATULAC 1L;2.32
3772870;2026-09-29;VLC04;BALYS CAOBOS SUR;LECHE COMPLETA NATULAC;2.26
3772871;2026-09-29;VLC04;BALYS CAOBOS SUR;LECHE DESCREMADA NATULAC;2.2
3772872;2026-09-29;VLC04;BALYS CAOBOS SUR;LECHE DESLACTOSADA NATULAC;2.33
3772902;2026-09-29;VLC04;BALYS CAOBOS SUR;MANTEQUILLA PAISA;6.74
3686941;2026-09-22;VLC04;BALYS CAOBOS SUR;MANZANA LIGTH NATULAC 1L;2.32
3772905;2026-09-29;VLC04;BALYS CAOBOS SUR;MANZANA NATULAC 1L;2.32
3686940;2026-09-22;VLC04;BALYS CAOBOS SUR;NARANJA LIGHT NATULAC 1L;2.8
3772906;2026-09-29;VLC04;BALYS CAOBOS SUR;NARANJA NATULAC 1L;2.32
3772907;2026-09-29;VLC04;BALYS CAOBOS SUR;PERA NATULAC 1L;2.8
3799208;2026-09-30;VLC04;BALYS COLORADO;CREMA DE LECHE DE PAISA 250GR;5.05
3720195;2026-09-24;VLC04;BALYS COLORADO;CREMA DE LECHE DE PAISA 500GR;9.18
3799215;2026-09-30;VLC04;BALYS COLORADO;DURAZNO NATULAC 1L;2.08
3799211;2026-09-30;VLC04;BALYS COLORADO;LECHE COMPLETA NATULAC;2.26
3744648;2026-09-25;VLC04;BALYS COLORADO;LECHE DESCREMADA NATULAC;2.2
3799209;2026-09-30;VLC04;BALYS COLORADO;LECHE DESLACTOSADA NATULAC;2.33
3799207;2026-09-30;VLC04;BALYS COLORADO;MANTEQUILLA PAISA;6.74
3799212;2026-09-30;VLC04;BALYS COLORADO;MANZANA NATULAC 1L;2.08
3799214;2026-09-30;VLC04;BALYS COLORADO;NARANJA NATULAC 1L;2.08
3799213;2026-09-30;VLC04;BALYS COLORADO;PERA NATULAC 1L;2.08
3744659;2026-09-25;VLC04;BALYS COLORADO;QUESO DE CABRA QUBORENO 500G;9.18
3690616;2026-09-22;VLC04;BALYS LA CANCHA;DURAZNO NATULAC 1L;2.64
3777021;2026-09-29;VLC04;BALYS LA CANCHA;LECHE COMPLETA NATULAC;2.26
3777022;2026-09-29;VLC04;BALYS LA CANCHA;LECHE COMPLETA SAN SIMON;2.31
3777023;2026-09-29;VLC04;BALYS LA CANCHA;LECHE DESCREMADA SAN SIMON;2.31
3690615;2026-09-22;VLC04;BALYS LA CANCHA;LECHE DESLACTOSADA NATULAC;2.32
3777024;2026-09-29;VLC04;BALYS LA CANCHA;LECHE DESLACTOSADA SAN SIMON;2.32
3777025;2026-09-29;VLC04;BALYS LA CANCHA;MANZANA NATULAC 1L;2.08
3777026;2026-09-29;VLC04;BALYS LA CANCHA;NARANJA NATULAC 1L;2.64
3777027;2026-09-29;VLC04;BALYS LA CANCHA;PERA NATULAC 1L;2.08
3690619;2026-09-22;VLC04;BALYS LA CANCHA;TE DURAZNO 1L PARMALAT;2.13
3690620;2026-09-22;VLC04;BALYS LA CANCHA;TE LIMON 1L PARMALAT;2.13
3756927;2026-09-28;VLC04;CATANIA PATIO TRIGAL;CREMA DE LECHE DE PAISA 250GR;6.01
3756928;2026-09-28;VLC04;CATANIA PATIO TRIGAL;CREMA DE LECHE DE PAISA 500GR;10.92
3756920;2026-09-28;VLC04;CATANIA PATIO TRIGAL;DURAZNO NATULAC 1L;2.15
3756924;2026-09-28;VLC04;CATANIA PATIO TRIGAL;LECHE COMPLETA NATULAC;2.08
3756925;2026-09-28;VLC04;CATANIA PATIO TRIGAL;LECHE DESCREMADA NATULAC;2.08
3756926;2026-09-28;VLC04;CATANIA PATIO TRIGAL;LECHE DESLACTOSADA NATULAC;2.09
3756929;2026-09-28;VLC04;CATANIA PATIO TRIGAL;MANTEQUILLA PAISA;9.16
3756930;2026-09-28;VLC04;CATANIA PATIO TRIGAL;MANTEQUILLA PAISA SIN SAL;8.83
3756919;2026-09-28;VLC04;CATANIA PATIO TRIGAL;MANZANA LIGTH NATULAC 1L;2.6
3756921;2026-09-28;VLC04;CATANIA PATIO TRIGAL;MANZANA NATULAC 1L;2.15
3756922;2026-09-28;VLC04;CATANIA PATIO TRIGAL;NARANJA NATULAC 1L;2.15
3740777;2026-09-25;VLC04;CATANIA PATIO TRIGAL;PERA LIGHT NATULAC 1L;2.15
3756923;2026-09-28;VLC04;CATANIA PATIO TRIGAL;PERA NATULAC 1L;2.15
3781788;2026-09-29;VLC04;CATANIA PLAZA DE TOROS;CREMA DE LECHE DE PAISA 500GR;10.92
3781793;2026-09-29;VLC04;CATANIA PLAZA DE TOROS;DURAZNO NATULAC 1L;2.15
3781790;2026-09-29;VLC04;CATANIA PLAZA DE TOROS;LECHE COMPLETA NATULAC;2.08
3781791;2026-09-29;VLC04;CATANIA PLAZA DE TOROS;LECHE DESCREMADA NATULAC;2.08
3781792;2026-09-29;VLC04;CATANIA PLAZA DE TOROS;LECHE DESLACTOSADA NATULAC;2.09
3781789;2026-09-29;VLC04;CATANIA PLAZA DE TOROS;MANTEQUILLA PAISA;9.16
3781795;2026-09-29;VLC04;CATANIA PLAZA DE TOROS;MANZANA NATULAC 1L;2.15
3781796;2026-09-29;VLC04;CATANIA PLAZA DE TOROS;NARANJA NATULAC 1L;2.7
3781794;2026-09-29;VLC04;CATANIA PLAZA DE TOROS;PERA NATULAC 1L;2.15
3694687;2026-09-22;VLC04;CATANIA PLAZA DE TOROS;QUESO DE CABRA QUBORENO 500G;10.92
3796097;2026-09-30;VLC04;KALEA TRIGALENA;CREMA DE LECHE DE PAISA 250GR;6.09
3796096;2026-09-30;VLC04;KALEA TRIGALENA;CREMA DE LECHE DE PAISA 500GR;11.55
3678704;2026-09-21;VLC04;KALEA TRIGALENA;DURAZNO FRICA;2.3
3796088;2026-09-30;VLC04;KALEA TRIGALENA;LECHE COMPLETA NATULAC;2.5
3796089;2026-09-30;VLC04;KALEA TRIGALENA;LECHE DESCREMADA NATULAC;2.45
3796090;2026-09-30;VLC04;KALEA TRIGALENA;LECHE DESLACTOSADA NATULAC;2.59
3796095;2026-09-30;VLC04;KALEA TRIGALENA;MANTEQUILLA PAISA;8.55
3712384;2026-09-23;VLC04;KALEA TRIGALENA;MANZANA FRICA;2.3
3796094;2026-09-30;VLC04;KALEA TRIGALENA;MANZANA LIGTH NATULAC 1L;2.39
3796091;2026-09-30;VLC04;KALEA TRIGALENA;MANZANA NATULAC 1L;2.39
3712383;2026-09-23;VLC04;KALEA TRIGALENA;NARANJA FRICA;3.39
3796092;2026-09-30;VLC04;KALEA TRIGALENA;NARANJA NATULAC 1L;2.39
3712385;2026-09-23;VLC04;KALEA TRIGALENA;PERA FRICA;2.3
3796093;2026-09-30;VLC04;KALEA TRIGALENA;PERA NATULAC 1L;2.15
3764038;2026-09-28;VLC04;KALEA TRIGALENA;TE DURAZNO 1L PASTORENA;2.1
3678707;2026-09-21;VLC04;KALEA TRIGALENA;TE LIMON 1L PARMALAT;2.1
3764039;2026-09-28;VLC04;KALEA TRIGALENA;TE LIMON 1L PASTORENA;2.1
3730311;2026-09-24;VLC04;LUXOR NAGUANAGUA;LECHE COMPLETA NATULAC;2.53
3730312;2026-09-24;VLC04;LUXOR NAGUANAGUA;LECHE DESCREMADA NATULAC;2.46
3730313;2026-09-24;VLC04;LUXOR NAGUANAGUA;LECHE DESLACTOSADA NATULAC;2.6
3730316;2026-09-24;VLC04;LUXOR NAGUANAGUA;MANZANA LIGTH NATULAC 1L;2.31
3730314;2026-09-24;VLC04;LUXOR NAGUANAGUA;MANZANA NATULAC 1L;2.31
3730315;2026-09-24;VLC04;LUXOR NAGUANAGUA;PERA NATULAC 1L;2.31
3723305;2026-09-24;VLC04;REDVITAL NAGUANAGUA;CREMA DE LECHE DE PAISA 250GR;6.1
3723300;2026-09-24;VLC04;REDVITAL NAGUANAGUA;CREMA DE LECHE DE PAISA 500GR;8.66
3723307;2026-09-24;VLC04;REDVITAL NAGUANAGUA;DURAZNO NATULAC 1L;2.51
3723321;2026-09-24;VLC04;REDVITAL NAGUANAGUA;LECHE COMPLETA NATULAC;2.42
3723322;2026-09-24;VLC04;REDVITAL NAGUANAGUA;LECHE DESCREMADA NATULAC;2.36
3723323;2026-09-24;VLC04;REDVITAL NAGUANAGUA;LECHE DESLACTOSADA NATULAC;2.5
3723306;2026-09-24;VLC04;REDVITAL NAGUANAGUA;NARANJA NATULAC 1L;2.53
3723309;2026-09-24;VLC04;REDVITAL NAGUANAGUA;PERA NATULAC 1L;2.51
